1/4 execution_test.test.native reference loop preserves the zero step borrowed slots and first write isolation...OK
2/4 execution_test.test.native reference loop preserves every input slot across long execution...OK
3/4 execution_test.test.safe native reference loop updates have equal allocation cost for short and long execution...OK
4/4 execution_test.test.native reference loop releases all allocation failures without changing any owner or input slot...OK
All 4 tests passed.
✔ native reference runtime ./tests/native/references/runtime/loop_write/execution_test.zig (safe) (9333.45573ms)
ℹ tests 1
ℹ suites 0
ℹ pass 1
ℹ fail 0
ℹ cancelled 0
ℹ skipped 0
ℹ todo 0
ℹ duration_ms 9340.17135
1/3 execution_test.test.empty native reference traversal reads only the root accessor...OK
2/3 execution_test.test.native reference traversal reads real leaf addresses in source order...OK
3/3 execution_test.test.native reference traversal releases all allocation failures and preserves all host leaves...OK
All 3 tests passed.
✔ native reference runtime ./tests/native/references/runtime/traversal/execution_test.zig (safe) (8264.011803ms)
ℹ tests 1
ℹ suites 0
ℹ pass 1
ℹ fail 0
ℹ cancelled 0
ℹ skipped 0
ℹ todo 0
ℹ duration_ms 8267.024516
1/2 execution_test.test.native reference identity preserves the actual host address and complete contents...OK
2/2 execution_test.test.native reference identity can execute with no allocation capacity...OK
All 2 tests passed.
✔ native reference runtime ./tests/native/references/runtime/identity/execution_test.zig (safe) (7996.313165ms)
ℹ tests 1
ℹ suites 0
ℹ pass 1
ℹ fail 0
ℹ cancelled 0
ℹ skipped 0
ℹ todo 0
ℹ duration_ms 7999.344037
1/3 execution_test.test.native reference argument expansion preserves address order across equal valued owners...OK
2/3 execution_test.test.first native reference error prevents all later native calls...OK
3/3 execution_test.test.second native reference error preserves the first call and skips the read...OK
All 3 tests passed.
✔ native reference runtime ./tests/native/references/runtime/order/execution_test.zig (safe) (8097.307313ms)
ℹ tests 1
ℹ suites 0
ℹ pass 1
ℹ fail 0
ℹ cancelled 0
ℹ skipped 0
ℹ todo 0
ℹ duration_ms 8100.281493
1/2 execution_test.test.native optional reference returns the address of the owner's actual child...OK
2/2 execution_test.test.native optional reference represents a missing child as null...OK
All 2 tests passed.
✔ native reference runtime ./tests/native/references/runtime/optional/execution_test.zig (safe) (7875.045714ms)
ℹ tests 1
ℹ suites 0
ℹ pass 1
ℹ fail 0
ℹ cancelled 0
ℹ skipped 0
ℹ todo 0
ℹ duration_ms 7878.124711
1/4 execution_test.test.native reference helper append preserves separate seeds and conditional first writes...OK
2/4 execution_test.test.native reference helper append handles empty seeds and repeated leaf aliases...OK
3/4 execution_test.test.native reference helper append grows linearly without allocator resize...OK
4/4 execution_test.test.native reference helper append releases every failure and preserves both input lists...OK
All 4 tests passed.
✔ native reference runtime ./tests/native/references/runtime/dual_append/execution_test.zig (safe) (8180.743959ms)
ℹ tests 1
ℹ suites 0
ℹ pass 1
ℹ fail 0
ℹ cancelled 0
ℹ skipped 0
ℹ todo 0
ℹ duration_ms 8183.806008
1/2 execution_test.test.present native reference skips the fallback accessor...OK
2/2 execution_test.test.null native reference invokes only the fallback accessor...OK
All 2 tests passed.
✔ native reference runtime ./tests/native/references/runtime/coalesce/execution_test.zig (safe) (8628.12869ms)
ℹ tests 1
ℹ suites 0
ℹ pass 1
ℹ fail 0
ℹ cancelled 0
ℹ skipped 0
ℹ todo 0
ℹ duration_ms 8631.706382
1/4 execution_test.test.native reference loop preserves the zero step borrowed slots and first write isolation...OK
2/4 execution_test.test.native reference loop preserves every input slot across long execution...OK
3/4 execution_test.test.safe native reference loop updates have equal allocation cost for short and long execution...OK
4/4 execution_test.test.native reference loop releases all allocation failures without changing any owner or input slot...OK
All 4 tests passed.
✔ native reference runtime ./tests/native/references/runtime/borrowed/execution_test.zig (safe) (9051.600367ms)
ℹ tests 1
ℹ suites 0
ℹ pass 1
ℹ fail 0
ℹ cancelled 0
ℹ skipped 0
ℹ todo 0
ℹ duration_ms 9055.462904
1/4 execution_test.test.native reference loop preserves the zero step borrowed slots and first write isolation...OK
2/4 execution_test.test.native reference loop preserves every input slot across long execution...OK
3/4 execution_test.test.safe native reference loop updates have equal allocation cost for short and long execution...OK
4/4 execution_test.test.native reference loop releases all allocation failures without changing any owner or input slot...OK
All 4 tests passed.
✔ native reference runtime ./tests/native/references/runtime/loop_write/execution_test.zig (safe) (8209.002876ms)
ℹ tests 1
ℹ suites 0
ℹ pass 1
ℹ fail 0
ℹ cancelled 0
ℹ skipped 0
ℹ todo 0
ℹ duration_ms 8212.058193
1/4 execution_test.test.native reference loop preserves the zero step borrowed slots and first write isolation...OK
2/4 execution_test.test.native reference loop preserves every input slot across long execution...OK
3/4 execution_test.test.safe native reference loop updates have equal allocation cost for short and long execution...OK
4/4 execution_test.test.native reference loop releases all allocation failures without changing any owner or input slot...OK
All 4 tests passed.
✔ native reference runtime ./tests/native/references/runtime/two_buffers/execution_test.zig (safe) (7963.343533ms)
ℹ tests 1
ℹ suites 0
ℹ pass 1
ℹ fail 0
ℹ cancelled 0
ℹ skipped 0
ℹ todo 0
ℹ duration_ms 7966.455202
✔ native reference application boundary input/leaf.zx (safe) (121.351655ms)
✔ native reference application boundary input/optional.zx (safe) (110.491958ms)
✔ native reference application boundary input/list.zx (safe) (109.676626ms)
✔ native reference application boundary input/object.zx (safe) (111.238989ms)
✔ native reference application boundary input/tuple.zx (safe) (111.073462ms)
✔ native reference application boundary output/identity.zx (safe) (110.631826ms)
✔ native reference application boundary output/optional.zx (safe) (111.037881ms)
✔ native reference application boundary output/nested.zx (safe) (111.022297ms)
✔ native reference application boundary control/scalar.zx (safe) (41774.93236ms)
ℹ tests 9
ℹ suites 0
ℹ pass 9
ℹ fail 0
ℹ cancelled 0
ℹ skipped 0
ℹ todo 0
ℹ duration_ms 42674.937649
1/2 execution_test.test.native optional reference returns the address of the owner's actual child...OK
2/2 execution_test.test.native optional reference represents a missing child as null...OK
All 2 tests passed.
✔ native reference runtime ./tests/native/references/runtime/optional/execution_test.zig (safe) (7904.204654ms)
ℹ tests 1
ℹ suites 0
ℹ pass 1
ℹ fail 0
ℹ cancelled 0
ℹ skipped 0
ℹ todo 0
ℹ duration_ms 7907.26983
1/3 execution_test.test.native reference aggregate and list slots preserve child addresses and repeated aliases...OK
2/3 execution_test.test.native owner survives releasing all ZX aggregate and list buffers...OK
3/3 execution_test.test.native reference container allocation failures release buffers and preserve every host node...OK
All 3 tests passed.
✔ native reference runtime ./tests/native/references/runtime/containers/execution_test.zig (safe) (7865.255139ms)
ℹ tests 1
ℹ suites 0
ℹ pass 1
ℹ fail 0
ℹ cancelled 0
ℹ skipped 0
ℹ todo 0
ℹ duration_ms 7868.360164
1/2 execution_test.test.native reference identity preserves the actual host address and complete contents...OK
2/2 execution_test.test.native reference identity can execute with no allocation capacity...OK
All 2 tests passed.
✔ native reference runtime ./tests/native/references/runtime/identity/execution_test.zig (safe) (7735.211595ms)
ℹ tests 1
ℹ suites 0
ℹ pass 1
ℹ fail 0
ℹ cancelled 0
ℹ skipped 0
ℹ todo 0
ℹ duration_ms 7738.112518
1/2 execution_test.test.native accessor reads the real host field without changing the owner...OK
2/2 execution_test.test.native accessor preserves a zero field with no allocation capacity...OK
All 2 tests passed.
✔ native reference runtime ./tests/native/references/runtime/read/execution_test.zig (safe) (7534.50386ms)
ℹ tests 1
ℹ suites 0
ℹ pass 1
ℹ fail 0
ℹ cancelled 0
ℹ skipped 0
ℹ todo 0
ℹ duration_ms 7537.556826
1/2 execution_test.test.present native reference skips the fallback accessor...OK
2/2 execution_test.test.null native reference invokes only the fallback accessor...OK
All 2 tests passed.
✔ native reference runtime ./tests/native/references/runtime/coalesce/execution_test.zig (safe) (7476.094124ms)
ℹ tests 1
ℹ suites 0
ℹ pass 1
ℹ fail 0
ℹ cancelled 0
ℹ skipped 0
ℹ todo 0
ℹ duration_ms 7479.064414
1/4 execution_test.test.native reference helper append preserves separate seeds and conditional first writes...OK
2/4 execution_test.test.native reference helper append handles empty seeds and repeated leaf aliases...OK
3/4 execution_test.test.native reference helper append grows linearly without allocator resize...OK
4/4 execution_test.test.native reference helper append releases every failure and preserves both input lists...OK
All 4 tests passed.
✔ native reference runtime ./tests/native/references/runtime/dual_append/execution_test.zig (safe) (7977.086209ms)
ℹ tests 1
ℹ suites 0
ℹ pass 1
ℹ fail 0
ℹ cancelled 0
ℹ skipped 0
ℹ todo 0
ℹ duration_ms 7980.055346
1/3 execution_test.test.native reference aggregate and list slots preserve child addresses and repeated aliases...OK
2/3 execution_test.test.native owner survives releasing all ZX aggregate and list buffers...OK
3/3 execution_test.test.native reference container allocation failures release buffers and preserve every host node...OK
All 3 tests passed.
✔ native reference runtime ./tests/native/references/runtime/containers/execution_test.zig (safe) (7810.56807ms)
ℹ tests 1
ℹ suites 0
ℹ pass 1
ℹ fail 0
ℹ cancelled 0
ℹ skipped 0
ℹ todo 0
ℹ duration_ms 7813.539533
1/4 execution_test.test.native reference helper pop and push preserve zero step and first replacement identities...OK
2/4 execution_test.test.native reference helper pop handles empty and one slot seeds...OK
3/4 execution_test.test.native reference helper pop transfers capacity across long execution without allocator resize...helper pop: count=4, length=257, allocated=5166, capacity=5118, limit=25152
helper pop: count=8192, length=257, allocated=5166, capacity=5118, limit=1073216
helper pop: count=64, length=8193, allocated=148014, capacity=147966, limit=540736
OK
4/4 execution_test.test.native reference helper pop and push release all allocation failures and preserve external slots...OK
All 4 tests passed.
✔ native reference runtime ./tests/native/references/runtime/helper_pop/execution_test.zig (safe) (8049.537996ms)
ℹ tests 1
ℹ suites 0
ℹ pass 1
ℹ fail 0
ℹ cancelled 0
ℹ skipped 0
ℹ todo 0
ℹ duration_ms 8052.623131
1/4 execution_test.test.native reference nested helpers preserve zero step and first replacement identities...OK
2/4 execution_test.test.native reference nested helpers handle empty and one slot seeds...OK
3/4 execution_test.test.native reference nested helpers preserve every prefix address across long execution...OK
4/4 execution_test.test.native reference nested helpers release all allocation failures and preserve external slots...OK
All 4 tests passed.
✔ native reference runtime ./tests/native/references/runtime/nested_helpers/execution_test.zig (safe) (7980.118776ms)
ℹ tests 1
ℹ suites 0
ℹ pass 1
ℹ fail 0
ℹ cancelled 0
ℹ skipped 0
ℹ todo 0
ℹ duration_ms 7983.068635
1/4 execution_test.test.native reference helper pop and push preserve zero step and first replacement identities...OK
2/4 execution_test.test.native reference helper pop handles empty and one slot seeds...OK
3/4 execution_test.test.native reference helper pop transfers capacity across long execution without allocator resize...helper pop: count=4, length=257, allocated=5166, capacity=5118, limit=25152
helper pop: count=8192, length=257, allocated=5166, capacity=5118, limit=1073216
helper pop: count=64, length=8193, allocated=148014, capacity=147966, limit=540736
OK
4/4 execution_test.test.native reference helper pop and push release all allocation failures and preserve external slots...OK
All 4 tests passed.
✔ native reference runtime ./tests/native/references/runtime/helper_pop/execution_test.zig (safe) (8036.995522ms)
ℹ tests 1
ℹ suites 0
ℹ pass 1
ℹ fail 0
ℹ cancelled 0
ℹ skipped 0
ℹ todo 0
ℹ duration_ms 8040.027543
1/4 execution_test.test.native reference loop preserves the zero step borrowed slots and first write isolation...OK
2/4 execution_test.test.native reference loop preserves every input slot across long execution...OK
3/4 execution_test.test.native reference history preserves the previous version across multiple replacements...OK
4/4 execution_test.test.native reference loop releases all allocation failures without changing any owner or input slot...OK
All 4 tests passed.
✔ native reference runtime ./tests/native/references/runtime/loop_history/execution_test.zig (safe) (7897.09387ms)
ℹ tests 1
ℹ suites 0
ℹ pass 1
ℹ fail 0
ℹ cancelled 0
ℹ skipped 0
ℹ todo 0
ℹ duration_ms 7900.041481
1/2 execution_test.test.native accessor reads the real host field without changing the owner...OK
2/2 execution_test.test.native accessor preserves a zero field with no allocation capacity...OK
All 2 tests passed.
✔ native reference runtime ./tests/native/references/runtime/read/execution_test.zig (safe) (7555.995225ms)
ℹ tests 1
ℹ suites 0
ℹ pass 1
ℹ fail 0
ℹ cancelled 0
ℹ skipped 0
ℹ todo 0
ℹ duration_ms 7559.205874
1/4 execution_test.test.native reference nested helpers preserve zero step and first replacement identities...OK
2/4 execution_test.test.native reference nested helpers handle empty and one slot seeds...OK
3/4 execution_test.test.native reference nested helpers preserve every prefix address across long execution...OK
4/4 execution_test.test.native reference nested helpers release all allocation failures and preserve external slots...OK
All 4 tests passed.
✔ native reference runtime ./tests/native/references/runtime/nested_helpers/execution_test.zig (safe) (7994.753685ms)
ℹ tests 1
ℹ suites 0
ℹ pass 1
ℹ fail 0
ℹ cancelled 0
ℹ skipped 0
ℹ todo 0
ℹ duration_ms 7997.782759
1/4 execution_test.test.native reference loop preserves the zero step borrowed slots and first write isolation...OK
2/4 execution_test.test.native reference loop preserves every input slot across long execution...OK
3/4 execution_test.test.safe native reference loop updates have equal allocation cost for short and long execution...OK
4/4 execution_test.test.native reference loop releases all allocation failures without changing any owner or input slot...OK
All 4 tests passed.
✔ native reference runtime ./tests/native/references/runtime/two_buffers/execution_test.zig (safe) (7932.685808ms)
ℹ tests 1
ℹ suites 0
ℹ pass 1
ℹ fail 0
ℹ cancelled 0
ℹ skipped 0
ℹ todo 0
ℹ duration_ms 7935.75797
1/3 execution_test.test.empty native reference traversal reads only the root accessor...OK
2/3 execution_test.test.native reference traversal reads real leaf addresses in source order...OK
3/3 execution_test.test.native reference traversal releases all allocation failures and preserves all host leaves...OK
All 3 tests passed.
✔ native reference runtime ./tests/native/references/runtime/traversal/execution_test.zig (safe) (8053.908655ms)
ℹ tests 1
ℹ suites 0
ℹ pass 1
ℹ fail 0
ℹ cancelled 0
ℹ skipped 0
ℹ todo 0
ℹ duration_ms 8056.917947
1/3 execution_test.test.native reference argument expansion preserves address order across equal valued owners...OK
2/3 execution_test.test.first native reference error prevents all later native calls...OK
3/3 execution_test.test.second native reference error preserves the first call and skips the read...OK
All 3 tests passed.
✔ native reference runtime ./tests/native/references/runtime/order/execution_test.zig (safe) (7876.923662ms)
ℹ tests 1
ℹ suites 0
ℹ pass 1
ℹ fail 0
ℹ cancelled 0
ℹ skipped 0
ℹ todo 0
ℹ duration_ms 7879.943995
1/4 execution_test.test.native reference loop preserves the zero step borrowed slots and first write isolation...OK
2/4 execution_test.test.native reference loop preserves every input slot across long execution...OK
3/4 execution_test.test.native reference history preserves the previous version across multiple replacements...OK
4/4 execution_test.test.native reference loop releases all allocation failures without changing any owner or input slot...OK
All 4 tests passed.
✔ native reference runtime ./tests/native/references/runtime/loop_history/execution_test.zig (safe) (7961.366035ms)
ℹ tests 1
ℹ suites 0
ℹ pass 1
ℹ fail 0
ℹ cancelled 0
ℹ skipped 0
ℹ todo 0
ℹ duration_ms 7964.38288
1/4 execution_test.test.native reference loop preserves the zero step borrowed slots and first write isolation...OK
2/4 execution_test.test.native reference loop preserves every input slot across long execution...OK
3/4 execution_test.test.safe native reference loop updates have equal allocation cost for short and long execution...OK
4/4 execution_test.test.native reference loop releases all allocation failures without changing any owner or input slot...OK
All 4 tests passed.
✔ native reference runtime ./tests/native/references/runtime/borrowed/execution_test.zig (safe) (7990.21001ms)
ℹ tests 1
ℹ suites 0
ℹ pass 1
ℹ fail 0
ℹ cancelled 0
ℹ skipped 0
ℹ todo 0
ℹ duration_ms 7993.189838
Build Summary: 271/271 steps succeeded; 308/308 tests passed
test-native-references success
+- test-native-references-analysis success
|  +- run test 13 pass (13 total) 6ms MaxRSS:2M
|  |  +- compile test safe native success 56s MaxRSS:861M
|  |     +- WriteFile interfaces/0.d.zx cached
|  |     |  +- run exe standard-catalog (catalog.zig) cached
|  |     |     +- compile exe standard-catalog fast native cached 47ms MaxRSS:21M
|  |     |     +- WriteFile catalog.json cached
|  |     +- options cached
|  |     +- run exe generate-parser (parser.zig) cached
|  |     |  +- compile exe generate-parser safe native cached 46ms MaxRSS:21M
|  |     |     +- options cached
|  |     |     +- WriteFile interfaces/0.d.zx cached
|  |     |     |  +- run exe standard-catalog (catalog.zig) cached
|  |     |     |     +- compile exe standard-catalog fast native cached 53ms MaxRSS:21M
|  |     |     |     +- WriteFile catalog.json cached
|  |     |     +- options cached
|  |     +- run exe generate-parser (parser.zig) (+1 more reused dependencies)
|  |     +- run exe generate-parser (parser.zig) (+1 more reused dependencies)
|  |     +- run exe generate-parser (parser.zig) (+1 more reused dependencies)
|  |     +- run exe generate-parser (parser.zig) (+1 more reused dependencies)
|  |     +- run exe generate-parser (parser.zig) (+1 more reused dependencies)
|  |     +- run exe generate-parser (parser.zig) (+1 more reused dependencies)
|  |     +- run exe generate-parser (parser.zig) (+1 more reused dependencies)
|  |     +- run exe generate-parser (parser.zig) (+1 more reused dependencies)
|  |     +- run exe generate-parser (parser.zig) (+1 more reused dependencies)
|  |     +- run exe generate-parser (parser.zig) (+1 more reused dependencies)
|  |     +- run exe generate-parser (parser.zig) (+1 more reused dependencies)
|  |     +- run exe generate-parser (parser.zig) (+1 more reused dependencies)
|  |     +- run exe generate-parser (parser.zig) (+1 more reused dependencies)
|  |     +- run exe generate-parser (parser.zig) (+1 more reused dependencies)
|  |     +- run exe generate-parser (parser.zig) (+1 more reused dependencies)
|  |     +- run exe generate-parser (parser.zig) (+1 more reused dependencies)
|  |     +- run exe generate-parser (parser.zig) (+1 more reused dependencies)
|  |     +- run exe generate-parser (parser.zig) (+1 more reused dependencies)
|  |     +- run exe generate-lexer (lexer.zig) cached
|  |     |  +- compile exe generate-lexer safe native cached 46ms MaxRSS:21M
|  |     |     +- WriteFile interfaces/0.d.zx cached
|  |     |     |  +- run exe standard-catalog (catalog.zig) cached
|  |     |     |     +- compile exe standard-catalog fast native cached 52ms MaxRSS:21M
|  |     |     |     +- WriteFile catalog.json cached
|  |     |     +- options cached
|  |     +- run exe generate-parser (parser.zig) (+1 more reused dependencies)
|  |     +- run exe generate-parser (parser.zig) (+1 more reused dependencies)
|  |     +- run exe generate-parser (parser.zig) (+1 more reused dependencies)
|  |     +- run exe generate-parser (parser.zig) (+1 more reused dependencies)
|  |     +- run exe generate-parser (parser.zig) (+1 more reused dependencies)
|  |     +- run exe generate-parser (parser.zig) (+1 more reused dependencies)
|  |     +- run exe generate-parser (parser.zig) (+1 more reused dependencies)
|  |     +- run exe generate-parser (parser.zig) (+1 more reused dependencies)
|  |     +- run exe generate-parser (parser.zig) (+1 more reused dependencies)
|  |     +- run exe generate-parser (parser.zig) (+1 more reused dependencies)
|  |     +- run exe generate-parser (parser.zig) (+1 more reused dependencies)
|  |     +- run exe generate-parser (parser.zig) (+1 more reused dependencies)
|  |     +- run exe generate-parser (parser.zig) (+1 more reused dependencies)
|  |     +- run exe generate-parser (parser.zig) (+1 more reused dependencies)
|  +- run test 12 pass (12 total) 6ms MaxRSS:2M
|  |  +- compile test safe native success 56s MaxRSS:868M
|  |     +- WriteFile interfaces/0.d.zx (+1 more reused dependencies)
|  |     +- options (reused)
|  |     +- run exe generate-parser (parser.zig) (+1 more reused dependencies)
|  |     +- run exe generate-parser (parser.zig) (+1 more reused dependencies)
|  |     +- run exe generate-parser (parser.zig) (+1 more reused dependencies)
|  |     +- run exe generate-parser (parser.zig) (+1 more reused dependencies)
|  |     +- run exe generate-parser (parser.zig) (+1 more reused dependencies)
|  |     +- run exe generate-parser (parser.zig) (+1 more reused dependencies)
|  |     +- run exe generate-parser (parser.zig) (+1 more reused dependencies)
|  |     +- run exe generate-parser (parser.zig) (+1 more reused dependencies)
|  |     +- run exe generate-parser (parser.zig) (+1 more reused dependencies)
|  |     +- run exe generate-parser (parser.zig) (+1 more reused dependencies)
|  |     +- run exe generate-parser (parser.zig) (+1 more reused dependencies)
|  |     +- run exe generate-parser (parser.zig) (+1 more reused dependencies)
|  |     +- run exe generate-parser (parser.zig) (+1 more reused dependencies)
|  |     +- run exe generate-parser (parser.zig) (+1 more reused dependencies)
|  |     +- run exe generate-parser (parser.zig) (+1 more reused dependencies)
|  |     +- run exe generate-parser (parser.zig) (+1 more reused dependencies)
|  |     +- run exe generate-parser (parser.zig) (+1 more reused dependencies)
|  |     +- run exe generate-parser (parser.zig) (+1 more reused dependencies)
|  |     +- run exe generate-parser (parser.zig) (+1 more reused dependencies)
|  |     +- run exe generate-lexer (lexer.zig) (+1 more reused dependencies)
|  |     +- run exe generate-parser (parser.zig) (+1 more reused dependencies)
|  |     +- run exe generate-parser (parser.zig) (+1 more reused dependencies)
|  |     +- run exe generate-parser (parser.zig) (+1 more reused dependencies)
|  |     +- run exe generate-parser (parser.zig) (+1 more reused dependencies)
|  |     +- run exe generate-parser (parser.zig) (+1 more reused dependencies)
|  |     +- run exe generate-parser (parser.zig) (+1 more reused dependencies)
|  |     +- run exe generate-parser (parser.zig) (+1 more reused dependencies)
|  |     +- run exe generate-parser (parser.zig) (+1 more reused dependencies)
|  |     +- run exe generate-parser (parser.zig) (+1 more reused dependencies)
|  |     +- run exe generate-parser (parser.zig) (+1 more reused dependencies)
|  |     +- run exe generate-parser (parser.zig) (+1 more reused dependencies)
|  |     +- run exe generate-parser (parser.zig) (+1 more reused dependencies)
|  |     +- run exe generate-parser (parser.zig) (+1 more reused dependencies)
|  |     +- run exe generate-parser (parser.zig) (+1 more reused dependencies)
|  +- run test 14 pass (14 total) 7ms MaxRSS:2M
|  |  +- compile test safe native success 56s MaxRSS:875M
|  |     +- WriteFile interfaces/0.d.zx (+1 more reused dependencies)
|  |     +- options (reused)
|  |     +- run exe generate-parser (parser.zig) (+1 more reused dependencies)
|  |     +- run exe generate-parser (parser.zig) (+1 more reused dependencies)
|  |     +- run exe generate-parser (parser.zig) (+1 more reused dependencies)
|  |     +- run exe generate-parser (parser.zig) (+1 more reused dependencies)
|  |     +- run exe generate-parser (parser.zig) (+1 more reused dependencies)
|  |     +- run exe generate-parser (parser.zig) (+1 more reused dependencies)
|  |     +- run exe generate-parser (parser.zig) (+1 more reused dependencies)
|  |     +- run exe generate-parser (parser.zig) (+1 more reused dependencies)
|  |     +- run exe generate-parser (parser.zig) (+1 more reused dependencies)
|  |     +- run exe generate-parser (parser.zig) (+1 more reused dependencies)
|  |     +- run exe generate-parser (parser.zig) (+1 more reused dependencies)
|  |     +- run exe generate-parser (parser.zig) (+1 more reused dependencies)
|  |     +- run exe generate-parser (parser.zig) (+1 more reused dependencies)
|  |     +- run exe generate-parser (parser.zig) (+1 more reused dependencies)
|  |     +- run exe generate-parser (parser.zig) (+1 more reused dependencies)
|  |     +- run exe generate-parser (parser.zig) (+1 more reused dependencies)
|  |     +- run exe generate-parser (parser.zig) (+1 more reused dependencies)
|  |     +- run exe generate-parser (parser.zig) (+1 more reused dependencies)
|  |     +- run exe generate-parser (parser.zig) (+1 more reused dependencies)
|  |     +- run exe generate-lexer (lexer.zig) (+1 more reused dependencies)
|  |     +- run exe generate-parser (parser.zig) (+1 more reused dependencies)
|  |     +- run exe generate-parser (parser.zig) (+1 more reused dependencies)
|  |     +- run exe generate-parser (parser.zig) (+1 more reused dependencies)
|  |     +- run exe generate-parser (parser.zig) (+1 more reused dependencies)
|  |     +- run exe generate-parser (parser.zig) (+1 more reused dependencies)
|  |     +- run exe generate-parser (parser.zig) (+1 more reused dependencies)
|  |     +- run exe generate-parser (parser.zig) (+1 more reused dependencies)
|  |     +- run exe generate-parser (parser.zig) (+1 more reused dependencies)
|  |     +- run exe generate-parser (parser.zig) (+1 more reused dependencies)
|  |     +- run exe generate-parser (parser.zig) (+1 more reused dependencies)
|  |     +- run exe generate-parser (parser.zig) (+1 more reused dependencies)
|  |     +- run exe generate-parser (parser.zig) (+1 more reused dependencies)
|  |     +- run exe generate-parser (parser.zig) (+1 more reused dependencies)
|  |     +- run exe generate-parser (parser.zig) (+1 more reused dependencies)
|  +- run test 2 pass (2 total) 14ms MaxRSS:2M
|     +- compile test safe native success 56s MaxRSS:873M
|        +- WriteFile interfaces/0.d.zx (+1 more reused dependencies)
|        +- options (reused)
|        +- run exe generate-parser (parser.zig) (+1 more reused dependencies)
|        +- run exe generate-parser (parser.zig) (+1 more reused dependencies)
|        +- run exe generate-parser (parser.zig) (+1 more reused dependencies)
|        +- run exe generate-parser (parser.zig) (+1 more reused dependencies)
|        +- run exe generate-parser (parser.zig) (+1 more reused dependencies)
|        +- run exe generate-parser (parser.zig) (+1 more reused dependencies)
|        +- run exe generate-parser (parser.zig) (+1 more reused dependencies)
|        +- run exe generate-parser (parser.zig) (+1 more reused dependencies)
|        +- run exe generate-parser (parser.zig) (+1 more reused dependencies)
|        +- run exe generate-parser (parser.zig) (+1 more reused dependencies)
|        +- run exe generate-parser (parser.zig) (+1 more reused dependencies)
|        +- run exe generate-parser (parser.zig) (+1 more reused dependencies)
|        +- run exe generate-parser (parser.zig) (+1 more reused dependencies)
|        +- run exe generate-parser (parser.zig) (+1 more reused dependencies)
|        +- run exe generate-parser (parser.zig) (+1 more reused dependencies)
|        +- run exe generate-parser (parser.zig) (+1 more reused dependencies)
|        +- run exe generate-parser (parser.zig) (+1 more reused dependencies)
|        +- run exe generate-parser (parser.zig) (+1 more reused dependencies)
|        +- run exe generate-parser (parser.zig) (+1 more reused dependencies)
|        +- run exe generate-lexer (lexer.zig) (+1 more reused dependencies)
|        +- run exe generate-parser (parser.zig) (+1 more reused dependencies)
|        +- run exe generate-parser (parser.zig) (+1 more reused dependencies)
|        +- run exe generate-parser (parser.zig) (+1 more reused dependencies)
|        +- run exe generate-parser (parser.zig) (+1 more reused dependencies)
|        +- run exe generate-parser (parser.zig) (+1 more reused dependencies)
|        +- run exe generate-parser (parser.zig) (+1 more reused dependencies)
|        +- run exe generate-parser (parser.zig) (+1 more reused dependencies)
|        +- run exe generate-parser (parser.zig) (+1 more reused dependencies)
|        +- run exe generate-parser (parser.zig) (+1 more reused dependencies)
|        +- run exe generate-parser (parser.zig) (+1 more reused dependencies)
|        +- run exe generate-parser (parser.zig) (+1 more reused dependencies)
|        +- run exe generate-parser (parser.zig) (+1 more reused dependencies)
|        +- run exe generate-parser (parser.zig) (+1 more reused dependencies)
|        +- run exe generate-parser (parser.zig) (+1 more reused dependencies)
+- test-native-references-ir success
|  +- run test 5 pass (5 total) 5ms MaxRSS:2M
|  |  +- compile test safe native success 1m MaxRSS:985M
|  |     +- WriteFile interfaces/0.d.zx (+1 more reused dependencies)
|  |     +- options (reused)
|  |     +- run exe generate-parser (parser.zig) (+1 more reused dependencies)
|  |     +- run exe generate-parser (parser.zig) (+1 more reused dependencies)
|  |     +- run exe generate-parser (parser.zig) (+1 more reused dependencies)
|  |     +- run exe generate-parser (parser.zig) (+1 more reused dependencies)
|  |     +- run exe generate-parser (parser.zig) (+1 more reused dependencies)
|  |     +- run exe generate-parser (parser.zig) (+1 more reused dependencies)
|  |     +- run exe generate-parser (parser.zig) (+1 more reused dependencies)
|  |     +- run exe generate-parser (parser.zig) (+1 more reused dependencies)
|  |     +- run exe generate-parser (parser.zig) (+1 more reused dependencies)
|  |     +- run exe generate-parser (parser.zig) (+1 more reused dependencies)
|  |     +- run exe generate-parser (parser.zig) (+1 more reused dependencies)
|  |     +- run exe generate-parser (parser.zig) (+1 more reused dependencies)
|  |     +- run exe generate-parser (parser.zig) (+1 more reused dependencies)
|  |     +- run exe generate-parser (parser.zig) (+1 more reused dependencies)
|  |     +- run exe generate-parser (parser.zig) (+1 more reused dependencies)
|  |     +- run exe generate-parser (parser.zig) (+1 more reused dependencies)
|  |     +- run exe generate-parser (parser.zig) (+1 more reused dependencies)
|  |     +- run exe generate-parser (parser.zig) (+1 more reused dependencies)
|  |     +- run exe generate-parser (parser.zig) (+1 more reused dependencies)
|  |     +- run exe generate-lexer (lexer.zig) (+1 more reused dependencies)
|  |     +- run exe generate-parser (parser.zig) (+1 more reused dependencies)
|  |     +- run exe generate-parser (parser.zig) (+1 more reused dependencies)
|  |     +- run exe generate-parser (parser.zig) (+1 more reused dependencies)
|  |     +- run exe generate-parser (parser.zig) (+1 more reused dependencies)
|  |     +- run exe generate-parser (parser.zig) (+1 more reused dependencies)
|  |     +- run exe generate-parser (parser.zig) (+1 more reused dependencies)
|  |     +- run exe generate-parser (parser.zig) (+1 more reused dependencies)
|  |     +- run exe generate-parser (parser.zig) (+1 more reused dependencies)
|  |     +- run exe generate-parser (parser.zig) (+1 more reused dependencies)
|  |     +- run exe generate-parser (parser.zig) (+1 more reused dependencies)
|  |     +- run exe generate-parser (parser.zig) (+1 more reused dependencies)
|  |     +- run exe generate-parser (parser.zig) (+1 more reused dependencies)
|  |     +- run exe generate-parser (parser.zig) (+1 more reused dependencies)
|  |     +- run exe generate-parser (parser.zig) (+1 more reused dependencies)
|  +- run test 8 pass (8 total) 7ms MaxRSS:2M
|  |  +- compile test safe native success 1m MaxRSS:973M
|  |     +- WriteFile interfaces/0.d.zx (+1 more reused dependencies)
|  |     +- options (reused)
|  |     +- run exe generate-parser (parser.zig) (+1 more reused dependencies)
|  |     +- run exe generate-parser (parser.zig) (+1 more reused dependencies)
|  |     +- run exe generate-parser (parser.zig) (+1 more reused dependencies)
|  |     +- run exe generate-parser (parser.zig) (+1 more reused dependencies)
|  |     +- run exe generate-parser (parser.zig) (+1 more reused dependencies)
|  |     +- run exe generate-parser (parser.zig) (+1 more reused dependencies)
|  |     +- run exe generate-parser (parser.zig) (+1 more reused dependencies)
|  |     +- run exe generate-parser (parser.zig) (+1 more reused dependencies)
|  |     +- run exe generate-parser (parser.zig) (+1 more reused dependencies)
|  |     +- run exe generate-parser (parser.zig) (+1 more reused dependencies)
|  |     +- run exe generate-parser (parser.zig) (+1 more reused dependencies)
|  |     +- run exe generate-parser (parser.zig) (+1 more reused dependencies)
|  |     +- run exe generate-parser (parser.zig) (+1 more reused dependencies)
|  |     +- run exe generate-parser (parser.zig) (+1 more reused dependencies)
|  |     +- run exe generate-parser (parser.zig) (+1 more reused dependencies)
|  |     +- run exe generate-parser (parser.zig) (+1 more reused dependencies)
|  |     +- run exe generate-parser (parser.zig) (+1 more reused dependencies)
|  |     +- run exe generate-parser (parser.zig) (+1 more reused dependencies)
|  |     +- run exe generate-parser (parser.zig) (+1 more reused dependencies)
|  |     +- run exe generate-lexer (lexer.zig) (+1 more reused dependencies)
|  |     +- run exe generate-parser (parser.zig) (+1 more reused dependencies)
|  |     +- run exe generate-parser (parser.zig) (+1 more reused dependencies)
|  |     +- run exe generate-parser (parser.zig) (+1 more reused dependencies)
|  |     +- run exe generate-parser (parser.zig) (+1 more reused dependencies)
|  |     +- run exe generate-parser (parser.zig) (+1 more reused dependencies)
|  |     +- run exe generate-parser (parser.zig) (+1 more reused dependencies)
|  |     +- run exe generate-parser (parser.zig) (+1 more reused dependencies)
|  |     +- run exe generate-parser (parser.zig) (+1 more reused dependencies)
|  |     +- run exe generate-parser (parser.zig) (+1 more reused dependencies)
|  |     +- run exe generate-parser (parser.zig) (+1 more reused dependencies)
|  |     +- run exe generate-parser (parser.zig) (+1 more reused dependencies)
|  |     +- run exe generate-parser (parser.zig) (+1 more reused dependencies)
|  |     +- run exe generate-parser (parser.zig) (+1 more reused dependencies)
|  |     +- run exe generate-parser (parser.zig) (+1 more reused dependencies)
|  +- run test 2 pass (2 total) 38ms MaxRSS:2M
|  |  +- compile test safe native success 1m MaxRSS:963M
|  |     +- WriteFile interfaces/0.d.zx (+1 more reused dependencies)
|  |     +- options (reused)
|  |     +- run exe generate-parser (parser.zig) (+1 more reused dependencies)
|  |     +- run exe generate-parser (parser.zig) (+1 more reused dependencies)
|  |     +- run exe generate-parser (parser.zig) (+1 more reused dependencies)
|  |     +- run exe generate-parser (parser.zig) (+1 more reused dependencies)
|  |     +- run exe generate-parser (parser.zig) (+1 more reused dependencies)
|  |     +- run exe generate-parser (parser.zig) (+1 more reused dependencies)
|  |     +- run exe generate-parser (parser.zig) (+1 more reused dependencies)
|  |     +- run exe generate-parser (parser.zig) (+1 more reused dependencies)
|  |     +- run exe generate-parser (parser.zig) (+1 more reused dependencies)
|  |     +- run exe generate-parser (parser.zig) (+1 more reused dependencies)
|  |     +- run exe generate-parser (parser.zig) (+1 more reused dependencies)
|  |     +- run exe generate-parser (parser.zig) (+1 more reused dependencies)
|  |     +- run exe generate-parser (parser.zig) (+1 more reused dependencies)
|  |     +- run exe generate-parser (parser.zig) (+1 more reused dependencies)
|  |     +- run exe generate-parser (parser.zig) (+1 more reused dependencies)
|  |     +- run exe generate-parser (parser.zig) (+1 more reused dependencies)
|  |     +- run exe generate-parser (parser.zig) (+1 more reused dependencies)
|  |     +- run exe generate-parser (parser.zig) (+1 more reused dependencies)
|  |     +- run exe generate-parser (parser.zig) (+1 more reused dependencies)
|  |     +- run exe generate-lexer (lexer.zig) (+1 more reused dependencies)
|  |     +- run exe generate-parser (parser.zig) (+1 more reused dependencies)
|  |     +- run exe generate-parser (parser.zig) (+1 more reused dependencies)
|  |     +- run exe generate-parser (parser.zig) (+1 more reused dependencies)
|  |     +- run exe generate-parser (parser.zig) (+1 more reused dependencies)
|  |     +- run exe generate-parser (parser.zig) (+1 more reused dependencies)
|  |     +- run exe generate-parser (parser.zig) (+1 more reused dependencies)
|  |     +- run exe generate-parser (parser.zig) (+1 more reused dependencies)
|  |     +- run exe generate-parser (parser.zig) (+1 more reused dependencies)
|  |     +- run exe generate-parser (parser.zig) (+1 more reused dependencies)
|  |     +- run exe generate-parser (parser.zig) (+1 more reused dependencies)
|  |     +- run exe generate-parser (parser.zig) (+1 more reused dependencies)
|  |     +- run exe generate-parser (parser.zig) (+1 more reused dependencies)
|  |     +- run exe generate-parser (parser.zig) (+1 more reused dependencies)
|  |     +- run exe generate-parser (parser.zig) (+1 more reused dependencies)
|  +- run test 3 pass (3 total) 4ms MaxRSS:2M
|     +- compile test safe native success 1m MaxRSS:954M
|        +- WriteFile root.zig success
|        +- WriteFile interfaces/0.d.zx (+1 more reused dependencies)
|        +- options (reused)
|        +- run exe generate-parser (parser.zig) (+1 more reused dependencies)
|        +- run exe generate-parser (parser.zig) (+1 more reused dependencies)
|        +- run exe generate-parser (parser.zig) (+1 more reused dependencies)
|        +- run exe generate-parser (parser.zig) (+1 more reused dependencies)
|        +- run exe generate-parser (parser.zig) (+1 more reused dependencies)
|        +- run exe generate-parser (parser.zig) (+1 more reused dependencies)
|        +- run exe generate-parser (parser.zig) (+1 more reused dependencies)
|        +- run exe generate-parser (parser.zig) (+1 more reused dependencies)
|        +- run exe generate-parser (parser.zig) (+1 more reused dependencies)
|        +- run exe generate-parser (parser.zig) (+1 more reused dependencies)
|        +- run exe generate-parser (parser.zig) (+1 more reused dependencies)
|        +- run exe generate-parser (parser.zig) (+1 more reused dependencies)
|        +- run exe generate-parser (parser.zig) (+1 more reused dependencies)
|        +- run exe generate-parser (parser.zig) (+1 more reused dependencies)
|        +- run exe generate-parser (parser.zig) (+1 more reused dependencies)
|        +- run exe generate-parser (parser.zig) (+1 more reused dependencies)
|        +- run exe generate-parser (parser.zig) (+1 more reused dependencies)
|        +- run exe generate-parser (parser.zig) (+1 more reused dependencies)
|        +- run exe generate-parser (parser.zig) (+1 more reused dependencies)
|        +- run exe generate-lexer (lexer.zig) (+1 more reused dependencies)
|        +- run exe generate-parser (parser.zig) (+1 more reused dependencies)
|        +- run exe generate-parser (parser.zig) (+1 more reused dependencies)
|        +- run exe generate-parser (parser.zig) (+1 more reused dependencies)
|        +- run exe generate-parser (parser.zig) (+1 more reused dependencies)
|        +- run exe generate-parser (parser.zig) (+1 more reused dependencies)
|        +- run exe generate-parser (parser.zig) (+1 more reused dependencies)
|        +- run exe generate-parser (parser.zig) (+1 more reused dependencies)
|        +- run exe generate-parser (parser.zig) (+1 more reused dependencies)
|        +- run exe generate-parser (parser.zig) (+1 more reused dependencies)
|        +- run exe generate-parser (parser.zig) (+1 more reused dependencies)
|        +- run exe generate-parser (parser.zig) (+1 more reused dependencies)
|        +- run exe generate-parser (parser.zig) (+1 more reused dependencies)
|        +- run exe generate-parser (parser.zig) (+1 more reused dependencies)
|        +- run exe generate-parser (parser.zig) (+1 more reused dependencies)
+- test-native-references-exports success
|  +- run test 7 pass (7 total) 5ms MaxRSS:2M
|  |  +- compile test safe native success 58s MaxRSS:899M
|  |     +- WriteFile interfaces/0.d.zx (+1 more reused dependencies)
|  |     +- options (reused)
|  |     +- run exe generate-parser (parser.zig) (+1 more reused dependencies)
|  |     +- run exe generate-parser (parser.zig) (+1 more reused dependencies)
|  |     +- run exe generate-parser (parser.zig) (+1 more reused dependencies)
|  |     +- run exe generate-parser (parser.zig) (+1 more reused dependencies)
|  |     +- run exe generate-parser (parser.zig) (+1 more reused dependencies)
|  |     +- run exe generate-parser (parser.zig) (+1 more reused dependencies)
|  |     +- run exe generate-parser (parser.zig) (+1 more reused dependencies)
|  |     +- run exe generate-parser (parser.zig) (+1 more reused dependencies)
|  |     +- run exe generate-parser (parser.zig) (+1 more reused dependencies)
|  |     +- run exe generate-parser (parser.zig) (+1 more reused dependencies)
|  |     +- run exe generate-parser (parser.zig) (+1 more reused dependencies)
|  |     +- run exe generate-parser (parser.zig) (+1 more reused dependencies)
|  |     +- run exe generate-parser (parser.zig) (+1 more reused dependencies)
|  |     +- run exe generate-parser (parser.zig) (+1 more reused dependencies)
|  |     +- run exe generate-parser (parser.zig) (+1 more reused dependencies)
|  |     +- run exe generate-parser (parser.zig) (+1 more reused dependencies)
|  |     +- run exe generate-parser (parser.zig) (+1 more reused dependencies)
|  |     +- run exe generate-parser (parser.zig) (+1 more reused dependencies)
|  |     +- run exe generate-parser (parser.zig) (+1 more reused dependencies)
|  |     +- run exe generate-lexer (lexer.zig) (+1 more reused dependencies)
|  |     +- run exe generate-parser (parser.zig) (+1 more reused dependencies)
|  |     +- run exe generate-parser (parser.zig) (+1 more reused dependencies)
|  |     +- run exe generate-parser (parser.zig) (+1 more reused dependencies)
|  |     +- run exe generate-parser (parser.zig) (+1 more reused dependencies)
|  |     +- run exe generate-parser (parser.zig) (+1 more reused dependencies)
|  |     +- run exe generate-parser (parser.zig) (+1 more reused dependencies)
|  |     +- run exe generate-parser (parser.zig) (+1 more reused dependencies)
|  |     +- run exe generate-parser (parser.zig) (+1 more reused dependencies)
|  |     +- run exe generate-parser (parser.zig) (+1 more reused dependencies)
|  |     +- run exe generate-parser (parser.zig) (+1 more reused dependencies)
|  |     +- run exe generate-parser (parser.zig) (+1 more reused dependencies)
|  |     +- run exe generate-parser (parser.zig) (+1 more reused dependencies)
|  |     +- run exe generate-parser (parser.zig) (+1 more reused dependencies)
|  |     +- run exe generate-parser (parser.zig) (+1 more reused dependencies)
|  +- run test 5 pass (5 total) 4ms MaxRSS:2M
|  |  +- compile test safe native success 1m MaxRSS:1G
|  |     +- WriteFile interfaces/0.d.zx (+1 more reused dependencies)
|  |     +- options (reused)
|  |     +- run exe generate-parser (parser.zig) (+1 more reused dependencies)
|  |     +- run exe generate-parser (parser.zig) (+1 more reused dependencies)
|  |     +- run exe generate-parser (parser.zig) (+1 more reused dependencies)
|  |     +- run exe generate-parser (parser.zig) (+1 more reused dependencies)
|  |     +- run exe generate-parser (parser.zig) (+1 more reused dependencies)
|  |     +- run exe generate-parser (parser.zig) (+1 more reused dependencies)
|  |     +- run exe generate-parser (parser.zig) (+1 more reused dependencies)
|  |     +- run exe generate-parser (parser.zig) (+1 more reused dependencies)
|  |     +- run exe generate-parser (parser.zig) (+1 more reused dependencies)
|  |     +- run exe generate-parser (parser.zig) (+1 more reused dependencies)
|  |     +- run exe generate-parser (parser.zig) (+1 more reused dependencies)
|  |     +- run exe generate-parser (parser.zig) (+1 more reused dependencies)
|  |     +- run exe generate-parser (parser.zig) (+1 more reused dependencies)
|  |     +- run exe generate-parser (parser.zig) (+1 more reused dependencies)
|  |     +- run exe generate-parser (parser.zig) (+1 more reused dependencies)
|  |     +- run exe generate-parser (parser.zig) (+1 more reused dependencies)
|  |     +- run exe generate-parser (parser.zig) (+1 more reused dependencies)
|  |     +- run exe generate-parser (parser.zig) (+1 more reused dependencies)
|  |     +- run exe generate-parser (parser.zig) (+1 more reused dependencies)
|  |     +- run exe generate-lexer (lexer.zig) (+1 more reused dependencies)
|  |     +- run exe generate-parser (parser.zig) (+1 more reused dependencies)
|  |     +- run exe generate-parser (parser.zig) (+1 more reused dependencies)
|  |     +- run exe generate-parser (parser.zig) (+1 more reused dependencies)
|  |     +- run exe generate-parser (parser.zig) (+1 more reused dependencies)
|  |     +- run exe generate-parser (parser.zig) (+1 more reused dependencies)
|  |     +- run exe generate-parser (parser.zig) (+1 more reused dependencies)
|  |     +- run exe generate-parser (parser.zig) (+1 more reused dependencies)
|  |     +- run exe generate-parser (parser.zig) (+1 more reused dependencies)
|  |     +- run exe generate-parser (parser.zig) (+1 more reused dependencies)
|  |     +- run exe generate-parser (parser.zig) (+1 more reused dependencies)
|  |     +- run exe generate-parser (parser.zig) (+1 more reused dependencies)
|  |     +- run exe generate-parser (parser.zig) (+1 more reused dependencies)
|  |     +- run exe generate-parser (parser.zig) (+1 more reused dependencies)
|  |     +- run exe generate-parser (parser.zig) (+1 more reused dependencies)
|  +- run test 2 pass (2 total) 24ms MaxRSS:2M
|     +- compile test safe native success 1m MaxRSS:1G
|        +- WriteFile interfaces/0.d.zx (+1 more reused dependencies)
|        +- options (reused)
|        +- run exe generate-parser (parser.zig) (+1 more reused dependencies)
|        +- run exe generate-parser (parser.zig) (+1 more reused dependencies)
|        +- run exe generate-parser (parser.zig) (+1 more reused dependencies)
|        +- run exe generate-parser (parser.zig) (+1 more reused dependencies)
|        +- run exe generate-parser (parser.zig) (+1 more reused dependencies)
|        +- run exe generate-parser (parser.zig) (+1 more reused dependencies)
|        +- run exe generate-parser (parser.zig) (+1 more reused dependencies)
|        +- run exe generate-parser (parser.zig) (+1 more reused dependencies)
|        +- run exe generate-parser (parser.zig) (+1 more reused dependencies)
|        +- run exe generate-parser (parser.zig) (+1 more reused dependencies)
|        +- run exe generate-parser (parser.zig) (+1 more reused dependencies)
|        +- run exe generate-parser (parser.zig) (+1 more reused dependencies)
|        +- run exe generate-parser (parser.zig) (+1 more reused dependencies)
|        +- run exe generate-parser (parser.zig) (+1 more reused dependencies)
|        +- run exe generate-parser (parser.zig) (+1 more reused dependencies)
|        +- run exe generate-parser (parser.zig) (+1 more reused dependencies)
|        +- run exe generate-parser (parser.zig) (+1 more reused dependencies)
|        +- run exe generate-parser (parser.zig) (+1 more reused dependencies)
|        +- run exe generate-parser (parser.zig) (+1 more reused dependencies)
|        +- run exe generate-lexer (lexer.zig) (+1 more reused dependencies)
|        +- run exe generate-parser (parser.zig) (+1 more reused dependencies)
|        +- run exe generate-parser (parser.zig) (+1 more reused dependencies)
|        +- run exe generate-parser (parser.zig) (+1 more reused dependencies)
|        +- run exe generate-parser (parser.zig) (+1 more reused dependencies)
|        +- run exe generate-parser (parser.zig) (+1 more reused dependencies)
|        +- run exe generate-parser (parser.zig) (+1 more reused dependencies)
|        +- run exe generate-parser (parser.zig) (+1 more reused dependencies)
|        +- run exe generate-parser (parser.zig) (+1 more reused dependencies)
|        +- run exe generate-parser (parser.zig) (+1 more reused dependencies)
|        +- run exe generate-parser (parser.zig) (+1 more reused dependencies)
|        +- run exe generate-parser (parser.zig) (+1 more reused dependencies)
|        +- run exe generate-parser (parser.zig) (+1 more reused dependencies)
|        +- run exe generate-parser (parser.zig) (+1 more reused dependencies)
|        +- run exe generate-parser (parser.zig) (+1 more reused dependencies)
+- test-native-references-library success
|  +- run test 5 pass (5 total) 7ms MaxRSS:2M
|  |  +- compile test safe native success 1m MaxRSS:980M
|  |     +- WriteFile interfaces/0.d.zx (+1 more reused dependencies)
|  |     +- options (reused)
|  |     +- run exe generate-parser (parser.zig) (+1 more reused dependencies)
|  |     +- run exe generate-parser (parser.zig) (+1 more reused dependencies)
|  |     +- run exe generate-parser (parser.zig) (+1 more reused dependencies)
|  |     +- run exe generate-parser (parser.zig) (+1 more reused dependencies)
|  |     +- run exe generate-parser (parser.zig) (+1 more reused dependencies)
|  |     +- run exe generate-parser (parser.zig) (+1 more reused dependencies)
|  |     +- run exe generate-parser (parser.zig) (+1 more reused dependencies)
|  |     +- run exe generate-parser (parser.zig) (+1 more reused dependencies)
|  |     +- run exe generate-parser (parser.zig) (+1 more reused dependencies)
|  |     +- run exe generate-parser (parser.zig) (+1 more reused dependencies)
|  |     +- run exe generate-parser (parser.zig) (+1 more reused dependencies)
|  |     +- run exe generate-parser (parser.zig) (+1 more reused dependencies)
|  |     +- run exe generate-parser (parser.zig) (+1 more reused dependencies)
|  |     +- run exe generate-parser (parser.zig) (+1 more reused dependencies)
|  |     +- run exe generate-parser (parser.zig) (+1 more reused dependencies)
|  |     +- run exe generate-parser (parser.zig) (+1 more reused dependencies)
|  |     +- run exe generate-parser (parser.zig) (+1 more reused dependencies)
|  |     +- run exe generate-parser (parser.zig) (+1 more reused dependencies)
|  |     +- run exe generate-parser (parser.zig) (+1 more reused dependencies)
|  |     +- run exe generate-lexer (lexer.zig) (+1 more reused dependencies)
|  |     +- run exe generate-parser (parser.zig) (+1 more reused dependencies)
|  |     +- run exe generate-parser (parser.zig) (+1 more reused dependencies)
|  |     +- run exe generate-parser (parser.zig) (+1 more reused dependencies)
|  |     +- run exe generate-parser (parser.zig) (+1 more reused dependencies)
|  |     +- run exe generate-parser (parser.zig) (+1 more reused dependencies)
|  |     +- run exe generate-parser (parser.zig) (+1 more reused dependencies)
|  |     +- run exe generate-parser (parser.zig) (+1 more reused dependencies)
|  |     +- run exe generate-parser (parser.zig) (+1 more reused dependencies)
|  |     +- run exe generate-parser (parser.zig) (+1 more reused dependencies)
|  |     +- run exe generate-parser (parser.zig) (+1 more reused dependencies)
|  |     +- run exe generate-parser (parser.zig) (+1 more reused dependencies)
|  |     +- run exe generate-parser (parser.zig) (+1 more reused dependencies)
|  |     +- run exe generate-parser (parser.zig) (+1 more reused dependencies)
|  |     +- run exe generate-parser (parser.zig) (+1 more reused dependencies)
|  +- run test 5 pass (5 total) 6ms MaxRSS:2M
|  |  +- compile test safe native success 1m MaxRSS:910M
|  |     +- WriteFile interfaces/0.d.zx (+1 more reused dependencies)
|  |     +- options (reused)
|  |     +- run exe generate-parser (parser.zig) (+1 more reused dependencies)
|  |     +- run exe generate-parser (parser.zig) (+1 more reused dependencies)
|  |     +- run exe generate-parser (parser.zig) (+1 more reused dependencies)
|  |     +- run exe generate-parser (parser.zig) (+1 more reused dependencies)
|  |     +- run exe generate-parser (parser.zig) (+1 more reused dependencies)
|  |     +- run exe generate-parser (parser.zig) (+1 more reused dependencies)
|  |     +- run exe generate-parser (parser.zig) (+1 more reused dependencies)
|  |     +- run exe generate-parser (parser.zig) (+1 more reused dependencies)
|  |     +- run exe generate-parser (parser.zig) (+1 more reused dependencies)
|  |     +- run exe generate-parser (parser.zig) (+1 more reused dependencies)
|  |     +- run exe generate-parser (parser.zig) (+1 more reused dependencies)
|  |     +- run exe generate-parser (parser.zig) (+1 more reused dependencies)
|  |     +- run exe generate-parser (parser.zig) (+1 more reused dependencies)
|  |     +- run exe generate-parser (parser.zig) (+1 more reused dependencies)
|  |     +- run exe generate-parser (parser.zig) (+1 more reused dependencies)
|  |     +- run exe generate-parser (parser.zig) (+1 more reused dependencies)
|  |     +- run exe generate-parser (parser.zig) (+1 more reused dependencies)
|  |     +- run exe generate-parser (parser.zig) (+1 more reused dependencies)
|  |     +- run exe generate-parser (parser.zig) (+1 more reused dependencies)
|  |     +- run exe generate-lexer (lexer.zig) (+1 more reused dependencies)
|  |     +- run exe generate-parser (parser.zig) (+1 more reused dependencies)
|  |     +- run exe generate-parser (parser.zig) (+1 more reused dependencies)
|  |     +- run exe generate-parser (parser.zig) (+1 more reused dependencies)
|  |     +- run exe generate-parser (parser.zig) (+1 more reused dependencies)
|  |     +- run exe generate-parser (parser.zig) (+1 more reused dependencies)
|  |     +- run exe generate-parser (parser.zig) (+1 more reused dependencies)
|  |     +- run exe generate-parser (parser.zig) (+1 more reused dependencies)
|  |     +- run exe generate-parser (parser.zig) (+1 more reused dependencies)
|  |     +- run exe generate-parser (parser.zig) (+1 more reused dependencies)
|  |     +- run exe generate-parser (parser.zig) (+1 more reused dependencies)
|  |     +- run exe generate-parser (parser.zig) (+1 more reused dependencies)
|  |     +- run exe generate-parser (parser.zig) (+1 more reused dependencies)
|  |     +- run exe generate-parser (parser.zig) (+1 more reused dependencies)
|  |     +- run exe generate-parser (parser.zig) (+1 more reused dependencies)
|  +- run test 8 pass (8 total) 4ms MaxRSS:1M
|  |  +- compile test safe native success 1m MaxRSS:925M
|  |     +- WriteFile interfaces/0.d.zx (+1 more reused dependencies)
|  |     +- options (reused)
|  |     +- run exe generate-parser (parser.zig) (+1 more reused dependencies)
|  |     +- run exe generate-parser (parser.zig) (+1 more reused dependencies)
|  |     +- run exe generate-parser (parser.zig) (+1 more reused dependencies)
|  |     +- run exe generate-parser (parser.zig) (+1 more reused dependencies)
|  |     +- run exe generate-parser (parser.zig) (+1 more reused dependencies)
|  |     +- run exe generate-parser (parser.zig) (+1 more reused dependencies)
|  |     +- run exe generate-parser (parser.zig) (+1 more reused dependencies)
|  |     +- run exe generate-parser (parser.zig) (+1 more reused dependencies)
|  |     +- run exe generate-parser (parser.zig) (+1 more reused dependencies)
|  |     +- run exe generate-parser (parser.zig) (+1 more reused dependencies)
|  |     +- run exe generate-parser (parser.zig) (+1 more reused dependencies)
|  |     +- run exe generate-parser (parser.zig) (+1 more reused dependencies)
|  |     +- run exe generate-parser (parser.zig) (+1 more reused dependencies)
|  |     +- run exe generate-parser (parser.zig) (+1 more reused dependencies)
|  |     +- run exe generate-parser (parser.zig) (+1 more reused dependencies)
|  |     +- run exe generate-parser (parser.zig) (+1 more reused dependencies)
|  |     +- run exe generate-parser (parser.zig) (+1 more reused dependencies)
|  |     +- run exe generate-parser (parser.zig) (+1 more reused dependencies)
|  |     +- run exe generate-parser (parser.zig) (+1 more reused dependencies)
|  |     +- run exe generate-lexer (lexer.zig) (+1 more reused dependencies)
|  |     +- run exe generate-parser (parser.zig) (+1 more reused dependencies)
|  |     +- run exe generate-parser (parser.zig) (+1 more reused dependencies)
|  |     +- run exe generate-parser (parser.zig) (+1 more reused dependencies)
|  |     +- run exe generate-parser (parser.zig) (+1 more reused dependencies)
|  |     +- run exe generate-parser (parser.zig) (+1 more reused dependencies)
|  |     +- run exe generate-parser (parser.zig) (+1 more reused dependencies)
|  |     +- run exe generate-parser (parser.zig) (+1 more reused dependencies)
|  |     +- run exe generate-parser (parser.zig) (+1 more reused dependencies)
|  |     +- run exe generate-parser (parser.zig) (+1 more reused dependencies)
|  |     +- run exe generate-parser (parser.zig) (+1 more reused dependencies)
|  |     +- run exe generate-parser (parser.zig) (+1 more reused dependencies)
|  |     +- run exe generate-parser (parser.zig) (+1 more reused dependencies)
|  |     +- run exe generate-parser (parser.zig) (+1 more reused dependencies)
|  |     +- run exe generate-parser (parser.zig) (+1 more reused dependencies)
|  +- run test 2 pass (2 total) 596ms MaxRSS:2M
|     +- compile test safe native success 1m MaxRSS:921M
|        +- WriteFile interfaces/0.d.zx (+1 more reused dependencies)
|        +- options (reused)
|        +- run exe generate-parser (parser.zig) (+1 more reused dependencies)
|        +- run exe generate-parser (parser.zig) (+1 more reused dependencies)
|        +- run exe generate-parser (parser.zig) (+1 more reused dependencies)
|        +- run exe generate-parser (parser.zig) (+1 more reused dependencies)
|        +- run exe generate-parser (parser.zig) (+1 more reused dependencies)
|        +- run exe generate-parser (parser.zig) (+1 more reused dependencies)
|        +- run exe generate-parser (parser.zig) (+1 more reused dependencies)
|        +- run exe generate-parser (parser.zig) (+1 more reused dependencies)
|        +- run exe generate-parser (parser.zig) (+1 more reused dependencies)
|        +- run exe generate-parser (parser.zig) (+1 more reused dependencies)
|        +- run exe generate-parser (parser.zig) (+1 more reused dependencies)
|        +- run exe generate-parser (parser.zig) (+1 more reused dependencies)
|        +- run exe generate-parser (parser.zig) (+1 more reused dependencies)
|        +- run exe generate-parser (parser.zig) (+1 more reused dependencies)
|        +- run exe generate-parser (parser.zig) (+1 more reused dependencies)
|        +- run exe generate-parser (parser.zig) (+1 more reused dependencies)
|        +- run exe generate-parser (parser.zig) (+1 more reused dependencies)
|        +- run exe generate-parser (parser.zig) (+1 more reused dependencies)
|        +- run exe generate-parser (parser.zig) (+1 more reused dependencies)
|        +- run exe generate-lexer (lexer.zig) (+1 more reused dependencies)
|        +- run exe generate-parser (parser.zig) (+1 more reused dependencies)
|        +- run exe generate-parser (parser.zig) (+1 more reused dependencies)
|        +- run exe generate-parser (parser.zig) (+1 more reused dependencies)
|        +- run exe generate-parser (parser.zig) (+1 more reused dependencies)
|        +- run exe generate-parser (parser.zig) (+1 more reused dependencies)
|        +- run exe generate-parser (parser.zig) (+1 more reused dependencies)
|        +- run exe generate-parser (parser.zig) (+1 more reused dependencies)
|        +- run exe generate-parser (parser.zig) (+1 more reused dependencies)
|        +- run exe generate-parser (parser.zig) (+1 more reused dependencies)
|        +- run exe generate-parser (parser.zig) (+1 more reused dependencies)
|        +- run exe generate-parser (parser.zig) (+1 more reused dependencies)
|        +- run exe generate-parser (parser.zig) (+1 more reused dependencies)
|        +- run exe generate-parser (parser.zig) (+1 more reused dependencies)
|        +- run exe generate-parser (parser.zig) (+1 more reused dependencies)
+- test-native-references-runtime success
|  +- run node success 8s
|  |  +- run exe generate-native-reference-runtime (identity-source) success 4ms
|  |     +- compile exe generate-native-reference-runtime safe native success 1m MaxRSS:1G
|  |        +- WriteFile interfaces/0.d.zx (+1 more reused dependencies)
|  |        +- options (reused)
|  |        +- run exe generate-parser (parser.zig) (+1 more reused dependencies)
|  |        +- run exe generate-parser (parser.zig) (+1 more reused dependencies)
|  |        +- run exe generate-parser (parser.zig) (+1 more reused dependencies)
|  |        +- run exe generate-parser (parser.zig) (+1 more reused dependencies)
|  |        +- run exe generate-parser (parser.zig) (+1 more reused dependencies)
|  |        +- run exe generate-parser (parser.zig) (+1 more reused dependencies)
|  |        +- run exe generate-parser (parser.zig) (+1 more reused dependencies)
|  |        +- run exe generate-parser (parser.zig) (+1 more reused dependencies)
|  |        +- run exe generate-parser (parser.zig) (+1 more reused dependencies)
|  |        +- run exe generate-parser (parser.zig) (+1 more reused dependencies)
|  |        +- run exe generate-parser (parser.zig) (+1 more reused dependencies)
|  |        +- run exe generate-parser (parser.zig) (+1 more reused dependencies)
|  |        +- run exe generate-parser (parser.zig) (+1 more reused dependencies)
|  |        +- run exe generate-parser (parser.zig) (+1 more reused dependencies)
|  |        +- run exe generate-parser (parser.zig) (+1 more reused dependencies)
|  |        +- run exe generate-parser (parser.zig) (+1 more reused dependencies)
|  |        +- run exe generate-parser (parser.zig) (+1 more reused dependencies)
|  |        +- run exe generate-parser (parser.zig) (+1 more reused dependencies)
|  |        +- run exe generate-parser (parser.zig) (+1 more reused dependencies)
|  |        +- run exe generate-lexer (lexer.zig) (+1 more reused dependencies)
|  |        +- run exe generate-parser (parser.zig) (+1 more reused dependencies)
|  |        +- run exe generate-parser (parser.zig) (+1 more reused dependencies)
|  |        +- run exe generate-parser (parser.zig) (+1 more reused dependencies)
|  |        +- run exe generate-parser (parser.zig) (+1 more reused dependencies)
|  |        +- run exe generate-parser (parser.zig) (+1 more reused dependencies)
|  |        +- run exe generate-parser (parser.zig) (+1 more reused dependencies)
|  |        +- run exe generate-parser (parser.zig) (+1 more reused dependencies)
|  |        +- run exe generate-parser (parser.zig) (+1 more reused dependencies)
|  |        +- run exe generate-parser (parser.zig) (+1 more reused dependencies)
|  |        +- run exe generate-parser (parser.zig) (+1 more reused dependencies)
|  |        +- run exe generate-parser (parser.zig) (+1 more reused dependencies)
|  |        +- run exe generate-parser (parser.zig) (+1 more reused dependencies)
|  |        +- run exe generate-parser (parser.zig) (+1 more reused dependencies)
|  |        +- run exe generate-parser (parser.zig) (+1 more reused dependencies)
|  +- run node success 7s
|  |  +- run exe generate-native-reference-runtime (identity-library) success 6ms
|  |     +- compile exe generate-native-reference-runtime safe native (+36 more reused dependencies)
|  +- run node success 7s
|  |  +- run exe generate-native-reference-runtime (read-source) success 5ms
|  |     +- compile exe generate-native-reference-runtime safe native (+36 more reused dependencies)
|  +- run node success 7s
|  |  +- run exe generate-native-reference-runtime (read-library) success 5ms
|  |     +- compile exe generate-native-reference-runtime safe native (+36 more reused dependencies)
|  +- run node success 7s
|  |  +- run exe generate-native-reference-runtime (optional-source) success 5ms
|  |     +- compile exe generate-native-reference-runtime safe native (+36 more reused dependencies)
|  +- run node success 7s
|  |  +- run exe generate-native-reference-runtime (optional-library) success 6ms
|  |     +- compile exe generate-native-reference-runtime safe native (+36 more reused dependencies)
|  +- run node success 7s
|  |  +- run exe generate-native-reference-runtime (coalesce-source) success 4ms
|  |     +- compile exe generate-native-reference-runtime safe native (+36 more reused dependencies)
|  +- run node success 8s
|  |  +- run exe generate-native-reference-runtime (coalesce-library) success 6ms
|  |     +- compile exe generate-native-reference-runtime safe native (+36 more reused dependencies)
|  +- run node success 7s
|  |  +- run exe generate-native-reference-runtime (containers-source) success 5ms
|  |     +- compile exe generate-native-reference-runtime safe native (+36 more reused dependencies)
|  +- run node success 7s
|  |  +- run exe generate-native-reference-runtime (containers-library) success 6ms
|  |     +- compile exe generate-native-reference-runtime safe native (+36 more reused dependencies)
|  +- run node success 7s
|  |  +- run exe generate-native-reference-runtime (order-source) success 4ms
|  |     +- compile exe generate-native-reference-runtime safe native (+36 more reused dependencies)
|  +- run node success 8s
|  |  +- run exe generate-native-reference-runtime (order-library) success 6ms
|  |     +- compile exe generate-native-reference-runtime safe native (+36 more reused dependencies)
|  +- run node success 8s
|  |  +- run exe generate-native-reference-runtime (traversal-source) success 6ms
|  |     +- compile exe generate-native-reference-runtime safe native (+36 more reused dependencies)
|  +- run node success 8s
|  |  +- run exe generate-native-reference-runtime (traversal-library) success 5ms
|  |     +- compile exe generate-native-reference-runtime safe native (+36 more reused dependencies)
|  +- run node success 8s
|  |  +- run exe generate-native-reference-runtime (borrowed-source) success 5ms
|  |     +- compile exe generate-native-reference-runtime safe native (+36 more reused dependencies)
|  +- run node success 9s
|  |  +- run exe generate-native-reference-runtime (borrowed-library) success 6ms
|  |     +- compile exe generate-native-reference-runtime safe native (+36 more reused dependencies)
|  +- run node success 9s
|  |  +- run exe generate-native-reference-runtime (loop_write-source) success 6ms
|  |     +- compile exe generate-native-reference-runtime safe native (+36 more reused dependencies)
|  +- run node success 8s
|  |  +- run exe generate-native-reference-runtime (loop_write-library) success 5ms
|  |     +- compile exe generate-native-reference-runtime safe native (+36 more reused dependencies)
|  +- run node success 8s
|  |  +- run exe generate-native-reference-runtime (loop_history-source) success 5ms
|  |     +- compile exe generate-native-reference-runtime safe native (+36 more reused dependencies)
|  +- run node success 7s
|  |  +- run exe generate-native-reference-runtime (loop_history-library) success 6ms
|  |     +- compile exe generate-native-reference-runtime safe native (+36 more reused dependencies)
|  +- run node success 7s
|  |  +- run exe generate-native-reference-runtime (two_buffers-source) success 4ms
|  |     +- compile exe generate-native-reference-runtime safe native (+36 more reused dependencies)
|  +- run node success 8s
|  |  +- run exe generate-native-reference-runtime (two_buffers-library) success 6ms
|  |     +- compile exe generate-native-reference-runtime safe native (+36 more reused dependencies)
|  +- test-native-references-transfers success
|     +- run node success 8s
|     |  +- run exe generate-native-reference-runtime (nested_helpers-source) success 7ms
|     |     +- compile exe generate-native-reference-runtime safe native (+36 more reused dependencies)
|     +- run node success 8s
|     |  +- run exe generate-native-reference-runtime (nested_helpers-library) success 7ms
|     |     +- compile exe generate-native-reference-runtime safe native (+36 more reused dependencies)
|     +- run node success 8s
|     |  +- run exe generate-native-reference-runtime (helper_pop-source) success 7ms
|     |     +- compile exe generate-native-reference-runtime safe native (+36 more reused dependencies)
|     +- run node success 8s
|     |  +- run exe generate-native-reference-runtime (helper_pop-library) success 9ms
|     |     +- compile exe generate-native-reference-runtime safe native (+36 more reused dependencies)
|     +- run node success 8s
|     |  +- run exe generate-native-reference-runtime (dual_append-source) success 6ms
|     |     +- compile exe generate-native-reference-runtime safe native (+36 more reused dependencies)
|     +- run node success 8s
|        +- run exe generate-native-reference-runtime (dual_append-library) success 7ms
|           +- compile exe generate-native-reference-runtime safe native (+36 more reused dependencies)
+- test-native-references-targets success
   +- run node (application-targets.json) success 42s
      +- compile exe zxc safe native success 2m MaxRSS:2G
         +- WriteFile cached
         +- compile lib yaml safe native cached 45ms MaxRSS:20M
         +- compile lib yaml safe native (reused)
         +- translate-c cached 44ms MaxRSS:20M
         +- options success
         +- run exe bundle-zig (bundle) cached
         |  +- compile exe bundle-zig fast native cached 48ms MaxRSS:21M
         |  +- WriteFile bundle_manifest.json cached
         +- options cached
         +- run exe generate-parser (parser.zig) (+1 more reused dependencies)
         +- run exe generate-parser (parser.zig) (+1 more reused dependencies)
         +- run exe generate-parser (parser.zig) (+1 more reused dependencies)
         +- run exe generate-parser (parser.zig) (+1 more reused dependencies)
         +- run exe generate-parser (parser.zig) (+1 more reused dependencies)
         +- run exe generate-parser (parser.zig) (+1 more reused dependencies)
         +- run exe generate-parser (parser.zig) (+1 more reused dependencies)
         +- WriteFile interfaces/0.d.zx (+1 more reused dependencies)
         +- options (reused)
         +- run exe generate-parser (parser.zig) (+1 more reused dependencies)
         +- run exe generate-parser (parser.zig) (+1 more reused dependencies)
         +- run exe generate-parser (parser.zig) (+1 more reused dependencies)
         +- run exe generate-parser (parser.zig) (+1 more reused dependencies)
         +- run exe generate-parser (parser.zig) (+1 more reused dependencies)
         +- run exe generate-parser (parser.zig) (+1 more reused dependencies)
         +- run exe generate-parser (parser.zig) (+1 more reused dependencies)
         +- run exe generate-parser (parser.zig) (+1 more reused dependencies)
         +- run exe generate-parser (parser.zig) (+1 more reused dependencies)
         +- run exe generate-parser (parser.zig) (+1 more reused dependencies)
         +- run exe generate-parser (parser.zig) (+1 more reused dependencies)
         +- run exe generate-parser (parser.zig) (+1 more reused dependencies)
         +- run exe generate-parser (parser.zig) (+1 more reused dependencies)
         +- run exe generate-parser (parser.zig) (+1 more reused dependencies)
         +- run exe generate-parser (parser.zig) (+1 more reused dependencies)
         +- run exe generate-parser (parser.zig) (+1 more reused dependencies)
         +- run exe generate-parser (parser.zig) (+1 more reused dependencies)
         +- run exe generate-parser (parser.zig) (+1 more reused dependencies)
         +- run exe generate-parser (parser.zig) (+1 more reused dependencies)
         +- run exe generate-parser (parser.zig) (+1 more reused dependencies)
         +- run exe generate-lexer (lexer.zig) (+1 more reused dependencies)
         +- run exe generate-parser (parser.zig) (+1 more reused dependencies)
         +- run exe generate-parser (parser.zig) (+1 more reused dependencies)
         +- run exe generate-parser (parser.zig) (+1 more reused dependencies)
         +- run exe generate-parser (parser.zig) (+1 more reused dependencies)
         +- run exe generate-parser (parser.zig) (+1 more reused dependencies)
         +- run exe generate-parser (parser.zig) (+1 more reused dependencies)
         +- run exe generate-parser (parser.zig) (+1 more reused dependencies)
         +- run exe generate-parser (parser.zig) (+1 more reused dependencies)
         +- run exe generate-parser (parser.zig) (+1 more reused dependencies)
         +- run exe generate-parser (parser.zig) (+1 more reused dependencies)
         +- run exe generate-parser (parser.zig) (+1 more reused dependencies)
         +- run exe generate-parser (parser.zig) (+1 more reused dependencies)
         +- run exe generate-parser (parser.zig) (+1 more reused dependencies)
test-typed-try success
+- test-typed-try-native-contract success
|  +- run test 11 pass (11 total) 11ms MaxRSS:2M
|  |  +- compile test safe native success 54s MaxRSS:826M
|  |     +- WriteFile interfaces/0.d.zx (+1 more reused dependencies)
|  |     +- options (reused)
|  |     +- run exe generate-parser (parser.zig) (+1 more reused dependencies)
|  |     +- run exe generate-parser (parser.zig) (+1 more reused dependencies)
|  |     +- run exe generate-parser (parser.zig) (+1 more reused dependencies)
|  |     +- run exe generate-parser (parser.zig) (+1 more reused dependencies)
|  |     +- run exe generate-parser (parser.zig) (+1 more reused dependencies)
|  |     +- run exe generate-parser (parser.zig) (+1 more reused dependencies)
|  |     +- run exe generate-parser (parser.zig) (+1 more reused dependencies)
|  |     +- run exe generate-parser (parser.zig) (+1 more reused dependencies)
|  |     +- run exe generate-parser (parser.zig) (+1 more reused dependencies)
|  |     +- run exe generate-parser (parser.zig) (+1 more reused dependencies)
|  |     +- run exe generate-parser (parser.zig) (+1 more reused dependencies)
|  |     +- run exe generate-parser (parser.zig) (+1 more reused dependencies)
|  |     +- run exe generate-parser (parser.zig) (+1 more reused dependencies)
|  |     +- run exe generate-parser (parser.zig) (+1 more reused dependencies)
|  |     +- run exe generate-parser (parser.zig) (+1 more reused dependencies)
|  |     +- run exe generate-parser (parser.zig) (+1 more reused dependencies)
|  |     +- run exe generate-parser (parser.zig) (+1 more reused dependencies)
|  |     +- run exe generate-parser (parser.zig) (+1 more reused dependencies)
|  |     +- run exe generate-parser (parser.zig) (+1 more reused dependencies)
|  |     +- run exe generate-lexer (lexer.zig) (+1 more reused dependencies)
|  |     +- run exe generate-parser (parser.zig) (+1 more reused dependencies)
|  |     +- run exe generate-parser (parser.zig) (+1 more reused dependencies)
|  |     +- run exe generate-parser (parser.zig) (+1 more reused dependencies)
|  |     +- run exe generate-parser (parser.zig) (+1 more reused dependencies)
|  |     +- run exe generate-parser (parser.zig) (+1 more reused dependencies)
|  |     +- run exe generate-parser (parser.zig) (+1 more reused dependencies)
|  |     +- run exe generate-parser (parser.zig) (+1 more reused dependencies)
|  |     +- run exe generate-parser (parser.zig) (+1 more reused dependencies)
|  |     +- run exe generate-parser (parser.zig) (+1 more reused dependencies)
|  |     +- run exe generate-parser (parser.zig) (+1 more reused dependencies)
|  |     +- run exe generate-parser (parser.zig) (+1 more reused dependencies)
|  |     +- run exe generate-parser (parser.zig) (+1 more reused dependencies)
|  |     +- run exe generate-parser (parser.zig) (+1 more reused dependencies)
|  |     +- run exe generate-parser (parser.zig) (+1 more reused dependencies)
|  +- run test 7 pass (7 total) 7ms MaxRSS:1M
|     +- compile test safe native success 53s MaxRSS:844M
|        +- WriteFile interfaces/0.d.zx (+1 more reused dependencies)
|        +- options (reused)
|        +- run exe generate-parser (parser.zig) (+1 more reused dependencies)
|        +- run exe generate-parser (parser.zig) (+1 more reused dependencies)
|        +- run exe generate-parser (parser.zig) (+1 more reused dependencies)
|        +- run exe generate-parser (parser.zig) (+1 more reused dependencies)
|        +- run exe generate-parser (parser.zig) (+1 more reused dependencies)
|        +- run exe generate-parser (parser.zig) (+1 more reused dependencies)
|        +- run exe generate-parser (parser.zig) (+1 more reused dependencies)
|        +- run exe generate-parser (parser.zig) (+1 more reused dependencies)
|        +- run exe generate-parser (parser.zig) (+1 more reused dependencies)
|        +- run exe generate-parser (parser.zig) (+1 more reused dependencies)
|        +- run exe generate-parser (parser.zig) (+1 more reused dependencies)
|        +- run exe generate-parser (parser.zig) (+1 more reused dependencies)
|        +- run exe generate-parser (parser.zig) (+1 more reused dependencies)
|        +- run exe generate-parser (parser.zig) (+1 more reused dependencies)
|        +- run exe generate-parser (parser.zig) (+1 more reused dependencies)
|        +- run exe generate-parser (parser.zig) (+1 more reused dependencies)
|        +- run exe generate-parser (parser.zig) (+1 more reused dependencies)
|        +- run exe generate-parser (parser.zig) (+1 more reused dependencies)
|        +- run exe generate-parser (parser.zig) (+1 more reused dependencies)
|        +- run exe generate-lexer (lexer.zig) (+1 more reused dependencies)
|        +- run exe generate-parser (parser.zig) (+1 more reused dependencies)
|        +- run exe generate-parser (parser.zig) (+1 more reused dependencies)
|        +- run exe generate-parser (parser.zig) (+1 more reused dependencies)
|        +- run exe generate-parser (parser.zig) (+1 more reused dependencies)
|        +- run exe generate-parser (parser.zig) (+1 more reused dependencies)
|        +- run exe generate-parser (parser.zig) (+1 more reused dependencies)
|        +- run exe generate-parser (parser.zig) (+1 more reused dependencies)
|        +- run exe generate-parser (parser.zig) (+1 more reused dependencies)
|        +- run exe generate-parser (parser.zig) (+1 more reused dependencies)
|        +- run exe generate-parser (parser.zig) (+1 more reused dependencies)
|        +- run exe generate-parser (parser.zig) (+1 more reused dependencies)
|        +- run exe generate-parser (parser.zig) (+1 more reused dependencies)
|        +- run exe generate-parser (parser.zig) (+1 more reused dependencies)
|        +- run exe generate-parser (parser.zig) (+1 more reused dependencies)
+- test-typed-try-analysis success
|  +- run test 13 pass (13 total) 6ms MaxRSS:2M
|  |  +- compile test safe native success 54s MaxRSS:839M
|  |     +- WriteFile interfaces/0.d.zx (+1 more reused dependencies)
|  |     +- options (reused)
|  |     +- run exe generate-parser (parser.zig) (+1 more reused dependencies)
|  |     +- run exe generate-parser (parser.zig) (+1 more reused dependencies)
|  |     +- run exe generate-parser (parser.zig) (+1 more reused dependencies)
|  |     +- run exe generate-parser (parser.zig) (+1 more reused dependencies)
|  |     +- run exe generate-parser (parser.zig) (+1 more reused dependencies)
|  |     +- run exe generate-parser (parser.zig) (+1 more reused dependencies)
|  |     +- run exe generate-parser (parser.zig) (+1 more reused dependencies)
|  |     +- run exe generate-parser (parser.zig) (+1 more reused dependencies)
|  |     +- run exe generate-parser (parser.zig) (+1 more reused dependencies)
|  |     +- run exe generate-parser (parser.zig) (+1 more reused dependencies)
|  |     +- run exe generate-parser (parser.zig) (+1 more reused dependencies)
|  |     +- run exe generate-parser (parser.zig) (+1 more reused dependencies)
|  |     +- run exe generate-parser (parser.zig) (+1 more reused dependencies)
|  |     +- run exe generate-parser (parser.zig) (+1 more reused dependencies)
|  |     +- run exe generate-parser (parser.zig) (+1 more reused dependencies)
|  |     +- run exe generate-parser (parser.zig) (+1 more reused dependencies)
|  |     +- run exe generate-parser (parser.zig) (+1 more reused dependencies)
|  |     +- run exe generate-parser (parser.zig) (+1 more reused dependencies)
|  |     +- run exe generate-parser (parser.zig) (+1 more reused dependencies)
|  |     +- run exe generate-lexer (lexer.zig) (+1 more reused dependencies)
|  |     +- run exe generate-parser (parser.zig) (+1 more reused dependencies)
|  |     +- run exe generate-parser (parser.zig) (+1 more reused dependencies)
|  |     +- run exe generate-parser (parser.zig) (+1 more reused dependencies)
|  |     +- run exe generate-parser (parser.zig) (+1 more reused dependencies)
|  |     +- run exe generate-parser (parser.zig) (+1 more reused dependencies)
|  |     +- run exe generate-parser (parser.zig) (+1 more reused dependencies)
|  |     +- run exe generate-parser (parser.zig) (+1 more reused dependencies)
|  |     +- run exe generate-parser (parser.zig) (+1 more reused dependencies)
|  |     +- run exe generate-parser (parser.zig) (+1 more reused dependencies)
|  |     +- run exe generate-parser (parser.zig) (+1 more reused dependencies)
|  |     +- run exe generate-parser (parser.zig) (+1 more reused dependencies)
|  |     +- run exe generate-parser (parser.zig) (+1 more reused dependencies)
|  |     +- run exe generate-parser (parser.zig) (+1 more reused dependencies)
|  |     +- run exe generate-parser (parser.zig) (+1 more reused dependencies)
|  +- run test 13 pass (13 total) 6ms MaxRSS:2M
|  |  +- compile test safe native success 1m MaxRSS:874M
|  |     +- WriteFile interfaces/0.d.zx (+1 more reused dependencies)
|  |     +- options (reused)
|  |     +- run exe generate-parser (parser.zig) (+1 more reused dependencies)
|  |     +- run exe generate-parser (parser.zig) (+1 more reused dependencies)
|  |     +- run exe generate-parser (parser.zig) (+1 more reused dependencies)
|  |     +- run exe generate-parser (parser.zig) (+1 more reused dependencies)
|  |     +- run exe generate-parser (parser.zig) (+1 more reused dependencies)
|  |     +- run exe generate-parser (parser.zig) (+1 more reused dependencies)
|  |     +- run exe generate-parser (parser.zig) (+1 more reused dependencies)
|  |     +- run exe generate-parser (parser.zig) (+1 more reused dependencies)
|  |     +- run exe generate-parser (parser.zig) (+1 more reused dependencies)
|  |     +- run exe generate-parser (parser.zig) (+1 more reused dependencies)
|  |     +- run exe generate-parser (parser.zig) (+1 more reused dependencies)
|  |     +- run exe generate-parser (parser.zig) (+1 more reused dependencies)
|  |     +- run exe generate-parser (parser.zig) (+1 more reused dependencies)
|  |     +- run exe generate-parser (parser.zig) (+1 more reused dependencies)
|  |     +- run exe generate-parser (parser.zig) (+1 more reused dependencies)
|  |     +- run exe generate-parser (parser.zig) (+1 more reused dependencies)
|  |     +- run exe generate-parser (parser.zig) (+1 more reused dependencies)
|  |     +- run exe generate-parser (parser.zig) (+1 more reused dependencies)
|  |     +- run exe generate-parser (parser.zig) (+1 more reused dependencies)
|  |     +- run exe generate-lexer (lexer.zig) (+1 more reused dependencies)
|  |     +- run exe generate-parser (parser.zig) (+1 more reused dependencies)
|  |     +- run exe generate-parser (parser.zig) (+1 more reused dependencies)
|  |     +- run exe generate-parser (parser.zig) (+1 more reused dependencies)
|  |     +- run exe generate-parser (parser.zig) (+1 more reused dependencies)
|  |     +- run exe generate-parser (parser.zig) (+1 more reused dependencies)
|  |     +- run exe generate-parser (parser.zig) (+1 more reused dependencies)
|  |     +- run exe generate-parser (parser.zig) (+1 more reused dependencies)
|  |     +- run exe generate-parser (parser.zig) (+1 more reused dependencies)
|  |     +- run exe generate-parser (parser.zig) (+1 more reused dependencies)
|  |     +- run exe generate-parser (parser.zig) (+1 more reused dependencies)
|  |     +- run exe generate-parser (parser.zig) (+1 more reused dependencies)
|  |     +- run exe generate-parser (parser.zig) (+1 more reused dependencies)
|  |     +- run exe generate-parser (parser.zig) (+1 more reused dependencies)
|  |     +- run exe generate-parser (parser.zig) (+1 more reused dependencies)
|  +- run test 17 pass (17 total) 8ms MaxRSS:2M
|  |  +- compile test safe native success 54s MaxRSS:844M
|  |     +- WriteFile interfaces/0.d.zx (+1 more reused dependencies)
|  |     +- options (reused)
|  |     +- run exe generate-parser (parser.zig) (+1 more reused dependencies)
|  |     +- run exe generate-parser (parser.zig) (+1 more reused dependencies)
|  |     +- run exe generate-parser (parser.zig) (+1 more reused dependencies)
|  |     +- run exe generate-parser (parser.zig) (+1 more reused dependencies)
|  |     +- run exe generate-parser (parser.zig) (+1 more reused dependencies)
|  |     +- run exe generate-parser (parser.zig) (+1 more reused dependencies)
|  |     +- run exe generate-parser (parser.zig) (+1 more reused dependencies)
|  |     +- run exe generate-parser (parser.zig) (+1 more reused dependencies)
|  |     +- run exe generate-parser (parser.zig) (+1 more reused dependencies)
|  |     +- run exe generate-parser (parser.zig) (+1 more reused dependencies)
|  |     +- run exe generate-parser (parser.zig) (+1 more reused dependencies)
|  |     +- run exe generate-parser (parser.zig) (+1 more reused dependencies)
|  |     +- run exe generate-parser (parser.zig) (+1 more reused dependencies)
|  |     +- run exe generate-parser (parser.zig) (+1 more reused dependencies)
|  |     +- run exe generate-parser (parser.zig) (+1 more reused dependencies)
|  |     +- run exe generate-parser (parser.zig) (+1 more reused dependencies)
|  |     +- run exe generate-parser (parser.zig) (+1 more reused dependencies)
|  |     +- run exe generate-parser (parser.zig) (+1 more reused dependencies)
|  |     +- run exe generate-parser (parser.zig) (+1 more reused dependencies)
|  |     +- run exe generate-lexer (lexer.zig) (+1 more reused dependencies)
|  |     +- run exe generate-parser (parser.zig) (+1 more reused dependencies)
|  |     +- run exe generate-parser (parser.zig) (+1 more reused dependencies)
|  |     +- run exe generate-parser (parser.zig) (+1 more reused dependencies)
|  |     +- run exe generate-parser (parser.zig) (+1 more reused dependencies)
|  |     +- run exe generate-parser (parser.zig) (+1 more reused dependencies)
|  |     +- run exe generate-parser (parser.zig) (+1 more reused dependencies)
|  |     +- run exe generate-parser (parser.zig) (+1 more reused dependencies)
|  |     +- run exe generate-parser (parser.zig) (+1 more reused dependencies)
|  |     +- run exe generate-parser (parser.zig) (+1 more reused dependencies)
|  |     +- run exe generate-parser (parser.zig) (+1 more reused dependencies)
|  |     +- run exe generate-parser (parser.zig) (+1 more reused dependencies)
|  |     +- run exe generate-parser (parser.zig) (+1 more reused dependencies)
|  |     +- run exe generate-parser (parser.zig) (+1 more reused dependencies)
|  |     +- run exe generate-parser (parser.zig) (+1 more reused dependencies)
|  +- run test 2 pass (2 total) 15ms MaxRSS:2M
|     +- compile test safe native success 53s MaxRSS:844M
|        +- WriteFile interfaces/0.d.zx (+1 more reused dependencies)
|        +- options (reused)
|        +- run exe generate-parser (parser.zig) (+1 more reused dependencies)
|        +- run exe generate-parser (parser.zig) (+1 more reused dependencies)
|        +- run exe generate-parser (parser.zig) (+1 more reused dependencies)
|        +- run exe generate-parser (parser.zig) (+1 more reused dependencies)
|        +- run exe generate-parser (parser.zig) (+1 more reused dependencies)
|        +- run exe generate-parser (parser.zig) (+1 more reused dependencies)
|        +- run exe generate-parser (parser.zig) (+1 more reused dependencies)
|        +- run exe generate-parser (parser.zig) (+1 more reused dependencies)
|        +- run exe generate-parser (parser.zig) (+1 more reused dependencies)
|        +- run exe generate-parser (parser.zig) (+1 more reused dependencies)
|        +- run exe generate-parser (parser.zig) (+1 more reused dependencies)
|        +- run exe generate-parser (parser.zig) (+1 more reused dependencies)
|        +- run exe generate-parser (parser.zig) (+1 more reused dependencies)
|        +- run exe generate-parser (parser.zig) (+1 more reused dependencies)
|        +- run exe generate-parser (parser.zig) (+1 more reused dependencies)
|        +- run exe generate-parser (parser.zig) (+1 more reused dependencies)
|        +- run exe generate-parser (parser.zig) (+1 more reused dependencies)
|        +- run exe generate-parser (parser.zig) (+1 more reused dependencies)
|        +- run exe generate-parser (parser.zig) (+1 more reused dependencies)
|        +- run exe generate-lexer (lexer.zig) (+1 more reused dependencies)
|        +- run exe generate-parser (parser.zig) (+1 more reused dependencies)
|        +- run exe generate-parser (parser.zig) (+1 more reused dependencies)
|        +- run exe generate-parser (parser.zig) (+1 more reused dependencies)
|        +- run exe generate-parser (parser.zig) (+1 more reused dependencies)
|        +- run exe generate-parser (parser.zig) (+1 more reused dependencies)
|        +- run exe generate-parser (parser.zig) (+1 more reused dependencies)
|        +- run exe generate-parser (parser.zig) (+1 more reused dependencies)
|        +- run exe generate-parser (parser.zig) (+1 more reused dependencies)
|        +- run exe generate-parser (parser.zig) (+1 more reused dependencies)
|        +- run exe generate-parser (parser.zig) (+1 more reused dependencies)
|        +- run exe generate-parser (parser.zig) (+1 more reused dependencies)
|        +- run exe generate-parser (parser.zig) (+1 more reused dependencies)
|        +- run exe generate-parser (parser.zig) (+1 more reused dependencies)
|        +- run exe generate-parser (parser.zig) (+1 more reused dependencies)
+- test-typed-try-library success
|  +- run test 6 pass (6 total) 5ms MaxRSS:2M
|  |  +- compile test safe native success 34s MaxRSS:1G
|  |     +- WriteFile interfaces/0.d.zx (+1 more reused dependencies)
|  |     +- options (reused)
|  |     +- run exe generate-parser (parser.zig) (+1 more reused dependencies)
|  |     +- run exe generate-parser (parser.zig) (+1 more reused dependencies)
|  |     +- run exe generate-parser (parser.zig) (+1 more reused dependencies)
|  |     +- run exe generate-parser (parser.zig) (+1 more reused dependencies)
|  |     +- run exe generate-parser (parser.zig) (+1 more reused dependencies)
|  |     +- run exe generate-parser (parser.zig) (+1 more reused dependencies)
|  |     +- run exe generate-parser (parser.zig) (+1 more reused dependencies)
|  |     +- run exe generate-parser (parser.zig) (+1 more reused dependencies)
|  |     +- run exe generate-parser (parser.zig) (+1 more reused dependencies)
|  |     +- run exe generate-parser (parser.zig) (+1 more reused dependencies)
|  |     +- run exe generate-parser (parser.zig) (+1 more reused dependencies)
|  |     +- run exe generate-parser (parser.zig) (+1 more reused dependencies)
|  |     +- run exe generate-parser (parser.zig) (+1 more reused dependencies)
|  |     +- run exe generate-parser (parser.zig) (+1 more reused dependencies)
|  |     +- run exe generate-parser (parser.zig) (+1 more reused dependencies)
|  |     +- run exe generate-parser (parser.zig) (+1 more reused dependencies)
|  |     +- run exe generate-parser (parser.zig) (+1 more reused dependencies)
|  |     +- run exe generate-parser (parser.zig) (+1 more reused dependencies)
|  |     +- run exe generate-parser (parser.zig) (+1 more reused dependencies)
|  |     +- run exe generate-lexer (lexer.zig) (+1 more reused dependencies)
|  |     +- run exe generate-parser (parser.zig) (+1 more reused dependencies)
|  |     +- run exe generate-parser (parser.zig) (+1 more reused dependencies)
|  |     +- run exe generate-parser (parser.zig) (+1 more reused dependencies)
|  |     +- run exe generate-parser (parser.zig) (+1 more reused dependencies)
|  |     +- run exe generate-parser (parser.zig) (+1 more reused dependencies)
|  |     +- run exe generate-parser (parser.zig) (+1 more reused dependencies)
|  |     +- run exe generate-parser (parser.zig) (+1 more reused dependencies)
|  |     +- run exe generate-parser (parser.zig) (+1 more reused dependencies)
|  |     +- run exe generate-parser (parser.zig) (+1 more reused dependencies)
|  |     +- run exe generate-parser (parser.zig) (+1 more reused dependencies)
|  |     +- run exe generate-parser (parser.zig) (+1 more reused dependencies)
|  |     +- run exe generate-parser (parser.zig) (+1 more reused dependencies)
|  |     +- run exe generate-parser (parser.zig) (+1 more reused dependencies)
|  |     +- run exe generate-parser (parser.zig) (+1 more reused dependencies)
|  +- run test 4 pass (4 total) 5ms MaxRSS:2M
|  |  +- compile test safe native success 59s MaxRSS:931M
|  |     +- WriteFile interfaces/0.d.zx (+1 more reused dependencies)
|  |     +- options (reused)
|  |     +- run exe generate-parser (parser.zig) (+1 more reused dependencies)
|  |     +- run exe generate-parser (parser.zig) (+1 more reused dependencies)
|  |     +- run exe generate-parser (parser.zig) (+1 more reused dependencies)
|  |     +- run exe generate-parser (parser.zig) (+1 more reused dependencies)
|  |     +- run exe generate-parser (parser.zig) (+1 more reused dependencies)
|  |     +- run exe generate-parser (parser.zig) (+1 more reused dependencies)
|  |     +- run exe generate-parser (parser.zig) (+1 more reused dependencies)
|  |     +- run exe generate-parser (parser.zig) (+1 more reused dependencies)
|  |     +- run exe generate-parser (parser.zig) (+1 more reused dependencies)
|  |     +- run exe generate-parser (parser.zig) (+1 more reused dependencies)
|  |     +- run exe generate-parser (parser.zig) (+1 more reused dependencies)
|  |     +- run exe generate-parser (parser.zig) (+1 more reused dependencies)
|  |     +- run exe generate-parser (parser.zig) (+1 more reused dependencies)
|  |     +- run exe generate-parser (parser.zig) (+1 more reused dependencies)
|  |     +- run exe generate-parser (parser.zig) (+1 more reused dependencies)
|  |     +- run exe generate-parser (parser.zig) (+1 more reused dependencies)
|  |     +- run exe generate-parser (parser.zig) (+1 more reused dependencies)
|  |     +- run exe generate-parser (parser.zig) (+1 more reused dependencies)
|  |     +- run exe generate-parser (parser.zig) (+1 more reused dependencies)
|  |     +- run exe generate-lexer (lexer.zig) (+1 more reused dependencies)
|  |     +- run exe generate-parser (parser.zig) (+1 more reused dependencies)
|  |     +- run exe generate-parser (parser.zig) (+1 more reused dependencies)
|  |     +- run exe generate-parser (parser.zig) (+1 more reused dependencies)
|  |     +- run exe generate-parser (parser.zig) (+1 more reused dependencies)
|  |     +- run exe generate-parser (parser.zig) (+1 more reused dependencies)
|  |     +- run exe generate-parser (parser.zig) (+1 more reused dependencies)
|  |     +- run exe generate-parser (parser.zig) (+1 more reused dependencies)
|  |     +- run exe generate-parser (parser.zig) (+1 more reused dependencies)
|  |     +- run exe generate-parser (parser.zig) (+1 more reused dependencies)
|  |     +- run exe generate-parser (parser.zig) (+1 more reused dependencies)
|  |     +- run exe generate-parser (parser.zig) (+1 more reused dependencies)
|  |     +- run exe generate-parser (parser.zig) (+1 more reused dependencies)
|  |     +- run exe generate-parser (parser.zig) (+1 more reused dependencies)
|  |     +- run exe generate-parser (parser.zig) (+1 more reused dependencies)
|  +- run test 3 pass (3 total) 55ms MaxRSS:2M
|     +- compile test safe native success 1m MaxRSS:886M
|        +- WriteFile interfaces/0.d.zx (+1 more reused dependencies)
|        +- options (reused)
|        +- run exe generate-parser (parser.zig) (+1 more reused dependencies)
|        +- run exe generate-parser (parser.zig) (+1 more reused dependencies)
|        +- run exe generate-parser (parser.zig) (+1 more reused dependencies)
|        +- run exe generate-parser (parser.zig) (+1 more reused dependencies)
|        +- run exe generate-parser (parser.zig) (+1 more reused dependencies)
|        +- run exe generate-parser (parser.zig) (+1 more reused dependencies)
|        +- run exe generate-parser (parser.zig) (+1 more reused dependencies)
|        +- run exe generate-parser (parser.zig) (+1 more reused dependencies)
|        +- run exe generate-parser (parser.zig) (+1 more reused dependencies)
|        +- run exe generate-parser (parser.zig) (+1 more reused dependencies)
|        +- run exe generate-parser (parser.zig) (+1 more reused dependencies)
|        +- run exe generate-parser (parser.zig) (+1 more reused dependencies)
|        +- run exe generate-parser (parser.zig) (+1 more reused dependencies)
|        +- run exe generate-parser (parser.zig) (+1 more reused dependencies)
|        +- run exe generate-parser (parser.zig) (+1 more reused dependencies)
|        +- run exe generate-parser (parser.zig) (+1 more reused dependencies)
|        +- run exe generate-parser (parser.zig) (+1 more reused dependencies)
|        +- run exe generate-parser (parser.zig) (+1 more reused dependencies)
|        +- run exe generate-parser (parser.zig) (+1 more reused dependencies)
|        +- run exe generate-lexer (lexer.zig) (+1 more reused dependencies)
|        +- run exe generate-parser (parser.zig) (+1 more reused dependencies)
|        +- run exe generate-parser (parser.zig) (+1 more reused dependencies)
|        +- run exe generate-parser (parser.zig) (+1 more reused dependencies)
|        +- run exe generate-parser (parser.zig) (+1 more reused dependencies)
|        +- run exe generate-parser (parser.zig) (+1 more reused dependencies)
|        +- run exe generate-parser (parser.zig) (+1 more reused dependencies)
|        +- run exe generate-parser (parser.zig) (+1 more reused dependencies)
|        +- run exe generate-parser (parser.zig) (+1 more reused dependencies)
|        +- run exe generate-parser (parser.zig) (+1 more reused dependencies)
|        +- run exe generate-parser (parser.zig) (+1 more reused dependencies)
|        +- run exe generate-parser (parser.zig) (+1 more reused dependencies)
|        +- run exe generate-parser (parser.zig) (+1 more reused dependencies)
|        +- run exe generate-parser (parser.zig) (+1 more reused dependencies)
|        +- run exe generate-parser (parser.zig) (+1 more reused dependencies)
+- test-typed-try-native-abi success
|  +- compile test typed-try-abi-scalar safe native success 611ms MaxRSS:91M
|  |  +- run exe compile-typed-try-native-abi (program.zig) success 4ms
|  |  |  +- compile exe compile-typed-try-native-abi safe native success 1m MaxRSS:957M
|  |  |     +- WriteFile interfaces/0.d.zx (+1 more reused dependencies)
|  |  |     +- options (reused)
|  |  |     +- run exe generate-parser (parser.zig) (+1 more reused dependencies)
|  |  |     +- run exe generate-parser (parser.zig) (+1 more reused dependencies)
|  |  |     +- run exe generate-parser (parser.zig) (+1 more reused dependencies)
|  |  |     +- run exe generate-parser (parser.zig) (+1 more reused dependencies)
|  |  |     +- run exe generate-parser (parser.zig) (+1 more reused dependencies)
|  |  |     +- run exe generate-parser (parser.zig) (+1 more reused dependencies)
|  |  |     +- run exe generate-parser (parser.zig) (+1 more reused dependencies)
|  |  |     +- run exe generate-parser (parser.zig) (+1 more reused dependencies)
|  |  |     +- run exe generate-parser (parser.zig) (+1 more reused dependencies)
|  |  |     +- run exe generate-parser (parser.zig) (+1 more reused dependencies)
|  |  |     +- run exe generate-parser (parser.zig) (+1 more reused dependencies)
|  |  |     +- run exe generate-parser (parser.zig) (+1 more reused dependencies)
|  |  |     +- run exe generate-parser (parser.zig) (+1 more reused dependencies)
|  |  |     +- run exe generate-parser (parser.zig) (+1 more reused dependencies)
|  |  |     +- run exe generate-parser (parser.zig) (+1 more reused dependencies)
|  |  |     +- run exe generate-parser (parser.zig) (+1 more reused dependencies)
|  |  |     +- run exe generate-parser (parser.zig) (+1 more reused dependencies)
|  |  |     +- run exe generate-parser (parser.zig) (+1 more reused dependencies)
|  |  |     +- run exe generate-parser (parser.zig) (+1 more reused dependencies)
|  |  |     +- run exe generate-lexer (lexer.zig) (+1 more reused dependencies)
|  |  |     +- run exe generate-parser (parser.zig) (+1 more reused dependencies)
|  |  |     +- run exe generate-parser (parser.zig) (+1 more reused dependencies)
|  |  |     +- run exe generate-parser (parser.zig) (+1 more reused dependencies)
|  |  |     +- run exe generate-parser (parser.zig) (+1 more reused dependencies)
|  |  |     +- run exe generate-parser (parser.zig) (+1 more reused dependencies)
|  |  |     +- run exe generate-parser (parser.zig) (+1 more reused dependencies)
|  |  |     +- run exe generate-parser (parser.zig) (+1 more reused dependencies)
|  |  |     +- run exe generate-parser (parser.zig) (+1 more reused dependencies)
|  |  |     +- run exe generate-parser (parser.zig) (+1 more reused dependencies)
|  |  |     +- run exe generate-parser (parser.zig) (+1 more reused dependencies)
|  |  |     +- run exe generate-parser (parser.zig) (+1 more reused dependencies)
|  |  |     +- run exe generate-parser (parser.zig) (+1 more reused dependencies)
|  |  |     +- run exe generate-parser (parser.zig) (+1 more reused dependencies)
|  |  |     +- run exe generate-parser (parser.zig) (+1 more reused dependencies)
|  |  +- run exe compile-typed-try-native-abi (program.zig) (+1 more reused dependencies)
|  +- compile test typed-try-abi-optional safe native success 615ms MaxRSS:91M
|  |  +- run exe compile-typed-try-native-abi (program.zig) success 4ms
|  |  |  +- compile exe compile-typed-try-native-abi safe native (+36 more reused dependencies)
|  |  +- run exe compile-typed-try-native-abi (program.zig) (+1 more reused dependencies)
|  +- compile test typed-try-abi-void safe native success 613ms MaxRSS:91M
|  |  +- run exe compile-typed-try-native-abi (program.zig) success 4ms
|  |  |  +- compile exe compile-typed-try-native-abi safe native (+36 more reused dependencies)
|  |  +- run exe compile-typed-try-native-abi (program.zig) (+1 more reused dependencies)
|  +- compile test typed-try-abi-empty safe native success 607ms MaxRSS:91M
|  |  +- run exe compile-typed-try-native-abi (program.zig) success 3ms
|  |  |  +- compile exe compile-typed-try-native-abi safe native (+36 more reused dependencies)
|  |  +- run exe compile-typed-try-native-abi (program.zig) (+1 more reused dependencies)
|  +- compile test typed-try-abi-opaque safe native success 598ms MaxRSS:91M
|  |  +- run exe compile-typed-try-native-abi (program.zig) success 3ms
|  |  |  +- compile exe compile-typed-try-native-abi safe native (+36 more reused dependencies)
|  |  +- run exe compile-typed-try-native-abi (program.zig) (+1 more reused dependencies)
|  +- run test typed-try-abi-exact 1 pass (1 total) 3ms MaxRSS:999K
|  |  +- compile test typed-try-abi-exact safe native success 12s MaxRSS:372M
|  |     +- run exe compile-typed-try-native-abi (program.zig) success 4ms
|  |     |  +- compile exe compile-typed-try-native-abi safe native (+36 more reused dependencies)
|  |     +- run exe compile-typed-try-native-abi (program.zig) (+1 more reused dependencies)
|  +- run test typed-try-abi-subset 1 pass (1 total) 2ms MaxRSS:999K
|  |  +- compile test typed-try-abi-subset safe native success 12s MaxRSS:380M
|  |     +- run exe compile-typed-try-native-abi (program.zig) success 3ms
|  |     |  +- compile exe compile-typed-try-native-abi safe native (+36 more reused dependencies)
|  |     +- run exe compile-typed-try-native-abi (program.zig) (+1 more reused dependencies)
|  +- run test typed-try-abi-infallible 1 pass (1 total) 2ms MaxRSS:999K
|     +- compile test typed-try-abi-infallible safe native success 12s MaxRSS:366M
|        +- run exe compile-typed-try-native-abi (program.zig) success 3ms
|        |  +- compile exe compile-typed-try-native-abi safe native (+36 more reused dependencies)
|        +- run exe compile-typed-try-native-abi (program.zig) (+1 more reused dependencies)
+- test-typed-try-runtime success
   +- run test typed-try-scalar 4 pass (4 total) 2ms MaxRSS:1M
   |  +- compile test typed-try-scalar safe native success 12s MaxRSS:370M
   |     +- run exe compile-typed-try-runtime (program.zig) success 4ms
   |     |  +- compile exe compile-typed-try-runtime safe native success 1m MaxRSS:947M
   |     |     +- WriteFile interfaces/0.d.zx (+1 more reused dependencies)
   |     |     +- options (reused)
   |     |     +- run exe generate-parser (parser.zig) (+1 more reused dependencies)
   |     |     +- run exe generate-parser (parser.zig) (+1 more reused dependencies)
   |     |     +- run exe generate-parser (parser.zig) (+1 more reused dependencies)
   |     |     +- run exe generate-parser (parser.zig) (+1 more reused dependencies)
   |     |     +- run exe generate-parser (parser.zig) (+1 more reused dependencies)
   |     |     +- run exe generate-parser (parser.zig) (+1 more reused dependencies)
   |     |     +- run exe generate-parser (parser.zig) (+1 more reused dependencies)
   |     |     +- run exe generate-parser (parser.zig) (+1 more reused dependencies)
   |     |     +- run exe generate-parser (parser.zig) (+1 more reused dependencies)
   |     |     +- run exe generate-parser (parser.zig) (+1 more reused dependencies)
   |     |     +- run exe generate-parser (parser.zig) (+1 more reused dependencies)
   |     |     +- run exe generate-parser (parser.zig) (+1 more reused dependencies)
   |     |     +- run exe generate-parser (parser.zig) (+1 more reused dependencies)
   |     |     +- run exe generate-parser (parser.zig) (+1 more reused dependencies)
   |     |     +- run exe generate-parser (parser.zig) (+1 more reused dependencies)
   |     |     +- run exe generate-parser (parser.zig) (+1 more reused dependencies)
   |     |     +- run exe generate-parser (parser.zig) (+1 more reused dependencies)
   |     |     +- run exe generate-parser (parser.zig) (+1 more reused dependencies)
   |     |     +- run exe generate-parser (parser.zig) (+1 more reused dependencies)
   |     |     +- run exe generate-lexer (lexer.zig) (+1 more reused dependencies)
   |     |     +- run exe generate-parser (parser.zig) (+1 more reused dependencies)
   |     |     +- run exe generate-parser (parser.zig) (+1 more reused dependencies)
   |     |     +- run exe generate-parser (parser.zig) (+1 more reused dependencies)
   |     |     +- run exe generate-parser (parser.zig) (+1 more reused dependencies)
   |     |     +- run exe generate-parser (parser.zig) (+1 more reused dependencies)
   |     |     +- run exe generate-parser (parser.zig) (+1 more reused dependencies)
   |     |     +- run exe generate-parser (parser.zig) (+1 more reused dependencies)
   |     |     +- run exe generate-parser (parser.zig) (+1 more reused dependencies)
   |     |     +- run exe generate-parser (parser.zig) (+1 more reused dependencies)
   |     |     +- run exe generate-parser (parser.zig) (+1 more reused dependencies)
   |     |     +- run exe generate-parser (parser.zig) (+1 more reused dependencies)
   |     |     +- run exe generate-parser (parser.zig) (+1 more reused dependencies)
   |     |     +- run exe generate-parser (parser.zig) (+1 more reused dependencies)
   |     |     +- run exe generate-parser (parser.zig) (+1 more reused dependencies)
   |     +- run exe compile-typed-try-runtime (program.zig) (+1 more reused dependencies)
   +- run test typed-try-optional 3 pass (3 total) 2ms MaxRSS:1M
   |  +- compile test typed-try-optional safe native success 12s MaxRSS:369M
   |     +- run exe compile-typed-try-runtime (program.zig) success 4ms
   |     |  +- compile exe compile-typed-try-runtime safe native (+36 more reused dependencies)
   |     +- run exe compile-typed-try-runtime (program.zig) (+1 more reused dependencies)
   +- run test typed-try-void 2 pass (2 total) 2ms MaxRSS:999K
   |  +- compile test typed-try-void safe native success 12s MaxRSS:376M
   |     +- run exe compile-typed-try-runtime (program.zig) success 4ms
   |     |  +- compile exe compile-typed-try-runtime safe native (+36 more reused dependencies)
   |     +- run exe compile-typed-try-runtime (program.zig) (+1 more reused dependencies)
   +- run test typed-try-infallible 2 pass (2 total) 2ms MaxRSS:999K
   |  +- compile test typed-try-infallible safe native success 12s MaxRSS:376M
   |     +- run exe compile-typed-try-runtime (program.zig) success 6ms
   |     |  +- compile exe compile-typed-try-runtime safe native (+36 more reused dependencies)
   |     +- run exe compile-typed-try-runtime (program.zig) (+1 more reused dependencies)
   +- run test typed-try-empty 2 pass (2 total) 2ms MaxRSS:999K
   |  +- compile test typed-try-empty safe native success 12s MaxRSS:377M
   |     +- run exe compile-typed-try-runtime (program.zig) success 4ms
   |     |  +- compile exe compile-typed-try-runtime safe native (+36 more reused dependencies)
   |     +- run exe compile-typed-try-runtime (program.zig) (+1 more reused dependencies)
   +- run test typed-try-before 3 pass (3 total) 2ms MaxRSS:991K
   |  +- compile test typed-try-before safe native success 12s MaxRSS:378M
   |     +- run exe compile-typed-try-runtime (program.zig) success 6ms
   |     |  +- compile exe compile-typed-try-runtime safe native (+36 more reused dependencies)
   |     +- run exe compile-typed-try-runtime (program.zig) (+1 more reused dependencies)
   +- run test typed-try-after 4 pass (4 total) 2ms MaxRSS:995K
   |  +- compile test typed-try-after safe native success 12s MaxRSS:377M
   |     +- run exe compile-typed-try-runtime (program.zig) success 4ms
   |     |  +- compile exe compile-typed-try-runtime safe native (+36 more reused dependencies)
   |     +- run exe compile-typed-try-runtime (program.zig) (+1 more reused dependencies)
   +- run test typed-try-nested 4 pass (4 total) 2ms MaxRSS:1M
   |  +- compile test typed-try-nested safe native success 12s MaxRSS:375M
   |     +- run exe compile-typed-try-runtime (program.zig) success 5ms
   |     |  +- compile exe compile-typed-try-runtime safe native (+36 more reused dependencies)
   |     +- run exe compile-typed-try-runtime (program.zig) (+1 more reused dependencies)
   +- run test typed-try-index 3 pass (3 total) 2ms MaxRSS:1M
   |  +- compile test typed-try-index safe native success 12s MaxRSS:362M
   |     +- run exe compile-typed-try-runtime (program.zig) success 4ms
   |     |  +- compile exe compile-typed-try-runtime safe native (+36 more reused dependencies)
   |     +- run exe compile-typed-try-runtime (program.zig) (+1 more reused dependencies)
   +- run test typed-try-compound 3 pass (3 total) 3ms MaxRSS:999K
      +- compile test typed-try-compound safe native success 12s MaxRSS:369M
         +- run exe compile-typed-try-runtime (program.zig) success 6ms
         |  +- compile exe compile-typed-try-runtime safe native (+36 more reused dependencies)
         +- run exe compile-typed-try-runtime (program.zig) (+1 more reused dependencies)
test-object-construction success
+- run test object-construction-shorthand-duplicate 3 pass (3 total) 2ms MaxRSS:1M
|  +- compile test object-construction-shorthand-duplicate safe native success 9s MaxRSS:333M
|     +- run node (cases.zig) cached
|     +- run exe zxc (program.zig) success 3ms
|        +- compile exe zxc safe native (+50 more reused dependencies)
+- run test object-construction-fields-bool_explicit 2 pass (2 total) 2ms MaxRSS:1M
|  +- compile test object-construction-fields-bool_explicit safe native success 8s MaxRSS:309M
|     +- run node (cases.zig) cached
|     +- run exe zxc (program.zig) success 4ms
|        +- compile exe zxc safe native (+50 more reused dependencies)
+- run test object-construction-fields-bool_shorthand 2 pass (2 total) 2ms MaxRSS:1M
|  +- compile test object-construction-fields-bool_shorthand safe native success 9s MaxRSS:321M
|     +- run node (cases.zig) cached
|     +- run exe zxc (program.zig) success 3ms
|        +- compile exe zxc safe native (+50 more reused dependencies)
+- run test object-construction-fields-number_explicit 3 pass (3 total) 2ms MaxRSS:1M
|  +- compile test object-construction-fields-number_explicit safe native success 8s MaxRSS:319M
|     +- run node (cases.zig) cached
|     +- run exe zxc (program.zig) success 3ms
|        +- compile exe zxc safe native (+50 more reused dependencies)
+- run test object-construction-fields-number_shorthand 3 pass (3 total) 2ms MaxRSS:1M
|  +- compile test object-construction-fields-number_shorthand safe native success 8s MaxRSS:315M
|     +- run node (cases.zig) cached
|     +- run exe zxc (program.zig) success 3ms
|        +- compile exe zxc safe native (+50 more reused dependencies)
+- run test object-construction-fields-string_explicit 3 pass (3 total) 2ms MaxRSS:1M
|  +- compile test object-construction-fields-string_explicit safe native success 9s MaxRSS:337M
|     +- run node (cases.zig) cached
|     +- run exe zxc (program.zig) success 3ms
|        +- compile exe zxc safe native (+50 more reused dependencies)
+- run test object-construction-fields-string_shorthand 3 pass (3 total) 2ms MaxRSS:999K
|  +- compile test object-construction-fields-string_shorthand safe native success 8s MaxRSS:315M
|     +- run node (cases.zig) cached
|     +- run exe zxc (program.zig) success 4ms
|        +- compile exe zxc safe native (+50 more reused dependencies)
+- run test object-construction-fields-optional_explicit 3 pass (3 total) 1ms MaxRSS:1M
|  +- compile test object-construction-fields-optional_explicit safe native success 8s MaxRSS:310M
|     +- run node (cases.zig) cached
|     +- run exe zxc (program.zig) success 4ms
|        +- compile exe zxc safe native (+50 more reused dependencies)
+- run test object-construction-fields-optional_shorthand 3 pass (3 total) 1ms MaxRSS:1M
|  +- compile test object-construction-fields-optional_shorthand safe native success 8s MaxRSS:322M
|     +- run node (cases.zig) cached
|     +- run exe zxc (program.zig) success 4ms
|        +- compile exe zxc safe native (+50 more reused dependencies)
+- run test object-construction-fields-name_undefined 2 pass (2 total) 2ms MaxRSS:1M
|  +- compile test object-construction-fields-name_undefined safe native success 8s MaxRSS:312M
|     +- run node (cases.zig) cached
|     +- run exe zxc (program.zig) success 3ms
|        +- compile exe zxc safe native (+50 more reused dependencies)
+- run test object-construction-copy-prefix 4 pass (4 total) 2ms MaxRSS:1M
|  +- compile test object-construction-copy-prefix safe native success 9s MaxRSS:341M
|     +- run node (cases.zig) cached
|     +- run exe zxc (program.zig) success 4ms
|        +- compile exe zxc safe native (+50 more reused dependencies)
+- run test object-construction-copy 2 pass (2 total) 2ms MaxRSS:1M
|  +- compile test object-construction-copy safe native success 8s MaxRSS:334M
|     +- run node (cases.zig) cached
|     +- run exe zxc (program.zig) success 5ms
|        +- compile exe zxc safe native (+50 more reused dependencies)
+- run test object-construction-duplicate 5 pass (5 total) 2ms MaxRSS:1M
|  +- compile test object-construction-duplicate safe native success 9s MaxRSS:325M
|     +- run node (cases.zig) cached
|     +- run exe zxc (program.zig) success 5ms
|        +- compile exe zxc safe native (+50 more reused dependencies)
+- run test object-construction-merge 4 pass (4 total) 2ms MaxRSS:1M
|  +- compile test object-construction-merge safe native success 9s MaxRSS:329M
|     +- run node (cases.zig) cached
|     +- run exe zxc (program.zig) success 5ms
|        +- compile exe zxc safe native (+50 more reused dependencies)
+- run test object-construction-override 2 pass (2 total) 2ms MaxRSS:1M
   +- compile test object-construction-override safe native success 9s MaxRSS:331M
      +- run node (cases.zig) cached
      +- run exe zxc (program.zig) success 3ms
         +- compile exe zxc safe native (+50 more reused dependencies)
test-type-query success
+- run test type-query-propagation 34 pass (34 total) 5ms MaxRSS:1M
|  +- compile test type-query-propagation safe native success 16s MaxRSS:427M
|     +- run exe generate-parser (parser.zig) (+1 more reused dependencies)
|     +- WriteFile interfaces/0.d.zx (+1 more reused dependencies)
|     +- options (reused)
|     +- run exe generate-parser (parser.zig) (+1 more reused dependencies)
|     +- run exe generate-parser (parser.zig) (+1 more reused dependencies)
|     +- run exe generate-parser (parser.zig) (+1 more reused dependencies)
|     +- run exe generate-parser (parser.zig) (+1 more reused dependencies)
|     +- run exe generate-parser (parser.zig) (+1 more reused dependencies)
|     +- run exe generate-parser (parser.zig) (+1 more reused dependencies)
|     +- run exe generate-parser (parser.zig) (+1 more reused dependencies)
|     +- run exe generate-parser (parser.zig) (+1 more reused dependencies)
|     +- run exe generate-parser (parser.zig) (+1 more reused dependencies)
|     +- run exe generate-parser (parser.zig) (+1 more reused dependencies)
|     +- run exe generate-parser (parser.zig) (+1 more reused dependencies)
|     +- run exe generate-parser (parser.zig) (+1 more reused dependencies)
|     +- run exe generate-parser (parser.zig) (+1 more reused dependencies)
|     +- run exe generate-parser (parser.zig) (+1 more reused dependencies)
|     +- run exe generate-parser (parser.zig) (+1 more reused dependencies)
|     +- run exe generate-parser (parser.zig) (+1 more reused dependencies)
|     +- run exe generate-parser (parser.zig) (+1 more reused dependencies)
|     +- run exe generate-parser (parser.zig) (+1 more reused dependencies)
|     +- run exe generate-parser (parser.zig) (+1 more reused dependencies)
|     +- run exe generate-lexer (lexer.zig) (+1 more reused dependencies)
|     +- run exe generate-parser (parser.zig) (+1 more reused dependencies)
|     +- run exe generate-parser (parser.zig) (+1 more reused dependencies)
|     +- run exe generate-parser (parser.zig) (+1 more reused dependencies)
|     +- run exe generate-parser (parser.zig) (+1 more reused dependencies)
|     +- run exe generate-parser (parser.zig) (+1 more reused dependencies)
|     +- run exe generate-parser (parser.zig) (+1 more reused dependencies)
|     +- run exe generate-parser (parser.zig) (+1 more reused dependencies)
|     +- run exe generate-parser (parser.zig) (+1 more reused dependencies)
|     +- run exe generate-parser (parser.zig) (+1 more reused dependencies)
|     +- run exe generate-parser (parser.zig) (+1 more reused dependencies)
|     +- run exe generate-parser (parser.zig) (+1 more reused dependencies)
|     +- run exe generate-parser (parser.zig) (+1 more reused dependencies)
|     +- run exe generate-parser (parser.zig) (+1 more reused dependencies)
+- run test type-query-prefix 9 pass (9 total) 8ms MaxRSS:1M
|  +- compile test type-query-prefix safe native success 15s MaxRSS:395M
|     +- run exe generate-parser (parser.zig) (+1 more reused dependencies)
|     +- WriteFile interfaces/0.d.zx (+1 more reused dependencies)
|     +- options (reused)
|     +- run exe generate-parser (parser.zig) (+1 more reused dependencies)
|     +- run exe generate-parser (parser.zig) (+1 more reused dependencies)
|     +- run exe generate-parser (parser.zig) (+1 more reused dependencies)
|     +- run exe generate-parser (parser.zig) (+1 more reused dependencies)
|     +- run exe generate-parser (parser.zig) (+1 more reused dependencies)
|     +- run exe generate-parser (parser.zig) (+1 more reused dependencies)
|     +- run exe generate-parser (parser.zig) (+1 more reused dependencies)
|     +- run exe generate-parser (parser.zig) (+1 more reused dependencies)
|     +- run exe generate-parser (parser.zig) (+1 more reused dependencies)
|     +- run exe generate-parser (parser.zig) (+1 more reused dependencies)
|     +- run exe generate-parser (parser.zig) (+1 more reused dependencies)
|     +- run exe generate-parser (parser.zig) (+1 more reused dependencies)
|     +- run exe generate-parser (parser.zig) (+1 more reused dependencies)
|     +- run exe generate-parser (parser.zig) (+1 more reused dependencies)
|     +- run exe generate-parser (parser.zig) (+1 more reused dependencies)
|     +- run exe generate-parser (parser.zig) (+1 more reused dependencies)
|     +- run exe generate-parser (parser.zig) (+1 more reused dependencies)
|     +- run exe generate-parser (parser.zig) (+1 more reused dependencies)
|     +- run exe generate-parser (parser.zig) (+1 more reused dependencies)
|     +- run exe generate-lexer (lexer.zig) (+1 more reused dependencies)
|     +- run exe generate-parser (parser.zig) (+1 more reused dependencies)
|     +- run exe generate-parser (parser.zig) (+1 more reused dependencies)
|     +- run exe generate-parser (parser.zig) (+1 more reused dependencies)
|     +- run exe generate-parser (parser.zig) (+1 more reused dependencies)
|     +- run exe generate-parser (parser.zig) (+1 more reused dependencies)
|     +- run exe generate-parser (parser.zig) (+1 more reused dependencies)
|     +- run exe generate-parser (parser.zig) (+1 more reused dependencies)
|     +- run exe generate-parser (parser.zig) (+1 more reused dependencies)
|     +- run exe generate-parser (parser.zig) (+1 more reused dependencies)
|     +- run exe generate-parser (parser.zig) (+1 more reused dependencies)
|     +- run exe generate-parser (parser.zig) (+1 more reused dependencies)
|     +- run exe generate-parser (parser.zig) (+1 more reused dependencies)
|     +- run exe generate-parser (parser.zig) (+1 more reused dependencies)
+- run test type-query-growth 10 pass (10 total) 4ms MaxRSS:1M
|  +- compile test type-query-growth safe native success 16s MaxRSS:421M
|     +- run exe generate-parser (parser.zig) (+1 more reused dependencies)
|     +- WriteFile interfaces/0.d.zx (+1 more reused dependencies)
|     +- options (reused)
|     +- run exe generate-parser (parser.zig) (+1 more reused dependencies)
|     +- run exe generate-parser (parser.zig) (+1 more reused dependencies)
|     +- run exe generate-parser (parser.zig) (+1 more reused dependencies)
|     +- run exe generate-parser (parser.zig) (+1 more reused dependencies)
|     +- run exe generate-parser (parser.zig) (+1 more reused dependencies)
|     +- run exe generate-parser (parser.zig) (+1 more reused dependencies)
|     +- run exe generate-parser (parser.zig) (+1 more reused dependencies)
|     +- run exe generate-parser (parser.zig) (+1 more reused dependencies)
|     +- run exe generate-parser (parser.zig) (+1 more reused dependencies)
|     +- run exe generate-parser (parser.zig) (+1 more reused dependencies)
|     +- run exe generate-parser (parser.zig) (+1 more reused dependencies)
|     +- run exe generate-parser (parser.zig) (+1 more reused dependencies)
|     +- run exe generate-parser (parser.zig) (+1 more reused dependencies)
|     +- run exe generate-parser (parser.zig) (+1 more reused dependencies)
|     +- run exe generate-parser (parser.zig) (+1 more reused dependencies)
|     +- run exe generate-parser (parser.zig) (+1 more reused dependencies)
|     +- run exe generate-parser (parser.zig) (+1 more reused dependencies)
|     +- run exe generate-parser (parser.zig) (+1 more reused dependencies)
|     +- run exe generate-parser (parser.zig) (+1 more reused dependencies)
|     +- run exe generate-lexer (lexer.zig) (+1 more reused dependencies)
|     +- run exe generate-parser (parser.zig) (+1 more reused dependencies)
|     +- run exe generate-parser (parser.zig) (+1 more reused dependencies)
|     +- run exe generate-parser (parser.zig) (+1 more reused dependencies)
|     +- run exe generate-parser (parser.zig) (+1 more reused dependencies)
|     +- run exe generate-parser (parser.zig) (+1 more reused dependencies)
|     +- run exe generate-parser (parser.zig) (+1 more reused dependencies)
|     +- run exe generate-parser (parser.zig) (+1 more reused dependencies)
|     +- run exe generate-parser (parser.zig) (+1 more reused dependencies)
|     +- run exe generate-parser (parser.zig) (+1 more reused dependencies)
|     +- run exe generate-parser (parser.zig) (+1 more reused dependencies)
|     +- run exe generate-parser (parser.zig) (+1 more reused dependencies)
|     +- run exe generate-parser (parser.zig) (+1 more reused dependencies)
|     +- run exe generate-parser (parser.zig) (+1 more reused dependencies)
+- run test type-query-resources 9 pass (9 total) 4ms MaxRSS:1M
   +- compile test type-query-resources safe native success 16s MaxRSS:405M
      +- run exe generate-parser (parser.zig) (+1 more reused dependencies)
      +- WriteFile interfaces/0.d.zx (+1 more reused dependencies)
      +- options (reused)
      +- run exe generate-parser (parser.zig) (+1 more reused dependencies)
      +- run exe generate-parser (parser.zig) (+1 more reused dependencies)
      +- run exe generate-parser (parser.zig) (+1 more reused dependencies)
      +- run exe generate-parser (parser.zig) (+1 more reused dependencies)
      +- run exe generate-parser (parser.zig) (+1 more reused dependencies)
      +- run exe generate-parser (parser.zig) (+1 more reused dependencies)
      +- run exe generate-parser (parser.zig) (+1 more reused dependencies)
      +- run exe generate-parser (parser.zig) (+1 more reused dependencies)
      +- run exe generate-parser (parser.zig) (+1 more reused dependencies)
      +- run exe generate-parser (parser.zig) (+1 more reused dependencies)
      +- run exe generate-parser (parser.zig) (+1 more reused dependencies)
      +- run exe generate-parser (parser.zig) (+1 more reused dependencies)
      +- run exe generate-parser (parser.zig) (+1 more reused dependencies)
      +- run exe generate-parser (parser.zig) (+1 more reused dependencies)
      +- run exe generate-parser (parser.zig) (+1 more reused dependencies)
      +- run exe generate-parser (parser.zig) (+1 more reused dependencies)
      +- run exe generate-parser (parser.zig) (+1 more reused dependencies)
      +- run exe generate-parser (parser.zig) (+1 more reused dependencies)
      +- run exe generate-parser (parser.zig) (+1 more reused dependencies)
      +- run exe generate-lexer (lexer.zig) (+1 more reused dependencies)
      +- run exe generate-parser (parser.zig) (+1 more reused dependencies)
      +- run exe generate-parser (parser.zig) (+1 more reused dependencies)
      +- run exe generate-parser (parser.zig) (+1 more reused dependencies)
      +- run exe generate-parser (parser.zig) (+1 more reused dependencies)
      +- run exe generate-parser (parser.zig) (+1 more reused dependencies)
      +- run exe generate-parser (parser.zig) (+1 more reused dependencies)
      +- run exe generate-parser (parser.zig) (+1 more reused dependencies)
      +- run exe generate-parser (parser.zig) (+1 more reused dependencies)
      +- run exe generate-parser (parser.zig) (+1 more reused dependencies)
      +- run exe generate-parser (parser.zig) (+1 more reused dependencies)
      +- run exe generate-parser (parser.zig) (+1 more reused dependencies)
      +- run exe generate-parser (parser.zig) (+1 more reused dependencies)
      +- run exe generate-parser (parser.zig) (+1 more reused dependencies)
