tests/language/lexical/numeric/literals_u64.jsonl: 12 named cases
tests/language/lexical/numeric/literals_f64.jsonl: 3 named cases
tests/language/expressions/match/modules/canonical.jsonl: 4 named cases
tests/language/expressions/match/modules/reordered.jsonl: 4 named cases
tests/language/expressions/match/modules/shared_pattern.jsonl: 4 named cases
tests/language/expressions/match/modules/lazy.jsonl: 6 named cases
tests/language/types/relational_assignment/cases.jsonl: 16 named cases
upstream/reviews/language/expressions/relational_assignment.jsonl: 16 named cases
tests/language/expressions/multiplication/grouping/f32/default.jsonl: 225 named cases
tests/language/expressions/multiplication/grouping/f32/left.jsonl: 225 named cases
tests/language/expressions/multiplication/grouping/f32/right.jsonl: 225 named cases
tests/language/expressions/multiplication/grouping/f64/default.jsonl: 225 named cases
tests/language/expressions/multiplication/grouping/f64/left.jsonl: 225 named cases
tests/language/expressions/multiplication/grouping/f64/right.jsonl: 225 named cases
tests/language/expressions/coalesce/logical/and.jsonl: 36 named cases
tests/language/expressions/coalesce/logical/or.jsonl: 36 named cases
tests/language/types/coalesce_logical/cases.jsonl: 10 named cases
tests/language/types/addition_conversion/cases.jsonl: 36 named cases
✔ real backend preserves outputs across cache reuse compile failure and prepublication input changes (76045.9418ms)
ℹ tests 1
ℹ suites 0
ℹ pass 1
ℹ fail 0
ℹ cancelled 0
ℹ skipped 0
ℹ todo 0
ℹ duration_ms 76050.240279
tests/language/expressions/comparison/names/less.jsonl: 13 named cases
tests/language/expressions/comparison/names/greater.jsonl: 13 named cases
tests/language/expressions/comparison/names/less_equal.jsonl: 13 named cases
tests/language/expressions/comparison/names/greater_equal.jsonl: 13 named cases
tests/language/types/relational_names/cases.jsonl: 20 named cases
tests/language/types/addition_strings/cases.jsonl: 36 named cases
tests/language/expressions/addition/explicit_strings.jsonl: 9 named cases
tests/language/expressions/match/ownership/owned.jsonl: 6 named cases
tests/language/expressions/match/ownership/mixed_read.jsonl: 18 named cases
tests/language/expressions/addition/source/values.jsonl: 4 named cases
tests/language/expressions/addition/names/cases.jsonl: 4 named cases
test
+- test
   +- test-nominal-origins
      +- run test 1 pass, 1 fail (2 total)
error: 'resources_test.test.legacy enum metadata cleans allocation failures across members and bindings' failed without output
failed command: ./.zig-cache/o/9f533d1107d0f511081475818af4ada1/test --cache-dir=./.zig-cache --seed=0xe2ff59bf --listen=-

test
+- test
   +- test-nominal-origins
      +- run test 7 pass, 3 fail (10 total)
error: 'origins_test.test.legacy default bindings instantiate separate enum identities' failed without output
error: 'origins_test.test.legacy named members retain both binding and member identity' failed without output
error: 'origins_test.test.legacy same binding name in different importers keeps distinct origins' failed without output
failed command: ./.zig-cache/o/49f058c9544e827fa91819de8fc1c21d/test --cache-dir=./.zig-cache --seed=0xe2ff59bf --listen=-

tests/rx/modules/paths/cases.jsonl: 154 named cases
tests/language/types/equality_assignment/cases.jsonl: 8 named cases
tests/language/types/multiplication_conversion/cases.jsonl: 72 named cases
tests/language/expressions/comparison/source.jsonl: 32 named cases
tests/language/expressions/comparison/equality_names/equal.jsonl: 13 named cases
tests/language/expressions/comparison/equality_names/not_equal.jsonl: 13 named cases
tests/language/types/equality_names/cases.jsonl: 10 named cases
tests/language/expressions/logical_and/source.jsonl: 13 named cases
tests/language/expressions/logical_or/source.jsonl: 13 named cases
tests/language/types/logical_binary/cases.jsonl: 104 named cases
tests/runtime/evaluation_order/multiplication.jsonl: 16 named cases
tests/language/types/multiplication_assignment/cases.jsonl: 4 named cases
tests/stores/transactions/staging.jsonl: 236 named cases
tests/standard/encoding_crypto/values.jsonl: 324 named cases
tests/language/types/boolean_inequality/cases.jsonl: 13 named cases
tests/language/expressions/division/source/values.jsonl: 4 named cases
tests/language/expressions/division/source/lines.jsonl: 1 named cases
tests/language/expressions/division/names/cases.jsonl: 4 named cases
tests/language/expressions/division/source/identifiers.jsonl: 1 named cases
tests/language/expressions/match/scalars/boolean.jsonl: 8 named cases
tests/language/expressions/match/scalars/string.jsonl: 729 named cases
tests/language/expressions/match/scalars/enum.jsonl: 27 named cases
tests/language/expressions/match/scalars/u8.jsonl: 27 named cases
tests/language/expressions/match/scalars/u16.jsonl: 27 named cases
tests/language/expressions/match/scalars/u32.jsonl: 27 named cases
tests/language/expressions/match/scalars/u64.jsonl: 27 named cases
tests/language/expressions/match/scalars/i32.jsonl: 27 named cases
tests/language/expressions/match/scalars/i64.jsonl: 27 named cases
tests/language/expressions/match/default_only.jsonl: 3 named cases
tests/language/expressions/match/nested.jsonl: 4 named cases
tests/language/expressions/match/scalar_types.jsonl: 8 named cases
tests/language/types/relational_string_conversion/less/cases.jsonl: 6 named cases
tests/language/types/relational_string_conversion/greater/cases.jsonl: 6 named cases
tests/language/types/relational_string_conversion/less_equal/cases.jsonl: 6 named cases
tests/language/types/relational_string_conversion/greater_equal/cases.jsonl: 6 named cases
upstream/reviews/language/expressions/relational_string_conversion.jsonl: 8 named cases
tests/language/lexical/string/cases.jsonl: 108 named cases
tests/language/lexical/utf8/cases.jsonl: 42 named cases
tests/runtime/evaluation_order/match_default.jsonl: 12 named cases
{
  "upstream_files": 53597,
  "metadata_files": 53597,
  "reviewed": {
    "adapted": 428,
    "excluded": 133,
    "equivalent": 103
  },
  "unreviewed": 52933,
  "catalog_cases": 63339,
  "catalog_by_runner": {
    "runtime": 46565,
    "frontend": 4784,
    "evaluation_order": 844,
    "safety": 464,
    "module_graphs": 10446,
    "stores": 236
  },
  "linked_cases": 3845,
  "execution_status": "not measured by this audit; see zig build test results"
}
tests/runtime/evaluation_order/coalesce.jsonl: 144 named cases
tests/language/types/coalesce_chain/cases.jsonl: 3 named cases
✔ package HTTP / direct response (26.294879ms)
✔ package HTTP / chunked response (14.505191ms)
✔ package HTTP / relative redirect (11.411244ms)
✔ package HTTP / three redirects (13.238594ms)
✔ package HTTP / four redirects rejected (6.181348ms)
✔ package HTTP / redirect loop rejected (5.660333ms)
✔ package HTTP / 404 rejected (5.572991ms)
✔ package HTTP / 500 rejected (4.80325ms)
✔ package HTTP / 204 rejected (5.954178ms)
✔ package HTTP / content encoding rejected (5.791045ms)
✔ package HTTP / declared oversized body rejected (5.54106ms)
✔ package HTTP / downloaded gzip CRC rejected (5.788991ms)
✔ package HTTP / download SHA mismatch rejected (4.462922ms)
ℹ tests 13
ℹ suites 0
ℹ pass 13
ℹ fail 0
ℹ cancelled 0
ℹ skipped 0
ℹ todo 0
ℹ duration_ms 120.262959
✔ package HTTP / offline miss never requests an available archive (11.247952ms)
✔ package HTTP / four cold writers publish one verified cache and reuse it offline (22.342277ms)
ℹ tests 2
ℹ suites 0
ℹ pass 2
ℹ fail 0
ℹ cancelled 0
ℹ skipped 0
ℹ todo 0
ℹ duration_ms 37.218961
tests/language/expressions/match/frontend.jsonl: 16 named cases
tests/language/expressions/modulus/source/values.jsonl: 4 named cases
tests/language/expressions/modulus/source/lines.jsonl: 1 named cases
tests/language/expressions/modulus/names/cases.jsonl: 4 named cases
tests/runtime/evaluation_order/comparison.jsonl: 432 named cases
✔ package HTTP / rejects oversized headers before peer finishes body (18.671108ms)
✔ package HTTP / rejects unavailable headers before peer finishes body (7.008206ms)
ℹ tests 2
ℹ suites 0
ℹ pass 2
ℹ fail 0
ℹ cancelled 0
ℹ skipped 0
ℹ todo 0
ℹ duration_ms 28.528616
tests/language/expressions/unary_minus/f32/direct.jsonl: 35 named cases
tests/language/expressions/unary_minus/f32/binding.jsonl: 35 named cases
tests/language/expressions/unary_minus/f32/double.jsonl: 35 named cases
tests/language/expressions/unary_minus/f32/field.jsonl: 35 named cases
tests/language/expressions/unary_minus/f64/direct.jsonl: 35 named cases
tests/language/expressions/unary_minus/f64/binding.jsonl: 35 named cases
tests/language/expressions/unary_minus/f64/double.jsonl: 35 named cases
tests/language/expressions/unary_minus/f64/field.jsonl: 35 named cases
tests/language/types/unary_minus/cases.jsonl: 26 named cases
tests/language/expressions/unary_minus/f64/source_values.jsonl: 6 named cases
tests/language/expressions/logical_not/source.jsonl: 14 named cases
tests/language/types/logical_not/cases.jsonl: 50 named cases
tests/language/expressions/logical_not/values.jsonl: 2 named cases
tests/language/expressions/logical_not/precedence/not_left_and.jsonl: 4 named cases
tests/language/expressions/logical_not/precedence/not_group_and.jsonl: 4 named cases
tests/language/expressions/logical_not/precedence/not_left_or.jsonl: 4 named cases
tests/language/expressions/logical_not/precedence/not_group_or.jsonl: 4 named cases
tests/ownership/propagation/cases.jsonl: 156 named cases
tests/ownership/consumption/cases.jsonl: 248 named cases
tests/language/expressions/division/whitespace.jsonl: 54 named cases
tests/language/types/division_whitespace/cases.jsonl: 60 named cases
tests/language/types/equality_conversion/cases.jsonl: 40 named cases
tests/language/expressions/coalesce/values/number/direct.jsonl: 6 named cases
tests/language/expressions/coalesce/values/number/nested.jsonl: 18 named cases
tests/language/expressions/coalesce/values/number/index.jsonl: 12 named cases
tests/language/expressions/coalesce/values/boolean/direct.jsonl: 6 named cases
tests/language/expressions/coalesce/values/boolean/nested.jsonl: 18 named cases
tests/language/expressions/coalesce/values/boolean/index.jsonl: 12 named cases
tests/language/expressions/coalesce/values/string/direct.jsonl: 6 named cases
tests/language/expressions/coalesce/values/string/nested.jsonl: 18 named cases
tests/language/expressions/coalesce/values/string/index.jsonl: 12 named cases
tests/language/types/coalesce_values/cases.jsonl: 9 named cases
tests/language/expressions/comparison/optional_bits/f32.jsonl: 1521 named cases
tests/language/expressions/comparison/optional_bits/f64.jsonl: 1521 named cases
✔ embedded toolchain / concurrent cold cache and stale staging (29219.598766ms)
ℹ tests 1
ℹ suites 0
ℹ pass 1
ℹ fail 0
ℹ cancelled 0
ℹ skipped 0
ℹ todo 0
ℹ duration_ms 29223.897757
✔ application protocol / void input accepts no arguments (2.85744ms)
✔ application protocol / void output true branch (2.167332ms)
✔ application protocol / void output false branch (2.012239ms)
✔ application protocol / ordinary input requires an argument (1.911572ms)
✔ application protocol / ordinary input rejects two arguments (1.89137ms)
✔ application protocol / argument count checked before malformed JSON (1.954711ms)
✔ application protocol / whitespace around JSON is accepted (1.993132ms)
✔ application protocol / empty JSON is rejected (1.794761ms)
✔ application protocol / trailing JSON value is rejected (2.018305ms)
✔ application protocol / wrong case JSON literal is rejected (1.914393ms)
✔ application protocol / unterminated JSON string is rejected (2.078697ms)
✔ application protocol / index first element (1.841501ms)
✔ application protocol / index last element (1.840866ms)
✔ application protocol / empty list execution failure has no output (1.863451ms)
✔ application protocol / index at length execution failure has no output (1.820228ms)
✔ application protocol / negative index fails before execution (1.877154ms)
✔ application protocol / missing index fails before execution (1.906462ms)
✔ application protocol / object input requires an argument (1.905324ms)
✔ application protocol / void input rejects ["null"] (1.884612ms)
✔ application protocol / void input rejects ["1"] (1.800065ms)
✔ application protocol / void input rejects [""] (1.839887ms)
✔ application protocol / void input rejects ["--help"] (1.738745ms)
✔ application protocol / void input rejects ["1","2"] (1.905593ms)
✔ application protocol / bool input rejects null (1.751668ms)
✔ application protocol / bool input rejects 0 (1.835733ms)
✔ application protocol / bool input rejects "true" (1.816457ms)
✔ application protocol / bool input rejects {} (1.80844ms)
✔ application protocol / bool input rejects [] (1.742431ms)
ℹ tests 28
ℹ suites 0
ℹ pass 28
ℹ fail 0
ℹ cancelled 0
ℹ skipped 0
ℹ todo 0
ℹ duration_ms 19201.483398
✔ independent CLI processes persist reuse and execute the generated program (1422.831342ms)
✔ helper body change updates output while reusing the caller (14.578725ms)
✔ corrupted on disk entry is discarded and repaired (10.205884ms)
✔ disabled cache neither consumes nor rewrites corrupted entries (6.900702ms)
✔ cache payload stored under a different module path is discarded (7.060037ms)
ℹ tests 5
ℹ suites 0
ℹ pass 5
ℹ fail 0
ℹ cancelled 0
ℹ skipped 0
ℹ todo 0
ℹ duration_ms 1464.557233
✔ watch library exports remain consumable preserve user files and recover after syntax failure (5018.874147ms)
ℹ tests 1
ℹ suites 0
ℹ pass 1
ℹ fail 0
ℹ cancelled 0
ℹ skipped 0
ℹ todo 0
ℹ duration_ms 5020.968607
✔ native object ABI executes across generation reuse and declaration reordering (30336.601666ms)
ℹ tests 1
ℹ suites 0
ℹ pass 1
ℹ fail 0
ℹ cancelled 0
ℹ skipped 0
ℹ todo 0
ℹ duration_ms 30339.379817
✔ installed package scopes / transitive dependency is not a direct dependency (21.448055ms)
✔ installed package scopes / workspace root does not inherit member dependencies (17.576061ms)
✔ installed package scopes / relative import cannot cross workspace members (17.546681ms)
✔ installed package scopes / relative import cannot bypass installed archive boundary (15.273472ms)
✔ installed package scopes / explicit direct dependency grants access (13292.637367ms)
✔ installed package scopes / root alias remains relative to the importing member (13773.85573ms)
ℹ tests 6
ℹ suites 0
ℹ pass 6
ℹ fail 0
ℹ cancelled 0
ℹ skipped 0
ℹ todo 0
ℹ duration_ms 27141.737302
✔ package install / highest compatible transitive versions execute and recover frozen offline (35693.660815ms)
ℹ tests 1
ℹ suites 0
ℹ pass 1
ℹ fail 0
ℹ cancelled 0
ℹ skipped 0
ℹ todo 0
ℹ duration_ms 35696.346123
▶ embedded toolchain / isolated executable lifecycle
  ✔ embedded index without installation neighbors (4.488029ms)
  ✔ cold cache builds and runs an application (14060.574165ms)
  ✔ warm cache builds and runs the embedded standard library (7467.679508ms)
  ✔ relative cache location is rejected before building (4.432729ms)
  ✔ incomplete cache / missing marker (4.024529ms)
  ✔ incomplete cache / wrong marker (4.01187ms)
  ✔ incomplete cache / missing executable (3.839959ms)
✔ embedded toolchain / isolated executable lifecycle (22361.271617ms)
ℹ tests 8
ℹ suites 0
ℹ pass 8
ℹ fail 0
ℹ cancelled 0
ℹ skipped 0
ℹ todo 0
ℹ duration_ms 22364.59881
✔ native ABI aliases / omitted mapping exposes original declaration name (13292.783082ms)
✔ native ABI aliases / explicit alias remaps the implementation type entry (14104.228836ms)
✔ native ABI aliases / two names preserve one canonical object identity (14189.92892ms)
✔ native ABI aliases / identical duplicate mapping is idempotent (13262.132929ms)
✔ native ABI aliases / unknown declaration target rejects before publication (5.030221ms)
✔ native ABI aliases / one name cannot reference different declaration identities (4.740868ms)
✔ native ABI aliases / explicit empty mapping does not restore default names (6007.501366ms)
✔ native ABI aliases / backend failure preserves the previous executable (13883.970081ms)
✔ native ABI aliases / failed build leaves neither binary nor assembly output (6306.923901ms)
✔ native ABI aliases / backend failure preserves binary and assembly together (20462.158924ms)
ℹ tests 10
ℹ suites 0
ℹ pass 10
ℹ fail 0
ℹ cancelled 0
ℹ skipped 0
ℹ todo 0
ℹ duration_ms 101523.932438
✔ package watch / missing installation version update and offline mapping recovery (42326.665626ms)
ℹ tests 1
ℹ suites 0
ℹ pass 1
ℹ fail 0
ℹ cancelled 0
ℹ skipped 0
ℹ todo 0
ℹ duration_ms 42328.934276
✔ installed native packages / same module names with scalar control (22861.561234ms)
✔ installed native packages / same module names with distinct object ABI (22895.695628ms)
✔ installed native packages / republished scalar library is independently installable (15016.181488ms)
✔ installed native packages / republished object ABI library is independently installable (12970.706532ms)
ℹ tests 4
ℹ suites 0
ℹ pass 4
ℹ fail 0
ℹ cancelled 0
ℹ skipped 0
ℹ todo 0
ℹ duration_ms 73747.495773
✔ package install / outdated frozen lock preserves previous lock and mapping (22.391532ms)
✔ package install / unavailable version preserves previous lock and mapping (17.622036ms)
✔ package install / archive checksum mismatch preserves previous lock and mapping (16.514534ms)
✔ package install / archive version identity mismatch preserves previous lock and mapping (16.861402ms)
✔ package install / missing frozen lock creates no lock or mapping (5.573281ms)
ℹ tests 5
ℹ suites 0
ℹ pass 5
ℹ fail 0
ℹ cancelled 0
ℹ skipped 0
ℹ todo 0
ℹ duration_ms 81.90993
✔ installed package integrity / content corruption rejects compilation and recovers (12282.141862ms)
✔ installed package integrity / mapping corruption rejects compilation and recovers (12280.001102ms)
ℹ tests 2
ℹ suites 0
ℹ pass 2
ℹ fail 0
ℹ cancelled 0
ℹ skipped 0
ℹ todo 0
ℹ duration_ms 24565.2791
✔ split app executes cold warm changed and disabled generation (27357.585019ms)
✔ corrupt generation files regenerate and execute correctly (13604.966439ms)
✔ generation payload stored under another key is rejected before compilation (13731.140864ms)
ℹ tests 3
ℹ suites 0
ℹ pass 3
ℹ fail 0
ℹ cancelled 0
ℹ skipped 0
ℹ todo 0
ℹ duration_ms 54696.632584
RX CLI: 11 scenarios passed
✔ watch discovers initially missing C header and preserves outputs through deletion and recovery (49355.879569ms)
ℹ tests 1
ℹ suites 0
ℹ pass 1
ℹ fail 0
ℹ cancelled 0
ℹ skipped 0
ℹ todo 0
ℹ duration_ms 49357.965536
✔ package manifest / minimal (5.367747ms)
✔ package manifest / scoped prerelease (3.363641ms)
✔ package manifest / private boolean (3.101872ms)
✔ package manifest / entry with spaces (3.067504ms)
✔ package manifest / dependency groups (3.144832ms)
✔ package manifest / workspace patterns (2.89917ms)
✔ package manifest / root sequence (2.8775ms)
✔ package manifest / duplicate key (2.911665ms)
✔ package manifest / missing name (2.839745ms)
✔ package manifest / missing version (2.830128ms)
✔ package manifest / uppercase name (2.844291ms)
✔ package manifest / invalid version (2.88936ms)
✔ package manifest / empty name (2.862546ms)
✔ package manifest / NUL name (3.389999ms)
✔ package manifest / unknown field (2.873326ms)
✔ package manifest / quoted boolean (2.798829ms)
✔ package manifest / nonboolean private (2.851068ms)
✔ package manifest / parent entry (2.829951ms)
✔ package manifest / absolute entry (2.853214ms)
✔ package manifest / wrong entry extension (2.965087ms)
✔ package manifest / dependency sequence (2.776564ms)
✔ package manifest / unknown workspace field (2.727086ms)
✔ package manifest / workspace scalar (2.640681ms)
✔ package manifest / escaping workspace (2.864902ms)
✔ package manifest / native native_interfaces must be sequence (2.823956ms)
✔ package manifest / native native_modules must be sequence (2.821968ms)
✔ package manifest / native externals must be sequence (2.837341ms)
✔ package manifest / native libraries must be sequence (2.793648ms)
✔ package manifest / native include_paths must be sequence (2.778665ms)
✔ package manifest / native library_paths must be sequence (2.855004ms)
✔ package manifest / native interface missing specifier (2.934345ms)
✔ package manifest / native interface missing path (2.821168ms)
✔ package manifest / native interface missing module (2.868951ms)
✔ package manifest / native interface unknown field (2.870324ms)
✔ package manifest / native interface duplicate key (2.909777ms)
✔ package manifest / native namespace scalar (2.824846ms)
✔ package manifest / native namespace empty item (2.979029ms)
✔ package manifest / native module missing name (2.822128ms)
✔ package manifest / native module missing source (2.86518ms)
✔ package manifest / native module ambiguous source (3.035121ms)
✔ package manifest / native header bundled files (2.90668ms)
✔ package manifest / native module unknown field (2.885957ms)
✔ package manifest / native module dependencies mapping (3.105925ms)
✔ package manifest / native module bundled files scalar (2.845843ms)
✔ package manifest / native external incomplete (2.879856ms)
✔ package manifest / native external unknown field (3.142287ms)
✔ package manifest / native external implementation scalar (2.838284ms)
✔ package manifest / native implementation unknown field (2.83568ms)
✔ package manifest / native library nonstring item (2.710892ms)
✔ package manifest / native library empty item (3.001179ms)
✔ package manifest / native allocator_argument rejects "true" (2.784755ms)
✔ package manifest / native allocator_argument rejects yes (2.897917ms)
✔ package manifest / native expand_tuple rejects "true" (2.82568ms)
✔ package manifest / native expand_tuple rejects yes (2.912808ms)
✔ package manifest / native fallible rejects "true" (2.79321ms)
✔ package manifest / native fallible rejects yes (2.862743ms)
✔ package manifest / native roundtrip 0 (2.879191ms)
✔ package manifest / native roundtrip 1 (2.855982ms)
✔ package manifest / native roundtrip 2 (2.81236ms)
✔ package manifest / native roundtrip 3 (2.832041ms)
✔ package manifest / native roundtrip 4 (2.79431ms)
✔ package manifest / native external flags false/false/false (2.906392ms)
✔ package manifest / native external flags false/false/true (2.9157ms)
✔ package manifest / native external flags false/true/false (2.89514ms)
✔ package manifest / native external flags false/true/true (2.950603ms)
✔ package manifest / native external flags true/false/false (3.297412ms)
✔ package manifest / native external flags true/false/true (3.0348ms)
✔ package manifest / native external flags true/true/false (2.798318ms)
✔ package manifest / native external flags true/true/true (2.909022ms)
✔ package manifest / native scope include_paths rejects nonsequence {} (2.814703ms)
✔ package manifest / native scope include_paths rejects nonsequence null (2.799145ms)
✔ package manifest / native scope include_paths rejects nonsequence text (2.976682ms)
✔ package manifest / native scope include_paths rejects nonsequence !!int 3 (2.913969ms)
✔ package manifest / native scope include_paths duplicate field (2.881941ms)
✔ package manifest / native scope abi_aliases rejects nonsequence {} (2.934623ms)
✔ package manifest / native scope abi_aliases rejects nonsequence null (2.936994ms)
✔ package manifest / native scope abi_aliases rejects nonsequence text (2.846363ms)
✔ package manifest / native scope abi_aliases rejects nonsequence !!int 3 (2.879703ms)
✔ package manifest / native scope abi_aliases duplicate field (2.902504ms)
✔ package manifest / native scope include path item {} (2.869104ms)
✔ package manifest / native scope include path item [] (2.793041ms)
✔ package manifest / native scope include path item !!int 3 (2.886056ms)
✔ package manifest / native scope include path item "" (2.843556ms)
✔ package manifest / native scope include path item "bad\0path" (2.922092ms)
✔ package manifest / native scope alias item text (2.835599ms)
✔ package manifest / native scope alias item null (2.820317ms)
✔ package manifest / native scope alias item [] (2.876677ms)
✔ package manifest / native scope alias missing required field both (2.846536ms)
✔ package manifest / native scope alias missing required field name: "zig:bridge" (2.786244ms)
✔ package manifest / native scope alias missing required field specifier: "zig:private" (2.834191ms)
✔ package manifest / native scope alias name rejects {} (2.719701ms)
✔ package manifest / native scope alias name rejects !!int 3 (2.820825ms)
✔ package manifest / native scope alias name rejects "" (2.911045ms)
✔ package manifest / native scope alias name rejects "bad\0alias" (2.874297ms)
✔ package manifest / native scope alias duplicate name (2.834306ms)
✔ package manifest / native scope alias specifier rejects {} (2.806307ms)
✔ package manifest / native scope alias specifier rejects !!int 3 (3.023671ms)
✔ package manifest / native scope alias specifier rejects "" (2.860101ms)
✔ package manifest / native scope alias specifier rejects "bad\0alias" (2.862447ms)
✔ package manifest / native scope alias duplicate specifier (2.858223ms)
✔ package manifest / native scope alias unknown field (2.962569ms)
✔ package manifest / native scope path paths 0 aliases 0 (2.854257ms)
✔ package manifest / native scope path paths 0 aliases 1 (2.839741ms)
✔ package manifest / native scope path paths 0 aliases 2 (2.81292ms)
✔ package manifest / native scope path paths 1 aliases 0 (2.731286ms)
✔ package manifest / native scope path paths 1 aliases 1 (2.900453ms)
✔ package manifest / native scope path paths 1 aliases 2 (2.913016ms)
✔ package manifest / native scope path paths 2 aliases 0 (2.916915ms)
✔ package manifest / native scope path paths 2 aliases 1 (2.775415ms)
✔ package manifest / native scope path paths 2 aliases 2 (2.868518ms)
✔ package manifest / native scope header paths 0 aliases 0 (2.989044ms)
✔ package manifest / native scope header paths 0 aliases 1 (2.929182ms)
✔ package manifest / native scope header paths 0 aliases 2 (2.918201ms)
✔ package manifest / native scope header paths 1 aliases 0 (2.884857ms)
✔ package manifest / native scope header paths 1 aliases 1 (2.918795ms)
✔ package manifest / native scope header paths 1 aliases 2 (2.938689ms)
✔ package manifest / native scope header paths 2 aliases 0 (2.773703ms)
✔ package manifest / native scope header paths 2 aliases 1 (3.045779ms)
✔ package manifest / native scope header paths 2 aliases 2 (2.927361ms)
ℹ tests 119
ℹ suites 0
ℹ pass 119
ℹ fail 0
ℹ cancelled 0
ℹ skipped 0
ℹ todo 0
ℹ duration_ms 356.162152
✔ JSON integer / u64 accepts 0 (3.069875ms)
✔ JSON integer / u64 accepts "0" (2.371713ms)
✔ JSON integer / u64 accepts 0.0 (2.00881ms)
✔ JSON integer / u64 accepts 0e0 (1.896125ms)
✔ JSON integer / u64 accepts 1 (1.950073ms)
✔ JSON integer / u64 accepts "1" (1.942541ms)
✔ JSON integer / u64 accepts 1.0 (1.875279ms)
✔ JSON integer / u64 accepts 1e0 (1.931726ms)
✔ JSON integer / u64 accepts 9007199254740991 (1.840527ms)
✔ JSON integer / u64 accepts "9007199254740991" (1.851685ms)
✔ JSON integer / u64 accepts 9007199254740991.0 (1.868949ms)
✔ JSON integer / u64 accepts 9007199254740991e0 (2.118225ms)
✔ JSON integer / u64 accepts 9007199254740992 (1.808558ms)
✔ JSON integer / u64 accepts "9007199254740992" (1.732872ms)
✔ JSON integer / u64 accepts 9007199254740992.0 (1.739394ms)
✔ JSON integer / u64 accepts 9007199254740992e0 (1.822314ms)
✔ JSON integer / u64 accepts 9007199254740993 (1.812428ms)
✔ JSON integer / u64 accepts "9007199254740993" (1.883971ms)
✔ JSON integer / u64 accepts 9007199254740993.0 (1.881087ms)
✔ JSON integer / u64 accepts 9007199254740993e0 (1.845906ms)
✔ JSON integer / u64 accepts 9223372036854775808 (1.832797ms)
✔ JSON integer / u64 accepts "9223372036854775808" (1.81682ms)
✔ JSON integer / u64 accepts 9223372036854775808.0 (1.854111ms)
✔ JSON integer / u64 accepts 9223372036854775808e0 (1.844963ms)
✔ JSON integer / u64 accepts 18446744073709551614 (2.000895ms)
✔ JSON integer / u64 accepts "18446744073709551614" (1.758757ms)
✔ JSON integer / u64 accepts 18446744073709551614.0 (1.815221ms)
✔ JSON integer / u64 accepts 18446744073709551614e0 (1.894763ms)
✔ JSON integer / u64 accepts 18446744073709551615 (1.885717ms)
✔ JSON integer / u64 accepts "18446744073709551615" (1.805666ms)
✔ JSON integer / u64 accepts 18446744073709551615.0 (1.827374ms)
✔ JSON integer / u64 accepts 18446744073709551615e0 (1.861131ms)
✔ JSON integer / u64 rejects overflow -1 (1.792668ms)
✔ JSON integer / u64 rejects overflow "-1" (1.837646ms)
✔ JSON integer / u64 rejects overflow -1.0 (1.783377ms)
✔ JSON integer / u64 rejects overflow -1e0 (1.784551ms)
✔ JSON integer / u64 rejects overflow 18446744073709551616 (1.810298ms)
✔ JSON integer / u64 rejects overflow "18446744073709551616" (1.926146ms)
✔ JSON integer / u64 rejects overflow 18446744073709551616.0 (1.86687ms)
✔ JSON integer / u64 rejects overflow 18446744073709551616e0 (1.864953ms)
✔ JSON integer / u64 rejects fraction 1.5 (1.806606ms)
✔ JSON integer / u64 rejects fraction "1.5" (1.905929ms)
✔ JSON integer / u64 rejects fraction -1.5 (1.883842ms)
✔ JSON integer / u64 rejects fraction "-1.5" (1.878642ms)
✔ JSON integer / u64 rejects token null (1.831337ms)
✔ JSON integer / u64 rejects token true (1.915118ms)
✔ JSON integer / u64 rejects token {} (1.845075ms)
✔ JSON integer / u64 rejects token [] (1.778465ms)
✔ JSON integer / i64 accepts -9223372036854775808 (1.858424ms)
✔ JSON integer / i64 accepts "-9223372036854775808" (1.792446ms)
✔ JSON integer / i64 accepts -9223372036854775808.0 (1.906697ms)
✔ JSON integer / i64 accepts -9223372036854775808e0 (1.741417ms)
✔ JSON integer / i64 accepts -9223372036854775807 (1.787655ms)
✔ JSON integer / i64 accepts "-9223372036854775807" (1.83424ms)
✔ JSON integer / i64 accepts -9223372036854775807.0 (1.823178ms)
✔ JSON integer / i64 accepts -9223372036854775807e0 (1.866704ms)
✔ JSON integer / i64 accepts -9007199254740993 (1.845036ms)
✔ JSON integer / i64 accepts "-9007199254740993" (1.822049ms)
✔ JSON integer / i64 accepts -9007199254740993.0 (1.860985ms)
✔ JSON integer / i64 accepts -9007199254740993e0 (1.852869ms)
✔ JSON integer / i64 accepts -1 (1.796073ms)
✔ JSON integer / i64 accepts "-1" (1.848069ms)
✔ JSON integer / i64 accepts -1.0 (1.850478ms)
✔ JSON integer / i64 accepts -1e0 (1.836561ms)
✔ JSON integer / i64 accepts 0 (1.813423ms)
✔ JSON integer / i64 accepts "0" (1.805777ms)
✔ JSON integer / i64 accepts 0.0 (1.846477ms)
✔ JSON integer / i64 accepts 0e0 (1.8825ms)
✔ JSON integer / i64 accepts 9007199254740993 (1.850004ms)
✔ JSON integer / i64 accepts "9007199254740993" (1.849379ms)
✔ JSON integer / i64 accepts 9007199254740993.0 (1.978028ms)
✔ JSON integer / i64 accepts 9007199254740993e0 (1.877959ms)
✔ JSON integer / i64 accepts 9223372036854775806 (1.810492ms)
✔ JSON integer / i64 accepts "9223372036854775806" (1.809785ms)
✔ JSON integer / i64 accepts 9223372036854775806.0 (1.775676ms)
✔ JSON integer / i64 accepts 9223372036854775806e0 (1.798224ms)
✔ JSON integer / i64 accepts 9223372036854775807 (1.84449ms)
✔ JSON integer / i64 accepts "9223372036854775807" (1.864357ms)
✔ JSON integer / i64 accepts 9223372036854775807.0 (1.842027ms)
✔ JSON integer / i64 accepts 9223372036854775807e0 (2.082891ms)
✔ JSON integer / i64 rejects overflow -9223372036854775809 (1.820753ms)
✔ JSON integer / i64 rejects overflow "-9223372036854775809" (1.75603ms)
✔ JSON integer / i64 rejects overflow -9223372036854775809.0 (1.827075ms)
✔ JSON integer / i64 rejects overflow -9223372036854775809e0 (1.877231ms)
✔ JSON integer / i64 rejects overflow 9223372036854775808 (1.832071ms)
✔ JSON integer / i64 rejects overflow "9223372036854775808" (1.8193ms)
✔ JSON integer / i64 rejects overflow 9223372036854775808.0 (1.798517ms)
✔ JSON integer / i64 rejects overflow 9223372036854775808e0 (1.835358ms)
✔ JSON integer / i64 rejects fraction 1.5 (1.834113ms)
✔ JSON integer / i64 rejects fraction "1.5" (1.802572ms)
✔ JSON integer / i64 rejects fraction -1.5 (1.823988ms)
✔ JSON integer / i64 rejects fraction "-1.5" (1.718886ms)
✔ JSON integer / i64 rejects token null (1.812177ms)
✔ JSON integer / i64 rejects token true (1.863639ms)
✔ JSON integer / i64 rejects token {} (1.862529ms)
✔ JSON integer / i64 rejects token [] (1.817303ms)
ℹ tests 96
ℹ suites 0
ℹ pass 96
ℹ fail 0
ℹ cancelled 0
ℹ skipped 0
ℹ todo 0
ℹ duration_ms 13888.932869
✔ package imports / declared transitive execution (6951.1146ms)
✔ package imports / member entry discovers workspace (6872.462747ms)
✔ package imports / root alias belongs to owner (6894.299747ms)
✔ package imports / member relative file (6827.857078ms)
✔ package imports / development dependency visible (6804.697847ms)
✔ package imports / declared package alias (6779.972699ms)
✔ package imports / scoped package import (6918.885809ms)
✔ package imports / root cannot import transitive dependency (5.037605ms)
✔ package imports / member needs its own dependency (5.375314ms)
✔ package imports / alias does not expose original name (4.693668ms)
✔ package imports / root relative path cannot cross member (4.358924ms)
✔ package imports / member relative path cannot cross sibling (4.551928ms)
✔ package imports / root alias cannot cross member (4.179968ms)
✔ package imports / undiscovered nested package is not a plain directory (4.378805ms)
✔ package imports / declared target needs ZX entry (3.895005ms)
✔ package imports / source symlink cannot disguise owner (4.392625ms)
ℹ tests 16
ℹ suites 0
ℹ pass 16
ℹ fail 0
ℹ cancelled 0
ℹ skipped 0
ℹ todo 0
ℹ duration_ms 48094.765418
tests/language/types/relational_conversion/greater/cases.jsonl: 62 named cases
tests/language/types/relational_conversion/less_equal/cases.jsonl: 62 named cases
tests/language/types/relational_conversion/greater_equal/cases.jsonl: 62 named cases
upstream/reviews/language/expressions/relational_conversion.jsonl: 36 named cases
tests/language/expressions/modulus/whitespace.jsonl: 54 named cases
tests/language/types/modulus_whitespace/cases.jsonl: 60 named cases
tests/language/expressions/comparison/whitespace/equal.jsonl: 36 named cases
tests/language/expressions/comparison/whitespace/not_equal.jsonl: 36 named cases
tests/language/types/equality_whitespace/cases.jsonl: 120 named cases
tests/language/types/modulus_conversion/cases.jsonl: 72 named cases
tests/language/expressions/addition/whitespace.jsonl: 54 named cases
tests/language/types/addition_whitespace/cases.jsonl: 60 named cases
tests/rx/modules/graphs/3/call.jsonl: 512 named cases
tests/rx/modules/graphs/3/import.jsonl: 512 named cases
tests/rx/modules/graphs/3/case.jsonl: 512 named cases
tests/rx/modules/graphs/3/parallel_task.jsonl: 512 named cases
tests/rx/modules/graphs/4/call.jsonl: 4096 named cases
tests/rx/modules/graphs/4/import.jsonl: 4096 named cases
tests/rx/modules/resources/allocation.jsonl: 36 named cases
tests/rx/modules/resources/stack.jsonl: 16 named cases
tests/standard/zlib/gunzip/cases.jsonl: 83 named cases
tests/standard/zlib/inflate/cases.jsonl: 76 named cases
tests/standard/zlib/inflate_raw/cases.jsonl: 72 named cases
tests/language/expressions/comparison/optional/u8.jsonl: 16 named cases
tests/language/expressions/comparison/optional/u16.jsonl: 16 named cases
tests/language/expressions/comparison/optional/u32.jsonl: 16 named cases
tests/language/expressions/comparison/optional/u64.jsonl: 16 named cases
tests/language/expressions/comparison/optional/i32.jsonl: 16 named cases
tests/language/expressions/comparison/optional/i64.jsonl: 16 named cases
tests/language/expressions/comparison/optional/f32.jsonl: 16 named cases
tests/language/expressions/comparison/optional/f64.jsonl: 16 named cases
tests/language/expressions/comparison/optional/bool.jsonl: 9 named cases
tests/language/expressions/comparison/optional/string.jsonl: 25 named cases
tests/language/expressions/comparison/optional/object.jsonl: 3 named cases
tests/language/expressions/comparison/optional/list.jsonl: 4 named cases
tests/language/expressions/comparison/optional/tuple.jsonl: 3 named cases
tests/language/types/optional_equality/cases.jsonl: 12 named cases
tests/language/types/logical_assignment/cases.jsonl: 8 named cases
tests/language/types/relational_strings/cases.jsonl: 35 named cases
tests/standard/path/posix/values.jsonl: 44 named cases
tests/standard/path/win32/values.jsonl: 44 named cases
tests/language/expressions/division/grouping/f32/right.jsonl: 36 named cases
tests/language/expressions/division/grouping/f32/left.jsonl: 36 named cases
tests/language/expressions/division/grouping/f64/right.jsonl: 36 named cases
tests/language/expressions/division/grouping/f64/left.jsonl: 36 named cases
tests/language/expressions/subtraction/names.jsonl: 21 named cases
tests/language/types/subtraction_names/cases.jsonl: 5 named cases
tests/language/expressions/static_names/cases.jsonl: 28 named cases
tests/language/expressions/logical_and/basic.jsonl: 46 named cases
tests/language/expressions/logical_or/basic.jsonl: 46 named cases
tests/language/expressions/logical_and/nested_or.jsonl: 92 named cases
tests/language/expressions/logical_or/nested_and.jsonl: 92 named cases
tests/language/expressions/conditional/yes.jsonl: 46 named cases
tests/language/expressions/conditional/no.jsonl: 46 named cases
tests/language/expressions/coalesce/optional.jsonl: 92 named cases
Native bundle: relocated ZX/Zig execution, file hashes, dependency options, dynamic assets and four path rejection scenarios passed
Native declarations: 72 aggregate reference calls, native error propagation and two allocation failure traversals passed
Native invocation: 25 inputs passed zero/multiple arguments, allocator and namespace execution
Zlib compression: 264 independently decoded or rejected application calls passed
Build modes: app, relocated Zig library and relocated ZX library passed
tests/built_ins/list/push/owned/0/i64.jsonl: 3 named cases
tests/built_ins/list/push/owned/1/i64.jsonl: 9 named cases
tests/built_ins/list/push/owned/2/i64.jsonl: 30 named cases
tests/built_ins/list/push/owned/3/i64.jsonl: 81 named cases
tests/built_ins/list/push/owned/4/i64.jsonl: 246 named cases
tests/built_ins/list/push/owned/5/i64.jsonl: 3 named cases
tests/built_ins/list/pop/owned/0/i64.jsonl: 1 named cases
tests/built_ins/list/pop/owned/1/i64.jsonl: 3 named cases
tests/built_ins/list/pop/owned/2/i64.jsonl: 11 named cases
tests/built_ins/list/pop/owned/3/i64.jsonl: 28 named cases
tests/built_ins/list/pop/owned/4/i64.jsonl: 82 named cases
tests/built_ins/list/pop/owned/5/i64.jsonl: 1 named cases
tests/built_ins/list/reverse/owned/0/i64.jsonl: 1 named cases
tests/built_ins/list/reverse/owned/1/i64.jsonl: 3 named cases
tests/built_ins/list/reverse/owned/2/i64.jsonl: 11 named cases
tests/built_ins/list/reverse/owned/3/i64.jsonl: 28 named cases
tests/built_ins/list/reverse/owned/4/i64.jsonl: 82 named cases
tests/built_ins/list/reverse/owned/5/i64.jsonl: 1 named cases
tests/built_ins/list/sort/owned/0/i64.jsonl: 1 named cases
tests/built_ins/list/sort/owned/1/i64.jsonl: 3 named cases
tests/built_ins/list/sort/owned/2/i64.jsonl: 11 named cases
tests/built_ins/list/sort/owned/3/i64.jsonl: 28 named cases
tests/built_ins/list/sort/owned/4/i64.jsonl: 82 named cases
tests/built_ins/list/sort/owned/5/i64.jsonl: 1 named cases
tests/built_ins/list/concat/owned/0/i64.jsonl: 5 named cases
tests/built_ins/list/concat/owned/1/i64.jsonl: 15 named cases
tests/built_ins/list/concat/owned/2/i64.jsonl: 50 named cases
tests/built_ins/list/concat/owned/3/i64.jsonl: 135 named cases
tests/built_ins/list/concat/owned/4/i64.jsonl: 410 named cases
tests/built_ins/list/concat/owned/5/i64.jsonl: 5 named cases
tests/built_ins/list/concat_reverse/owned/0/i64.jsonl: 5 named cases
tests/built_ins/list/concat_reverse/owned/1/i64.jsonl: 15 named cases
tests/built_ins/list/concat_reverse/owned/2/i64.jsonl: 50 named cases
tests/built_ins/list/concat_reverse/owned/3/i64.jsonl: 135 named cases
tests/built_ins/list/concat_reverse/owned/4/i64.jsonl: 410 named cases
tests/built_ins/list/concat_reverse/owned/5/i64.jsonl: 5 named cases
tests/built_ins/list/concat_three/owned/0/i64.jsonl: 26 named cases
tests/built_ins/list/concat_three/owned/1/i64.jsonl: 50 named cases
tests/built_ins/list/concat_three/owned/2/i64.jsonl: 25 named cases
tests/built_ins/list/concat_three/owned/3/i64.jsonl: 25 named cases
tests/built_ins/list/splice/owned/0/i64.jsonl: 9 named cases
tests/built_ins/list/splice/owned/1/i64.jsonl: 60 named cases
tests/built_ins/list/splice/owned/2/i64.jsonl: 350 named cases
tests/built_ins/list/splice/owned/3/i64.jsonl: 1485 named cases
tests/built_ins/list/splice/owned/4/i64.jsonl: 6561 named cases
tests/built_ins/list/splice/owned/5/i64.jsonl: 110 named cases
tests/built_ins/list/splice_reverse/owned/0/i64.jsonl: 9 named cases
tests/built_ins/list/splice_reverse/owned/1/i64.jsonl: 20 named cases
tests/built_ins/list/splice_reverse/owned/3/i64.jsonl: 55 named cases
tests/built_ins/list/splice_reverse/owned/4/i64.jsonl: 80 named cases
tests/built_ins/list/map_double/i64.jsonl: 124 named cases
tests/built_ins/list/map_plus_ten/i64.jsonl: 124 named cases
tests/built_ins/list/map_greater_ten/i64.jsonl: 4 named cases
tests/built_ins/list/map_true/i64.jsonl: 4 named cases
tests/built_ins/list/filter_odd/i64.jsonl: 124 named cases
tests/built_ins/list/filter_true/i64.jsonl: 4 named cases
tests/built_ins/list/reduce_sum/i64.jsonl: 372 named cases
tests/built_ins/list/reduce_digits/i64.jsonl: 372 named cases
tests/built_ins/list/index/i64.jsonl: 499 named cases
tests/built_ins/list/map_index/i64.jsonl: 85 named cases
tests/built_ins/list/filter_index/i64.jsonl: 85 named cases
tests/built_ins/list/reduce_index/i64.jsonl: 255 named cases
tests/language/expressions/multiplication/errors/hex_base64.jsonl: 25 named cases
tests/language/expressions/multiplication/errors/base64_hex.jsonl: 25 named cases
tests/language/types/aggregate_equality/cases.jsonl: 30 named cases
tests/language/expressions/conditional/boolean.jsonl: 14 named cases
tests/language/expressions/conditional/number.jsonl: 4 named cases
tests/language/expressions/conditional/string.jsonl: 4 named cases
tests/language/expressions/conditional/optional.jsonl: 4 named cases
tests/language/expressions/conditional/coalesce.jsonl: 6 named cases
tests/language/types/conditional/cases.jsonl: 18 named cases
tests/language/expressions/division/f32.jsonl: 1225 named cases
tests/language/expressions/division/f64.jsonl: 1225 named cases
tests/runtime/evaluation_order/subtraction.jsonl: 16 named cases
tests/language/types/subtraction_assignment/cases.jsonl: 4 named cases
tests/language/lexical/numeric/boundaries.jsonl: 34 named cases
tests/language/lexical/numeric/leading_zero.jsonl: 11 named cases
tests/runtime/evaluation_order/modulus.jsonl: 16 named cases
tests/language/types/modulus_assignment/cases.jsonl: 4 named cases
tests/language/expressions/comparison/bool.jsonl: 4 named cases
tests/language/expressions/comparison/string_upstream.jsonl: 6 named cases
tests/language/expressions/addition/f32.jsonl: 1521 named cases
tests/language/expressions/addition/f64.jsonl: 1521 named cases
tests/standard/decoding/errors.jsonl: 38 named cases
tests/language/types/subtraction_conversion/cases.jsonl: 72 named cases
✔ watch CLI preserves published artifacts and recovers from edited invalid and missing dependencies (59281.19081ms)
ℹ tests 1
ℹ suites 0
ℹ pass 1
ℹ fail 0
ℹ cancelled 0
ℹ skipped 0
ℹ todo 0
ℹ duration_ms 59283.367728
✔ package graph / root only (11.164572ms)
✔ package graph / members not implicitly linked (4.404171ms)
✔ package graph / direct dependency (4.003968ms)
✔ package graph / development dependency (4.050137ms)
✔ package graph / separate dependency classes (3.863167ms)
✔ package graph / owner dependency scope (3.722291ms)
✔ package graph / alias targets another name (4.0083ms)
✔ package graph / scoped name (3.605268ms)
✔ package graph / scoped alias (3.510061ms)
✔ package graph / relative root target (4.080788ms)
✔ package graph / relative member target (4.246205ms)
✔ package graph / missing local target (6.191515ms)
✔ package graph / relative path outside members (3.730508ms)
✔ package graph / external does not use same named local (3.629855ms)
✔ package graph / duplicate dependency classes (3.688159ms)
✔ package graph / missing alias name (3.782956ms)
✔ package graph / invalid range (3.55824ms)
✔ package graph / root self cycle (2.903099ms)
✔ package graph / unreferenced member self cycle (3.424122ms)
✔ package graph / unreferenced indirect cycle (3.453096ms)
✔ package graph / development edge participates in cycle (3.571824ms)
✔ package graph / diamond is not a cycle (3.86328ms)
✔ package graph / version 1.2.3 (3.637443ms)
✔ package graph / version 1.2.4 (3.522831ms)
✔ package graph / version ^1.0.0 (3.73525ms)
✔ package graph / version ^2.0.0 (3.45393ms)
✔ package graph / version ~1.2.0 (3.561629ms)
✔ package graph / version ~1.1.0 (3.577549ms)
✔ package graph / version >=1.2.0 <2.0.0 (3.66572ms)
✔ package graph / version >=2.0.0 (3.573518ms)
✔ package graph / version ^ (3.76605ms)
✔ package graph / version ~ (3.468723ms)
✔ package graph / range "1.2.3" / 0.0.0 (3.300002ms)
✔ package graph / range "1.2.3" / 0.0.2 (3.221201ms)
✔ package graph / range "1.2.3" / 0.0.3 (3.270097ms)
✔ package graph / range "1.2.3" / 0.1.0 (3.320659ms)
✔ package graph / range "1.2.3" / 0.2.3 (3.278464ms)
✔ package graph / range "1.2.3" / 0.2.4 (3.176089ms)
✔ package graph / range "1.2.3" / 0.3.0 (3.178714ms)
✔ package graph / range "1.2.3" / 1.0.0 (3.230857ms)
✔ package graph / range "1.2.3" / 1.2.0 (3.323807ms)
✔ package graph / range "1.2.3" / 1.2.2 (3.346218ms)
✔ package graph / range "1.2.3" / 1.2.3-0 (3.364385ms)
✔ package graph / range "1.2.3" / 1.2.3-alpha (3.295861ms)
✔ package graph / range "1.2.3" / 1.2.3-alpha.2 (3.255163ms)
✔ package graph / range "1.2.3" / 1.2.3-alpha.10 (3.397447ms)
✔ package graph / range "1.2.3" / 1.2.3-beta (3.334154ms)
✔ package graph / range "1.2.3" / 1.2.3 (3.349219ms)
✔ package graph / range "1.2.3" / 1.2.3+build.9 (3.344213ms)
✔ package graph / range "1.2.3" / 1.2.4-alpha (3.364048ms)
✔ package graph / range "1.2.3" / 1.2.4 (3.351601ms)
✔ package graph / range "1.2.3" / 1.3.0-0 (3.320419ms)
✔ package graph / range "1.2.3" / 1.3.0 (3.464653ms)
✔ package graph / range "1.2.3" / 2.0.0-alpha (3.258551ms)
✔ package graph / range "1.2.3" / 2.0.0 (3.370438ms)
✔ package graph / range "1.2.3" / 2.3.4 (3.487756ms)
✔ package graph / range "1.2.3" / 3.0.0 (3.513218ms)
✔ package graph / range "=1.2.3" / 0.0.0 (3.256388ms)
✔ package graph / range "=1.2.3" / 0.0.2 (3.321652ms)
✔ package graph / range "=1.2.3" / 0.0.3 (3.473975ms)
✔ package graph / range "=1.2.3" / 0.1.0 (3.460854ms)
✔ package graph / range "=1.2.3" / 0.2.3 (3.285216ms)
✔ package graph / range "=1.2.3" / 0.2.4 (3.435998ms)
✔ package graph / range "=1.2.3" / 0.3.0 (3.466005ms)
✔ package graph / range "=1.2.3" / 1.0.0 (3.344454ms)
✔ package graph / range "=1.2.3" / 1.2.0 (3.352548ms)
✔ package graph / range "=1.2.3" / 1.2.2 (3.325536ms)
✔ package graph / range "=1.2.3" / 1.2.3-0 (3.312375ms)
✔ package graph / range "=1.2.3" / 1.2.3-alpha (3.408462ms)
✔ package graph / range "=1.2.3" / 1.2.3-alpha.2 (3.250841ms)
✔ package graph / range "=1.2.3" / 1.2.3-alpha.10 (3.270715ms)
✔ package graph / range "=1.2.3" / 1.2.3-beta (3.272835ms)
✔ package graph / range "=1.2.3" / 1.2.3 (3.575508ms)
✔ package graph / range "=1.2.3" / 1.2.3+build.9 (3.405491ms)
✔ package graph / range "=1.2.3" / 1.2.4-alpha (3.296248ms)
✔ package graph / range "=1.2.3" / 1.2.4 (3.341427ms)
✔ package graph / range "=1.2.3" / 1.3.0-0 (3.385584ms)
✔ package graph / range "=1.2.3" / 1.3.0 (3.859671ms)
✔ package graph / range "=1.2.3" / 2.0.0-alpha (3.388886ms)
✔ package graph / range "=1.2.3" / 2.0.0 (3.278007ms)
✔ package graph / range "=1.2.3" / 2.3.4 (3.20159ms)
✔ package graph / range "=1.2.3" / 3.0.0 (3.179821ms)
✔ package graph / range "1.2.3+different" / 0.0.0 (3.350967ms)
✔ package graph / range "1.2.3+different" / 0.0.2 (3.337331ms)
✔ package graph / range "1.2.3+different" / 0.0.3 (3.372536ms)
✔ package graph / range "1.2.3+different" / 0.1.0 (3.306021ms)
✔ package graph / range "1.2.3+different" / 0.2.3 (3.207756ms)
✔ package graph / range "1.2.3+different" / 0.2.4 (3.345021ms)
✔ package graph / range "1.2.3+different" / 0.3.0 (3.183854ms)
✔ package graph / range "1.2.3+different" / 1.0.0 (3.211784ms)
✔ package graph / range "1.2.3+different" / 1.2.0 (3.155685ms)
✔ package graph / range "1.2.3+different" / 1.2.2 (3.277672ms)
✔ package graph / range "1.2.3+different" / 1.2.3-0 (3.26632ms)
✔ package graph / range "1.2.3+different" / 1.2.3-alpha (3.162759ms)
✔ package graph / range "1.2.3+different" / 1.2.3-alpha.2 (3.276172ms)
✔ package graph / range "1.2.3+different" / 1.2.3-alpha.10 (3.238554ms)
✔ package graph / range "1.2.3+different" / 1.2.3-beta (3.285645ms)
✔ package graph / range "1.2.3+different" / 1.2.3 (3.252606ms)
✔ package graph / range "1.2.3+different" / 1.2.3+build.9 (3.276972ms)
✔ package graph / range "1.2.3+different" / 1.2.4-alpha (3.383895ms)
✔ package graph / range "1.2.3+different" / 1.2.4 (3.240898ms)
✔ package graph / range "1.2.3+different" / 1.3.0-0 (3.295232ms)
✔ package graph / range "1.2.3+different" / 1.3.0 (3.284614ms)
✔ package graph / range "1.2.3+different" / 2.0.0-alpha (3.24421ms)
✔ package graph / range "1.2.3+different" / 2.0.0 (3.18959ms)
✔ package graph / range "1.2.3+different" / 2.3.4 (3.117607ms)
✔ package graph / range "1.2.3+different" / 3.0.0 (3.13194ms)
✔ package graph / range "1" / 0.0.0 (3.245658ms)
✔ package graph / range "1" / 0.0.2 (3.301073ms)
✔ package graph / range "1" / 0.0.3 (3.246994ms)
✔ package graph / range "1" / 0.1.0 (3.344027ms)
✔ package graph / range "1" / 0.2.3 (3.257431ms)
✔ package graph / range "1" / 0.2.4 (3.304779ms)
✔ package graph / range "1" / 0.3.0 (3.254195ms)
✔ package graph / range "1" / 1.0.0 (3.250454ms)
✔ package graph / range "1" / 1.2.0 (3.237265ms)
✔ package graph / range "1" / 1.2.2 (3.374355ms)
✔ package graph / range "1" / 1.2.3-0 (3.28046ms)
✔ package graph / range "1" / 1.2.3-alpha (3.264052ms)
✔ package graph / range "1" / 1.2.3-alpha.2 (3.251631ms)
✔ package graph / range "1" / 1.2.3-alpha.10 (3.37469ms)
✔ package graph / range "1" / 1.2.3-beta (3.204976ms)
✔ package graph / range "1" / 1.2.3 (3.311855ms)
✔ package graph / range "1" / 1.2.3+build.9 (3.282057ms)
✔ package graph / range "1" / 1.2.4-alpha (3.280112ms)
✔ package graph / range "1" / 1.2.4 (3.255791ms)
✔ package graph / range "1" / 1.3.0-0 (3.24663ms)
✔ package graph / range "1" / 1.3.0 (3.229407ms)
✔ package graph / range "1" / 2.0.0-alpha (3.334075ms)
✔ package graph / range "1" / 2.0.0 (3.249865ms)
✔ package graph / range "1" / 2.3.4 (3.244909ms)
✔ package graph / range "1" / 3.0.0 (3.256116ms)
✔ package graph / range "1.2" / 0.0.0 (3.240994ms)
✔ package graph / range "1.2" / 0.0.2 (3.319837ms)
✔ package graph / range "1.2" / 0.0.3 (3.245515ms)
✔ package graph / range "1.2" / 0.1.0 (3.352747ms)
✔ package graph / range "1.2" / 0.2.3 (3.37958ms)
✔ package graph / range "1.2" / 0.2.4 (3.297696ms)
✔ package graph / range "1.2" / 0.3.0 (3.302375ms)
✔ package graph / range "1.2" / 1.0.0 (3.214042ms)
✔ package graph / range "1.2" / 1.2.0 (3.314264ms)
✔ package graph / range "1.2" / 1.2.2 (3.31605ms)
✔ package graph / range "1.2" / 1.2.3-0 (3.330709ms)
✔ package graph / range "1.2" / 1.2.3-alpha (3.229422ms)
✔ package graph / range "1.2" / 1.2.3-alpha.2 (3.284418ms)
✔ package graph / range "1.2" / 1.2.3-alpha.10 (3.297661ms)
✔ package graph / range "1.2" / 1.2.3-beta (3.251241ms)
✔ package graph / range "1.2" / 1.2.3 (3.522635ms)
✔ package graph / range "1.2" / 1.2.3+build.9 (3.35428ms)
✔ package graph / range "1.2" / 1.2.4-alpha (3.396505ms)
✔ package graph / range "1.2" / 1.2.4 (3.311834ms)
✔ package graph / range "1.2" / 1.3.0-0 (3.227891ms)
✔ package graph / range "1.2" / 1.3.0 (3.328964ms)
✔ package graph / range "1.2" / 2.0.0-alpha (3.237567ms)
✔ package graph / range "1.2" / 2.0.0 (3.27873ms)
✔ package graph / range "1.2" / 2.3.4 (3.238106ms)
✔ package graph / range "1.2" / 3.0.0 (3.243233ms)
✔ package graph / range "1.x" / 0.0.0 (3.219504ms)
✔ package graph / range "1.x" / 0.0.2 (3.339213ms)
✔ package graph / range "1.x" / 0.0.3 (3.218179ms)
✔ package graph / range "1.x" / 0.1.0 (3.290177ms)
✔ package graph / range "1.x" / 0.2.3 (3.295979ms)
✔ package graph / range "1.x" / 0.2.4 (3.246481ms)
✔ package graph / range "1.x" / 0.3.0 (3.405086ms)
✔ package graph / range "1.x" / 1.0.0 (3.32609ms)
✔ package graph / range "1.x" / 1.2.0 (3.283293ms)
✔ package graph / range "1.x" / 1.2.2 (3.276879ms)
✔ package graph / range "1.x" / 1.2.3-0 (3.281622ms)
✔ package graph / range "1.x" / 1.2.3-alpha (3.383865ms)
✔ package graph / range "1.x" / 1.2.3-alpha.2 (3.246089ms)
✔ package graph / range "1.x" / 1.2.3-alpha.10 (3.290107ms)
✔ package graph / range "1.x" / 1.2.3-beta (3.227144ms)
✔ package graph / range "1.x" / 1.2.3 (3.287171ms)
✔ package graph / range "1.x" / 1.2.3+build.9 (3.224483ms)
✔ package graph / range "1.x" / 1.2.4-alpha (3.372163ms)
✔ package graph / range "1.x" / 1.2.4 (3.317427ms)
✔ package graph / range "1.x" / 1.3.0-0 (3.173045ms)
✔ package graph / range "1.x" / 1.3.0 (3.365619ms)
✔ package graph / range "1.x" / 2.0.0-alpha (3.334788ms)
✔ package graph / range "1.x" / 2.0.0 (3.238763ms)
✔ package graph / range "1.x" / 2.3.4 (3.216631ms)
✔ package graph / range "1.x" / 3.0.0 (3.120205ms)
✔ package graph / range "1.2.X" / 0.0.0 (3.105734ms)
✔ package graph / range "1.2.X" / 0.0.2 (3.082315ms)
✔ package graph / range "1.2.X" / 0.0.3 (3.207038ms)
✔ package graph / range "1.2.X" / 0.1.0 (3.173232ms)
✔ package graph / range "1.2.X" / 0.2.3 (3.320798ms)
✔ package graph / range "1.2.X" / 0.2.4 (3.355491ms)
✔ package graph / range "1.2.X" / 0.3.0 (3.25814ms)
✔ package graph / range "1.2.X" / 1.0.0 (3.25248ms)
✔ package graph / range "1.2.X" / 1.2.0 (3.415383ms)
✔ package graph / range "1.2.X" / 1.2.2 (3.244361ms)
✔ package graph / range "1.2.X" / 1.2.3-0 (3.207727ms)
✔ package graph / range "1.2.X" / 1.2.3-alpha (3.289396ms)
✔ package graph / range "1.2.X" / 1.2.3-alpha.2 (3.24815ms)
✔ package graph / range "1.2.X" / 1.2.3-alpha.10 (3.205672ms)
✔ package graph / range "1.2.X" / 1.2.3-beta (3.26979ms)
✔ package graph / range "1.2.X" / 1.2.3 (3.271067ms)
✔ package graph / range "1.2.X" / 1.2.3+build.9 (3.280505ms)
✔ package graph / range "1.2.X" / 1.2.4-alpha (3.480911ms)
✔ package graph / range "1.2.X" / 1.2.4 (3.318608ms)
✔ package graph / range "1.2.X" / 1.3.0-0 (3.281833ms)
✔ package graph / range "1.2.X" / 1.3.0 (3.321008ms)
✔ package graph / range "1.2.X" / 2.0.0-alpha (3.155735ms)
✔ package graph / range "1.2.X" / 2.0.0 (3.239266ms)
✔ package graph / range "1.2.X" / 2.3.4 (3.310389ms)
✔ package graph / range "1.2.X" / 3.0.0 (3.296256ms)
✔ package graph / range "x" / 0.0.0 (3.28993ms)
✔ package graph / range "x" / 0.0.2 (3.344911ms)
✔ package graph / range "x" / 0.0.3 (3.256882ms)
✔ package graph / range "x" / 0.1.0 (3.264444ms)
✔ package graph / range "x" / 0.2.3 (3.265046ms)
✔ package graph / range "x" / 0.2.4 (3.154285ms)
✔ package graph / range "x" / 0.3.0 (3.491243ms)
✔ package graph / range "x" / 1.0.0 (3.233169ms)
✔ package graph / range "x" / 1.2.0 (3.917378ms)
✔ package graph / range "x" / 1.2.2 (3.273246ms)
✔ package graph / range "x" / 1.2.3-0 (3.300091ms)
✔ package graph / range "x" / 1.2.3-alpha (3.343393ms)
✔ package graph / range "x" / 1.2.3-alpha.2 (3.253238ms)
✔ package graph / range "x" / 1.2.3-alpha.10 (3.188242ms)
✔ package graph / range "x" / 1.2.3-beta (3.201724ms)
✔ package graph / range "x" / 1.2.3 (3.279255ms)
✔ package graph / range "x" / 1.2.3+build.9 (3.347778ms)
✔ package graph / range "x" / 1.2.4-alpha (3.183243ms)
✔ package graph / range "x" / 1.2.4 (3.334656ms)
✔ package graph / range "x" / 1.3.0-0 (3.195908ms)
✔ package graph / range "x" / 1.3.0 (3.30807ms)
✔ package graph / range "x" / 2.0.0-alpha (3.16159ms)
✔ package graph / range "x" / 2.0.0 (3.327078ms)
✔ package graph / range "x" / 2.3.4 (3.375744ms)
✔ package graph / range "x" / 3.0.0 (3.339507ms)
✔ package graph / range "X" / 0.0.0 (3.218686ms)
✔ package graph / range "X" / 0.0.2 (3.224867ms)
✔ package graph / range "X" / 0.0.3 (3.38831ms)
✔ package graph / range "X" / 0.1.0 (3.188715ms)
✔ package graph / range "X" / 0.2.3 (3.321686ms)
✔ package graph / range "X" / 0.2.4 (3.244423ms)
✔ package graph / range "X" / 0.3.0 (3.319232ms)
✔ package graph / range "X" / 1.0.0 (3.304676ms)
✔ package graph / range "X" / 1.2.0 (3.248075ms)
✔ package graph / range "X" / 1.2.2 (3.258855ms)
✔ package graph / range "X" / 1.2.3-0 (3.526614ms)
✔ package graph / range "X" / 1.2.3-alpha (3.184627ms)
✔ package graph / range "X" / 1.2.3-alpha.2 (3.205838ms)
✔ package graph / range "X" / 1.2.3-alpha.10 (3.356279ms)
✔ package graph / range "X" / 1.2.3-beta (3.36667ms)
✔ package graph / range "X" / 1.2.3 (3.287707ms)
✔ package graph / range "X" / 1.2.3+build.9 (3.485205ms)
✔ package graph / range "X" / 1.2.4-alpha (3.225868ms)
✔ package graph / range "X" / 1.2.4 (3.299617ms)
✔ package graph / range "X" / 1.3.0-0 (3.113271ms)
✔ package graph / range "X" / 1.3.0 (3.258119ms)
✔ package graph / range "X" / 2.0.0-alpha (3.096633ms)
✔ package graph / range "X" / 2.0.0 (3.22037ms)
✔ package graph / range "X" / 2.3.4 (3.278395ms)
✔ package graph / range "X" / 3.0.0 (3.309481ms)
✔ package graph / range ">=1.2.3" / 0.0.0 (3.268286ms)
✔ package graph / range ">=1.2.3" / 0.0.2 (3.200372ms)
✔ package graph / range ">=1.2.3" / 0.0.3 (3.249725ms)
✔ package graph / range ">=1.2.3" / 0.1.0 (3.261878ms)
✔ package graph / range ">=1.2.3" / 0.2.3 (3.223131ms)
✔ package graph / range ">=1.2.3" / 0.2.4 (3.215102ms)
✔ package graph / range ">=1.2.3" / 0.3.0 (3.146459ms)
✔ package graph / range ">=1.2.3" / 1.0.0 (3.207501ms)
✔ package graph / range ">=1.2.3" / 1.2.0 (3.240815ms)
✔ package graph / range ">=1.2.3" / 1.2.2 (3.124604ms)
✔ package graph / range ">=1.2.3" / 1.2.3-0 (3.204051ms)
✔ package graph / range ">=1.2.3" / 1.2.3-alpha (3.235458ms)
✔ package graph / range ">=1.2.3" / 1.2.3-alpha.2 (3.341924ms)
✔ package graph / range ">=1.2.3" / 1.2.3-alpha.10 (3.237257ms)
✔ package graph / range ">=1.2.3" / 1.2.3-beta (3.255863ms)
✔ package graph / range ">=1.2.3" / 1.2.3 (3.327023ms)
✔ package graph / range ">=1.2.3" / 1.2.3+build.9 (3.237512ms)
✔ package graph / range ">=1.2.3" / 1.2.4-alpha (3.067817ms)
✔ package graph / range ">=1.2.3" / 1.2.4 (3.22863ms)
✔ package graph / range ">=1.2.3" / 1.3.0-0 (3.088166ms)
✔ package graph / range ">=1.2.3" / 1.3.0 (3.23023ms)
✔ package graph / range ">=1.2.3" / 2.0.0-alpha (3.232945ms)
✔ package graph / range ">=1.2.3" / 2.0.0 (3.360227ms)
✔ package graph / range ">=1.2.3" / 2.3.4 (3.225871ms)
✔ package graph / range ">=1.2.3" / 3.0.0 (3.323944ms)
✔ package graph / range ">1.2.3" / 0.0.0 (3.2302ms)
✔ package graph / range ">1.2.3" / 0.0.2 (3.24517ms)
✔ package graph / range ">1.2.3" / 0.0.3 (4.0786ms)
✔ package graph / range ">1.2.3" / 0.1.0 (3.296928ms)
✔ package graph / range ">1.2.3" / 0.2.3 (3.331373ms)
✔ package graph / range ">1.2.3" / 0.2.4 (3.341426ms)
✔ package graph / range ">1.2.3" / 0.3.0 (3.139962ms)
✔ package graph / range ">1.2.3" / 1.0.0 (3.178297ms)
✔ package graph / range ">1.2.3" / 1.2.0 (3.206317ms)
✔ package graph / range ">1.2.3" / 1.2.2 (3.20556ms)
✔ package graph / range ">1.2.3" / 1.2.3-0 (3.127992ms)
✔ package graph / range ">1.2.3" / 1.2.3-alpha (3.153206ms)
✔ package graph / range ">1.2.3" / 1.2.3-alpha.2 (3.123393ms)
✔ package graph / range ">1.2.3" / 1.2.3-alpha.10 (3.120127ms)
✔ package graph / range ">1.2.3" / 1.2.3-beta (3.297885ms)
✔ package graph / range ">1.2.3" / 1.2.3 (3.160403ms)
✔ package graph / range ">1.2.3" / 1.2.3+build.9 (3.285985ms)
✔ package graph / range ">1.2.3" / 1.2.4-alpha (3.233197ms)
✔ package graph / range ">1.2.3" / 1.2.4 (3.301692ms)
✔ package graph / range ">1.2.3" / 1.3.0-0 (3.32933ms)
✔ package graph / range ">1.2.3" / 1.3.0 (3.229848ms)
✔ package graph / range ">1.2.3" / 2.0.0-alpha (3.222509ms)
✔ package graph / range ">1.2.3" / 2.0.0 (3.189486ms)
✔ package graph / range ">1.2.3" / 2.3.4 (3.172253ms)
✔ package graph / range ">1.2.3" / 3.0.0 (3.152095ms)
✔ package graph / range "<1.2.3" / 0.0.0 (3.231226ms)
✔ package graph / range "<1.2.3" / 0.0.2 (3.130234ms)
✔ package graph / range "<1.2.3" / 0.0.3 (3.150614ms)
✔ package graph / range "<1.2.3" / 0.1.0 (3.233868ms)
✔ package graph / range "<1.2.3" / 0.2.3 (3.166084ms)
✔ package graph / range "<1.2.3" / 0.2.4 (3.206428ms)
✔ package graph / range "<1.2.3" / 0.3.0 (3.345949ms)
✔ package graph / range "<1.2.3" / 1.0.0 (3.271242ms)
✔ package graph / range "<1.2.3" / 1.2.0 (3.279148ms)
✔ package graph / range "<1.2.3" / 1.2.2 (3.341247ms)
✔ package graph / range "<1.2.3" / 1.2.3-0 (3.203002ms)
✔ package graph / range "<1.2.3" / 1.2.3-alpha (3.174102ms)
✔ package graph / range "<1.2.3" / 1.2.3-alpha.2 (3.341215ms)
✔ package graph / range "<1.2.3" / 1.2.3-alpha.10 (3.278856ms)
✔ package graph / range "<1.2.3" / 1.2.3-beta (3.264752ms)
✔ package graph / range "<1.2.3" / 1.2.3 (3.269785ms)
✔ package graph / range "<1.2.3" / 1.2.3+build.9 (3.229349ms)
✔ package graph / range "<1.2.3" / 1.2.4-alpha (3.265785ms)
✔ package graph / range "<1.2.3" / 1.2.4 (3.225429ms)
✔ package graph / range "<1.2.3" / 1.3.0-0 (3.187472ms)
✔ package graph / range "<1.2.3" / 1.3.0 (3.148421ms)
✔ package graph / range "<1.2.3" / 2.0.0-alpha (3.273612ms)
✔ package graph / range "<1.2.3" / 2.0.0 (3.344433ms)
✔ package graph / range "<1.2.3" / 2.3.4 (3.207717ms)
✔ package graph / range "<1.2.3" / 3.0.0 (3.173006ms)
✔ package graph / range "<=1.2.3" / 0.0.0 (3.402406ms)
✔ package graph / range "<=1.2.3" / 0.0.2 (3.234376ms)
✔ package graph / range "<=1.2.3" / 0.0.3 (3.401818ms)
✔ package graph / range "<=1.2.3" / 0.1.0 (3.4529ms)
✔ package graph / range "<=1.2.3" / 0.2.3 (3.198554ms)
✔ package graph / range "<=1.2.3" / 0.2.4 (3.275177ms)
✔ package graph / range "<=1.2.3" / 0.3.0 (3.385067ms)
✔ package graph / range "<=1.2.3" / 1.0.0 (3.230798ms)
✔ package graph / range "<=1.2.3" / 1.2.0 (3.301835ms)
✔ package graph / range "<=1.2.3" / 1.2.2 (3.283296ms)
✔ package graph / range "<=1.2.3" / 1.2.3-0 (3.192785ms)
✔ package graph / range "<=1.2.3" / 1.2.3-alpha (3.215685ms)
✔ package graph / range "<=1.2.3" / 1.2.3-alpha.2 (3.419078ms)
✔ package graph / range "<=1.2.3" / 1.2.3-alpha.10 (3.228933ms)
✔ package graph / range "<=1.2.3" / 1.2.3-beta (3.28012ms)
✔ package graph / range "<=1.2.3" / 1.2.3 (3.445312ms)
✔ package graph / range "<=1.2.3" / 1.2.3+build.9 (3.226188ms)
✔ package graph / range "<=1.2.3" / 1.2.4-alpha (3.331456ms)
✔ package graph / range "<=1.2.3" / 1.2.4 (3.200732ms)
✔ package graph / range "<=1.2.3" / 1.3.0-0 (3.353442ms)
✔ package graph / range "<=1.2.3" / 1.3.0 (3.324729ms)
✔ package graph / range "<=1.2.3" / 2.0.0-alpha (3.994161ms)
✔ package graph / range "<=1.2.3" / 2.0.0 (3.266573ms)
✔ package graph / range "<=1.2.3" / 2.3.4 (3.244133ms)
✔ package graph / range "<=1.2.3" / 3.0.0 (3.235494ms)
✔ package graph / range ">= 1.2.3" / 0.0.0 (3.407612ms)
✔ package graph / range ">= 1.2.3" / 0.0.2 (3.269889ms)
✔ package graph / range ">= 1.2.3" / 0.0.3 (3.195479ms)
✔ package graph / range ">= 1.2.3" / 0.1.0 (3.223478ms)
✔ package graph / range ">= 1.2.3" / 0.2.3 (3.210031ms)
✔ package graph / range ">= 1.2.3" / 0.2.4 (3.281049ms)
✔ package graph / range ">= 1.2.3" / 0.3.0 (3.333466ms)
✔ package graph / range ">= 1.2.3" / 1.0.0 (3.089901ms)
✔ package graph / range ">= 1.2.3" / 1.2.0 (3.200594ms)
✔ package graph / range ">= 1.2.3" / 1.2.2 (3.210087ms)
✔ package graph / range ">= 1.2.3" / 1.2.3-0 (3.18875ms)
✔ package graph / range ">= 1.2.3" / 1.2.3-alpha (3.25504ms)
✔ package graph / range ">= 1.2.3" / 1.2.3-alpha.2 (3.249484ms)
✔ package graph / range ">= 1.2.3" / 1.2.3-alpha.10 (3.229645ms)
✔ package graph / range ">= 1.2.3" / 1.2.3-beta (3.259565ms)
✔ package graph / range ">= 1.2.3" / 1.2.3 (3.401756ms)
✔ package graph / range ">= 1.2.3" / 1.2.3+build.9 (3.217331ms)
✔ package graph / range ">= 1.2.3" / 1.2.4-alpha (3.183032ms)
✔ package graph / range ">= 1.2.3" / 1.2.4 (3.319292ms)
✔ package graph / range ">= 1.2.3" / 1.3.0-0 (3.215252ms)
✔ package graph / range ">= 1.2.3" / 1.3.0 (3.362767ms)
✔ package graph / range ">= 1.2.3" / 2.0.0-alpha (3.226099ms)
✔ package graph / range ">= 1.2.3" / 2.0.0 (3.282039ms)
✔ package graph / range ">= 1.2.3" / 2.3.4 (3.23326ms)
✔ package graph / range ">= 1.2.3" / 3.0.0 (3.427779ms)
✔ package graph / range "<= 1.2.3" / 0.0.0 (3.242703ms)
✔ package graph / range "<= 1.2.3" / 0.0.2 (3.381083ms)
✔ package graph / range "<= 1.2.3" / 0.0.3 (3.253049ms)
✔ package graph / range "<= 1.2.3" / 0.1.0 (3.244145ms)
✔ package graph / range "<= 1.2.3" / 0.2.3 (3.187405ms)
✔ package graph / range "<= 1.2.3" / 0.2.4 (3.184947ms)
✔ package graph / range "<= 1.2.3" / 0.3.0 (3.194104ms)
✔ package graph / range "<= 1.2.3" / 1.0.0 (3.214563ms)
✔ package graph / range "<= 1.2.3" / 1.2.0 (3.206457ms)
✔ package graph / range "<= 1.2.3" / 1.2.2 (3.230651ms)
✔ package graph / range "<= 1.2.3" / 1.2.3-0 (3.214068ms)
✔ package graph / range "<= 1.2.3" / 1.2.3-alpha (3.221709ms)
✔ package graph / range "<= 1.2.3" / 1.2.3-alpha.2 (3.143563ms)
✔ package graph / range "<= 1.2.3" / 1.2.3-alpha.10 (3.35015ms)
✔ package graph / range "<= 1.2.3" / 1.2.3-beta (3.301824ms)
✔ package graph / range "<= 1.2.3" / 1.2.3 (3.386933ms)
✔ package graph / range "<= 1.2.3" / 1.2.3+build.9 (3.175677ms)
✔ package graph / range "<= 1.2.3" / 1.2.4-alpha (3.207758ms)
✔ package graph / range "<= 1.2.3" / 1.2.4 (3.295418ms)
✔ package graph / range "<= 1.2.3" / 1.3.0-0 (3.195331ms)
✔ package graph / range "<= 1.2.3" / 1.3.0 (3.202368ms)
✔ package graph / range "<= 1.2.3" / 2.0.0-alpha (3.176495ms)
✔ package graph / range "<= 1.2.3" / 2.0.0 (3.227477ms)
✔ package graph / range "<= 1.2.3" / 2.3.4 (3.101515ms)
✔ package graph / range "<= 1.2.3" / 3.0.0 (3.260889ms)
✔ package graph / range ">1" / 0.0.0 (3.239845ms)
✔ package graph / range ">1" / 0.0.2 (3.253572ms)
✔ package graph / range ">1" / 0.0.3 (3.147094ms)
✔ package graph / range ">1" / 0.1.0 (3.27429ms)
✔ package graph / range ">1" / 0.2.3 (3.277198ms)
✔ package graph / range ">1" / 0.2.4 (3.337767ms)
✔ package graph / range ">1" / 0.3.0 (3.204507ms)
✔ package graph / range ">1" / 1.0.0 (3.321979ms)
✔ package graph / range ">1" / 1.2.0 (3.183965ms)
✔ package graph / range ">1" / 1.2.2 (3.212461ms)
✔ package graph / range ">1" / 1.2.3-0 (3.235726ms)
✔ package graph / range ">1" / 1.2.3-alpha (3.1126ms)
✔ package graph / range ">1" / 1.2.3-alpha.2 (3.343845ms)
✔ package graph / range ">1" / 1.2.3-alpha.10 (3.297254ms)
✔ package graph / range ">1" / 1.2.3-beta (3.176255ms)
✔ package graph / range ">1" / 1.2.3 (3.35272ms)
✔ package graph / range ">1" / 1.2.3+build.9 (3.998169ms)
✔ package graph / range ">1" / 1.2.4-alpha (3.276641ms)
✔ package graph / range ">1" / 1.2.4 (3.356018ms)
✔ package graph / range ">1" / 1.3.0-0 (3.33561ms)
✔ package graph / range ">1" / 1.3.0 (3.186867ms)
✔ package graph / range ">1" / 2.0.0-alpha (3.204756ms)
✔ package graph / range ">1" / 2.0.0 (3.244925ms)
✔ package graph / range ">1" / 2.3.4 (3.178884ms)
✔ package graph / range ">1" / 3.0.0 (3.160646ms)
✔ package graph / range ">1.2" / 0.0.0 (3.207755ms)
✔ package graph / range ">1.2" / 0.0.2 (3.333812ms)
✔ package graph / range ">1.2" / 0.0.3 (3.182321ms)
✔ package graph / range ">1.2" / 0.1.0 (3.266002ms)
✔ package graph / range ">1.2" / 0.2.3 (3.243677ms)
✔ package graph / range ">1.2" / 0.2.4 (3.142653ms)
✔ package graph / range ">1.2" / 0.3.0 (3.163123ms)
✔ package graph / range ">1.2" / 1.0.0 (3.226858ms)
✔ package graph / range ">1.2" / 1.2.0 (3.20157ms)
✔ package graph / range ">1.2" / 1.2.2 (3.127006ms)
✔ package graph / range ">1.2" / 1.2.3-0 (3.133887ms)
✔ package graph / range ">1.2" / 1.2.3-alpha (3.203826ms)
✔ package graph / range ">1.2" / 1.2.3-alpha.2 (3.204653ms)
✔ package graph / range ">1.2" / 1.2.3-alpha.10 (3.356291ms)
✔ package graph / range ">1.2" / 1.2.3-beta (3.194797ms)
✔ package graph / range ">1.2" / 1.2.3 (3.136843ms)
✔ package graph / range ">1.2" / 1.2.3+build.9 (3.274ms)
✔ package graph / range ">1.2" / 1.2.4-alpha (3.209967ms)
✔ package graph / range ">1.2" / 1.2.4 (3.120523ms)
✔ package graph / range ">1.2" / 1.3.0-0 (3.094934ms)
✔ package graph / range ">1.2" / 1.3.0 (3.105158ms)
✔ package graph / range ">1.2" / 2.0.0-alpha (3.268792ms)
✔ package graph / range ">1.2" / 2.0.0 (3.30227ms)
✔ package graph / range ">1.2" / 2.3.4 (3.467366ms)
✔ package graph / range ">1.2" / 3.0.0 (3.270476ms)
✔ package graph / range "<1" / 0.0.0 (3.22125ms)
✔ package graph / range "<1" / 0.0.2 (3.302764ms)
✔ package graph / range "<1" / 0.0.3 (3.209056ms)
✔ package graph / range "<1" / 0.1.0 (3.258465ms)
✔ package graph / range "<1" / 0.2.3 (3.346226ms)
✔ package graph / range "<1" / 0.2.4 (3.275285ms)
✔ package graph / range "<1" / 0.3.0 (3.290228ms)
✔ package graph / range "<1" / 1.0.0 (3.327893ms)
✔ package graph / range "<1" / 1.2.0 (3.330166ms)
✔ package graph / range "<1" / 1.2.2 (3.318442ms)
✔ package graph / range "<1" / 1.2.3-0 (3.356678ms)
✔ package graph / range "<1" / 1.2.3-alpha (3.26417ms)
✔ package graph / range "<1" / 1.2.3-alpha.2 (3.233666ms)
✔ package graph / range "<1" / 1.2.3-alpha.10 (3.229116ms)
✔ package graph / range "<1" / 1.2.3-beta (3.279002ms)
✔ package graph / range "<1" / 1.2.3 (3.299374ms)
✔ package graph / range "<1" / 1.2.3+build.9 (3.486135ms)
✔ package graph / range "<1" / 1.2.4-alpha (3.929586ms)
✔ package graph / range "<1" / 1.2.4 (3.243642ms)
✔ package graph / range "<1" / 1.3.0-0 (3.155861ms)
✔ package graph / range "<1" / 1.3.0 (3.254177ms)
✔ package graph / range "<1" / 2.0.0-alpha (3.219367ms)
✔ package graph / range "<1" / 2.0.0 (3.194731ms)
✔ package graph / range "<1" / 2.3.4 (3.182593ms)
✔ package graph / range "<1" / 3.0.0 (3.319437ms)
✔ package graph / range "<1.2" / 0.0.0 (3.275799ms)
✔ package graph / range "<1.2" / 0.0.2 (3.232142ms)
✔ package graph / range "<1.2" / 0.0.3 (3.280198ms)
✔ package graph / range "<1.2" / 0.1.0 (3.251543ms)
✔ package graph / range "<1.2" / 0.2.3 (3.373464ms)
✔ package graph / range "<1.2" / 0.2.4 (3.272107ms)
✔ package graph / range "<1.2" / 0.3.0 (3.198553ms)
✔ package graph / range "<1.2" / 1.0.0 (3.310986ms)
✔ package graph / range "<1.2" / 1.2.0 (3.162934ms)
✔ package graph / range "<1.2" / 1.2.2 (3.211463ms)
✔ package graph / range "<1.2" / 1.2.3-0 (3.194318ms)
✔ package graph / range "<1.2" / 1.2.3-alpha (3.873871ms)
✔ package graph / range "<1.2" / 1.2.3-alpha.2 (3.214541ms)
✔ package graph / range "<1.2" / 1.2.3-alpha.10 (3.390436ms)
✔ package graph / range "<1.2" / 1.2.3-beta (3.208981ms)
✔ package graph / range "<1.2" / 1.2.3 (3.255086ms)
✔ package graph / range "<1.2" / 1.2.3+build.9 (3.449653ms)
✔ package graph / range "<1.2" / 1.2.4-alpha (3.253061ms)
✔ package graph / range "<1.2" / 1.2.4 (3.165682ms)
✔ package graph / range "<1.2" / 1.3.0-0 (3.287297ms)
✔ package graph / range "<1.2" / 1.3.0 (3.250437ms)
✔ package graph / range "<1.2" / 2.0.0-alpha (3.168591ms)
✔ package graph / range "<1.2" / 2.0.0 (3.253078ms)
✔ package graph / range "<1.2" / 2.3.4 (3.295586ms)
✔ package graph / range "<1.2" / 3.0.0 (3.161095ms)
✔ package graph / range "<=1" / 0.0.0 (3.239584ms)
✔ package graph / range "<=1" / 0.0.2 (3.328163ms)
✔ package graph / range "<=1" / 0.0.3 (3.271241ms)
✔ package graph / range "<=1" / 0.1.0 (3.604771ms)
✔ package graph / range "<=1" / 0.2.3 (3.500715ms)
✔ package graph / range "<=1" / 0.2.4 (3.203845ms)
✔ package graph / range "<=1" / 0.3.0 (3.288016ms)
✔ package graph / range "<=1" / 1.0.0 (3.354647ms)
✔ package graph / range "<=1" / 1.2.0 (3.287941ms)
✔ package graph / range "<=1" / 1.2.2 (3.284043ms)
✔ package graph / range "<=1" / 1.2.3-0 (3.313523ms)
✔ package graph / range "<=1" / 1.2.3-alpha (3.347603ms)
✔ package graph / range "<=1" / 1.2.3-alpha.2 (3.263905ms)
✔ package graph / range "<=1" / 1.2.3-alpha.10 (3.319096ms)
✔ package graph / range "<=1" / 1.2.3-beta (3.166602ms)
✔ package graph / range "<=1" / 1.2.3 (3.245735ms)
✔ package graph / range "<=1" / 1.2.3+build.9 (3.195488ms)
✔ package graph / range "<=1" / 1.2.4-alpha (3.191559ms)
✔ package graph / range "<=1" / 1.2.4 (3.231563ms)
✔ package graph / range "<=1" / 1.3.0-0 (3.261407ms)
✔ package graph / range "<=1" / 1.3.0 (3.213061ms)
✔ package graph / range "<=1" / 2.0.0-alpha (3.207125ms)
✔ package graph / range "<=1" / 2.0.0 (3.250959ms)
✔ package graph / range "<=1" / 2.3.4 (3.321013ms)
✔ package graph / range "<=1" / 3.0.0 (3.111985ms)
✔ package graph / range "<=1.2" / 0.0.0 (3.222125ms)
✔ package graph / range "<=1.2" / 0.0.2 (3.304369ms)
✔ package graph / range "<=1.2" / 0.0.3 (3.348733ms)
✔ package graph / range "<=1.2" / 0.1.0 (3.260445ms)
✔ package graph / range "<=1.2" / 0.2.3 (3.250414ms)
✔ package graph / range "<=1.2" / 0.2.4 (3.290662ms)
✔ package graph / range "<=1.2" / 0.3.0 (3.242463ms)
✔ package graph / range "<=1.2" / 1.0.0 (3.2483ms)
✔ package graph / range "<=1.2" / 1.2.0 (3.256245ms)
✔ package graph / range "<=1.2" / 1.2.2 (3.290247ms)
✔ package graph / range "<=1.2" / 1.2.3-0 (3.205212ms)
✔ package graph / range "<=1.2" / 1.2.3-alpha (3.266304ms)
✔ package graph / range "<=1.2" / 1.2.3-alpha.2 (3.101582ms)
✔ package graph / range "<=1.2" / 1.2.3-alpha.10 (3.212046ms)
✔ package graph / range "<=1.2" / 1.2.3-beta (3.19603ms)
✔ package graph / range "<=1.2" / 1.2.3 (3.232851ms)
✔ package graph / range "<=1.2" / 1.2.3+build.9 (3.182209ms)
✔ package graph / range "<=1.2" / 1.2.4-alpha (3.349442ms)
✔ package graph / range "<=1.2" / 1.2.4 (3.287811ms)
✔ package graph / range "<=1.2" / 1.3.0-0 (3.157985ms)
✔ package graph / range "<=1.2" / 1.3.0 (3.226815ms)
✔ package graph / range "<=1.2" / 2.0.0-alpha (3.258437ms)
✔ package graph / range "<=1.2" / 2.0.0 (3.237335ms)
✔ package graph / range "<=1.2" / 2.3.4 (3.138481ms)
✔ package graph / range "<=1.2" / 3.0.0 (3.226207ms)
✔ package graph / range ">=1" / 0.0.0 (3.10299ms)
✔ package graph / range ">=1" / 0.0.2 (3.198195ms)
✔ package graph / range ">=1" / 0.0.3 (3.212939ms)
✔ package graph / range ">=1" / 0.1.0 (3.126543ms)
✔ package graph / range ">=1" / 0.2.3 (3.072885ms)
✔ package graph / range ">=1" / 0.2.4 (3.241907ms)
✔ package graph / range ">=1" / 0.3.0 (3.813065ms)
✔ package graph / range ">=1" / 1.0.0 (3.334299ms)
✔ package graph / range ">=1" / 1.2.0 (3.251176ms)
✔ package graph / range ">=1" / 1.2.2 (3.218728ms)
✔ package graph / range ">=1" / 1.2.3-0 (3.247225ms)
✔ package graph / range ">=1" / 1.2.3-alpha (3.239616ms)
✔ package graph / range ">=1" / 1.2.3-alpha.2 (3.216056ms)
✔ package graph / range ">=1" / 1.2.3-alpha.10 (3.138556ms)
✔ package graph / range ">=1" / 1.2.3-beta (3.163961ms)
✔ package graph / range ">=1" / 1.2.3 (3.326806ms)
✔ package graph / range ">=1" / 1.2.3+build.9 (3.336242ms)
✔ package graph / range ">=1" / 1.2.4-alpha (3.235927ms)
✔ package graph / range ">=1" / 1.2.4 (3.305318ms)
✔ package graph / range ">=1" / 1.3.0-0 (3.284669ms)
✔ package graph / range ">=1" / 1.3.0 (3.473894ms)
✔ package graph / range ">=1" / 2.0.0-alpha (3.244751ms)
✔ package graph / range ">=1" / 2.0.0 (3.308636ms)
✔ package graph / range ">=1" / 2.3.4 (3.273071ms)
✔ package graph / range ">=1" / 3.0.0 (3.223803ms)
✔ package graph / range ">=1.2" / 0.0.0 (3.229497ms)
✔ package graph / range ">=1.2" / 0.0.2 (3.215876ms)
✔ package graph / range ">=1.2" / 0.0.3 (3.180708ms)
✔ package graph / range ">=1.2" / 0.1.0 (3.197046ms)
✔ package graph / range ">=1.2" / 0.2.3 (3.245448ms)
✔ package graph / range ">=1.2" / 0.2.4 (3.291564ms)
✔ package graph / range ">=1.2" / 0.3.0 (3.288454ms)
✔ package graph / range ">=1.2" / 1.0.0 (3.164149ms)
✔ package graph / range ">=1.2" / 1.2.0 (3.255334ms)
✔ package graph / range ">=1.2" / 1.2.2 (3.142611ms)
✔ package graph / range ">=1.2" / 1.2.3-0 (3.229245ms)
✔ package graph / range ">=1.2" / 1.2.3-alpha (3.183608ms)
✔ package graph / range ">=1.2" / 1.2.3-alpha.2 (3.162395ms)
✔ package graph / range ">=1.2" / 1.2.3-alpha.10 (3.259689ms)
✔ package graph / range ">=1.2" / 1.2.3-beta (3.185769ms)
✔ package graph / range ">=1.2" / 1.2.3 (3.265216ms)
✔ package graph / range ">=1.2" / 1.2.3+build.9 (3.230367ms)
✔ package graph / range ">=1.2" / 1.2.4-alpha (3.397229ms)
✔ package graph / range ">=1.2" / 1.2.4 (3.462476ms)
✔ package graph / range ">=1.2" / 1.3.0-0 (3.229738ms)
✔ package graph / range ">=1.2" / 1.3.0 (3.289316ms)
✔ package graph / range ">=1.2" / 2.0.0-alpha (3.271332ms)
✔ package graph / range ">=1.2" / 2.0.0 (3.261566ms)
✔ package graph / range ">=1.2" / 2.3.4 (3.292826ms)
✔ package graph / range ">=1.2" / 3.0.0 (3.295022ms)
✔ package graph / range ">x" / 0.0.0 (3.363089ms)
✔ package graph / range ">x" / 0.0.2 (3.162609ms)
✔ package graph / range ">x" / 0.0.3 (3.218695ms)
✔ package graph / range ">x" / 0.1.0 (3.375865ms)
✔ package graph / range ">x" / 0.2.3 (3.20769ms)
✔ package graph / range ">x" / 0.2.4 (3.219898ms)
✔ package graph / range ">x" / 0.3.0 (3.322466ms)
✔ package graph / range ">x" / 1.0.0 (3.30073ms)
✔ package graph / range ">x" / 1.2.0 (3.284443ms)
✔ package graph / range ">x" / 1.2.2 (3.187084ms)
✔ package graph / range ">x" / 1.2.3-0 (3.286515ms)
✔ package graph / range ">x" / 1.2.3-alpha (3.286824ms)
✔ package graph / range ">x" / 1.2.3-alpha.2 (3.126157ms)
✔ package graph / range ">x" / 1.2.3-alpha.10 (3.169777ms)
✔ package graph / range ">x" / 1.2.3-beta (3.378391ms)
✔ package graph / range ">x" / 1.2.3 (3.254051ms)
✔ package graph / range ">x" / 1.2.3+build.9 (3.226229ms)
✔ package graph / range ">x" / 1.2.4-alpha (3.296242ms)
✔ package graph / range ">x" / 1.2.4 (3.268322ms)
✔ package graph / range ">x" / 1.3.0-0 (3.263792ms)
✔ package graph / range ">x" / 1.3.0 (3.228251ms)
✔ package graph / range ">x" / 2.0.0-alpha (3.204349ms)
✔ package graph / range ">x" / 2.0.0 (3.325762ms)
✔ package graph / range ">x" / 2.3.4 (3.338992ms)
✔ package graph / range ">x" / 3.0.0 (3.188372ms)
✔ package graph / range "<x" / 0.0.0 (3.142918ms)
✔ package graph / range "<x" / 0.0.2 (4.009934ms)
✔ package graph / range "<x" / 0.0.3 (3.322907ms)
✔ package graph / range "<x" / 0.1.0 (3.249339ms)
✔ package graph / range "<x" / 0.2.3 (3.239354ms)
✔ package graph / range "<x" / 0.2.4 (3.197306ms)
✔ package graph / range "<x" / 0.3.0 (3.226536ms)
✔ package graph / range "<x" / 1.0.0 (3.177543ms)
✔ package graph / range "<x" / 1.2.0 (3.231573ms)
✔ package graph / range "<x" / 1.2.2 (3.283173ms)
✔ package graph / range "<x" / 1.2.3-0 (3.179846ms)
✔ package graph / range "<x" / 1.2.3-alpha (3.102029ms)
✔ package graph / range "<x" / 1.2.3-alpha.2 (3.122862ms)
✔ package graph / range "<x" / 1.2.3-alpha.10 (3.184178ms)
✔ package graph / range "<x" / 1.2.3-beta (3.188998ms)
✔ package graph / range "<x" / 1.2.3 (3.141886ms)
✔ package graph / range "<x" / 1.2.3+build.9 (3.220967ms)
✔ package graph / range "<x" / 1.2.4-alpha (3.280809ms)
✔ package graph / range "<x" / 1.2.4 (3.139723ms)
✔ package graph / range "<x" / 1.3.0-0 (3.5183ms)
✔ package graph / range "<x" / 1.3.0 (3.367442ms)
✔ package graph / range "<x" / 2.0.0-alpha (3.386541ms)
✔ package graph / range "<x" / 2.0.0 (3.253029ms)
✔ package graph / range "<x" / 2.3.4 (3.140471ms)
✔ package graph / range "<x" / 3.0.0 (3.27562ms)
✔ package graph / range ">=x" / 0.0.0 (3.274321ms)
✔ package graph / range ">=x" / 0.0.2 (3.249713ms)
✔ package graph / range ">=x" / 0.0.3 (3.321909ms)
✔ package graph / range ">=x" / 0.1.0 (3.285715ms)
✔ package graph / range ">=x" / 0.2.3 (3.235565ms)
✔ package graph / range ">=x" / 0.2.4 (3.335853ms)
✔ package graph / range ">=x" / 0.3.0 (3.316741ms)
✔ package graph / range ">=x" / 1.0.0 (3.214279ms)
✔ package graph / range ">=x" / 1.2.0 (3.317259ms)
✔ package graph / range ">=x" / 1.2.2 (3.290701ms)
✔ package graph / range ">=x" / 1.2.3-0 (3.158989ms)
✔ package graph / range ">=x" / 1.2.3-alpha (3.212716ms)
✔ package graph / range ">=x" / 1.2.3-alpha.2 (3.25582ms)
✔ package graph / range ">=x" / 1.2.3-alpha.10 (3.162574ms)
✔ package graph / range ">=x" / 1.2.3-beta (3.182794ms)
✔ package graph / range ">=x" / 1.2.3 (3.258771ms)
✔ package graph / range ">=x" / 1.2.3+build.9 (3.3138ms)
✔ package graph / range ">=x" / 1.2.4-alpha (3.231885ms)
✔ package graph / range ">=x" / 1.2.4 (3.26526ms)
✔ package graph / range ">=x" / 1.3.0-0 (3.323981ms)
✔ package graph / range ">=x" / 1.3.0 (3.133066ms)
✔ package graph / range ">=x" / 2.0.0-alpha (3.141403ms)
✔ package graph / range ">=x" / 2.0.0 (3.285614ms)
✔ package graph / range ">=x" / 2.3.4 (3.218917ms)
✔ package graph / range ">=x" / 3.0.0 (3.128899ms)
✔ package graph / range "<=x" / 0.0.0 (3.277172ms)
✔ package graph / range "<=x" / 0.0.2 (3.279942ms)
✔ package graph / range "<=x" / 0.0.3 (3.200416ms)
✔ package graph / range "<=x" / 0.1.0 (3.291193ms)
✔ package graph / range "<=x" / 0.2.3 (3.182824ms)
✔ package graph / range "<=x" / 0.2.4 (3.227018ms)
✔ package graph / range "<=x" / 0.3.0 (3.219458ms)
✔ package graph / range "<=x" / 1.0.0 (3.375109ms)
✔ package graph / range "<=x" / 1.2.0 (3.279907ms)
✔ package graph / range "<=x" / 1.2.2 (3.197679ms)
✔ package graph / range "<=x" / 1.2.3-0 (3.274785ms)
✔ package graph / range "<=x" / 1.2.3-alpha (3.131376ms)
✔ package graph / range "<=x" / 1.2.3-alpha.2 (3.277879ms)
✔ package graph / range "<=x" / 1.2.3-alpha.10 (3.21537ms)
✔ package graph / range "<=x" / 1.2.3-beta (3.246696ms)
✔ package graph / range "<=x" / 1.2.3 (3.276441ms)
✔ package graph / range "<=x" / 1.2.3+build.9 (3.24007ms)
✔ package graph / range "<=x" / 1.2.4-alpha (3.213506ms)
✔ package graph / range "<=x" / 1.2.4 (3.272166ms)
✔ package graph / range "<=x" / 1.3.0-0 (3.30214ms)
✔ package graph / range "<=x" / 1.3.0 (3.241266ms)
✔ package graph / range "<=x" / 2.0.0-alpha (5.330009ms)
✔ package graph / range "<=x" / 2.0.0 (3.359568ms)
✔ package graph / range "<=x" / 2.3.4 (3.251495ms)
✔ package graph / range "<=x" / 3.0.0 (3.302808ms)
✔ package graph / range "=x" / 0.0.0 (3.203304ms)
✔ package graph / range "=x" / 0.0.2 (3.26068ms)
✔ package graph / range "=x" / 0.0.3 (3.241599ms)
✔ package graph / range "=x" / 0.1.0 (3.180953ms)
✔ package graph / range "=x" / 0.2.3 (3.267234ms)
✔ package graph / range "=x" / 0.2.4 (3.155059ms)
✔ package graph / range "=x" / 0.3.0 (3.247457ms)
✔ package graph / range "=x" / 1.0.0 (3.305026ms)
✔ package graph / range "=x" / 1.2.0 (3.281767ms)
✔ package graph / range "=x" / 1.2.2 (3.163228ms)
✔ package graph / range "=x" / 1.2.3-0 (3.184025ms)
✔ package graph / range "=x" / 1.2.3-alpha (3.122506ms)
✔ package graph / range "=x" / 1.2.3-alpha.2 (3.325009ms)
✔ package graph / range "=x" / 1.2.3-alpha.10 (3.153677ms)
✔ package graph / range "=x" / 1.2.3-beta (3.192556ms)
✔ package graph / range "=x" / 1.2.3 (3.199567ms)
✔ package graph / range "=x" / 1.2.3+build.9 (3.241148ms)
✔ package graph / range "=x" / 1.2.4-alpha (3.238978ms)
✔ package graph / range "=x" / 1.2.4 (3.258556ms)
✔ package graph / range "=x" / 1.3.0-0 (3.224721ms)
✔ package graph / range "=x" / 1.3.0 (3.204769ms)
✔ package graph / range "=x" / 2.0.0-alpha (3.183028ms)
✔ package graph / range "=x" / 2.0.0 (3.135244ms)
✔ package graph / range "=x" / 2.3.4 (3.1711ms)
✔ package graph / range "=x" / 3.0.0 (3.267317ms)
✔ package graph / range "~1" / 0.0.0 (3.204912ms)
✔ package graph / range "~1" / 0.0.2 (3.314258ms)
✔ package graph / range "~1" / 0.0.3 (3.254632ms)
✔ package graph / range "~1" / 0.1.0 (3.211392ms)
✔ package graph / range "~1" / 0.2.3 (3.2275ms)
✔ package graph / range "~1" / 0.2.4 (3.246341ms)
✔ package graph / range "~1" / 0.3.0 (3.175743ms)
✔ package graph / range "~1" / 1.0.0 (3.27268ms)
✔ package graph / range "~1" / 1.2.0 (3.299144ms)
✔ package graph / range "~1" / 1.2.2 (3.287711ms)
✔ package graph / range "~1" / 1.2.3-0 (3.144575ms)
✔ package graph / range "~1" / 1.2.3-alpha (3.176851ms)
✔ package graph / range "~1" / 1.2.3-alpha.2 (3.139694ms)
✔ package graph / range "~1" / 1.2.3-alpha.10 (3.239777ms)
✔ package graph / range "~1" / 1.2.3-beta (3.31556ms)
✔ package graph / range "~1" / 1.2.3 (3.254793ms)
✔ package graph / range "~1" / 1.2.3+build.9 (3.181979ms)
✔ package graph / range "~1" / 1.2.4-alpha (3.157763ms)
✔ package graph / range "~1" / 1.2.4 (3.207911ms)
✔ package graph / range "~1" / 1.3.0-0 (3.286349ms)
✔ package graph / range "~1" / 1.3.0 (3.213943ms)
✔ package graph / range "~1" / 2.0.0-alpha (3.256401ms)
✔ package graph / range "~1" / 2.0.0 (3.176756ms)
✔ package graph / range "~1" / 2.3.4 (3.114876ms)
✔ package graph / range "~1" / 3.0.0 (3.102867ms)
✔ package graph / range "~1.2" / 0.0.0 (3.166282ms)
✔ package graph / range "~1.2" / 0.0.2 (3.335196ms)
✔ package graph / range "~1.2" / 0.0.3 (3.289176ms)
✔ package graph / range "~1.2" / 0.1.0 (3.220485ms)
✔ package graph / range "~1.2" / 0.2.3 (3.182194ms)
✔ package graph / range "~1.2" / 0.2.4 (3.185991ms)
✔ package graph / range "~1.2" / 0.3.0 (3.23823ms)
✔ package graph / range "~1.2" / 1.0.0 (3.163624ms)
✔ package graph / range "~1.2" / 1.2.0 (3.269973ms)
✔ package graph / range "~1.2" / 1.2.2 (3.247546ms)
✔ package graph / range "~1.2" / 1.2.3-0 (3.175827ms)
✔ package graph / range "~1.2" / 1.2.3-alpha (3.216624ms)
✔ package graph / range "~1.2" / 1.2.3-alpha.2 (3.203652ms)
✔ package graph / range "~1.2" / 1.2.3-alpha.10 (3.140452ms)
✔ package graph / range "~1.2" / 1.2.3-beta (3.205195ms)
✔ package graph / range "~1.2" / 1.2.3 (3.815017ms)
✔ package graph / range "~1.2" / 1.2.3+build.9 (3.413583ms)
✔ package graph / range "~1.2" / 1.2.4-alpha (3.234223ms)
✔ package graph / range "~1.2" / 1.2.4 (3.430879ms)
✔ package graph / range "~1.2" / 1.3.0-0 (3.192685ms)
✔ package graph / range "~1.2" / 1.3.0 (3.16576ms)
✔ package graph / range "~1.2" / 2.0.0-alpha (3.113652ms)
✔ package graph / range "~1.2" / 2.0.0 (3.158403ms)
✔ package graph / range "~1.2" / 2.3.4 (3.175552ms)
✔ package graph / range "~1.2" / 3.0.0 (3.182575ms)
✔ package graph / range "~1.2.3" / 0.0.0 (3.353596ms)
✔ package graph / range "~1.2.3" / 0.0.2 (3.397738ms)
✔ package graph / range "~1.2.3" / 0.0.3 (3.423182ms)
✔ package graph / range "~1.2.3" / 0.1.0 (3.172403ms)
✔ package graph / range "~1.2.3" / 0.2.3 (3.188285ms)
✔ package graph / range "~1.2.3" / 0.2.4 (3.403304ms)
✔ package graph / range "~1.2.3" / 0.3.0 (3.329429ms)
✔ package graph / range "~1.2.3" / 1.0.0 (3.238796ms)
✔ package graph / range "~1.2.3" / 1.2.0 (3.332578ms)
✔ package graph / range "~1.2.3" / 1.2.2 (3.212614ms)
✔ package graph / range "~1.2.3" / 1.2.3-0 (3.282887ms)
✔ package graph / range "~1.2.3" / 1.2.3-alpha (3.252373ms)
✔ package graph / range "~1.2.3" / 1.2.3-alpha.2 (3.312959ms)
✔ package graph / range "~1.2.3" / 1.2.3-alpha.10 (3.141298ms)
✔ package graph / range "~1.2.3" / 1.2.3-beta (3.199519ms)
✔ package graph / range "~1.2.3" / 1.2.3 (3.325927ms)
✔ package graph / range "~1.2.3" / 1.2.3+build.9 (3.186646ms)
✔ package graph / range "~1.2.3" / 1.2.4-alpha (3.315928ms)
✔ package graph / range "~1.2.3" / 1.2.4 (3.338153ms)
✔ package graph / range "~1.2.3" / 1.3.0-0 (3.272149ms)
✔ package graph / range "~1.2.3" / 1.3.0 (3.195904ms)
✔ package graph / range "~1.2.3" / 2.0.0-alpha (3.461924ms)
✔ package graph / range "~1.2.3" / 2.0.0 (3.329988ms)
✔ package graph / range "~1.2.3" / 2.3.4 (3.459565ms)
✔ package graph / range "~1.2.3" / 3.0.0 (3.182564ms)
✔ package graph / range "~0.2.3" / 0.0.0 (3.162268ms)
✔ package graph / range "~0.2.3" / 0.0.2 (3.251876ms)
✔ package graph / range "~0.2.3" / 0.0.3 (3.175671ms)
✔ package graph / range "~0.2.3" / 0.1.0 (3.39881ms)
✔ package graph / range "~0.2.3" / 0.2.3 (3.229422ms)
✔ package graph / range "~0.2.3" / 0.2.4 (3.307598ms)
✔ package graph / range "~0.2.3" / 0.3.0 (3.308169ms)
✔ package graph / range "~0.2.3" / 1.0.0 (3.28961ms)
✔ package graph / range "~0.2.3" / 1.2.0 (3.259674ms)
✔ package graph / range "~0.2.3" / 1.2.2 (3.247923ms)
✔ package graph / range "~0.2.3" / 1.2.3-0 (3.097629ms)
✔ package graph / range "~0.2.3" / 1.2.3-alpha (3.294903ms)
✔ package graph / range "~0.2.3" / 1.2.3-alpha.2 (3.160119ms)
✔ package graph / range "~0.2.3" / 1.2.3-alpha.10 (3.207396ms)
✔ package graph / range "~0.2.3" / 1.2.3-beta (3.302201ms)
✔ package graph / range "~0.2.3" / 1.2.3 (3.198466ms)
✔ package graph / range "~0.2.3" / 1.2.3+build.9 (3.316239ms)
✔ package graph / range "~0.2.3" / 1.2.4-alpha (3.208285ms)
✔ package graph / range "~0.2.3" / 1.2.4 (3.201975ms)
✔ package graph / range "~0.2.3" / 1.3.0-0 (3.271925ms)
✔ package graph / range "~0.2.3" / 1.3.0 (3.273487ms)
✔ package graph / range "~0.2.3" / 2.0.0-alpha (3.201433ms)
✔ package graph / range "~0.2.3" / 2.0.0 (3.229822ms)
✔ package graph / range "~0.2.3" / 2.3.4 (3.253606ms)
✔ package graph / range "~0.2.3" / 3.0.0 (3.270825ms)
✔ package graph / range "^1" / 0.0.0 (3.158602ms)
✔ package graph / range "^1" / 0.0.2 (3.207477ms)
✔ package graph / range "^1" / 0.0.3 (3.282424ms)
✔ package graph / range "^1" / 0.1.0 (3.2318ms)
✔ package graph / range "^1" / 0.2.3 (3.175561ms)
✔ package graph / range "^1" / 0.2.4 (3.330957ms)
✔ package graph / range "^1" / 0.3.0 (3.317374ms)
✔ package graph / range "^1" / 1.0.0 (3.250103ms)
✔ package graph / range "^1" / 1.2.0 (3.198179ms)
✔ package graph / range "^1" / 1.2.2 (3.194034ms)
✔ package graph / range "^1" / 1.2.3-0 (3.21445ms)
✔ package graph / range "^1" / 1.2.3-alpha (3.191545ms)
✔ package graph / range "^1" / 1.2.3-alpha.2 (3.26121ms)
✔ package graph / range "^1" / 1.2.3-alpha.10 (3.112924ms)
✔ package graph / range "^1" / 1.2.3-beta (3.196141ms)
✔ package graph / range "^1" / 1.2.3 (3.296583ms)
✔ package graph / range "^1" / 1.2.3+build.9 (3.199017ms)
✔ package graph / range "^1" / 1.2.4-alpha (3.210053ms)
✔ package graph / range "^1" / 1.2.4 (3.148106ms)
✔ package graph / range "^1" / 1.3.0-0 (3.168134ms)
✔ package graph / range "^1" / 1.3.0 (3.076561ms)
✔ package graph / range "^1" / 2.0.0-alpha (3.232727ms)
✔ package graph / range "^1" / 2.0.0 (3.295453ms)
✔ package graph / range "^1" / 2.3.4 (3.144556ms)
✔ package graph / range "^1" / 3.0.0 (3.138219ms)
✔ package graph / range "^1.2" / 0.0.0 (3.202804ms)
✔ package graph / range "^1.2" / 0.0.2 (3.147456ms)
✔ package graph / range "^1.2" / 0.0.3 (3.185592ms)
✔ package graph / range "^1.2" / 0.1.0 (3.337314ms)
✔ package graph / range "^1.2" / 0.2.3 (3.209153ms)
✔ package graph / range "^1.2" / 0.2.4 (3.154775ms)
✔ package graph / range "^1.2" / 0.3.0 (3.223658ms)
✔ package graph / range "^1.2" / 1.0.0 (3.341105ms)
✔ package graph / range "^1.2" / 1.2.0 (3.350802ms)
✔ package graph / range "^1.2" / 1.2.2 (3.218955ms)
✔ package graph / range "^1.2" / 1.2.3-0 (3.292385ms)
✔ package graph / range "^1.2" / 1.2.3-alpha (3.271125ms)
✔ package graph / range "^1.2" / 1.2.3-alpha.2 (3.19955ms)
✔ package graph / range "^1.2" / 1.2.3-alpha.10 (3.229904ms)
✔ package graph / range "^1.2" / 1.2.3-beta (3.109519ms)
✔ package graph / range "^1.2" / 1.2.3 (3.132228ms)
✔ package graph / range "^1.2" / 1.2.3+build.9 (3.227975ms)
✔ package graph / range "^1.2" / 1.2.4-alpha (3.128961ms)
✔ package graph / range "^1.2" / 1.2.4 (3.209879ms)
✔ package graph / range "^1.2" / 1.3.0-0 (3.207645ms)
✔ package graph / range "^1.2" / 1.3.0 (3.166531ms)
✔ package graph / range "^1.2" / 2.0.0-alpha (3.087914ms)
✔ package graph / range "^1.2" / 2.0.0 (3.320208ms)
✔ package graph / range "^1.2" / 2.3.4 (3.14521ms)
✔ package graph / range "^1.2" / 3.0.0 (3.200516ms)
✔ package graph / range "^1.2.3" / 0.0.0 (3.224619ms)
✔ package graph / range "^1.2.3" / 0.0.2 (3.237679ms)
✔ package graph / range "^1.2.3" / 0.0.3 (3.265941ms)
✔ package graph / range "^1.2.3" / 0.1.0 (3.183594ms)
✔ package graph / range "^1.2.3" / 0.2.3 (3.126294ms)
✔ package graph / range "^1.2.3" / 0.2.4 (3.182218ms)
✔ package graph / range "^1.2.3" / 0.3.0 (3.348952ms)
✔ package graph / range "^1.2.3" / 1.0.0 (3.075798ms)
✔ package graph / range "^1.2.3" / 1.2.0 (3.218791ms)
✔ package graph / range "^1.2.3" / 1.2.2 (3.249802ms)
✔ package graph / range "^1.2.3" / 1.2.3-0 (3.193114ms)
✔ package graph / range "^1.2.3" / 1.2.3-alpha (3.206032ms)
✔ package graph / range "^1.2.3" / 1.2.3-alpha.2 (3.199751ms)
✔ package graph / range "^1.2.3" / 1.2.3-alpha.10 (3.251688ms)
✔ package graph / range "^1.2.3" / 1.2.3-beta (3.18725ms)
✔ package graph / range "^1.2.3" / 1.2.3 (3.252126ms)
✔ package graph / range "^1.2.3" / 1.2.3+build.9 (3.291705ms)
✔ package graph / range "^1.2.3" / 1.2.4-alpha (3.253202ms)
✔ package graph / range "^1.2.3" / 1.2.4 (3.212866ms)
✔ package graph / range "^1.2.3" / 1.3.0-0 (3.130316ms)
✔ package graph / range "^1.2.3" / 1.3.0 (3.261626ms)
✔ package graph / range "^1.2.3" / 2.0.0-alpha (3.200523ms)
✔ package graph / range "^1.2.3" / 2.0.0 (3.141861ms)
✔ package graph / range "^1.2.3" / 2.3.4 (3.36473ms)
✔ package graph / range "^1.2.3" / 3.0.0 (3.239436ms)
✔ package graph / range "^0" / 0.0.0 (3.235188ms)
✔ package graph / range "^0" / 0.0.2 (3.222476ms)
✔ package graph / range "^0" / 0.0.3 (3.174776ms)
✔ package graph / range "^0" / 0.1.0 (3.295399ms)
✔ package graph / range "^0" / 0.2.3 (3.147657ms)
✔ package graph / range "^0" / 0.2.4 (3.374934ms)
✔ package graph / range "^0" / 0.3.0 (3.971205ms)
✔ package graph / range "^0" / 1.0.0 (3.327936ms)
✔ package graph / range "^0" / 1.2.0 (3.3162ms)
✔ package graph / range "^0" / 1.2.2 (3.172096ms)
✔ package graph / range "^0" / 1.2.3-0 (3.189248ms)
✔ package graph / range "^0" / 1.2.3-alpha (3.224377ms)
✔ package graph / range "^0" / 1.2.3-alpha.2 (3.130442ms)
✔ package graph / range "^0" / 1.2.3-alpha.10 (3.171086ms)
✔ package graph / range "^0" / 1.2.3-beta (3.139768ms)
✔ package graph / range "^0" / 1.2.3 (3.174839ms)
✔ package graph / range "^0" / 1.2.3+build.9 (3.204641ms)
✔ package graph / range "^0" / 1.2.4-alpha (3.149971ms)
✔ package graph / range "^0" / 1.2.4 (3.137919ms)
✔ package graph / range "^0" / 1.3.0-0 (3.199059ms)
✔ package graph / range "^0" / 1.3.0 (3.285381ms)
✔ package graph / range "^0" / 2.0.0-alpha (3.265144ms)
✔ package graph / range "^0" / 2.0.0 (3.266165ms)
✔ package graph / range "^0" / 2.3.4 (3.114379ms)
✔ package graph / range "^0" / 3.0.0 (3.10876ms)
✔ package graph / range "^0.0" / 0.0.0 (3.230158ms)
✔ package graph / range "^0.0" / 0.0.2 (3.247165ms)
✔ package graph / range "^0.0" / 0.0.3 (3.247082ms)
✔ package graph / range "^0.0" / 0.1.0 (3.222429ms)
✔ package graph / range "^0.0" / 0.2.3 (3.148604ms)
✔ package graph / range "^0.0" / 0.2.4 (3.195065ms)
✔ package graph / range "^0.0" / 0.3.0 (3.222048ms)
✔ package graph / range "^0.0" / 1.0.0 (3.114052ms)
✔ package graph / range "^0.0" / 1.2.0 (3.170844ms)
✔ package graph / range "^0.0" / 1.2.2 (3.152463ms)
✔ package graph / range "^0.0" / 1.2.3-0 (3.260612ms)
✔ package graph / range "^0.0" / 1.2.3-alpha (3.176525ms)
✔ package graph / range "^0.0" / 1.2.3-alpha.2 (3.273798ms)
✔ package graph / range "^0.0" / 1.2.3-alpha.10 (3.132201ms)
✔ package graph / range "^0.0" / 1.2.3-beta (3.092594ms)
✔ package graph / range "^0.0" / 1.2.3 (3.083081ms)
✔ package graph / range "^0.0" / 1.2.3+build.9 (3.145755ms)
✔ package graph / range "^0.0" / 1.2.4-alpha (3.209105ms)
✔ package graph / range "^0.0" / 1.2.4 (3.152052ms)
✔ package graph / range "^0.0" / 1.3.0-0 (3.199343ms)
✔ package graph / range "^0.0" / 1.3.0 (3.202419ms)
✔ package graph / range "^0.0" / 2.0.0-alpha (3.262462ms)
✔ package graph / range "^0.0" / 2.0.0 (3.168731ms)
✔ package graph / range "^0.0" / 2.3.4 (3.320154ms)
✔ package graph / range "^0.0" / 3.0.0 (3.167964ms)
✔ package graph / range "^0.0.2" / 0.0.0 (3.181571ms)
✔ package graph / range "^0.0.2" / 0.0.2 (3.324312ms)
✔ package graph / range "^0.0.2" / 0.0.3 (3.148589ms)
✔ package graph / range "^0.0.2" / 0.1.0 (3.124259ms)
✔ package graph / range "^0.0.2" / 0.2.3 (3.187176ms)
✔ package graph / range "^0.0.2" / 0.2.4 (3.083625ms)
✔ package graph / range "^0.0.2" / 0.3.0 (3.188088ms)
✔ package graph / range "^0.0.2" / 1.0.0 (3.069905ms)
✔ package graph / range "^0.0.2" / 1.2.0 (3.154971ms)
✔ package graph / range "^0.0.2" / 1.2.2 (3.257943ms)
✔ package graph / range "^0.0.2" / 1.2.3-0 (3.157588ms)
✔ package graph / range "^0.0.2" / 1.2.3-alpha (3.177513ms)
✔ package graph / range "^0.0.2" / 1.2.3-alpha.2 (3.287191ms)
✔ package graph / range "^0.0.2" / 1.2.3-alpha.10 (3.414625ms)
✔ package graph / range "^0.0.2" / 1.2.3-beta (3.22475ms)
✔ package graph / range "^0.0.2" / 1.2.3 (3.247245ms)
✔ package graph / range "^0.0.2" / 1.2.3+build.9 (3.295121ms)
✔ package graph / range "^0.0.2" / 1.2.4-alpha (3.247758ms)
✔ package graph / range "^0.0.2" / 1.2.4 (3.166329ms)
✔ package graph / range "^0.0.2" / 1.3.0-0 (3.208949ms)
✔ package graph / range "^0.0.2" / 1.3.0 (3.285422ms)
✔ package graph / range "^0.0.2" / 2.0.0-alpha (3.219753ms)
✔ package graph / range "^0.0.2" / 2.0.0 (3.187504ms)
✔ package graph / range "^0.0.2" / 2.3.4 (3.111398ms)
✔ package graph / range "^0.0.2" / 3.0.0 (3.208397ms)
✔ package graph / range "^0.2" / 0.0.0 (3.115204ms)
✔ package graph / range "^0.2" / 0.0.2 (3.177081ms)
✔ package graph / range "^0.2" / 0.0.3 (3.216223ms)
✔ package graph / range "^0.2" / 0.1.0 (3.291634ms)
✔ package graph / range "^0.2" / 0.2.3 (3.447753ms)
✔ package graph / range "^0.2" / 0.2.4 (3.321541ms)
✔ package graph / range "^0.2" / 0.3.0 (3.208149ms)
✔ package graph / range "^0.2" / 1.0.0 (3.183048ms)
✔ package graph / range "^0.2" / 1.2.0 (3.306581ms)
✔ package graph / range "^0.2" / 1.2.2 (3.309233ms)
✔ package graph / range "^0.2" / 1.2.3-0 (3.331297ms)
✔ package graph / range "^0.2" / 1.2.3-alpha (3.386942ms)
✔ package graph / range "^0.2" / 1.2.3-alpha.2 (3.368294ms)
✔ package graph / range "^0.2" / 1.2.3-alpha.10 (3.384402ms)
✔ package graph / range "^0.2" / 1.2.3-beta (3.369696ms)
✔ package graph / range "^0.2" / 1.2.3 (3.520629ms)
✔ package graph / range "^0.2" / 1.2.3+build.9 (3.443186ms)
✔ package graph / range "^0.2" / 1.2.4-alpha (3.26499ms)
✔ package graph / range "^0.2" / 1.2.4 (3.241764ms)
✔ package graph / range "^0.2" / 1.3.0-0 (3.122898ms)
✔ package graph / range "^0.2" / 1.3.0 (3.098897ms)
✔ package graph / range "^0.2" / 2.0.0-alpha (3.114894ms)
✔ package graph / range "^0.2" / 2.0.0 (3.175513ms)
✔ package graph / range "^0.2" / 2.3.4 (3.139626ms)
✔ package graph / range "^0.2" / 3.0.0 (3.118932ms)
✔ package graph / range "^0.2.3" / 0.0.0 (3.169405ms)
✔ package graph / range "^0.2.3" / 0.0.2 (3.252127ms)
✔ package graph / range "^0.2.3" / 0.0.3 (3.227217ms)
✔ package graph / range "^0.2.3" / 0.1.0 (3.265078ms)
✔ package graph / range "^0.2.3" / 0.2.3 (3.166651ms)
✔ package graph / range "^0.2.3" / 0.2.4 (3.255796ms)
✔ package graph / range "^0.2.3" / 0.3.0 (3.098127ms)
✔ package graph / range "^0.2.3" / 1.0.0 (3.158149ms)
✔ package graph / range "^0.2.3" / 1.2.0 (3.193616ms)
✔ package graph / range "^0.2.3" / 1.2.2 (3.183846ms)
✔ package graph / range "^0.2.3" / 1.2.3-0 (3.275902ms)
✔ package graph / range "^0.2.3" / 1.2.3-alpha (3.333006ms)
✔ package graph / range "^0.2.3" / 1.2.3-alpha.2 (3.296837ms)
✔ package graph / range "^0.2.3" / 1.2.3-alpha.10 (3.454229ms)
✔ package graph / range "^0.2.3" / 1.2.3-beta (3.309193ms)
✔ package graph / range "^0.2.3" / 1.2.3 (3.219619ms)
✔ package graph / range "^0.2.3" / 1.2.3+build.9 (3.176587ms)
✔ package graph / range "^0.2.3" / 1.2.4-alpha (3.227574ms)
✔ package graph / range "^0.2.3" / 1.2.4 (3.208556ms)
✔ package graph / range "^0.2.3" / 1.3.0-0 (3.262646ms)
✔ package graph / range "^0.2.3" / 1.3.0 (3.220345ms)
✔ package graph / range "^0.2.3" / 2.0.0-alpha (3.282786ms)
✔ package graph / range "^0.2.3" / 2.0.0 (3.217936ms)
✔ package graph / range "^0.2.3" / 2.3.4 (3.261371ms)
✔ package graph / range "^0.2.3" / 3.0.0 (3.333642ms)
✔ package graph / range "^0.0.0" / 0.0.0 (3.227501ms)
✔ package graph / range "^0.0.0" / 0.0.2 (3.215819ms)
✔ package graph / range "^0.0.0" / 0.0.3 (3.2439ms)
✔ package graph / range "^0.0.0" / 0.1.0 (3.239026ms)
✔ package graph / range "^0.0.0" / 0.2.3 (3.209179ms)
✔ package graph / range "^0.0.0" / 0.2.4 (3.419278ms)
✔ package graph / range "^0.0.0" / 0.3.0 (3.383123ms)
✔ package graph / range "^0.0.0" / 1.0.0 (3.208116ms)
✔ package graph / range "^0.0.0" / 1.2.0 (3.104157ms)
✔ package graph / range "^0.0.0" / 1.2.2 (3.197483ms)
✔ package graph / range "^0.0.0" / 1.2.3-0 (3.23089ms)
✔ package graph / range "^0.0.0" / 1.2.3-alpha (3.21313ms)
✔ package graph / range "^0.0.0" / 1.2.3-alpha.2 (3.195186ms)
✔ package graph / range "^0.0.0" / 1.2.3-alpha.10 (3.268848ms)
✔ package graph / range "^0.0.0" / 1.2.3-beta (3.249601ms)
✔ package graph / range "^0.0.0" / 1.2.3 (3.338807ms)
✔ package graph / range "^0.0.0" / 1.2.3+build.9 (3.275622ms)
✔ package graph / range "^0.0.0" / 1.2.4-alpha (3.23883ms)
✔ package graph / range "^0.0.0" / 1.2.4 (3.193593ms)
✔ package graph / range "^0.0.0" / 1.3.0-0 (3.220916ms)
✔ package graph / range "^0.0.0" / 1.3.0 (3.122812ms)
✔ package graph / range "^0.0.0" / 2.0.0-alpha (3.205966ms)
✔ package graph / range "^0.0.0" / 2.0.0 (3.184845ms)
✔ package graph / range "^0.0.0" / 2.3.4 (3.138036ms)
✔ package graph / range "^0.0.0" / 3.0.0 (3.340413ms)
✔ package graph / range "1.2.3 - 2.3.4" / 0.0.0 (3.260279ms)
✔ package graph / range "1.2.3 - 2.3.4" / 0.0.2 (3.438522ms)
✔ package graph / range "1.2.3 - 2.3.4" / 0.0.3 (3.344909ms)
✔ package graph / range "1.2.3 - 2.3.4" / 0.1.0 (3.383206ms)
✔ package graph / range "1.2.3 - 2.3.4" / 0.2.3 (3.299575ms)
✔ package graph / range "1.2.3 - 2.3.4" / 0.2.4 (3.256198ms)
✔ package graph / range "1.2.3 - 2.3.4" / 0.3.0 (3.285811ms)
✔ package graph / range "1.2.3 - 2.3.4" / 1.0.0 (3.377334ms)
✔ package graph / range "1.2.3 - 2.3.4" / 1.2.0 (3.22077ms)
✔ package graph / range "1.2.3 - 2.3.4" / 1.2.2 (3.249709ms)
✔ package graph / range "1.2.3 - 2.3.4" / 1.2.3-0 (3.332844ms)
✔ package graph / range "1.2.3 - 2.3.4" / 1.2.3-alpha (3.281881ms)
✔ package graph / range "1.2.3 - 2.3.4" / 1.2.3-alpha.2 (3.227414ms)
✔ package graph / range "1.2.3 - 2.3.4" / 1.2.3-alpha.10 (3.261482ms)
✔ package graph / range "1.2.3 - 2.3.4" / 1.2.3-beta (3.282659ms)
✔ package graph / range "1.2.3 - 2.3.4" / 1.2.3 (3.310664ms)
✔ package graph / range "1.2.3 - 2.3.4" / 1.2.3+build.9 (3.233981ms)
✔ package graph / range "1.2.3 - 2.3.4" / 1.2.4-alpha (3.248363ms)
✔ package graph / range "1.2.3 - 2.3.4" / 1.2.4 (3.225019ms)
✔ package graph / range "1.2.3 - 2.3.4" / 1.3.0-0 (3.121519ms)
✔ package graph / range "1.2.3 - 2.3.4" / 1.3.0 (3.274809ms)
✔ package graph / range "1.2.3 - 2.3.4" / 2.0.0-alpha (3.077631ms)
✔ package graph / range "1.2.3 - 2.3.4" / 2.0.0 (3.144658ms)
✔ package graph / range "1.2.3 - 2.3.4" / 2.3.4 (3.21078ms)
✔ package graph / range "1.2.3 - 2.3.4" / 3.0.0 (3.161018ms)
✔ package graph / range "1.2 - 2.3" / 0.0.0 (3.083296ms)
✔ package graph / range "1.2 - 2.3" / 0.0.2 (3.067375ms)
✔ package graph / range "1.2 - 2.3" / 0.0.3 (3.175286ms)
✔ package graph / range "1.2 - 2.3" / 0.1.0 (3.194054ms)
✔ package graph / range "1.2 - 2.3" / 0.2.3 (3.205979ms)
✔ package graph / range "1.2 - 2.3" / 0.2.4 (3.202925ms)
✔ package graph / range "1.2 - 2.3" / 0.3.0 (3.297249ms)
✔ package graph / range "1.2 - 2.3" / 1.0.0 (3.22008ms)
✔ package graph / range "1.2 - 2.3" / 1.2.0 (3.233557ms)
✔ package graph / range "1.2 - 2.3" / 1.2.2 (3.287679ms)
✔ package graph / range "1.2 - 2.3" / 1.2.3-0 (3.290779ms)
✔ package graph / range "1.2 - 2.3" / 1.2.3-alpha (3.210211ms)
✔ package graph / range "1.2 - 2.3" / 1.2.3-alpha.2 (3.215652ms)
✔ package graph / range "1.2 - 2.3" / 1.2.3-alpha.10 (3.141399ms)
✔ package graph / range "1.2 - 2.3" / 1.2.3-beta (3.043598ms)
✔ package graph / range "1.2 - 2.3" / 1.2.3 (3.198013ms)
✔ package graph / range "1.2 - 2.3" / 1.2.3+build.9 (3.155346ms)
✔ package graph / range "1.2 - 2.3" / 1.2.4-alpha (3.192243ms)
✔ package graph / range "1.2 - 2.3" / 1.2.4 (3.346103ms)
✔ package graph / range "1.2 - 2.3" / 1.3.0-0 (3.206579ms)
✔ package graph / range "1.2 - 2.3" / 1.3.0 (3.317034ms)
✔ package graph / range "1.2 - 2.3" / 2.0.0-alpha (3.349695ms)
✔ package graph / range "1.2 - 2.3" / 2.0.0 (3.256256ms)
✔ package graph / range "1.2 - 2.3" / 2.3.4 (3.217877ms)
✔ package graph / range "1.2 - 2.3" / 3.0.0 (3.214998ms)
✔ package graph / range "1 - 2" / 0.0.0 (3.286905ms)
✔ package graph / range "1 - 2" / 0.0.2 (3.180751ms)
✔ package graph / range "1 - 2" / 0.0.3 (3.314403ms)
✔ package graph / range "1 - 2" / 0.1.0 (3.126773ms)
✔ package graph / range "1 - 2" / 0.2.3 (3.293604ms)
✔ package graph / range "1 - 2" / 0.2.4 (3.218201ms)
✔ package graph / range "1 - 2" / 0.3.0 (3.267732ms)
✔ package graph / range "1 - 2" / 1.0.0 (3.291648ms)
✔ package graph / range "1 - 2" / 1.2.0 (3.380693ms)
✔ package graph / range "1 - 2" / 1.2.2 (3.272423ms)
✔ package graph / range "1 - 2" / 1.2.3-0 (3.22902ms)
✔ package graph / range "1 - 2" / 1.2.3-alpha (3.175215ms)
✔ package graph / range "1 - 2" / 1.2.3-alpha.2 (3.296681ms)
✔ package graph / range "1 - 2" / 1.2.3-alpha.10 (3.217588ms)
✔ package graph / range "1 - 2" / 1.2.3-beta (3.237452ms)
✔ package graph / range "1 - 2" / 1.2.3 (3.230011ms)
✔ package graph / range "1 - 2" / 1.2.3+build.9 (3.211836ms)
✔ package graph / range "1 - 2" / 1.2.4-alpha (3.117983ms)
✔ package graph / range "1 - 2" / 1.2.4 (3.226205ms)
✔ package graph / range "1 - 2" / 1.3.0-0 (3.245399ms)
✔ package graph / range "1 - 2" / 1.3.0 (3.274443ms)
✔ package graph / range "1 - 2" / 2.0.0-alpha (3.182788ms)
✔ package graph / range "1 - 2" / 2.0.0 (3.204969ms)
✔ package graph / range "1 - 2" / 2.3.4 (3.226007ms)
✔ package graph / range "1 - 2" / 3.0.0 (3.306234ms)
✔ package graph / range "1.2.3 - 2" / 0.0.0 (3.206697ms)
✔ package graph / range "1.2.3 - 2" / 0.0.2 (3.17664ms)
✔ package graph / range "1.2.3 - 2" / 0.0.3 (3.367186ms)
✔ package graph / range "1.2.3 - 2" / 0.1.0 (3.299691ms)
✔ package graph / range "1.2.3 - 2" / 0.2.3 (3.278548ms)
✔ package graph / range "1.2.3 - 2" / 0.2.4 (3.206494ms)
✔ package graph / range "1.2.3 - 2" / 0.3.0 (3.231953ms)
✔ package graph / range "1.2.3 - 2" / 1.0.0 (3.422636ms)
✔ package graph / range "1.2.3 - 2" / 1.2.0 (3.412311ms)
✔ package graph / range "1.2.3 - 2" / 1.2.2 (3.23036ms)
✔ package graph / range "1.2.3 - 2" / 1.2.3-0 (3.24675ms)
✔ package graph / range "1.2.3 - 2" / 1.2.3-alpha (3.201438ms)
✔ package graph / range "1.2.3 - 2" / 1.2.3-alpha.2 (3.128423ms)
✔ package graph / range "1.2.3 - 2" / 1.2.3-alpha.10 (3.169845ms)
✔ package graph / range "1.2.3 - 2" / 1.2.3-beta (3.126956ms)
✔ package graph / range "1.2.3 - 2" / 1.2.3 (3.201598ms)
✔ package graph / range "1.2.3 - 2" / 1.2.3+build.9 (3.136405ms)
✔ package graph / range "1.2.3 - 2" / 1.2.4-alpha (3.161982ms)
✔ package graph / range "1.2.3 - 2" / 1.2.4 (3.419405ms)
✔ package graph / range "1.2.3 - 2" / 1.3.0-0 (3.487055ms)
✔ package graph / range "1.2.3 - 2" / 1.3.0 (3.396905ms)
✔ package graph / range "1.2.3 - 2" / 2.0.0-alpha (3.299415ms)
✔ package graph / range "1.2.3 - 2" / 2.0.0 (3.251861ms)
✔ package graph / range "1.2.3 - 2" / 2.3.4 (3.204151ms)
✔ package graph / range "1.2.3 - 2" / 3.0.0 (3.268207ms)
✔ package graph / range ">=1.2.0 <2.0.0" / 0.0.0 (3.206181ms)
✔ package graph / range ">=1.2.0 <2.0.0" / 0.0.2 (3.227525ms)
✔ package graph / range ">=1.2.0 <2.0.0" / 0.0.3 (3.221895ms)
✔ package graph / range ">=1.2.0 <2.0.0" / 0.1.0 (3.286292ms)
✔ package graph / range ">=1.2.0 <2.0.0" / 0.2.3 (3.175092ms)
✔ package graph / range ">=1.2.0 <2.0.0" / 0.2.4 (3.178737ms)
✔ package graph / range ">=1.2.0 <2.0.0" / 0.3.0 (3.122545ms)
✔ package graph / range ">=1.2.0 <2.0.0" / 1.0.0 (3.171499ms)
✔ package graph / range ">=1.2.0 <2.0.0" / 1.2.0 (3.163664ms)
✔ package graph / range ">=1.2.0 <2.0.0" / 1.2.2 (3.157281ms)
✔ package graph / range ">=1.2.0 <2.0.0" / 1.2.3-0 (3.140206ms)
✔ package graph / range ">=1.2.0 <2.0.0" / 1.2.3-alpha (3.208198ms)
✔ package graph / range ">=1.2.0 <2.0.0" / 1.2.3-alpha.2 (3.175169ms)
✔ package graph / range ">=1.2.0 <2.0.0" / 1.2.3-alpha.10 (3.283654ms)
✔ package graph / range ">=1.2.0 <2.0.0" / 1.2.3-beta (3.199851ms)
✔ package graph / range ">=1.2.0 <2.0.0" / 1.2.3 (3.21149ms)
✔ package graph / range ">=1.2.0 <2.0.0" / 1.2.3+build.9 (3.305962ms)
✔ package graph / range ">=1.2.0 <2.0.0" / 1.2.4-alpha (3.240482ms)
✔ package graph / range ">=1.2.0 <2.0.0" / 1.2.4 (3.266125ms)
✔ package graph / range ">=1.2.0 <2.0.0" / 1.3.0-0 (3.146873ms)
✔ package graph / range ">=1.2.0 <2.0.0" / 1.3.0 (3.295963ms)
✔ package graph / range ">=1.2.0 <2.0.0" / 2.0.0-alpha (3.219718ms)
✔ package graph / range ">=1.2.0 <2.0.0" / 2.0.0 (3.205326ms)
✔ package graph / range ">=1.2.0 <2.0.0" / 2.3.4 (3.164313ms)
✔ package graph / range ">=1.2.0 <2.0.0" / 3.0.0 (3.168246ms)
✔ package graph / range ">2.0.0 <1.0.0" / 0.0.0 (3.157967ms)
✔ package graph / range ">2.0.0 <1.0.0" / 0.0.2 (3.327829ms)
✔ package graph / range ">2.0.0 <1.0.0" / 0.0.3 (3.248634ms)
✔ package graph / range ">2.0.0 <1.0.0" / 0.1.0 (3.243414ms)
✔ package graph / range ">2.0.0 <1.0.0" / 0.2.3 (3.278579ms)
✔ package graph / range ">2.0.0 <1.0.0" / 0.2.4 (3.357506ms)
✔ package graph / range ">2.0.0 <1.0.0" / 0.3.0 (3.222516ms)
✔ package graph / range ">2.0.0 <1.0.0" / 1.0.0 (3.198496ms)
✔ package graph / range ">2.0.0 <1.0.0" / 1.2.0 (3.315593ms)
✔ package graph / range ">2.0.0 <1.0.0" / 1.2.2 (3.74732ms)
✔ package graph / range ">2.0.0 <1.0.0" / 1.2.3-0 (3.458515ms)
✔ package graph / range ">2.0.0 <1.0.0" / 1.2.3-alpha (3.354939ms)
✔ package graph / range ">2.0.0 <1.0.0" / 1.2.3-alpha.2 (3.206076ms)
✔ package graph / range ">2.0.0 <1.0.0" / 1.2.3-alpha.10 (3.250053ms)
✔ package graph / range ">2.0.0 <1.0.0" / 1.2.3-beta (3.185292ms)
✔ package graph / range ">2.0.0 <1.0.0" / 1.2.3 (3.219306ms)
✔ package graph / range ">2.0.0 <1.0.0" / 1.2.3+build.9 (3.219113ms)
✔ package graph / range ">2.0.0 <1.0.0" / 1.2.4-alpha (4.354282ms)
✔ package graph / range ">2.0.0 <1.0.0" / 1.2.4 (3.45449ms)
✔ package graph / range ">2.0.0 <1.0.0" / 1.3.0-0 (3.287488ms)
✔ package graph / range ">2.0.0 <1.0.0" / 1.3.0 (3.273115ms)
✔ package graph / range ">2.0.0 <1.0.0" / 2.0.0-alpha (3.215418ms)
✔ package graph / range ">2.0.0 <1.0.0" / 2.0.0 (3.343459ms)
✔ package graph / range ">2.0.0 <1.0.0" / 2.3.4 (3.348426ms)
✔ package graph / range ">2.0.0 <1.0.0" / 3.0.0 (3.256757ms)
✔ package graph / range "1.2.3 || 2.3.4" / 0.0.0 (3.157544ms)
✔ package graph / range "1.2.3 || 2.3.4" / 0.0.2 (3.136368ms)
✔ package graph / range "1.2.3 || 2.3.4" / 0.0.3 (3.219025ms)
✔ package graph / range "1.2.3 || 2.3.4" / 0.1.0 (3.227339ms)
✔ package graph / range "1.2.3 || 2.3.4" / 0.2.3 (3.226463ms)
✔ package graph / range "1.2.3 || 2.3.4" / 0.2.4 (3.272801ms)
✔ package graph / range "1.2.3 || 2.3.4" / 0.3.0 (3.193965ms)
✔ package graph / range "1.2.3 || 2.3.4" / 1.0.0 (3.09535ms)
✔ package graph / range "1.2.3 || 2.3.4" / 1.2.0 (3.1052ms)
✔ package graph / range "1.2.3 || 2.3.4" / 1.2.2 (3.262272ms)
✔ package graph / range "1.2.3 || 2.3.4" / 1.2.3-0 (3.158584ms)
✔ package graph / range "1.2.3 || 2.3.4" / 1.2.3-alpha (3.168481ms)
✔ package graph / range "1.2.3 || 2.3.4" / 1.2.3-alpha.2 (3.188443ms)
✔ package graph / range "1.2.3 || 2.3.4" / 1.2.3-alpha.10 (3.149927ms)
✔ package graph / range "1.2.3 || 2.3.4" / 1.2.3-beta (3.148843ms)
✔ package graph / range "1.2.3 || 2.3.4" / 1.2.3 (3.11897ms)
✔ package graph / range "1.2.3 || 2.3.4" / 1.2.3+build.9 (3.197947ms)
✔ package graph / range "1.2.3 || 2.3.4" / 1.2.4-alpha (3.127675ms)
✔ package graph / range "1.2.3 || 2.3.4" / 1.2.4 (3.222489ms)
✔ package graph / range "1.2.3 || 2.3.4" / 1.3.0-0 (3.285802ms)
✔ package graph / range "1.2.3 || 2.3.4" / 1.3.0 (3.188533ms)
✔ package graph / range "1.2.3 || 2.3.4" / 2.0.0-alpha (3.176573ms)
✔ package graph / range "1.2.3 || 2.3.4" / 2.0.0 (3.240355ms)
✔ package graph / range "1.2.3 || 2.3.4" / 2.3.4 (3.341796ms)
✔ package graph / range "1.2.3 || 2.3.4" / 3.0.0 (3.094987ms)
✔ package graph / range "^0.2.3 || ~1.2.0" / 0.0.0 (3.110297ms)
✔ package graph / range "^0.2.3 || ~1.2.0" / 0.0.2 (3.211227ms)
✔ package graph / range "^0.2.3 || ~1.2.0" / 0.0.3 (3.176051ms)
✔ package graph / range "^0.2.3 || ~1.2.0" / 0.1.0 (3.258011ms)
✔ package graph / range "^0.2.3 || ~1.2.0" / 0.2.3 (3.158422ms)
✔ package graph / range "^0.2.3 || ~1.2.0" / 0.2.4 (3.227823ms)
✔ package graph / range "^0.2.3 || ~1.2.0" / 0.3.0 (3.210249ms)
✔ package graph / range "^0.2.3 || ~1.2.0" / 1.0.0 (3.321266ms)
✔ package graph / range "^0.2.3 || ~1.2.0" / 1.2.0 (3.379762ms)
✔ package graph / range "^0.2.3 || ~1.2.0" / 1.2.2 (3.199696ms)
✔ package graph / range "^0.2.3 || ~1.2.0" / 1.2.3-0 (3.168062ms)
✔ package graph / range "^0.2.3 || ~1.2.0" / 1.2.3-alpha (3.252117ms)
✔ package graph / range "^0.2.3 || ~1.2.0" / 1.2.3-alpha.2 (3.213763ms)
✔ package graph / range "^0.2.3 || ~1.2.0" / 1.2.3-alpha.10 (3.151186ms)
✔ package graph / range "^0.2.3 || ~1.2.0" / 1.2.3-beta (3.229943ms)
✔ package graph / range "^0.2.3 || ~1.2.0" / 1.2.3 (3.194172ms)
✔ package graph / range "^0.2.3 || ~1.2.0" / 1.2.3+build.9 (3.18462ms)
✔ package graph / range "^0.2.3 || ~1.2.0" / 1.2.4-alpha (3.183217ms)
✔ package graph / range "^0.2.3 || ~1.2.0" / 1.2.4 (3.193148ms)
✔ package graph / range "^0.2.3 || ~1.2.0" / 1.3.0-0 (3.162375ms)
✔ package graph / range "^0.2.3 || ~1.2.0" / 1.3.0 (3.100502ms)
✔ package graph / range "^0.2.3 || ~1.2.0" / 2.0.0-alpha (3.133265ms)
✔ package graph / range "^0.2.3 || ~1.2.0" / 2.0.0 (3.269053ms)
✔ package graph / range "^0.2.3 || ~1.2.0" / 2.3.4 (3.240784ms)
✔ package graph / range "^0.2.3 || ~1.2.0" / 3.0.0 (3.194537ms)
✔ package graph / range ">=1.2.3-alpha <2.0.0" / 0.0.0 (3.162899ms)
✔ package graph / range ">=1.2.3-alpha <2.0.0" / 0.0.2 (3.207385ms)
✔ package graph / range ">=1.2.3-alpha <2.0.0" / 0.0.3 (3.142385ms)
✔ package graph / range ">=1.2.3-alpha <2.0.0" / 0.1.0 (3.126865ms)
✔ package graph / range ">=1.2.3-alpha <2.0.0" / 0.2.3 (3.161734ms)
✔ package graph / range ">=1.2.3-alpha <2.0.0" / 0.2.4 (3.163514ms)
✔ package graph / range ">=1.2.3-alpha <2.0.0" / 0.3.0 (3.233665ms)
✔ package graph / range ">=1.2.3-alpha <2.0.0" / 1.0.0 (3.128902ms)
✔ package graph / range ">=1.2.3-alpha <2.0.0" / 1.2.0 (3.296663ms)
✔ package graph / range ">=1.2.3-alpha <2.0.0" / 1.2.2 (3.195539ms)
✔ package graph / range ">=1.2.3-alpha <2.0.0" / 1.2.3-0 (3.099611ms)
✔ package graph / range ">=1.2.3-alpha <2.0.0" / 1.2.3-alpha (3.190576ms)
✔ package graph / range ">=1.2.3-alpha <2.0.0" / 1.2.3-alpha.2 (3.264651ms)
✔ package graph / range ">=1.2.3-alpha <2.0.0" / 1.2.3-alpha.10 (3.228249ms)
✔ package graph / range ">=1.2.3-alpha <2.0.0" / 1.2.3-beta (3.295189ms)
✔ package graph / range ">=1.2.3-alpha <2.0.0" / 1.2.3 (3.267644ms)
✔ package graph / range ">=1.2.3-alpha <2.0.0" / 1.2.3+build.9 (3.182741ms)
✔ package graph / range ">=1.2.3-alpha <2.0.0" / 1.2.4-alpha (3.235306ms)
✔ package graph / range ">=1.2.3-alpha <2.0.0" / 1.2.4 (3.411365ms)
✔ package graph / range ">=1.2.3-alpha <2.0.0" / 1.3.0-0 (3.193231ms)
✔ package graph / range ">=1.2.3-alpha <2.0.0" / 1.3.0 (3.161691ms)
✔ package graph / range ">=1.2.3-alpha <2.0.0" / 2.0.0-alpha (3.135789ms)
✔ package graph / range ">=1.2.3-alpha <2.0.0" / 2.0.0 (3.154712ms)
✔ package graph / range ">=1.2.3-alpha <2.0.0" / 2.3.4 (3.365153ms)
✔ package graph / range ">=1.2.3-alpha <2.0.0" / 3.0.0 (3.272343ms)
✔ package graph / range "^1.2.3-alpha" / 0.0.0 (3.136626ms)
✔ package graph / range "^1.2.3-alpha" / 0.0.2 (3.229952ms)
✔ package graph / range "^1.2.3-alpha" / 0.0.3 (3.160332ms)
✔ package graph / range "^1.2.3-alpha" / 0.1.0 (3.197261ms)
✔ package graph / range "^1.2.3-alpha" / 0.2.3 (3.262711ms)
✔ package graph / range "^1.2.3-alpha" / 0.2.4 (3.135133ms)
✔ package graph / range "^1.2.3-alpha" / 0.3.0 (3.240733ms)
✔ package graph / range "^1.2.3-alpha" / 1.0.0 (3.267242ms)
✔ package graph / range "^1.2.3-alpha" / 1.2.0 (3.264223ms)
✔ package graph / range "^1.2.3-alpha" / 1.2.2 (3.167279ms)
✔ package graph / range "^1.2.3-alpha" / 1.2.3-0 (3.155884ms)
✔ package graph / range "^1.2.3-alpha" / 1.2.3-alpha (3.304971ms)
✔ package graph / range "^1.2.3-alpha" / 1.2.3-alpha.2 (3.244296ms)
✔ package graph / range "^1.2.3-alpha" / 1.2.3-alpha.10 (3.291358ms)
✔ package graph / range "^1.2.3-alpha" / 1.2.3-beta (3.320285ms)
✔ package graph / range "^1.2.3-alpha" / 1.2.3 (3.213652ms)
✔ package graph / range "^1.2.3-alpha" / 1.2.3+build.9 (3.250146ms)
✔ package graph / range "^1.2.3-alpha" / 1.2.4-alpha (3.157297ms)
✔ package graph / range "^1.2.3-alpha" / 1.2.4 (3.248859ms)
✔ package graph / range "^1.2.3-alpha" / 1.3.0-0 (3.300744ms)
✔ package graph / range "^1.2.3-alpha" / 1.3.0 (3.164706ms)
✔ package graph / range "^1.2.3-alpha" / 2.0.0-alpha (3.121054ms)
✔ package graph / range "^1.2.3-alpha" / 2.0.0 (3.198203ms)
✔ package graph / range "^1.2.3-alpha" / 2.3.4 (3.38241ms)
✔ package graph / range "^1.2.3-alpha" / 3.0.0 (3.165054ms)
✔ package graph / range "~1.2.3-alpha" / 0.0.0 (3.203882ms)
✔ package graph / range "~1.2.3-alpha" / 0.0.2 (3.186869ms)
✔ package graph / range "~1.2.3-alpha" / 0.0.3 (3.294528ms)
✔ package graph / range "~1.2.3-alpha" / 0.1.0 (3.121073ms)
✔ package graph / range "~1.2.3-alpha" / 0.2.3 (3.140996ms)
✔ package graph / range "~1.2.3-alpha" / 0.2.4 (3.159616ms)
✔ package graph / range "~1.2.3-alpha" / 0.3.0 (3.204388ms)
✔ package graph / range "~1.2.3-alpha" / 1.0.0 (3.266408ms)
✔ package graph / range "~1.2.3-alpha" / 1.2.0 (3.186241ms)
✔ package graph / range "~1.2.3-alpha" / 1.2.2 (3.146513ms)
✔ package graph / range "~1.2.3-alpha" / 1.2.3-0 (3.176867ms)
✔ package graph / range "~1.2.3-alpha" / 1.2.3-alpha (3.267105ms)
✔ package graph / range "~1.2.3-alpha" / 1.2.3-alpha.2 (3.191169ms)
✔ package graph / range "~1.2.3-alpha" / 1.2.3-alpha.10 (3.1421ms)
✔ package graph / range "~1.2.3-alpha" / 1.2.3-beta (3.201168ms)
✔ package graph / range "~1.2.3-alpha" / 1.2.3 (3.222603ms)
✔ package graph / range "~1.2.3-alpha" / 1.2.3+build.9 (3.179236ms)
✔ package graph / range "~1.2.3-alpha" / 1.2.4-alpha (3.176993ms)
✔ package graph / range "~1.2.3-alpha" / 1.2.4 (3.188514ms)
✔ package graph / range "~1.2.3-alpha" / 1.3.0-0 (3.185692ms)
✔ package graph / range "~1.2.3-alpha" / 1.3.0 (3.314948ms)
✔ package graph / range "~1.2.3-alpha" / 2.0.0-alpha (3.20567ms)
✔ package graph / range "~1.2.3-alpha" / 2.0.0 (3.214282ms)
✔ package graph / range "~1.2.3-alpha" / 2.3.4 (3.175929ms)
✔ package graph / range "~1.2.3-alpha" / 3.0.0 (3.120808ms)
✔ package graph / range "1.2.3-alpha.2" / 0.0.0 (3.115818ms)
✔ package graph / range "1.2.3-alpha.2" / 0.0.2 (3.253239ms)
✔ package graph / range "1.2.3-alpha.2" / 0.0.3 (3.19956ms)
✔ package graph / range "1.2.3-alpha.2" / 0.1.0 (3.213845ms)
✔ package graph / range "1.2.3-alpha.2" / 0.2.3 (3.167883ms)
✔ package graph / range "1.2.3-alpha.2" / 0.2.4 (3.179412ms)
✔ package graph / range "1.2.3-alpha.2" / 0.3.0 (3.267177ms)
✔ package graph / range "1.2.3-alpha.2" / 1.0.0 (3.136814ms)
✔ package graph / range "1.2.3-alpha.2" / 1.2.0 (3.175386ms)
✔ package graph / range "1.2.3-alpha.2" / 1.2.2 (3.406796ms)
✔ package graph / range "1.2.3-alpha.2" / 1.2.3-0 (3.255289ms)
✔ package graph / range "1.2.3-alpha.2" / 1.2.3-alpha (3.30169ms)
✔ package graph / range "1.2.3-alpha.2" / 1.2.3-alpha.2 (3.201675ms)
✔ package graph / range "1.2.3-alpha.2" / 1.2.3-alpha.10 (3.183272ms)
✔ package graph / range "1.2.3-alpha.2" / 1.2.3-beta (3.15359ms)
✔ package graph / range "1.2.3-alpha.2" / 1.2.3 (3.143471ms)
✔ package graph / range "1.2.3-alpha.2" / 1.2.3+build.9 (3.146735ms)
✔ package graph / range "1.2.3-alpha.2" / 1.2.4-alpha (3.172514ms)
✔ package graph / range "1.2.3-alpha.2" / 1.2.4 (3.227513ms)
✔ package graph / range "1.2.3-alpha.2" / 1.3.0-0 (3.113482ms)
✔ package graph / range "1.2.3-alpha.2" / 1.3.0 (3.198174ms)
✔ package graph / range "1.2.3-alpha.2" / 2.0.0-alpha (3.172658ms)
✔ package graph / range "1.2.3-alpha.2" / 2.0.0 (3.157344ms)
✔ package graph / range "1.2.3-alpha.2" / 2.3.4 (3.214239ms)
✔ package graph / range "1.2.3-alpha.2" / 3.0.0 (3.18776ms)
✔ package graph / range ">1.2.3-alpha.2" / 0.0.0 (3.1174ms)
✔ package graph / range ">1.2.3-alpha.2" / 0.0.2 (3.267681ms)
✔ package graph / range ">1.2.3-alpha.2" / 0.0.3 (3.142925ms)
✔ package graph / range ">1.2.3-alpha.2" / 0.1.0 (3.202205ms)
✔ package graph / range ">1.2.3-alpha.2" / 0.2.3 (3.074039ms)
✔ package graph / range ">1.2.3-alpha.2" / 0.2.4 (3.148136ms)
✔ package graph / range ">1.2.3-alpha.2" / 0.3.0 (3.20413ms)
✔ package graph / range ">1.2.3-alpha.2" / 1.0.0 (3.233008ms)
✔ package graph / range ">1.2.3-alpha.2" / 1.2.0 (3.310017ms)
✔ package graph / range ">1.2.3-alpha.2" / 1.2.2 (3.199996ms)
✔ package graph / range ">1.2.3-alpha.2" / 1.2.3-0 (3.086282ms)
✔ package graph / range ">1.2.3-alpha.2" / 1.2.3-alpha (3.165271ms)
✔ package graph / range ">1.2.3-alpha.2" / 1.2.3-alpha.2 (3.190025ms)
✔ package graph / range ">1.2.3-alpha.2" / 1.2.3-alpha.10 (3.270239ms)
✔ package graph / range ">1.2.3-alpha.2" / 1.2.3-beta (3.159743ms)
✔ package graph / range ">1.2.3-alpha.2" / 1.2.3 (3.2534ms)
✔ package graph / range ">1.2.3-alpha.2" / 1.2.3+build.9 (3.34025ms)
✔ package graph / range ">1.2.3-alpha.2" / 1.2.4-alpha (3.377855ms)
✔ package graph / range ">1.2.3-alpha.2" / 1.2.4 (3.218348ms)
✔ package graph / range ">1.2.3-alpha.2" / 1.3.0-0 (3.223739ms)
✔ package graph / range ">1.2.3-alpha.2" / 1.3.0 (3.352181ms)
✔ package graph / range ">1.2.3-alpha.2" / 2.0.0-alpha (3.458685ms)
✔ package graph / range ">1.2.3-alpha.2" / 2.0.0 (3.36344ms)
✔ package graph / range ">1.2.3-alpha.2" / 2.3.4 (3.231067ms)
✔ package graph / range ">1.2.3-alpha.2" / 3.0.0 (3.27221ms)
✔ package graph / range "<1.2.3-alpha.10" / 0.0.0 (3.229519ms)
✔ package graph / range "<1.2.3-alpha.10" / 0.0.2 (3.233521ms)
✔ package graph / range "<1.2.3-alpha.10" / 0.0.3 (3.220046ms)
✔ package graph / range "<1.2.3-alpha.10" / 0.1.0 (3.135496ms)
✔ package graph / range "<1.2.3-alpha.10" / 0.2.3 (3.286354ms)
✔ package graph / range "<1.2.3-alpha.10" / 0.2.4 (3.286087ms)
✔ package graph / range "<1.2.3-alpha.10" / 0.3.0 (3.190414ms)
✔ package graph / range "<1.2.3-alpha.10" / 1.0.0 (3.191658ms)
✔ package graph / range "<1.2.3-alpha.10" / 1.2.0 (3.200818ms)
✔ package graph / range "<1.2.3-alpha.10" / 1.2.2 (3.228343ms)
✔ package graph / range "<1.2.3-alpha.10" / 1.2.3-0 (3.123755ms)
✔ package graph / range "<1.2.3-alpha.10" / 1.2.3-alpha (3.275165ms)
✔ package graph / range "<1.2.3-alpha.10" / 1.2.3-alpha.2 (3.203601ms)
✔ package graph / range "<1.2.3-alpha.10" / 1.2.3-alpha.10 (3.301379ms)
✔ package graph / range "<1.2.3-alpha.10" / 1.2.3-beta (3.285824ms)
✔ package graph / range "<1.2.3-alpha.10" / 1.2.3 (3.185124ms)
✔ package graph / range "<1.2.3-alpha.10" / 1.2.3+build.9 (3.229563ms)
✔ package graph / range "<1.2.3-alpha.10" / 1.2.4-alpha (3.254612ms)
✔ package graph / range "<1.2.3-alpha.10" / 1.2.4 (3.125648ms)
✔ package graph / range "<1.2.3-alpha.10" / 1.3.0-0 (3.214044ms)
✔ package graph / range "<1.2.3-alpha.10" / 1.3.0 (3.095366ms)
✔ package graph / range "<1.2.3-alpha.10" / 2.0.0-alpha (3.168423ms)
✔ package graph / range "<1.2.3-alpha.10" / 2.0.0 (3.446439ms)
✔ package graph / range "<1.2.3-alpha.10" / 2.3.4 (3.176938ms)
✔ package graph / range "<1.2.3-alpha.10" / 3.0.0 (3.248779ms)
✔ package graph / range "1.2.3-alpha - 1.2.3" / 0.0.0 (3.138282ms)
✔ package graph / range "1.2.3-alpha - 1.2.3" / 0.0.2 (3.235884ms)
✔ package graph / range "1.2.3-alpha - 1.2.3" / 0.0.3 (3.365549ms)
✔ package graph / range "1.2.3-alpha - 1.2.3" / 0.1.0 (3.212097ms)
✔ package graph / range "1.2.3-alpha - 1.2.3" / 0.2.3 (3.300244ms)
✔ package graph / range "1.2.3-alpha - 1.2.3" / 0.2.4 (3.287204ms)
✔ package graph / range "1.2.3-alpha - 1.2.3" / 0.3.0 (3.199916ms)
✔ package graph / range "1.2.3-alpha - 1.2.3" / 1.0.0 (3.170069ms)
✔ package graph / range "1.2.3-alpha - 1.2.3" / 1.2.0 (3.337778ms)
✔ package graph / range "1.2.3-alpha - 1.2.3" / 1.2.2 (3.225734ms)
✔ package graph / range "1.2.3-alpha - 1.2.3" / 1.2.3-0 (3.240662ms)
✔ package graph / range "1.2.3-alpha - 1.2.3" / 1.2.3-alpha (3.264256ms)
✔ package graph / range "1.2.3-alpha - 1.2.3" / 1.2.3-alpha.2 (3.282616ms)
✔ package graph / range "1.2.3-alpha - 1.2.3" / 1.2.3-alpha.10 (3.313868ms)
✔ package graph / range "1.2.3-alpha - 1.2.3" / 1.2.3-beta (3.193945ms)
✔ package graph / range "1.2.3-alpha - 1.2.3" / 1.2.3 (3.320451ms)
✔ package graph / range "1.2.3-alpha - 1.2.3" / 1.2.3+build.9 (3.194518ms)
✔ package graph / range "1.2.3-alpha - 1.2.3" / 1.2.4-alpha (3.235482ms)
✔ package graph / range "1.2.3-alpha - 1.2.3" / 1.2.4 (3.085612ms)
✔ package graph / range "1.2.3-alpha - 1.2.3" / 1.3.0-0 (3.109186ms)
✔ package graph / range "1.2.3-alpha - 1.2.3" / 1.3.0 (3.204049ms)
✔ package graph / range "1.2.3-alpha - 1.2.3" / 2.0.0-alpha (3.208562ms)
✔ package graph / range "1.2.3-alpha - 1.2.3" / 2.0.0 (3.276939ms)
✔ package graph / range "1.2.3-alpha - 1.2.3" / 2.3.4 (3.190767ms)
✔ package graph / range "1.2.3-alpha - 1.2.3" / 3.0.0 (3.208177ms)
✔ package graph / range ">=1.2.3-alpha <1.3" / 0.0.0 (3.167258ms)
✔ package graph / range ">=1.2.3-alpha <1.3" / 0.0.2 (3.193176ms)
✔ package graph / range ">=1.2.3-alpha <1.3" / 0.0.3 (3.167593ms)
✔ package graph / range ">=1.2.3-alpha <1.3" / 0.1.0 (3.187804ms)
✔ package graph / range ">=1.2.3-alpha <1.3" / 0.2.3 (3.310874ms)
✔ package graph / range ">=1.2.3-alpha <1.3" / 0.2.4 (3.345055ms)
✔ package graph / range ">=1.2.3-alpha <1.3" / 0.3.0 (3.20369ms)
✔ package graph / range ">=1.2.3-alpha <1.3" / 1.0.0 (3.21305ms)
✔ package graph / range ">=1.2.3-alpha <1.3" / 1.2.0 (3.174427ms)
✔ package graph / range ">=1.2.3-alpha <1.3" / 1.2.2 (3.173936ms)
✔ package graph / range ">=1.2.3-alpha <1.3" / 1.2.3-0 (3.075182ms)
✔ package graph / range ">=1.2.3-alpha <1.3" / 1.2.3-alpha (3.111952ms)
✔ package graph / range ">=1.2.3-alpha <1.3" / 1.2.3-alpha.2 (3.05793ms)
✔ package graph / range ">=1.2.3-alpha <1.3" / 1.2.3-alpha.10 (3.203649ms)
✔ package graph / range ">=1.2.3-alpha <1.3" / 1.2.3-beta (3.215039ms)
✔ package graph / range ">=1.2.3-alpha <1.3" / 1.2.3 (3.22543ms)
✔ package graph / range ">=1.2.3-alpha <1.3" / 1.2.3+build.9 (3.108201ms)
✔ package graph / range ">=1.2.3-alpha <1.3" / 1.2.4-alpha (3.304782ms)
✔ package graph / range ">=1.2.3-alpha <1.3" / 1.2.4 (3.21949ms)
✔ package graph / range ">=1.2.3-alpha <1.3" / 1.3.0-0 (3.114102ms)
✔ package graph / range ">=1.2.3-alpha <1.3" / 1.3.0 (3.323826ms)
✔ package graph / range ">=1.2.3-alpha <1.3" / 2.0.0-alpha (3.332048ms)
✔ package graph / range ">=1.2.3-alpha <1.3" / 2.0.0 (3.143229ms)
✔ package graph / range ">=1.2.3-alpha <1.3" / 2.3.4 (3.160902ms)
✔ package graph / range ">=1.2.3-alpha <1.3" / 3.0.0 (3.254406ms)
✔ package graph / range ">=1.2.3-alpha <1.2.3 || >=1.2.4-alpha <1.3" / 0.0.0 (3.198745ms)
✔ package graph / range ">=1.2.3-alpha <1.2.3 || >=1.2.4-alpha <1.3" / 0.0.2 (3.260851ms)
✔ package graph / range ">=1.2.3-alpha <1.2.3 || >=1.2.4-alpha <1.3" / 0.0.3 (3.169849ms)
✔ package graph / range ">=1.2.3-alpha <1.2.3 || >=1.2.4-alpha <1.3" / 0.1.0 (3.242986ms)
✔ package graph / range ">=1.2.3-alpha <1.2.3 || >=1.2.4-alpha <1.3" / 0.2.3 (3.226873ms)
✔ package graph / range ">=1.2.3-alpha <1.2.3 || >=1.2.4-alpha <1.3" / 0.2.4 (3.118361ms)
✔ package graph / range ">=1.2.3-alpha <1.2.3 || >=1.2.4-alpha <1.3" / 0.3.0 (3.140531ms)
✔ package graph / range ">=1.2.3-alpha <1.2.3 || >=1.2.4-alpha <1.3" / 1.0.0 (3.296889ms)
✔ package graph / range ">=1.2.3-alpha <1.2.3 || >=1.2.4-alpha <1.3" / 1.2.0 (3.222372ms)
✔ package graph / range ">=1.2.3-alpha <1.2.3 || >=1.2.4-alpha <1.3" / 1.2.2 (3.284328ms)
✔ package graph / range ">=1.2.3-alpha <1.2.3 || >=1.2.4-alpha <1.3" / 1.2.3-0 (3.206893ms)
✔ package graph / range ">=1.2.3-alpha <1.2.3 || >=1.2.4-alpha <1.3" / 1.2.3-alpha (3.290959ms)
✔ package graph / range ">=1.2.3-alpha <1.2.3 || >=1.2.4-alpha <1.3" / 1.2.3-alpha.2 (3.268951ms)
✔ package graph / range ">=1.2.3-alpha <1.2.3 || >=1.2.4-alpha <1.3" / 1.2.3-alpha.10 (3.182288ms)
✔ package graph / range ">=1.2.3-alpha <1.2.3 || >=1.2.4-alpha <1.3" / 1.2.3-beta (3.187657ms)
✔ package graph / range ">=1.2.3-alpha <1.2.3 || >=1.2.4-alpha <1.3" / 1.2.3 (3.205801ms)
✔ package graph / range ">=1.2.3-alpha <1.2.3 || >=1.2.4-alpha <1.3" / 1.2.3+build.9 (3.144568ms)
✔ package graph / range ">=1.2.3-alpha <1.2.3 || >=1.2.4-alpha <1.3" / 1.2.4-alpha (3.131446ms)
✔ package graph / range ">=1.2.3-alpha <1.2.3 || >=1.2.4-alpha <1.3" / 1.2.4 (3.276129ms)
✔ package graph / range ">=1.2.3-alpha <1.2.3 || >=1.2.4-alpha <1.3" / 1.3.0-0 (3.237407ms)
✔ package graph / range ">=1.2.3-alpha <1.2.3 || >=1.2.4-alpha <1.3" / 1.3.0 (3.15429ms)
✔ package graph / range ">=1.2.3-alpha <1.2.3 || >=1.2.4-alpha <1.3" / 2.0.0-alpha (3.260514ms)
✔ package graph / range ">=1.2.3-alpha <1.2.3 || >=1.2.4-alpha <1.3" / 2.0.0 (3.32702ms)
✔ package graph / range ">=1.2.3-alpha <1.2.3 || >=1.2.4-alpha <1.3" / 2.3.4 (3.305927ms)
✔ package graph / range ">=1.2.3-alpha <1.2.3 || >=1.2.4-alpha <1.3" / 3.0.0 (4.513054ms)
✔ package graph / range ">=1.2.3-alpha <1.2.3 || >=2.0.0" / 0.0.0 (3.227939ms)
✔ package graph / range ">=1.2.3-alpha <1.2.3 || >=2.0.0" / 0.0.2 (3.136069ms)
✔ package graph / range ">=1.2.3-alpha <1.2.3 || >=2.0.0" / 0.0.3 (3.187416ms)
✔ package graph / range ">=1.2.3-alpha <1.2.3 || >=2.0.0" / 0.1.0 (3.262144ms)
✔ package graph / range ">=1.2.3-alpha <1.2.3 || >=2.0.0" / 0.2.3 (3.103497ms)
✔ package graph / range ">=1.2.3-alpha <1.2.3 || >=2.0.0" / 0.2.4 (3.213636ms)
✔ package graph / range ">=1.2.3-alpha <1.2.3 || >=2.0.0" / 0.3.0 (3.152821ms)
✔ package graph / range ">=1.2.3-alpha <1.2.3 || >=2.0.0" / 1.0.0 (3.24137ms)
✔ package graph / range ">=1.2.3-alpha <1.2.3 || >=2.0.0" / 1.2.0 (3.195305ms)
✔ package graph / range ">=1.2.3-alpha <1.2.3 || >=2.0.0" / 1.2.2 (3.187162ms)
✔ package graph / range ">=1.2.3-alpha <1.2.3 || >=2.0.0" / 1.2.3-0 (3.27893ms)
✔ package graph / range ">=1.2.3-alpha <1.2.3 || >=2.0.0" / 1.2.3-alpha (3.23382ms)
✔ package graph / range ">=1.2.3-alpha <1.2.3 || >=2.0.0" / 1.2.3-alpha.2 (3.146523ms)
✔ package graph / range ">=1.2.3-alpha <1.2.3 || >=2.0.0" / 1.2.3-alpha.10 (3.288032ms)
✔ package graph / range ">=1.2.3-alpha <1.2.3 || >=2.0.0" / 1.2.3-beta (3.191747ms)
✔ package graph / range ">=1.2.3-alpha <1.2.3 || >=2.0.0" / 1.2.3 (3.189624ms)
✔ package graph / range ">=1.2.3-alpha <1.2.3 || >=2.0.0" / 1.2.3+build.9 (3.171526ms)
✔ package graph / range ">=1.2.3-alpha <1.2.3 || >=2.0.0" / 1.2.4-alpha (3.156707ms)
✔ package graph / range ">=1.2.3-alpha <1.2.3 || >=2.0.0" / 1.2.4 (3.256515ms)
✔ package graph / range ">=1.2.3-alpha <1.2.3 || >=2.0.0" / 1.3.0-0 (3.163065ms)
✔ package graph / range ">=1.2.3-alpha <1.2.3 || >=2.0.0" / 1.3.0 (3.234633ms)
✔ package graph / range ">=1.2.3-alpha <1.2.3 || >=2.0.0" / 2.0.0-alpha (3.423745ms)
✔ package graph / range ">=1.2.3-alpha <1.2.3 || >=2.0.0" / 2.0.0 (3.241774ms)
✔ package graph / range ">=1.2.3-alpha <1.2.3 || >=2.0.0" / 2.3.4 (3.269201ms)
✔ package graph / range ">=1.2.3-alpha <1.2.3 || >=2.0.0" / 3.0.0 (3.276848ms)
✔ package graph / invalid range 1..2 (3.277424ms)
✔ package graph / invalid range 01.2.3 (3.166947ms)
✔ package graph / invalid range 1.02.3 (3.199183ms)
✔ package graph / invalid range 1.2.03 (3.193707ms)
✔ package graph / invalid range 1.2.3.4 (3.200207ms)
✔ package graph / invalid range x.2 (3.407411ms)
✔ package graph / invalid range 1.x.3 (3.303599ms)
✔ package graph / invalid range 1.2-alpha (3.104065ms)
✔ package graph / invalid range 1.2.3- (3.108915ms)
✔ package graph / invalid range 1.2.3+ (3.115123ms)
✔ package graph / invalid range !=1.2.3 (3.117834ms)
✔ package graph / invalid range ==1.2.3 (3.20394ms)
✔ package graph / invalid range ><1.2.3 (3.289766ms)
✔ package graph / invalid range >= (3.275598ms)
✔ package graph / invalid range 1.2.3 - (3.260787ms)
✔ package graph / invalid range 1.2.3 - 2.0.0 extra (3.200574ms)
✔ package graph / invalid range 1.2.3 || nope (3.110656ms)
✔ package graph / invalid range nope || 1.2.3 (3.150934ms)
✔ package graph / workspace shortcut * / 0.0.0 (3.207842ms)
✔ package graph / workspace shortcut * / 1.2.3-alpha (3.231295ms)
✔ package graph / workspace shortcut * / 2.0.0+build (3.177895ms)
✔ package graph / workspace shortcut ^ / 0.0.0 (3.155672ms)
✔ package graph / workspace shortcut ^ / 1.2.3-alpha (3.222112ms)
✔ package graph / workspace shortcut ^ / 2.0.0+build (3.215371ms)
✔ package graph / workspace shortcut ~ / 0.0.0 (3.17966ms)
✔ package graph / workspace shortcut ~ / 1.2.3-alpha (3.131917ms)
✔ package graph / workspace shortcut ~ / 2.0.0+build (3.238776ms)
ℹ tests 1534
ℹ suites 0
ℹ pass 1534
ℹ fail 0
ℹ cancelled 0
ℹ skipped 0
ℹ todo 0
ℹ duration_ms 5053.610095
tests/language/types/relational_string_order/greater/cases.jsonl: 35 named cases
tests/language/types/relational_string_order/less_equal/cases.jsonl: 35 named cases
tests/language/types/relational_string_order/greater_equal/cases.jsonl: 35 named cases
upstream/reviews/language/expressions/relational_string_order.jsonl: 12 named cases
tests/language/expressions/subtraction/whitespace.jsonl: 54 named cases
tests/language/types/subtraction_whitespace/cases.jsonl: 60 named cases
tests/language/expressions/subtraction/f32.jsonl: 1521 named cases
tests/language/expressions/subtraction/f64.jsonl: 1849 named cases
tests/language/expressions/addition/overflow_literals.jsonl: 2 named cases
tests/language/expressions/comparison/string_storage/cases.jsonl: 64 named cases
tests/standard/querystring/escape/cases.jsonl: 142 named cases
tests/standard/querystring/unescape/cases.jsonl: 292 named cases
tests/standard/querystring/parse/cases.jsonl: 23 named cases
tests/standard/querystring/parse_with/cases.jsonl: 35 named cases
tests/standard/querystring/stringify/cases.jsonl: 8 named cases
tests/standard/querystring/stringify_with/cases.jsonl: 40 named cases
tests/runtime/evaluation_order/addition.jsonl: 16 named cases
tests/language/types/addition_assignment/cases.jsonl: 4 named cases
tests/language/expressions/match/floating/f32/comparison.jsonl: 1225 named cases
tests/language/expressions/match/floating/f32/selection.jsonl: 105 named cases
tests/language/expressions/match/floating/f64/comparison.jsonl: 1225 named cases
tests/language/expressions/match/floating/f64/selection.jsonl: 105 named cases
tests/language/lexical/comments/block/structure.jsonl: 8 named cases
tests/language/lexical/comments/block/unicode.jsonl: 2 named cases
tests/language/lexical/comments/block/strings.jsonl: 5 named cases
tests/language/types/relational_whitespace/cases.jsonl: 240 named cases
tests/language/expressions/comparison/whitespace.jsonl: 216 named cases
upstream/reviews/language/expressions/relational_whitespace.jsonl: 4 named cases
tests/language/types/less_than_conversion/cases.jsonl: 62 named cases
upstream/reviews/language/expressions/less_than_conversion.jsonl: 12 named cases
tests/language/expressions/multiplication/source/values.jsonl: 5 named cases
tests/language/expressions/multiplication/source/lines.jsonl: 1 named cases
tests/language/expressions/multiplication/names/cases.jsonl: 4 named cases
tests/built_ins/string/values/cases.jsonl: 484 named cases
tests/built_ins/string/optional/cases.jsonl: 529 named cases
tests/built_ins/string/sort/owned/0_0/cases.jsonl: 1 named cases
tests/built_ins/string/sort/owned/1_0/cases.jsonl: 4 named cases
tests/built_ins/string/sort/owned/2_0/cases.jsonl: 17 named cases
tests/built_ins/string/sort/owned/3_0/cases.jsonl: 65 named cases
tests/built_ins/string/sort/owned/26_0/cases.jsonl: 1 named cases
tests/built_ins/string/concat_reverse/owned/0_0/cases.jsonl: 1 named cases
tests/built_ins/string/concat_reverse/owned/0_1/cases.jsonl: 1 named cases
tests/built_ins/string/concat_reverse/owned/0_2/cases.jsonl: 2 named cases
tests/built_ins/string/concat_reverse/owned/1_0/cases.jsonl: 4 named cases
tests/built_ins/string/concat_reverse/owned/1_1/cases.jsonl: 4 named cases
tests/built_ins/string/concat_reverse/owned/1_2/cases.jsonl: 8 named cases
tests/built_ins/string/concat_reverse/owned/2_0/cases.jsonl: 16 named cases
tests/built_ins/string/concat_reverse/owned/2_1/cases.jsonl: 16 named cases
tests/built_ins/string/concat_reverse/owned/2_2/cases.jsonl: 32 named cases
tests/built_ins/string/concat_reverse/owned/3_0/cases.jsonl: 64 named cases
tests/built_ins/string/concat_reverse/owned/3_1/cases.jsonl: 64 named cases
tests/built_ins/string/concat_reverse/owned/3_2/cases.jsonl: 128 named cases
tests/built_ins/string/reduce/cases.jsonl: 256 named cases
tests/built_ins/string/literals/cases.jsonl: 15 named cases
tests/language/expressions/comparison/f32.jsonl: 1225 named cases
tests/language/expressions/comparison/f64.jsonl: 1230 named cases
tests/language/expressions/comparison/f64_negated.jsonl: 1 named cases
tests/language/lexical/comments/cases.jsonl: 94 named cases
tests/language/lexical/comments/runtime.jsonl: 14 named cases
tests/runtime/evaluation_order/logical.jsonl: 64 named cases
tests/language/expressions/multiplication/whitespace.jsonl: 54 named cases
tests/language/types/multiplication_whitespace/cases.jsonl: 60 named cases
tests/language/types/operators/add.jsonl: 144 named cases
tests/language/types/operators/subtract.jsonl: 144 named cases
tests/language/types/operators/multiply.jsonl: 144 named cases
tests/language/types/operators/divide.jsonl: 144 named cases
tests/language/types/operators/remainder.jsonl: 144 named cases
tests/language/types/operators/less.jsonl: 144 named cases
tests/language/types/operators/less_equal.jsonl: 144 named cases
tests/language/types/operators/greater.jsonl: 144 named cases
tests/language/types/operators/greater_equal.jsonl: 144 named cases
tests/language/types/operators/equal.jsonl: 144 named cases
tests/language/types/operators/not_equal.jsonl: 144 named cases
tests/language/types/operators/and.jsonl: 144 named cases
tests/language/types/operators/or.jsonl: 144 named cases
tests/language/lexical/numeric/invalid.jsonl: 264 named cases
tests/language/lexical/numeric/valid.jsonl: 10 named cases
tests/language/expressions/multiplication/f32.jsonl: 1521 named cases
tests/language/expressions/multiplication/f64.jsonl: 1521 named cases
tests/runtime/evaluation_order/division.jsonl: 16 named cases
tests/language/types/division_assignment/cases.jsonl: 4 named cases
✔ package init / default version (11.829542ms)
✔ package init / scoped name (7.39847ms)
✔ package init / all options (7.056027ms)
✔ package init / reordered options (6.133952ms)
✔ package init / yaml punctuation in entry (5.735046ms)
✔ package init / invalid arguments [] (2.704251ms)
✔ package init / invalid arguments ["sample","--unknown"] (2.736233ms)
✔ package init / invalid arguments ["sample","extra"] (2.722898ms)
✔ package init / invalid arguments ["sample","--version"] (2.688122ms)
✔ package init / invalid arguments ["sample","--entry"] (2.805414ms)
✔ package init / invalid arguments ["sample","--private","--private"] (2.68051ms)
✔ package init / invalid arguments ["sample","--version","1.0.0","--version","2.0.0"] (3.140758ms)
✔ package init / invalid arguments ["sample","--entry","a.zx","--entry","b.zx"] (2.642972ms)
✔ package init / invalid manifest ["BadName"] (2.728401ms)
✔ package init / invalid manifest ["@scope"] (2.664646ms)
✔ package init / invalid manifest [""] (2.634731ms)
✔ package init / invalid manifest ["sample","--version","latest"] (2.704385ms)
✔ package init / invalid manifest ["sample","--version","01.2.3"] (2.659392ms)
✔ package init / invalid manifest ["sample","--entry","../outside.zx"] (2.695611ms)
✔ package init / invalid manifest ["sample","--entry","/absolute.zx"] (2.62523ms)
✔ package init / invalid manifest ["sample","--entry","src/a:b.zx"] (2.744821ms)
✔ package init / invalid manifest ["sample","--entry","main.ts"] (2.697948ms)
✔ package init / preserves existing file (2.96422ms)
✔ package init / preserves existing directory (2.767707ms)
✔ package init / preserves existing symlink (2.971536ms)
✔ package init / preserves existing dangling symlink (2.728909ms)
✔ package init / concurrent exclusive creation (6.550394ms)
ℹ tests 27
ℹ suites 0
ℹ pass 27
ℹ fail 0
ℹ cancelled 0
ℹ skipped 0
ℹ todo 0
ℹ duration_ms 105.353837
✔ package index / empty index (5.631816ms)
✔ package index / index preserves metadata and order (3.569799ms)
✔ package index / resolve original / * (3.215337ms)
✔ package index / resolve original / ^1.0.0 (3.266706ms)
✔ package index / resolve original / ~1.2.0 (3.345683ms)
✔ package index / resolve original / 1.2.3 (3.197523ms)
✔ package index / resolve original / =1.2.5+different (3.112108ms)
✔ package index / resolve original / 1.2 (2.952813ms)
✔ package index / resolve original / <1.3.0 (3.037769ms)
✔ package index / resolve original / >1.2.3 <1.2.5 (3.034899ms)
✔ package index / resolve original / 0.2.3 || 1.2.3 (2.930252ms)
✔ package index / resolve original / ^0.2.0 (2.924164ms)
✔ package index / resolve original / >=1.3.0-alpha.2 <1.3.0 (2.871433ms)
✔ package index / resolve original / >=2.0.0-beta <2.0.0 (2.791294ms)
✔ package index / resolve original / 1.2.3 - 1.10.0 (2.867493ms)
✔ package index / resolve original / >=3.0.0 (2.882988ms)
✔ package index / resolve original / <0.2.3 (2.88404ms)
✔ package index / resolve reverse / * (3.337219ms)
✔ package index / resolve reverse / ^1.0.0 (2.883427ms)
✔ package index / resolve reverse / ~1.2.0 (2.917377ms)
✔ package index / resolve reverse / 1.2.3 (2.78509ms)
✔ package index / resolve reverse / =1.2.5+different (2.865291ms)
✔ package index / resolve reverse / 1.2 (2.783022ms)
✔ package index / resolve reverse / <1.3.0 (2.870656ms)
✔ package index / resolve reverse / >1.2.3 <1.2.5 (2.757004ms)
✔ package index / resolve reverse / 0.2.3 || 1.2.3 (2.841067ms)
✔ package index / resolve reverse / ^0.2.0 (2.893108ms)
✔ package index / resolve reverse / >=1.3.0-alpha.2 <1.3.0 (2.993269ms)
✔ package index / resolve reverse / >=2.0.0-beta <2.0.0 (2.932713ms)
✔ package index / resolve reverse / 1.2.3 - 1.10.0 (3.241281ms)
✔ package index / resolve reverse / >=3.0.0 (3.108908ms)
✔ package index / resolve reverse / <0.2.3 (3.171313ms)
✔ package index / resolve rotated / * (3.384123ms)
✔ package index / resolve rotated / ^1.0.0 (3.39951ms)
✔ package index / resolve rotated / ~1.2.0 (3.302471ms)
✔ package index / resolve rotated / 1.2.3 (3.238404ms)
✔ package index / resolve rotated / =1.2.5+different (3.4421ms)
✔ package index / resolve rotated / 1.2 (3.458773ms)
✔ package index / resolve rotated / <1.3.0 (3.359866ms)
✔ package index / resolve rotated / >1.2.3 <1.2.5 (3.430951ms)
✔ package index / resolve rotated / 0.2.3 || 1.2.3 (3.661031ms)
✔ package index / resolve rotated / ^0.2.0 (3.142543ms)
✔ package index / resolve rotated / >=1.3.0-alpha.2 <1.3.0 (3.047383ms)
✔ package index / resolve rotated / >=2.0.0-beta <2.0.0 (2.974777ms)
✔ package index / resolve rotated / 1.2.3 - 1.10.0 (2.948538ms)
✔ package index / resolve rotated / >=3.0.0 (2.912982ms)
✔ package index / resolve rotated / <0.2.3 (2.847055ms)
✔ package index / unknown package (2.824046ms)
✔ package index / invalid range still checked for absent package (2.867721ms)
✔ package index / invalid range for present package (2.850965ms)
✔ package index / scoped package selection (2.936413ms)
✔ package index / unsupported format (2.896834ms)
✔ package index / uppercase package name (3.143818ms)
✔ package index / no releases (3.038673ms)
✔ package index / duplicate package (3.024144ms)
✔ package index / duplicate release (2.852056ms)
✔ package index / build metadata duplicate (2.793742ms)
✔ package index / invalid archive "" (2.790548ms)
✔ package index / invalid archive "file\nname" (2.797629ms)
✔ package index / invalid archive "file\rname" (2.78276ms)
✔ package index / invalid archive "file\u0000name" (2.889121ms)
✔ package index / invalid sha256 "aaaaaaaaaaaaaaaaaaaaaaaaaaaaaaaaaaaaaaaaaaaaaaaaaaaaaaaaaaaaaaa" (2.958873ms)
✔ package index / invalid sha256 "aaaaaaaaaaaaaaaaaaaaaaaaaaaaaaaaaaaaaaaaaaaaaaaaaaaaaaaaaaaaaaaaa" (3.009391ms)
✔ package index / invalid sha256 "gggggggggggggggggggggggggggggggggggggggggggggggggggggggggggggggg" (2.899318ms)
ℹ tests 64
ℹ suites 0
ℹ pass 64
ℹ fail 0
ℹ cancelled 0
ℹ skipped 0
ℹ todo 0
ℹ duration_ms 202.854214
✔ JSON enum / scalar accepts "First" (3.127971ms)
✔ JSON enum / scalar accepts 0 (2.119197ms)
✔ JSON enum / scalar accepts "0" (1.959931ms)
✔ JSON enum / scalar accepts "Second" (1.909463ms)
✔ JSON enum / scalar accepts 1 (1.924476ms)
✔ JSON enum / scalar accepts "1" (1.978037ms)
✔ JSON enum / scalar accepts "Third" (1.959092ms)
✔ JSON enum / scalar accepts 2 (1.911106ms)
✔ JSON enum / scalar accepts "2" (1.867412ms)
✔ JSON enum / scalar accepts null (1.875209ms)
✔ JSON enum / scalar rejects tag "first" (1.922419ms)
✔ JSON enum / scalar rejects tag "Missing" (1.788846ms)
✔ JSON enum / scalar rejects tag 3 (1.754772ms)
✔ JSON enum / scalar rejects tag -1 (1.862494ms)
✔ JSON enum / scalar rejects tag 1.5 (1.921536ms)
✔ JSON enum / scalar rejects tag "3" (1.853998ms)
✔ JSON enum / scalar rejects tag "1.0" (1.865666ms)
✔ JSON enum / scalar rejects token true (1.811649ms)
✔ JSON enum / scalar rejects token {} (1.820291ms)
✔ JSON enum / scalar rejects token [] (1.859018ms)
✔ JSON enum / nested null and empty list (2.031553ms)
✔ JSON enum / nested named values (1.928805ms)
✔ JSON enum / nested numeric values normalize to names (2.113134ms)
✔ JSON enum / nested mixed encodings (1.894964ms)
✔ JSON enum / nested missing list (1.850863ms)
✔ JSON enum / nested missing optional field (1.749518ms)
✔ JSON enum / nested unknown field (1.847927ms)
✔ JSON enum / nested null list item (1.952472ms)
✔ JSON enum / nested unknown list tag (1.842653ms)
✔ JSON enum / nested unknown optional tag (1.842892ms)
✔ JSON enum / nested invalid optional token (1.826307ms)
✔ JSON enum / nested invalid list token (1.864492ms)
ℹ tests 32
ℹ suites 0
ℹ pass 32
ℹ fail 0
ℹ cancelled 0
ℹ skipped 0
ℹ todo 0
ℹ duration_ms 13069.107465
tests/language/expressions/coalesce/identity/object.jsonl: 12 named cases
tests/language/expressions/match/identity/object.jsonl: 12 named cases
tests/runtime/evaluation_order/match_condition.jsonl: 64 named cases
tests/runtime/evaluation_order/match_value.jsonl: 48 named cases
tests/runtime/safety/integer/u8.jsonl: 11 named cases
tests/runtime/safety/integer/u16.jsonl: 11 named cases
tests/runtime/safety/integer/u32.jsonl: 11 named cases
tests/runtime/safety/integer/u64.jsonl: 11 named cases
tests/runtime/safety/integer/i32.jsonl: 208 named cases
tests/runtime/safety/integer/i64.jsonl: 212 named cases
tests/standard/crypto/hmac_sha256/cases.jsonl: 52 named cases
tests/standard/crypto/hkdf_sha256/cases.jsonl: 74 named cases
tests/standard/crypto/pbkdf2_sha256/cases.jsonl: 109 named cases
tests/standard/crypto/hmac_sha512/cases.jsonl: 52 named cases
tests/standard/crypto/hkdf_sha512/cases.jsonl: 74 named cases
tests/standard/crypto/pbkdf2_sha512/cases.jsonl: 109 named cases
tests/standard/crypto/timing_safe_equal/cases.jsonl: 24 named cases
✔ package workspace / no workspace (6.248198ms)
✔ package workspace / empty patterns (3.78838ms)
✔ package workspace / literal path (3.77565ms)
✔ package workspace / single segment star and sorting (3.819591ms)
✔ package workspace / globstar zero and multiple segments (3.508508ms)
✔ package workspace / globstar followed by literal (3.732449ms)
✔ package workspace / question one byte (3.933159ms)
✔ package workspace / star within segment (3.654447ms)
✔ package workspace / exclude before include (3.624699ms)
✔ package workspace / exclude after include (3.515699ms)
✔ package workspace / recursive exclusion (4.037412ms)
✔ package workspace / overlapping includes once (3.574807ms)
✔ package workspace / exclude alone includes nothing (3.544314ms)
✔ package workspace / matched directory without manifest (3.870886ms)
✔ package workspace / duplicate member names (3.685275ms)
✔ package workspace / duplicate root name (3.369391ms)
✔ package workspace / invalid member manifest (3.313269ms)
✔ package workspace / nested workspace does not rescan (3.448459ms)
✔ package workspace / directory symlink ignored (3.356355ms)
✔ package workspace / manifest symlink inside root (3.439415ms)
✔ package workspace / manifest symlink escapes root (3.394515ms)
✔ package workspace / ignore .git (3.297655ms)
✔ package workspace / ignore .zxc (3.504835ms)
✔ package workspace / ignore .zig-cache (3.417928ms)
✔ package workspace / ignore zig-out (3.427551ms)
✔ package workspace / ignore zig-pkg (3.266019ms)
✔ package workspace / ignore node_modules (3.277934ms)
✔ package workspace / unsupported pkgs/[ab] (3.398196ms)
✔ package workspace / unsupported pkgs/{a,b} (3.265267ms)
✔ package workspace / unsupported pkgs/@(a) (3.246997ms)
✔ package workspace / unsupported pkgs/a** (3.226137ms)
ℹ tests 31
ℹ suites 0
ℹ pass 31
ℹ fail 0
ℹ cancelled 0
ℹ skipped 0
ℹ todo 0
ℹ duration_ms 116.490462
tests/standard/crypto/aes-128-gcm/encrypt.jsonl: 27 named cases
tests/standard/crypto/aes-128-gcm/decrypt.jsonl: 135 named cases
tests/standard/crypto/aes-256-gcm/encrypt.jsonl: 27 named cases
tests/standard/crypto/aes-256-gcm/decrypt.jsonl: 135 named cases
tests/standard/crypto/chacha20-poly1305/encrypt.jsonl: 27 named cases
tests/standard/crypto/chacha20-poly1305/decrypt.jsonl: 135 named cases
tests/language/expressions/comparison/optional_enum/cases.jsonl: 16 named cases
tests/language/types/optional_enum/cases.jsonl: 12 named cases
node:internal/modules/run_main:107
    triggerUncaughtException(
    ^

AssertionError [ERR_ASSERTION]: bounded increment: error: FileNotFound


1 !== 0

    at file:///Users/xiewendao/Documents/MatrixAges/zxc/packages/test/tests/verification/verify_test.ts:176:10
    at ModuleJob.run (node:internal/modules/esm/module_job:430:25)
    at async node:internal/modules/esm/loader:639:26
    at async asyncRunEntryPointWithESMLoader (node:internal/modules/run_main:101:5) {
  generatedMessage: false,
  code: 'ERR_ASSERTION',
  actual: 1,
  expected: 0,
  operator: 'strictEqual',
  diff: 'simple'
}

Node.js v25.8.1
tests/standard/path/posix/resolve.jsonl: 12 named cases
tests/standard/path/posix/relative.jsonl: 66 named cases
tests/standard/path/win32/resolve.jsonl: 13 named cases
tests/standard/path/win32/relative.jsonl: 1603 named cases
tests/language/types/division_conversion/cases.jsonl: 72 named cases
tests/language/expressions/addition/grouping/f32/default.jsonl: 6 named cases
tests/language/expressions/addition/grouping/f32/left.jsonl: 6 named cases
tests/language/expressions/addition/grouping/f32/right.jsonl: 6 named cases
tests/language/expressions/addition/grouping/f64/default.jsonl: 6 named cases
tests/language/expressions/addition/grouping/f64/left.jsonl: 6 named cases
tests/language/expressions/addition/grouping/f64/right.jsonl: 6 named cases
tests/language/expressions/addition/grouping/strings.jsonl: 4 named cases
test
+- test
   +- test-verification
      +- run node failure
error: process exited with error code 1
failed command: node /Users/xiewendao/Documents/MatrixAges/zxc/packages/test/tests/verification/verify_test.ts ./.zig-cache/o/1051f14ca55fe6753a196c515afde2b9/zxc

tests/language/expressions/modulus/f32.jsonl: 1681 named cases
tests/language/expressions/modulus/f64.jsonl: 1681 named cases
Build Summary: 1523/1530 steps succeeded (3 failed); 63818/63822 tests passed (4 failed)
test transitive failure
+- run test 39 pass (39 total) 13ms MaxRSS:1M
|  +- compile test ReleaseSafe native success 7s MaxRSS:324M
+- test success
|  +- run test zx-frontend-tests 308 pass (308 total) 35ms MaxRSS:1M
|  |  +- compile test zx-frontend-tests ReleaseSafe native success 20s MaxRSS:567M
|  |     +- WriteFile interfaces/0.d.zx cached
|  +- run test zx-runtime-tests 30 pass (30 total) 10ms MaxRSS:1M
|  |  +- compile test zx-runtime-tests ReleaseSafe native success 6s MaxRSS:382M
|  |     +- run exe zxc (collections.zig) success 4ms
|  |     |  +- compile exe zxc ReleaseSafe native success 1m MaxRSS:2G
|  |     |     +- WriteFile cached
|  |     |     +- compile lib yaml ReleaseSafe native cached 61ms MaxRSS:20M
|  |     |     +- compile lib yaml ReleaseSafe native (reused)
|  |     |     +- options success
|  |     |     +- run exe bundle-zig (bundle) cached
|  |     |     |  +- compile exe bundle-zig ReleaseFast native cached 67ms MaxRSS:21M
|  |     |     |  +- WriteFile bundle_manifest.json cached
|  |     |     +- WriteFile interfaces/0.d.zx (reused)
|  |     +- run exe zxc (transforms.zig) success 4ms
|  |     |  +- compile exe zxc ReleaseSafe native (+6 more reused dependencies)
|  |     +- run exe zxc (optional.zig) success 4ms
|  |     |  +- compile exe zxc ReleaseSafe native (+6 more reused dependencies)
|  |     +- run exe zxc (enums.zig) success 4ms
|  |     |  +- compile exe zxc ReleaseSafe native (+6 more reused dependencies)
|  |     +- run exe zxc (spread.zig) success 5ms
|  |     |  +- compile exe zxc ReleaseSafe native (+6 more reused dependencies)
|  |     +- run exe zxc (index.zig) success 4ms
|  |     |  +- compile exe zxc ReleaseSafe native (+6 more reused dependencies)
|  |     +- run exe zxc (modules.zig) success 5ms
|  |     |  +- compile exe zxc ReleaseSafe native (+6 more reused dependencies)
|  |     +- run exe zxc (splice.zig) success 4ms
|  |     |  +- compile exe zxc ReleaseSafe native (+6 more reused dependencies)
|  |     +- run exe zxc (arithmetic.zig) success 5ms
|  |     |  +- compile exe zxc ReleaseSafe native (+6 more reused dependencies)
|  |     +- run exe zxc (short_circuit.zig) success 5ms
|  |     |  +- compile exe zxc ReleaseSafe native (+6 more reused dependencies)
|  |     +- run exe zxc (operators.zig) success 4ms
|  |     |  +- compile exe zxc ReleaseSafe native (+6 more reused dependencies)
|  |     +- run exe zxc (control_flow.zig) success 5ms
|  |     |  +- compile exe zxc ReleaseSafe native (+6 more reused dependencies)
|  |     +- run exe zxc (aggregate_values.zig) success 7ms
|  |     |  +- compile exe zxc ReleaseSafe native (+6 more reused dependencies)
|  |     +- run exe zxc (string_values.zig) success 4ms
|  |     |  +- compile exe zxc ReleaseSafe native (+6 more reused dependencies)
|  |     +- run exe zxc (collection_boundaries.zig) success 4ms
|  |     |  +- compile exe zxc ReleaseSafe native (+6 more reused dependencies)
|  |     +- run exe zxc (void_return.zig) success 3ms
|  |     |  +- compile exe zxc ReleaseSafe native (+6 more reused dependencies)
|  |     +- run exe zxc (splice_ranges.zig) success 4ms
|  |     |  +- compile exe zxc ReleaseSafe native (+6 more reused dependencies)
|  |     +- run exe zxc (overwritten_evaluation.zig) success 5ms
|  |     |  +- compile exe zxc ReleaseSafe native (+6 more reused dependencies)
|  |     +- run exe zxc (numeric_u8.zig) success 6ms
|  |     |  +- compile exe zxc ReleaseSafe native (+6 more reused dependencies)
|  |     +- run exe zxc (numeric_u16.zig) success 4ms
|  |     |  +- compile exe zxc ReleaseSafe native (+6 more reused dependencies)
|  |     +- run exe zxc (numeric_u32.zig) success 6ms
|  |     |  +- compile exe zxc ReleaseSafe native (+6 more reused dependencies)
|  |     +- run exe zxc (numeric_u64.zig) success 4ms
|  |     |  +- compile exe zxc ReleaseSafe native (+6 more reused dependencies)
|  |     +- run exe zxc (numeric_i32.zig) success 4ms
|  |     |  +- compile exe zxc ReleaseSafe native (+6 more reused dependencies)
|  |     +- run exe zxc (numeric_i64.zig) success 4ms
|  |     |  +- compile exe zxc ReleaseSafe native (+6 more reused dependencies)
|  |     +- run exe zxc (numeric_f32.zig) success 6ms
|  |     |  +- compile exe zxc ReleaseSafe native (+6 more reused dependencies)
|  |     +- run exe zxc (numeric_f64.zig) success 7ms
|  |     |  +- compile exe zxc ReleaseSafe native (+6 more reused dependencies)
|  |     +- run exe external-generator (external.zig) success 4ms
|  |     |  +- compile exe external-generator ReleaseSafe native success 22s MaxRSS:602M
|  |     |     +- WriteFile interfaces/0.d.zx (reused)
|  |     +- run exe external-generator (external.zig) (+1 more reused dependencies)
|  |     +- run exe standard-types (standard_abi.zig) success 5ms
|  |        +- compile exe standard-types ReleaseSafe native success 24s MaxRSS:609M
|  |           +- WriteFile interfaces/0.d.zx (reused)
|  +- run test zx-store-tests 4 pass (4 total) 3ms MaxRSS:1M
|  |  +- compile test zx-store-tests ReleaseSafe native success 7s MaxRSS:337M
|  |     +- run exe store-generator (store.zig) success 4ms
|  |     |  +- compile exe store-generator ReleaseSafe native success 20s MaxRSS:558M
|  |     |     +- WriteFile interfaces/0.d.zx (reused)
|  |     +- run exe standard-types (standard_abi.zig) (+1 more reused dependencies)
|  +- run test zx-integration-tests 5 pass (5 total) 6ms MaxRSS:1M
|     +- compile test zx-integration-tests ReleaseSafe native success 19s MaxRSS:558M
|        +- WriteFile interfaces/0.d.zx (reused)
+- test transitive failure
   +- test-frontend success
   |  +- run test conformance-frontend 4768 pass (4768 total) 6s MaxRSS:2M
   |     +- compile test conformance-frontend ReleaseSafe native success 18s MaxRSS:608M
   |        +- run node (cases.zig) cached
   |        +- WriteFile interfaces/0.d.zx (reused)
   +- test-runtime success
   |  +- run test optional-enum 16 pass (16 total) 3ms MaxRSS:1M
   |  |  +- compile test optional-enum ReleaseSafe native success 6s MaxRSS:322M
   |  |     +- run node (cases.zig) cached
   |  |     +- run exe zxc (program.zig) success 3ms
   |  |        +- compile exe zxc ReleaseSafe native (+6 more reused dependencies)
   |  +- run test optional-bits-f32 1521 pass (1521 total) 50ms MaxRSS:1M
   |  |  +- compile test optional-bits-f32 ReleaseSafe native success 7s MaxRSS:364M
   |  |     +- run node (cases.zig) cached
   |  |     +- run exe zxc (program.zig) success 4ms
   |  |        +- compile exe zxc ReleaseSafe native (+6 more reused dependencies)
   |  +- run test optional-bits-f64 1521 pass (1521 total) 61ms MaxRSS:1M
   |  |  +- compile test optional-bits-f64 ReleaseSafe native success 7s MaxRSS:353M
   |  |     +- run node (cases.zig) cached
   |  |     +- run exe zxc (program.zig) success 4ms
   |  |        +- compile exe zxc ReleaseSafe native (+6 more reused dependencies)
   |  +- run test string-storage 64 pass (64 total) 6ms MaxRSS:1M
   |  |  +- compile test string-storage ReleaseSafe native success 6s MaxRSS:321M
   |  |     +- run node (cases.zig) cached
   |  |     +- run exe zxc (program.zig) success 7ms
   |  |        +- compile exe zxc ReleaseSafe native (+6 more reused dependencies)
   |  +- run test optional-equality-u8 16 pass (16 total) 3ms MaxRSS:1M
   |  |  +- compile test optional-equality-u8 ReleaseSafe native success 6s MaxRSS:314M
   |  |     +- run node (cases.zig) cached
   |  |     +- run exe zxc (program.zig) success 4ms
   |  |        +- compile exe zxc ReleaseSafe native (+6 more reused dependencies)
   |  +- run test optional-equality-u16 16 pass (16 total) 3ms MaxRSS:1M
   |  |  +- compile test optional-equality-u16 ReleaseSafe native success 6s MaxRSS:314M
   |  |     +- run node (cases.zig) cached
   |  |     +- run exe zxc (program.zig) success 3ms
   |  |        +- compile exe zxc ReleaseSafe native (+6 more reused dependencies)
   |  +- run test optional-equality-u32 16 pass (16 total) 3ms MaxRSS:1M
   |  |  +- compile test optional-equality-u32 ReleaseSafe native success 6s MaxRSS:330M
   |  |     +- run node (cases.zig) cached
   |  |     +- run exe zxc (program.zig) success 5ms
   |  |        +- compile exe zxc ReleaseSafe native (+6 more reused dependencies)
   |  +- run test optional-equality-u64 16 pass (16 total) 3ms MaxRSS:1M
   |  |  +- compile test optional-equality-u64 ReleaseSafe native success 7s MaxRSS:334M
   |  |     +- run node (cases.zig) cached
   |  |     +- run exe zxc (program.zig) success 5ms
   |  |        +- compile exe zxc ReleaseSafe native (+6 more reused dependencies)
   |  +- run test optional-equality-i32 16 pass (16 total) 3ms MaxRSS:1M
   |  |  +- compile test optional-equality-i32 ReleaseSafe native success 6s MaxRSS:316M
   |  |     +- run node (cases.zig) cached
   |  |     +- run exe zxc (program.zig) success 4ms
   |  |        +- compile exe zxc ReleaseSafe native (+6 more reused dependencies)
   |  +- run test optional-equality-i64 16 pass (16 total) 3ms MaxRSS:1M
   |  |  +- compile test optional-equality-i64 ReleaseSafe native success 6s MaxRSS:324M
   |  |     +- run node (cases.zig) cached
   |  |     +- run exe zxc (program.zig) success 5ms
   |  |        +- compile exe zxc ReleaseSafe native (+6 more reused dependencies)
   |  +- run test optional-equality-f32 16 pass (16 total) 3ms MaxRSS:1M
   |  |  +- compile test optional-equality-f32 ReleaseSafe native success 6s MaxRSS:322M
   |  |     +- run node (cases.zig) cached
   |  |     +- run exe zxc (program.zig) success 4ms
   |  |        +- compile exe zxc ReleaseSafe native (+6 more reused dependencies)
   |  +- run test optional-equality-f64 16 pass (16 total) 3ms MaxRSS:1M
   |  |  +- compile test optional-equality-f64 ReleaseSafe native success 6s MaxRSS:306M
   |  |     +- run node (cases.zig) cached
   |  |     +- run exe zxc (program.zig) success 4ms
   |  |        +- compile exe zxc ReleaseSafe native (+6 more reused dependencies)
   |  +- run test optional-equality-bool 9 pass (9 total) 3ms MaxRSS:1M
   |  |  +- compile test optional-equality-bool ReleaseSafe native success 6s MaxRSS:318M
   |  |     +- run node (cases.zig) cached
   |  |     +- run exe zxc (program.zig) success 5ms
   |  |        +- compile exe zxc ReleaseSafe native (+6 more reused dependencies)
   |  +- run test optional-equality-string 25 pass (25 total) 3ms MaxRSS:1M
   |  |  +- compile test optional-equality-string ReleaseSafe native success 6s MaxRSS:294M
   |  |     +- run node (cases.zig) cached
   |  |     +- run exe zxc (program.zig) success 5ms
   |  |        +- compile exe zxc ReleaseSafe native (+6 more reused dependencies)
   |  +- run test optional-equality-object 3 pass (3 total) 3ms MaxRSS:1M
   |  |  +- compile test optional-equality-object ReleaseSafe native success 6s MaxRSS:315M
   |  |     +- run node (cases.zig) cached
   |  |     +- run exe zxc (program.zig) success 3ms
   |  |        +- compile exe zxc ReleaseSafe native (+6 more reused dependencies)
   |  +- run test optional-equality-list 4 pass (4 total) 3ms MaxRSS:1M
   |  |  +- compile test optional-equality-list ReleaseSafe native success 6s MaxRSS:326M
   |  |     +- run node (cases.zig) cached
   |  |     +- run exe zxc (program.zig) success 5ms
   |  |        +- compile exe zxc ReleaseSafe native (+6 more reused dependencies)
   |  +- run test optional-equality-tuple 3 pass (3 total) 3ms MaxRSS:1M
   |  |  +- compile test optional-equality-tuple ReleaseSafe native success 7s MaxRSS:329M
   |  |     +- run node (cases.zig) cached
   |  |     +- run exe zxc (program.zig) success 4ms
   |  |        +- compile exe zxc ReleaseSafe native (+6 more reused dependencies)
   |  +- run test equality-whitespace-equal 36 pass (36 total) 4ms MaxRSS:1M
   |  |  +- compile test equality-whitespace-equal ReleaseSafe native success 6s MaxRSS:308M
   |  |     +- run node (cases.zig) cached
   |  |     +- run exe zxc (program.zig) success 4ms
   |  |        +- compile exe zxc ReleaseSafe native (+6 more reused dependencies)
   |  +- run test equality-whitespace-not_equal 36 pass (36 total) 4ms MaxRSS:1M
   |  |  +- compile test equality-whitespace-not_equal ReleaseSafe native success 6s MaxRSS:358M
   |  |     +- run node (cases.zig) cached
   |  |     +- run exe zxc (program.zig) success 4ms
   |  |        +- compile exe zxc ReleaseSafe native (+6 more reused dependencies)
   |  +- run test equality-names-equal 13 pass (13 total) 3ms MaxRSS:1M
   |  |  +- compile test equality-names-equal ReleaseSafe native success 6s MaxRSS:312M
   |  |     +- run node (cases.zig) cached
   |  |     +- run exe zxc (program.zig) success 4ms
   |  |        +- compile exe zxc ReleaseSafe native (+6 more reused dependencies)
   |  +- run test equality-names-not_equal 13 pass (13 total) 3ms MaxRSS:1M
   |  |  +- compile test equality-names-not_equal ReleaseSafe native success 6s MaxRSS:329M
   |  |     +- run node (cases.zig) cached
   |  |     +- run exe zxc (program.zig) success 6ms
   |  |        +- compile exe zxc ReleaseSafe native (+6 more reused dependencies)
   |  +- run test match-ownership-owned 6 pass (6 total) 3ms MaxRSS:1M
   |  |  +- compile test match-ownership-owned ReleaseSafe native success 6s MaxRSS:344M
   |  |     +- run node (cases.zig) cached
   |  |     +- run exe zxc (program.zig) success 4ms
   |  |        +- compile exe zxc ReleaseSafe native (+6 more reused dependencies)
   |  +- run test match-ownership-mixed_read 18 pass (18 total) 3ms MaxRSS:1M
   |  |  +- compile test match-ownership-mixed_read ReleaseSafe native success 6s MaxRSS:311M
   |  |     +- run node (cases.zig) cached
   |  |     +- run exe zxc (program.zig) success 7ms
   |  |        +- compile exe zxc ReleaseSafe native (+6 more reused dependencies)
   |  +- run test match-modules-canonical 4 pass (4 total) 3ms MaxRSS:1M
   |  |  +- compile test match-modules-canonical ReleaseSafe native success 7s MaxRSS:356M
   |  |     +- run node (cases.zig) cached
   |  |     +- run exe zxc (program.zig) success 4ms
   |  |        +- compile exe zxc ReleaseSafe native (+6 more reused dependencies)
   |  +- run test match-modules-reordered 4 pass (4 total) 3ms MaxRSS:1M
   |  |  +- compile test match-modules-reordered ReleaseSafe native success 6s MaxRSS:325M
   |  |     +- run node (cases.zig) cached
   |  |     +- run exe zxc (program.zig) success 4ms
   |  |        +- compile exe zxc ReleaseSafe native (+6 more reused dependencies)
   |  +- run test match-modules-shared_pattern 4 pass (4 total) 3ms MaxRSS:1M
   |  |  +- compile test match-modules-shared_pattern ReleaseSafe native success 6s MaxRSS:333M
   |  |     +- run node (cases.zig) cached
   |  |     +- run exe zxc (program.zig) success 3ms
   |  |        +- compile exe zxc ReleaseSafe native (+6 more reused dependencies)
   |  +- run test match-modules-lazy 6 pass (6 total) 3ms MaxRSS:1M
   |  |  +- compile test match-modules-lazy ReleaseSafe native success 8s MaxRSS:336M
   |  |     +- run node (cases.zig) cached
   |  |     +- run exe zxc (program.zig) success 5ms
   |  |        +- compile exe zxc ReleaseSafe native (+6 more reused dependencies)
   |  +- run test relational-names-less 13 pass (13 total) 3ms MaxRSS:1M
   |  |  +- compile test relational-names-less ReleaseSafe native success 6s MaxRSS:303M
   |  |     +- run node (cases.zig) cached
   |  |     +- run exe zxc (program.zig) success 6ms
   |  |        +- compile exe zxc ReleaseSafe native (+6 more reused dependencies)
   |  +- run test relational-names-greater 13 pass (13 total) 4ms MaxRSS:1M
   |  |  +- compile test relational-names-greater ReleaseSafe native success 6s MaxRSS:311M
   |  |     +- run node (cases.zig) cached
   |  |     +- run exe zxc (program.zig) success 3ms
   |  |        +- compile exe zxc ReleaseSafe native (+6 more reused dependencies)
   |  +- run test relational-names-less_equal 13 pass (13 total) 3ms MaxRSS:1M
   |  |  +- compile test relational-names-less_equal ReleaseSafe native success 7s MaxRSS:386M
   |  |     +- run node (cases.zig) cached
   |  |     +- run exe zxc (program.zig) success 4ms
   |  |        +- compile exe zxc ReleaseSafe native (+6 more reused dependencies)
   |  +- run test relational-names-greater_equal 13 pass (13 total) 3ms MaxRSS:1M
   |  |  +- compile test relational-names-greater_equal ReleaseSafe native success 6s MaxRSS:310M
   |  |     +- run node (cases.zig) cached
   |  |     +- run exe zxc (program.zig) success 5ms
   |  |        +- compile exe zxc ReleaseSafe native (+6 more reused dependencies)
   |  +- run test relational-source 32 pass (32 total) 4ms MaxRSS:1M
   |  |  +- compile test relational-source ReleaseSafe native success 6s MaxRSS:321M
   |  |     +- run node (cases.zig) cached
   |  |     +- run exe zxc (program.zig) success 4ms
   |  |        +- compile exe zxc ReleaseSafe native (+6 more reused dependencies)
   |  +- run test division-f32 1225 pass (1225 total) 25ms MaxRSS:1M
   |  |  +- compile test division-f32 ReleaseSafe native success 8s MaxRSS:348M
   |  |     +- run node (cases.zig) cached
   |  |     +- run exe zxc (program.zig) success 4ms
   |  |        +- compile exe zxc ReleaseSafe native (+6 more reused dependencies)
   |  +- run test division-f64 1225 pass (1225 total) 14ms MaxRSS:1M
   |  |  +- compile test division-f64 ReleaseSafe native success 7s MaxRSS:334M
   |  |     +- run node (cases.zig) cached
   |  |     +- run exe zxc (program.zig) success 5ms
   |  |        +- compile exe zxc ReleaseSafe native (+6 more reused dependencies)
   |  +- run test logical-and 46 pass (46 total) 4ms MaxRSS:1M
   |  |  +- compile test logical-and ReleaseSafe native success 7s MaxRSS:329M
   |  |     +- run node (cases.zig) cached
   |  |     +- run exe zxc (program.zig) success 6ms
   |  |        +- compile exe zxc ReleaseSafe native (+6 more reused dependencies)
   |  +- run test logical-or 46 pass (46 total) 4ms MaxRSS:1M
   |  |  +- compile test logical-or ReleaseSafe native success 6s MaxRSS:310M
   |  |     +- run node (cases.zig) cached
   |  |     +- run exe zxc (program.zig) success 3ms
   |  |        +- compile exe zxc ReleaseSafe native (+6 more reused dependencies)
   |  +- run test logical-and-nested 92 pass (92 total) 4ms MaxRSS:1M
   |  |  +- compile test logical-and-nested ReleaseSafe native success 6s MaxRSS:388M
   |  |     +- run node (cases.zig) cached
   |  |     +- run exe zxc (program.zig) success 4ms
   |  |        +- compile exe zxc ReleaseSafe native (+6 more reused dependencies)
   |  +- run test logical-or-nested 92 pass (92 total) 4ms MaxRSS:1M
   |  |  +- compile test logical-or-nested ReleaseSafe native success 6s MaxRSS:316M
   |  |     +- run node (cases.zig) cached
   |  |     +- run exe zxc (program.zig) success 3ms
   |  |        +- compile exe zxc ReleaseSafe native (+6 more reused dependencies)
   |  +- run test conditional-yes 46 pass (46 total) 3ms MaxRSS:1M
   |  |  +- compile test conditional-yes ReleaseSafe native success 6s MaxRSS:320M
   |  |     +- run node (cases.zig) cached
   |  |     +- run exe zxc (program.zig) success 3ms
   |  |        +- compile exe zxc ReleaseSafe native (+6 more reused dependencies)
   |  +- run test conditional-no 46 pass (46 total) 3ms MaxRSS:1M
   |  |  +- compile test conditional-no ReleaseSafe native success 7s MaxRSS:315M
   |  |     +- run node (cases.zig) cached
   |  |     +- run exe zxc (program.zig) success 3ms
   |  |        +- compile exe zxc ReleaseSafe native (+6 more reused dependencies)
   |  +- run test coalesce 92 pass (92 total) 4ms MaxRSS:1M
   |  |  +- compile test coalesce ReleaseSafe native success 6s MaxRSS:348M
   |  |     +- run node (cases.zig) cached
   |  |     +- run exe zxc (program.zig) success 4ms
   |  |        +- compile exe zxc ReleaseSafe native (+6 more reused dependencies)
   |  +- run test numeric-literals-u64 12 pass (12 total) 3ms MaxRSS:1M
   |  |  +- compile test numeric-literals-u64 ReleaseSafe native success 7s MaxRSS:325M
   |  |     +- run node (cases.zig) cached
   |  |     +- run exe zxc (program.zig) success 5ms
   |  |        +- compile exe zxc ReleaseSafe native (+6 more reused dependencies)
   |  +- run test numeric-literals-f64 3 pass (3 total) 3ms MaxRSS:1M
   |  |  +- compile test numeric-literals-f64 ReleaseSafe native success 6s MaxRSS:314M
   |  |     +- run node (cases.zig) cached
   |  |     +- run exe zxc (program.zig) success 5ms
   |  |        +- compile exe zxc ReleaseSafe native (+6 more reused dependencies)
   |  +- run test list-push-owned-0 3 pass (3 total) 3ms MaxRSS:1M
   |  |  +- compile test list-push-owned-0 ReleaseSafe native success 6s MaxRSS:331M
   |  |     +- run node (cases.zig) cached
   |  |     +- run exe zxc (program.zig) success 4ms
   |  |        +- compile exe zxc ReleaseSafe native (+6 more reused dependencies)
   |  +- run test list-push-owned-1 9 pass (9 total) 4ms MaxRSS:1M
   |  |  +- compile test list-push-owned-1 ReleaseSafe native success 7s MaxRSS:344M
   |  |     +- run node (cases.zig) cached
   |  |     +- run exe zxc (program.zig) success 5ms
   |  |        +- compile exe zxc ReleaseSafe native (+6 more reused dependencies)
   |  +- run test list-push-owned-2 30 pass (30 total) 3ms MaxRSS:1M
   |  |  +- compile test list-push-owned-2 ReleaseSafe native success 7s MaxRSS:331M
   |  |     +- run node (cases.zig) cached
   |  |     +- run exe zxc (program.zig) success 5ms
   |  |        +- compile exe zxc ReleaseSafe native (+6 more reused dependencies)
   |  +- run test list-push-owned-3 81 pass (81 total) 5ms MaxRSS:1M
   |  |  +- compile test list-push-owned-3 ReleaseSafe native success 6s MaxRSS:334M
   |  |     +- run node (cases.zig) cached
   |  |     +- run exe zxc (program.zig) success 5ms
   |  |        +- compile exe zxc ReleaseSafe native (+6 more reused dependencies)
   |  +- run test list-push-owned-4 246 pass (246 total) 9ms MaxRSS:1M
   |  |  +- compile test list-push-owned-4 ReleaseSafe native success 6s MaxRSS:329M
   |  |     +- run node (cases.zig) cached
   |  |     +- run exe zxc (program.zig) success 4ms
   |  |        +- compile exe zxc ReleaseSafe native (+6 more reused dependencies)
   |  +- run test list-push-owned-5 3 pass (3 total) 3ms MaxRSS:1M
   |  |  +- compile test list-push-owned-5 ReleaseSafe native success 6s MaxRSS:359M
   |  |     +- run node (cases.zig) cached
   |  |     +- run exe zxc (program.zig) success 5ms
   |  |        +- compile exe zxc ReleaseSafe native (+6 more reused dependencies)
   |  +- run test list-pop-owned-0 1 pass (1 total) 3ms MaxRSS:1M
   |  |  +- compile test list-pop-owned-0 ReleaseSafe native success 7s MaxRSS:333M
   |  |     +- run node (cases.zig) cached
   |  |     +- run exe zxc (program.zig) success 4ms
   |  |        +- compile exe zxc ReleaseSafe native (+6 more reused dependencies)
   |  +- run test list-pop-owned-1 3 pass (3 total) 3ms MaxRSS:1M
   |  |  +- compile test list-pop-owned-1 ReleaseSafe native success 7s MaxRSS:346M
   |  |     +- run node (cases.zig) cached
   |  |     +- run exe zxc (program.zig) success 7ms
   |  |        +- compile exe zxc ReleaseSafe native (+6 more reused dependencies)
   |  +- run test list-pop-owned-2 11 pass (11 total) 3ms MaxRSS:1M
   |  |  +- compile test list-pop-owned-2 ReleaseSafe native success 6s MaxRSS:319M
   |  |     +- run node (cases.zig) cached
   |  |     +- run exe zxc (program.zig) success 4ms
   |  |        +- compile exe zxc ReleaseSafe native (+6 more reused dependencies)
   |  +- run test list-pop-owned-3 28 pass (28 total) 4ms MaxRSS:1M
   |  |  +- compile test list-pop-owned-3 ReleaseSafe native success 7s MaxRSS:335M
   |  |     +- run node (cases.zig) cached
   |  |     +- run exe zxc (program.zig) success 4ms
   |  |        +- compile exe zxc ReleaseSafe native (+6 more reused dependencies)
   |  +- run test list-pop-owned-4 82 pass (82 total) 4ms MaxRSS:1M
   |  |  +- compile test list-pop-owned-4 ReleaseSafe native success 6s MaxRSS:301M
   |  |     +- run node (cases.zig) cached
   |  |     +- run exe zxc (program.zig) success 4ms
   |  |        +- compile exe zxc ReleaseSafe native (+6 more reused dependencies)
   |  +- run test list-pop-owned-5 1 pass (1 total) 3ms MaxRSS:1M
   |  |  +- compile test list-pop-owned-5 ReleaseSafe native success 6s MaxRSS:326M
   |  |     +- run node (cases.zig) cached
   |  |     +- run exe zxc (program.zig) success 4ms
   |  |        +- compile exe zxc ReleaseSafe native (+6 more reused dependencies)
   |  +- run test list-reverse-owned-0 1 pass (1 total) 3ms MaxRSS:1M
   |  |  +- compile test list-reverse-owned-0 ReleaseSafe native success 6s MaxRSS:324M
   |  |     +- run node (cases.zig) cached
   |  |     +- run exe zxc (program.zig) success 4ms
   |  |        +- compile exe zxc ReleaseSafe native (+6 more reused dependencies)
   |  +- run test list-reverse-owned-1 3 pass (3 total) 3ms MaxRSS:1M
   |  |  +- compile test list-reverse-owned-1 ReleaseSafe native success 6s MaxRSS:330M
   |  |     +- run node (cases.zig) cached
   |  |     +- run exe zxc (program.zig) success 4ms
   |  |        +- compile exe zxc ReleaseSafe native (+6 more reused dependencies)
   |  +- run test list-reverse-owned-2 11 pass (11 total) 3ms MaxRSS:1M
   |  |  +- compile test list-reverse-owned-2 ReleaseSafe native success 6s MaxRSS:350M
   |  |     +- run node (cases.zig) cached
   |  |     +- run exe zxc (program.zig) success 4ms
   |  |        +- compile exe zxc ReleaseSafe native (+6 more reused dependencies)
   |  +- run test list-reverse-owned-3 28 pass (28 total) 4ms MaxRSS:1M
   |  |  +- compile test list-reverse-owned-3 ReleaseSafe native success 7s MaxRSS:339M
   |  |     +- run node (cases.zig) cached
   |  |     +- run exe zxc (program.zig) success 5ms
   |  |        +- compile exe zxc ReleaseSafe native (+6 more reused dependencies)
   |  +- run test list-reverse-owned-4 82 pass (82 total) 5ms MaxRSS:1M
   |  |  +- compile test list-reverse-owned-4 ReleaseSafe native success 7s MaxRSS:336M
   |  |     +- run node (cases.zig) cached
   |  |     +- run exe zxc (program.zig) success 4ms
   |  |        +- compile exe zxc ReleaseSafe native (+6 more reused dependencies)
   |  +- run test list-reverse-owned-5 1 pass (1 total) 3ms MaxRSS:1M
   |  |  +- compile test list-reverse-owned-5 ReleaseSafe native success 6s MaxRSS:312M
   |  |     +- run node (cases.zig) cached
   |  |     +- run exe zxc (program.zig) success 4ms
   |  |        +- compile exe zxc ReleaseSafe native (+6 more reused dependencies)
   |  +- run test list-sort-owned-0 1 pass (1 total) 3ms MaxRSS:1M
   |  |  +- compile test list-sort-owned-0 ReleaseSafe native success 6s MaxRSS:335M
   |  |     +- run node (cases.zig) cached
   |  |     +- run exe zxc (program.zig) success 5ms
   |  |        +- compile exe zxc ReleaseSafe native (+6 more reused dependencies)
   |  +- run test list-sort-owned-1 3 pass (3 total) 3ms MaxRSS:1M
   |  |  +- compile test list-sort-owned-1 ReleaseSafe native success 7s MaxRSS:332M
   |  |     +- run node (cases.zig) cached
   |  |     +- run exe zxc (program.zig) success 3ms
   |  |        +- compile exe zxc ReleaseSafe native (+6 more reused dependencies)
   |  +- run test list-sort-owned-2 11 pass (11 total) 3ms MaxRSS:1M
   |  |  +- compile test list-sort-owned-2 ReleaseSafe native success 6s MaxRSS:337M
   |  |     +- run node (cases.zig) cached
   |  |     +- run exe zxc (program.zig) success 4ms
   |  |        +- compile exe zxc ReleaseSafe native (+6 more reused dependencies)
   |  +- run test list-sort-owned-3 28 pass (28 total) 4ms MaxRSS:1M
   |  |  +- compile test list-sort-owned-3 ReleaseSafe native success 6s MaxRSS:354M
   |  |     +- run node (cases.zig) cached
   |  |     +- run exe zxc (program.zig) success 3ms
   |  |        +- compile exe zxc ReleaseSafe native (+6 more reused dependencies)
   |  +- run test list-sort-owned-4 82 pass (82 total) 5ms MaxRSS:1M
   |  |  +- compile test list-sort-owned-4 ReleaseSafe native success 7s MaxRSS:365M
   |  |     +- run node (cases.zig) cached
   |  |     +- run exe zxc (program.zig) success 5ms
   |  |        +- compile exe zxc ReleaseSafe native (+6 more reused dependencies)
   |  +- run test list-sort-owned-5 1 pass (1 total) 4ms MaxRSS:1M
   |  |  +- compile test list-sort-owned-5 ReleaseSafe native success 7s MaxRSS:333M
   |  |     +- run node (cases.zig) cached
   |  |     +- run exe zxc (program.zig) success 4ms
   |  |        +- compile exe zxc ReleaseSafe native (+6 more reused dependencies)
   |  +- run test list-concat-owned-0 5 pass (5 total) 3ms MaxRSS:1M
   |  |  +- compile test list-concat-owned-0 ReleaseSafe native success 6s MaxRSS:324M
   |  |     +- run node (cases.zig) cached
   |  |     +- run exe zxc (program.zig) success 5ms
   |  |        +- compile exe zxc ReleaseSafe native (+6 more reused dependencies)
   |  +- run test list-concat-owned-1 15 pass (15 total) 4ms MaxRSS:1M
   |  |  +- compile test list-concat-owned-1 ReleaseSafe native success 7s MaxRSS:327M
   |  |     +- run node (cases.zig) cached
   |  |     +- run exe zxc (program.zig) success 4ms
   |  |        +- compile exe zxc ReleaseSafe native (+6 more reused dependencies)
   |  +- run test list-concat-owned-2 50 pass (50 total) 4ms MaxRSS:1M
   |  |  +- compile test list-concat-owned-2 ReleaseSafe native success 7s MaxRSS:337M
   |  |     +- run node (cases.zig) cached
   |  |     +- run exe zxc (program.zig) success 4ms
   |  |        +- compile exe zxc ReleaseSafe native (+6 more reused dependencies)
   |  +- run test list-concat-owned-3 135 pass (135 total) 5ms MaxRSS:1M
   |  |  +- compile test list-concat-owned-3 ReleaseSafe native success 6s MaxRSS:328M
   |  |     +- run node (cases.zig) cached
   |  |     +- run exe zxc (program.zig) success 3ms
   |  |        +- compile exe zxc ReleaseSafe native (+6 more reused dependencies)
   |  +- run test list-concat-owned-4 410 pass (410 total) 15ms MaxRSS:1M
   |  |  +- compile test list-concat-owned-4 ReleaseSafe native success 7s MaxRSS:348M
   |  |     +- run node (cases.zig) cached
   |  |     +- run exe zxc (program.zig) success 5ms
   |  |        +- compile exe zxc ReleaseSafe native (+6 more reused dependencies)
   |  +- run test list-concat-owned-5 5 pass (5 total) 3ms MaxRSS:1M
   |  |  +- compile test list-concat-owned-5 ReleaseSafe native success 6s MaxRSS:326M
   |  |     +- run node (cases.zig) cached
   |  |     +- run exe zxc (program.zig) success 4ms
   |  |        +- compile exe zxc ReleaseSafe native (+6 more reused dependencies)
   |  +- run test list-concat_reverse-owned-0 5 pass (5 total) 3ms MaxRSS:1M
   |  |  +- compile test list-concat_reverse-owned-0 ReleaseSafe native success 6s MaxRSS:328M
   |  |     +- run node (cases.zig) cached
   |  |     +- run exe zxc (program.zig) success 4ms
   |  |        +- compile exe zxc ReleaseSafe native (+6 more reused dependencies)
   |  +- run test list-concat_reverse-owned-1 15 pass (15 total) 4ms MaxRSS:1M
   |  |  +- compile test list-concat_reverse-owned-1 ReleaseSafe native success 6s MaxRSS:317M
   |  |     +- run node (cases.zig) cached
   |  |     +- run exe zxc (program.zig) success 4ms
   |  |        +- compile exe zxc ReleaseSafe native (+6 more reused dependencies)
   |  +- run test list-concat_reverse-owned-2 50 pass (50 total) 4ms MaxRSS:1M
   |  |  +- compile test list-concat_reverse-owned-2 ReleaseSafe native success 6s MaxRSS:325M
   |  |     +- run node (cases.zig) cached
   |  |     +- run exe zxc (program.zig) success 4ms
   |  |        +- compile exe zxc ReleaseSafe native (+6 more reused dependencies)
   |  +- run test list-concat_reverse-owned-3 135 pass (135 total) 6ms MaxRSS:1M
   |  |  +- compile test list-concat_reverse-owned-3 ReleaseSafe native success 7s MaxRSS:370M
   |  |     +- run node (cases.zig) cached
   |  |     +- run exe zxc (program.zig) success 3ms
   |  |        +- compile exe zxc ReleaseSafe native (+6 more reused dependencies)
   |  +- run test list-concat_reverse-owned-4 410 pass (410 total) 13ms MaxRSS:1M
   |  |  +- compile test list-concat_reverse-owned-4 ReleaseSafe native success 7s MaxRSS:341M
   |  |     +- run node (cases.zig) cached
   |  |     +- run exe zxc (program.zig) success 4ms
   |  |        +- compile exe zxc ReleaseSafe native (+6 more reused dependencies)
   |  +- run test list-concat_reverse-owned-5 5 pass (5 total) 4ms MaxRSS:1M
   |  |  +- compile test list-concat_reverse-owned-5 ReleaseSafe native success 7s MaxRSS:345M
   |  |     +- run node (cases.zig) cached
   |  |     +- run exe zxc (program.zig) success 4ms
   |  |        +- compile exe zxc ReleaseSafe native (+6 more reused dependencies)
   |  +- run test list-splice-owned-0 9 pass (9 total) 3ms MaxRSS:1M
   |  |  +- compile test list-splice-owned-0 ReleaseSafe native success 7s MaxRSS:331M
   |  |     +- run node (cases.zig) cached
   |  |     +- run exe zxc (program.zig) success 5ms
   |  |        +- compile exe zxc ReleaseSafe native (+6 more reused dependencies)
   |  +- run test list-splice-owned-1 60 pass (60 total) 5ms MaxRSS:1M
   |  |  +- compile test list-splice-owned-1 ReleaseSafe native success 7s MaxRSS:346M
   |  |     +- run node (cases.zig) cached
   |  |     +- run exe zxc (program.zig) success 5ms
   |  |        +- compile exe zxc ReleaseSafe native (+6 more reused dependencies)
   |  +- run test list-splice-owned-2 350 pass (350 total) 12ms MaxRSS:1M
   |  |  +- compile test list-splice-owned-2 ReleaseSafe native success 6s MaxRSS:316M
   |  |     +- run node (cases.zig) cached
   |  |     +- run exe zxc (program.zig) success 4ms
   |  |        +- compile exe zxc ReleaseSafe native (+6 more reused dependencies)
   |  +- run test list-splice-owned-3 1485 pass (1485 total) 59ms MaxRSS:1M
   |  |  +- compile test list-splice-owned-3 ReleaseSafe native success 8s MaxRSS:388M
   |  |     +- run node (cases.zig) cached
   |  |     +- run exe zxc (program.zig) success 4ms
   |  |        +- compile exe zxc ReleaseSafe native (+6 more reused dependencies)
   |  +- run test list-splice-owned-4 6561 pass (6561 total) 177ms MaxRSS:3M
   |  |  +- compile test list-splice-owned-4 ReleaseSafe native success 9s MaxRSS:478M
   |  |     +- run node (cases.zig) cached
   |  |     +- run exe zxc (program.zig) success 3ms
   |  |        +- compile exe zxc ReleaseSafe native (+6 more reused dependencies)
   |  +- run test list-splice-owned-5 110 pass (110 total) 6ms MaxRSS:1M
   |  |  +- compile test list-splice-owned-5 ReleaseSafe native success 6s MaxRSS:317M
   |  |     +- run node (cases.zig) cached
   |  |     +- run exe zxc (program.zig) success 4ms
   |  |        +- compile exe zxc ReleaseSafe native (+6 more reused dependencies)
   |  +- run test list-splice_reverse-owned-0 9 pass (9 total) 3ms MaxRSS:1M
   |  |  +- compile test list-splice_reverse-owned-0 ReleaseSafe native success 8s MaxRSS:357M
   |  |     +- run node (cases.zig) cached
   |  |     +- run exe zxc (program.zig) success 4ms
   |  |        +- compile exe zxc ReleaseSafe native (+6 more reused dependencies)
   |  +- run test list-splice_reverse-owned-1 20 pass (20 total) 3ms MaxRSS:1M
   |  |  +- compile test list-splice_reverse-owned-1 ReleaseSafe native success 6s MaxRSS:312M
   |  |     +- run node (cases.zig) cached
   |  |     +- run exe zxc (program.zig) success 4ms
   |  |        +- compile exe zxc ReleaseSafe native (+6 more reused dependencies)
   |  +- run test list-splice_reverse-owned-3 55 pass (55 total) 6ms MaxRSS:1M
   |  |  +- compile test list-splice_reverse-owned-3 ReleaseSafe native success 7s MaxRSS:365M
   |  |     +- run node (cases.zig) cached
   |  |     +- run exe zxc (program.zig) success 4ms
   |  |        +- compile exe zxc ReleaseSafe native (+6 more reused dependencies)
   |  +- run test list-splice_reverse-owned-4 80 pass (80 total) 5ms MaxRSS:1M
   |  |  +- compile test list-splice_reverse-owned-4 ReleaseSafe native success 7s MaxRSS:347M
   |  |     +- run node (cases.zig) cached
   |  |     +- run exe zxc (program.zig) success 5ms
   |  |        +- compile exe zxc ReleaseSafe native (+6 more reused dependencies)
   |  +- run test list-map_double 124 pass (124 total) 6ms MaxRSS:1M
   |  |  +- compile test list-map_double ReleaseSafe native success 7s MaxRSS:336M
   |  |     +- run node (cases.zig) cached
   |  |     +- run exe zxc (program.zig) success 4ms
   |  |        +- compile exe zxc ReleaseSafe native (+6 more reused dependencies)
   |  +- run test list-map_plus_ten 124 pass (124 total) 6ms MaxRSS:1M
   |  |  +- compile test list-map_plus_ten ReleaseSafe native success 7s MaxRSS:341M
   |  |     +- run node (cases.zig) cached
   |  |     +- run exe zxc (program.zig) success 4ms
   |  |        +- compile exe zxc ReleaseSafe native (+6 more reused dependencies)
   |  +- run test list-map_greater_ten 4 pass (4 total) 3ms MaxRSS:1M
   |  |  +- compile test list-map_greater_ten ReleaseSafe native success 6s MaxRSS:348M
   |  |     +- run node (cases.zig) cached
   |  |     +- run exe zxc (program.zig) success 4ms
   |  |        +- compile exe zxc ReleaseSafe native (+6 more reused dependencies)
   |  +- run test list-map_true 4 pass (4 total) 3ms MaxRSS:1M
   |  |  +- compile test list-map_true ReleaseSafe native success 7s MaxRSS:326M
   |  |     +- run node (cases.zig) cached
   |  |     +- run exe zxc (program.zig) success 5ms
   |  |        +- compile exe zxc ReleaseSafe native (+6 more reused dependencies)
   |  +- run test list-filter_odd 124 pass (124 total) 6ms MaxRSS:1M
   |  |  +- compile test list-filter_odd ReleaseSafe native success 6s MaxRSS:359M
   |  |     +- run node (cases.zig) cached
   |  |     +- run exe zxc (program.zig) success 3ms
   |  |        +- compile exe zxc ReleaseSafe native (+6 more reused dependencies)
   |  +- run test list-filter_true 4 pass (4 total) 3ms MaxRSS:1M
   |  |  +- compile test list-filter_true ReleaseSafe native success 7s MaxRSS:406M
   |  |     +- run node (cases.zig) cached
   |  |     +- run exe zxc (program.zig) success 5ms
   |  |        +- compile exe zxc ReleaseSafe native (+6 more reused dependencies)
   |  +- run test list-reduce_sum 372 pass (372 total) 11ms MaxRSS:1M
   |  |  +- compile test list-reduce_sum ReleaseSafe native success 6s MaxRSS:314M
   |  |     +- run node (cases.zig) cached
   |  |     +- run exe zxc (program.zig) success 4ms
   |  |        +- compile exe zxc ReleaseSafe native (+6 more reused dependencies)
   |  +- run test list-reduce_digits 372 pass (372 total) 10ms MaxRSS:1M
   |  |  +- compile test list-reduce_digits ReleaseSafe native success 6s MaxRSS:327M
   |  |     +- run node (cases.zig) cached
   |  |     +- run exe zxc (program.zig) success 3ms
   |  |        +- compile exe zxc ReleaseSafe native (+6 more reused dependencies)
   |  +- run test list-index 499 pass (499 total) 14ms MaxRSS:1M
   |  |  +- compile test list-index ReleaseSafe native success 6s MaxRSS:326M
   |  |     +- run node (cases.zig) cached
   |  |     +- run exe zxc (program.zig) success 3ms
   |  |        +- compile exe zxc ReleaseSafe native (+6 more reused dependencies)
   |  +- run test list-map_index 85 pass (85 total) 7ms MaxRSS:1M
   |  |  +- compile test list-map_index ReleaseSafe native success 6s MaxRSS:323M
   |  |     +- run node (cases.zig) cached
   |  |     +- run exe zxc (program.zig) success 4ms
   |  |        +- compile exe zxc ReleaseSafe native (+6 more reused dependencies)
   |  +- run test list-filter_index 85 pass (85 total) 5ms MaxRSS:1M
   |  |  +- compile test list-filter_index ReleaseSafe native success 6s MaxRSS:317M
   |  |     +- run node (cases.zig) cached
   |  |     +- run exe zxc (program.zig) success 4ms
   |  |        +- compile exe zxc ReleaseSafe native (+6 more reused dependencies)
   |  +- run test list-reduce_index 255 pass (255 total) 9ms MaxRSS:1M
   |  |  +- compile test list-reduce_index ReleaseSafe native success 7s MaxRSS:337M
   |  |     +- run node (cases.zig) cached
   |  |     +- run exe zxc (program.zig) success 4ms
   |  |        +- compile exe zxc ReleaseSafe native (+6 more reused dependencies)
   |  +- run test string-values 484 pass (484 total) 14ms MaxRSS:1M
   |  |  +- compile test string-values ReleaseSafe native success 6s MaxRSS:316M
   |  |     +- run node (cases.zig) cached
   |  |     +- run exe zxc (program.zig) success 4ms
   |  |        +- compile exe zxc ReleaseSafe native (+6 more reused dependencies)
   |  +- run test string-optional 529 pass (529 total) 12ms MaxRSS:1M
   |  |  +- compile test string-optional ReleaseSafe native success 6s MaxRSS:322M
   |  |     +- run node (cases.zig) cached
   |  |     +- run exe zxc (program.zig) success 4ms
   |  |        +- compile exe zxc ReleaseSafe native (+6 more reused dependencies)
   |  +- run test string-sort-owned-0_0 1 pass (1 total) 3ms MaxRSS:1M
   |  |  +- compile test string-sort-owned-0_0 ReleaseSafe native success 8s MaxRSS:348M
   |  |     +- run node (cases.zig) cached
   |  |     +- run exe zxc (program.zig) success 4ms
   |  |        +- compile exe zxc ReleaseSafe native (+6 more reused dependencies)
   |  +- run test string-sort-owned-1_0 4 pass (4 total) 3ms MaxRSS:1M
   |  |  +- compile test string-sort-owned-1_0 ReleaseSafe native success 7s MaxRSS:352M
   |  |     +- run node (cases.zig) cached
   |  |     +- run exe zxc (program.zig) success 3ms
   |  |        +- compile exe zxc ReleaseSafe native (+6 more reused dependencies)
   |  +- run test string-sort-owned-26_0 1 pass (1 total) 3ms MaxRSS:1M
   |  |  +- compile test string-sort-owned-26_0 ReleaseSafe native success 6s MaxRSS:329M
   |  |     +- run node (cases.zig) cached
   |  |     +- run exe zxc (program.zig) success 5ms
   |  |        +- compile exe zxc ReleaseSafe native (+6 more reused dependencies)
   |  +- run test string-sort-owned-2_0 17 pass (17 total) 4ms MaxRSS:1M
   |  |  +- compile test string-sort-owned-2_0 ReleaseSafe native success 8s MaxRSS:342M
   |  |     +- run node (cases.zig) cached
   |  |     +- run exe zxc (program.zig) success 5ms
   |  |        +- compile exe zxc ReleaseSafe native (+6 more reused dependencies)
   |  +- run test string-sort-owned-3_0 65 pass (65 total) 5ms MaxRSS:1M
   |  |  +- compile test string-sort-owned-3_0 ReleaseSafe native success 7s MaxRSS:318M
   |  |     +- run node (cases.zig) cached
   |  |     +- run exe zxc (program.zig) success 4ms
   |  |        +- compile exe zxc ReleaseSafe native (+6 more reused dependencies)
   |  +- run test string-concat_reverse-owned-0_0 1 pass (1 total) 3ms MaxRSS:1M
   |  |  +- compile test string-concat_reverse-owned-0_0 ReleaseSafe native success 6s MaxRSS:322M
   |  |     +- run node (cases.zig) cached
   |  |     +- run exe zxc (program.zig) success 12ms
   |  |        +- compile exe zxc ReleaseSafe native (+6 more reused dependencies)
   |  +- run test string-concat_reverse-owned-0_1 1 pass (1 total) 3ms MaxRSS:1M
   |  |  +- compile test string-concat_reverse-owned-0_1 ReleaseSafe native success 7s MaxRSS:333M
   |  |     +- run node (cases.zig) cached
   |  |     +- run exe zxc (program.zig) success 4ms
   |  |        +- compile exe zxc ReleaseSafe native (+6 more reused dependencies)
   |  +- run test string-concat_reverse-owned-0_2 2 pass (2 total) 3ms MaxRSS:1M
   |  |  +- compile test string-concat_reverse-owned-0_2 ReleaseSafe native success 7s MaxRSS:332M
   |  |     +- run node (cases.zig) cached
   |  |     +- run exe zxc (program.zig) success 5ms
   |  |        +- compile exe zxc ReleaseSafe native (+6 more reused dependencies)
   |  +- run test string-concat_reverse-owned-1_0 4 pass (4 total) 3ms MaxRSS:1M
   |  |  +- compile test string-concat_reverse-owned-1_0 ReleaseSafe native success 6s MaxRSS:342M
   |  |     +- run node (cases.zig) cached
   |  |     +- run exe zxc (program.zig) success 4ms
   |  |        +- compile exe zxc ReleaseSafe native (+6 more reused dependencies)
   |  +- run test string-concat_reverse-owned-1_1 4 pass (4 total) 3ms MaxRSS:1M
   |  |  +- compile test string-concat_reverse-owned-1_1 ReleaseSafe native success 6s MaxRSS:377M
   |  |     +- run node (cases.zig) cached
   |  |     +- run exe zxc (program.zig) success 5ms
   |  |        +- compile exe zxc ReleaseSafe native (+6 more reused dependencies)
   |  +- run test string-concat_reverse-owned-1_2 8 pass (8 total) 3ms MaxRSS:1M
   |  |  +- compile test string-concat_reverse-owned-1_2 ReleaseSafe native success 6s MaxRSS:377M
   |  |     +- run node (cases.zig) cached
   |  |     +- run exe zxc (program.zig) success 4ms
   |  |        +- compile exe zxc ReleaseSafe native (+6 more reused dependencies)
   |  +- run test string-concat_reverse-owned-2_0 16 pass (16 total) 3ms MaxRSS:1M
   |  |  +- compile test string-concat_reverse-owned-2_0 ReleaseSafe native success 6s MaxRSS:318M
   |  |     +- run node (cases.zig) cached
   |  |     +- run exe zxc (program.zig) success 5ms
   |  |        +- compile exe zxc ReleaseSafe native (+6 more reused dependencies)
   |  +- run test string-concat_reverse-owned-2_1 16 pass (16 total) 4ms MaxRSS:1M
   |  |  +- compile test string-concat_reverse-owned-2_1 ReleaseSafe native success 7s MaxRSS:339M
   |  |     +- run node (cases.zig) cached
   |  |     +- run exe zxc (program.zig) success 3ms
   |  |        +- compile exe zxc ReleaseSafe native (+6 more reused dependencies)
   |  +- run test string-concat_reverse-owned-2_2 32 pass (32 total) 4ms MaxRSS:1M
   |  |  +- compile test string-concat_reverse-owned-2_2 ReleaseSafe native success 6s MaxRSS:312M
   |  |     +- run node (cases.zig) cached
   |  |     +- run exe zxc (program.zig) success 4ms
   |  |        +- compile exe zxc ReleaseSafe native (+6 more reused dependencies)
   |  +- run test string-concat_reverse-owned-3_0 64 pass (64 total) 5ms MaxRSS:1M
   |  |  +- compile test string-concat_reverse-owned-3_0 ReleaseSafe native success 6s MaxRSS:353M
   |  |     +- run node (cases.zig) cached
   |  |     +- run exe zxc (program.zig) success 4ms
   |  |        +- compile exe zxc ReleaseSafe native (+6 more reused dependencies)
   |  +- run test string-concat_reverse-owned-3_1 64 pass (64 total) 5ms MaxRSS:1M
   |  |  +- compile test string-concat_reverse-owned-3_1 ReleaseSafe native success 6s MaxRSS:332M
   |  |     +- run node (cases.zig) cached
   |  |     +- run exe zxc (program.zig) success 3ms
   |  |        +- compile exe zxc ReleaseSafe native (+6 more reused dependencies)
   |  +- run test string-concat_reverse-owned-3_2 128 pass (128 total) 8ms MaxRSS:1M
   |  |  +- compile test string-concat_reverse-owned-3_2 ReleaseSafe native success 6s MaxRSS:314M
   |  |     +- run node (cases.zig) cached
   |  |     +- run exe zxc (program.zig) success 5ms
   |  |        +- compile exe zxc ReleaseSafe native (+6 more reused dependencies)
   |  +- run test string-reduce 256 pass (256 total) 11ms MaxRSS:1M
   |  |  +- compile test string-reduce ReleaseSafe native success 6s MaxRSS:322M
   |  |     +- run node (cases.zig) cached
   |  |     +- run exe zxc (program.zig) success 4ms
   |  |        +- compile exe zxc ReleaseSafe native (+6 more reused dependencies)
   |  +- run test string-literals 15 pass (15 total) 3ms MaxRSS:1M
   |  |  +- compile test string-literals ReleaseSafe native success 6s MaxRSS:337M
   |  |     +- run node (cases.zig) cached
   |  |     +- run exe zxc (program.zig) success 4ms
   |  |        +- compile exe zxc ReleaseSafe native (+6 more reused dependencies)
   |  +- run test list-concat-three-owned-0 26 pass (26 total) 4ms MaxRSS:1M
   |  |  +- compile test list-concat-three-owned-0 ReleaseSafe native success 6s MaxRSS:315M
   |  |     +- run node (cases.zig) cached
   |  |     +- run exe zxc (program.zig) success 4ms
   |  |        +- compile exe zxc ReleaseSafe native (+6 more reused dependencies)
   |  +- run test list-concat-three-owned-1 50 pass (50 total) 4ms MaxRSS:1M
   |  |  +- compile test list-concat-three-owned-1 ReleaseSafe native success 8s MaxRSS:341M
   |  |     +- run node (cases.zig) cached
   |  |     +- run exe zxc (program.zig) success 4ms
   |  |        +- compile exe zxc ReleaseSafe native (+6 more reused dependencies)
   |  +- run test list-concat-three-owned-2 25 pass (25 total) 3ms MaxRSS:1M
   |  |  +- compile test list-concat-three-owned-2 ReleaseSafe native success 6s MaxRSS:331M
   |  |     +- run node (cases.zig) cached
   |  |     +- run exe zxc (program.zig) success 3ms
   |  |        +- compile exe zxc ReleaseSafe native (+6 more reused dependencies)
   |  +- run test list-concat-three-owned-3 25 pass (25 total) 5ms MaxRSS:1M
   |  |  +- compile test list-concat-three-owned-3 ReleaseSafe native success 7s MaxRSS:344M
   |  |     +- run node (cases.zig) cached
   |  |     +- run exe zxc (program.zig) success 4ms
   |  |        +- compile exe zxc ReleaseSafe native (+6 more reused dependencies)
   |  +- run test division-grouping-f32-left 36 pass (36 total) 3ms MaxRSS:1M
   |  |  +- compile test division-grouping-f32-left ReleaseSafe native success 6s MaxRSS:321M
   |  |     +- run node (cases.zig) cached
   |  |     +- run exe zxc (program.zig) success 4ms
   |  |        +- compile exe zxc ReleaseSafe native (+6 more reused dependencies)
   |  +- run test division-grouping-f32-right 36 pass (36 total) 4ms MaxRSS:1M
   |  |  +- compile test division-grouping-f32-right ReleaseSafe native success 6s MaxRSS:312M
   |  |     +- run node (cases.zig) cached
   |  |     +- run exe zxc (program.zig) success 4ms
   |  |        +- compile exe zxc ReleaseSafe native (+6 more reused dependencies)
   |  +- run test division-grouping-f64-left 36 pass (36 total) 4ms MaxRSS:1M
   |  |  +- compile test division-grouping-f64-left ReleaseSafe native success 6s MaxRSS:329M
   |  |     +- run node (cases.zig) cached
   |  |     +- run exe zxc (program.zig) success 4ms
   |  |        +- compile exe zxc ReleaseSafe native (+6 more reused dependencies)
   |  +- run test division-grouping-f64-right 36 pass (36 total) 4ms MaxRSS:1M
   |  |  +- compile test division-grouping-f64-right ReleaseSafe native success 7s MaxRSS:328M
   |  |     +- run node (cases.zig) cached
   |  |     +- run exe zxc (program.zig) success 4ms
   |  |        +- compile exe zxc ReleaseSafe native (+6 more reused dependencies)
   |  +- run test comparison-f32 1225 pass (1225 total) 36ms MaxRSS:1M
   |  |  +- compile test comparison-f32 ReleaseSafe native success 7s MaxRSS:344M
   |  |     +- run node (cases.zig) cached
   |  |     +- run exe zxc (program.zig) success 3ms
   |  |        +- compile exe zxc ReleaseSafe native (+6 more reused dependencies)
   |  +- run test comparison-f64 1230 pass (1230 total) 48ms MaxRSS:1M
   |  |  +- compile test comparison-f64 ReleaseSafe native success 7s MaxRSS:360M
   |  |     +- run node (cases.zig) cached
   |  |     +- run exe zxc (program.zig) success 5ms
   |  |        +- compile exe zxc ReleaseSafe native (+6 more reused dependencies)
   |  +- run test comparison-f64-negated 1 pass (1 total) 3ms MaxRSS:1M
   |  |  +- compile test comparison-f64-negated ReleaseSafe native success 7s MaxRSS:327M
   |  |     +- run node (cases.zig) cached
   |  |     +- run exe zxc (program.zig) success 6ms
   |  |        +- compile exe zxc ReleaseSafe native (+6 more reused dependencies)
   |  +- run test leading-zero-decimal 11 pass (11 total) 3ms MaxRSS:1M
   |  |  +- compile test leading-zero-decimal ReleaseSafe native success 6s MaxRSS:322M
   |  |     +- run node (cases.zig) cached
   |  |     +- run exe zxc (program.zig) success 4ms
   |  |        +- compile exe zxc ReleaseSafe native (+6 more reused dependencies)
   |  +- run test unary-minus-f32-direct 35 pass (35 total) 3ms MaxRSS:1M
   |  |  +- compile test unary-minus-f32-direct ReleaseSafe native success 6s MaxRSS:342M
   |  |     +- run node (cases.zig) cached
   |  |     +- run exe zxc (program.zig) success 5ms
   |  |        +- compile exe zxc ReleaseSafe native (+6 more reused dependencies)
   |  +- run test unary-minus-f32-binding 35 pass (35 total) 4ms MaxRSS:1M
   |  |  +- compile test unary-minus-f32-binding ReleaseSafe native success 7s MaxRSS:382M
   |  |     +- run node (cases.zig) cached
   |  |     +- run exe zxc (program.zig) success 3ms
   |  |        +- compile exe zxc ReleaseSafe native (+6 more reused dependencies)
   |  +- run test unary-minus-f32-double 35 pass (35 total) 3ms MaxRSS:1M
   |  |  +- compile test unary-minus-f32-double ReleaseSafe native success 6s MaxRSS:319M
   |  |     +- run node (cases.zig) cached
   |  |     +- run exe zxc (program.zig) success 3ms
   |  |        +- compile exe zxc ReleaseSafe native (+6 more reused dependencies)
   |  +- run test unary-minus-f32-field 35 pass (35 total) 4ms MaxRSS:1M
   |  |  +- compile test unary-minus-f32-field ReleaseSafe native success 6s MaxRSS:326M
   |  |     +- run node (cases.zig) cached
   |  |     +- run exe zxc (program.zig) success 4ms
   |  |        +- compile exe zxc ReleaseSafe native (+6 more reused dependencies)
   |  +- run test unary-minus-f64-direct 35 pass (35 total) 4ms MaxRSS:1M
   |  |  +- compile test unary-minus-f64-direct ReleaseSafe native success 7s MaxRSS:317M
   |  |     +- run node (cases.zig) cached
   |  |     +- run exe zxc (program.zig) success 7ms
   |  |        +- compile exe zxc ReleaseSafe native (+6 more reused dependencies)
   |  +- run test unary-minus-f64-binding 35 pass (35 total) 3ms MaxRSS:1M
   |  |  +- compile test unary-minus-f64-binding ReleaseSafe native success 6s MaxRSS:327M
   |  |     +- run node (cases.zig) cached
   |  |     +- run exe zxc (program.zig) success 5ms
   |  |        +- compile exe zxc ReleaseSafe native (+6 more reused dependencies)
   |  +- run test unary-minus-f64-double 35 pass (35 total) 3ms MaxRSS:1M
   |  |  +- compile test unary-minus-f64-double ReleaseSafe native success 7s MaxRSS:328M
   |  |     +- run node (cases.zig) cached
   |  |     +- run exe zxc (program.zig) success 6ms
   |  |        +- compile exe zxc ReleaseSafe native (+6 more reused dependencies)
   |  +- run test unary-minus-f64-field 35 pass (35 total) 4ms MaxRSS:1M
   |  |  +- compile test unary-minus-f64-field ReleaseSafe native success 6s MaxRSS:323M
   |  |     +- run node (cases.zig) cached
   |  |     +- run exe zxc (program.zig) success 3ms
   |  |        +- compile exe zxc ReleaseSafe native (+6 more reused dependencies)
   |  +- run test unary-minus-source-values 6 pass (6 total) 3ms MaxRSS:1M
   |  |  +- compile test unary-minus-source-values ReleaseSafe native success 7s MaxRSS:342M
   |  |     +- run node (cases.zig) cached
   |  |     +- run exe zxc (program.zig) success 4ms
   |  |        +- compile exe zxc ReleaseSafe native (+6 more reused dependencies)
   |  +- run test comments-and-whitespace 14 pass (14 total) 3ms MaxRSS:1M
   |  |  +- compile test comments-and-whitespace ReleaseSafe native success 6s MaxRSS:314M
   |  |     +- run node (cases.zig) cached
   |  |     +- run exe zxc (program.zig) success 5ms
   |  |        +- compile exe zxc ReleaseSafe native (+6 more reused dependencies)
   |  +- run test comment-markers-in-strings 5 pass (5 total) 3ms MaxRSS:1M
   |  |  +- compile test comment-markers-in-strings ReleaseSafe native success 6s MaxRSS:315M
   |  |     +- run node (cases.zig) cached
   |  |     +- run exe zxc (program.zig) success 5ms
   |  |        +- compile exe zxc ReleaseSafe native (+6 more reused dependencies)
   |  +- run test logical-not-source 14 pass (14 total) 3ms MaxRSS:1M
   |  |  +- compile test logical-not-source ReleaseSafe native success 7s MaxRSS:332M
   |  |     +- run node (cases.zig) cached
   |  |     +- run exe zxc (program.zig) success 3ms
   |  |        +- compile exe zxc ReleaseSafe native (+6 more reused dependencies)
   |  +- run test logical-not-values 2 pass (2 total) 3ms MaxRSS:1M
   |  |  +- compile test logical-not-values ReleaseSafe native success 8s MaxRSS:332M
   |  |     +- run node (cases.zig) cached
   |  |     +- run exe zxc (program.zig) success 5ms
   |  |        +- compile exe zxc ReleaseSafe native (+6 more reused dependencies)
   |  +- run test logical-not-precedence-not_left_and 4 pass (4 total) 4ms MaxRSS:1M
   |  |  +- compile test logical-not-precedence-not_left_and ReleaseSafe native success 7s MaxRSS:326M
   |  |     +- run node (cases.zig) cached
   |  |     +- run exe zxc (program.zig) success 5ms
   |  |        +- compile exe zxc ReleaseSafe native (+6 more reused dependencies)
   |  +- run test logical-not-precedence-not_group_and 4 pass (4 total) 3ms MaxRSS:1M
   |  |  +- compile test logical-not-precedence-not_group_and ReleaseSafe native success 7s MaxRSS:349M
   |  |     +- run node (cases.zig) cached
   |  |     +- run exe zxc (program.zig) success 4ms
   |  |        +- compile exe zxc ReleaseSafe native (+6 more reused dependencies)
   |  +- run test logical-not-precedence-not_left_or 4 pass (4 total) 4ms MaxRSS:1M
   |  |  +- compile test logical-not-precedence-not_left_or ReleaseSafe native success 6s MaxRSS:320M
   |  |     +- run node (cases.zig) cached
   |  |     +- run exe zxc (program.zig) success 3ms
   |  |        +- compile exe zxc ReleaseSafe native (+6 more reused dependencies)
   |  +- run test logical-not-precedence-not_group_or 4 pass (4 total) 4ms MaxRSS:1M
   |  |  +- compile test logical-not-precedence-not_group_or ReleaseSafe native success 6s MaxRSS:315M
   |  |     +- run node (cases.zig) cached
   |  |     +- run exe zxc (program.zig) success 4ms
   |  |        +- compile exe zxc ReleaseSafe native (+6 more reused dependencies)
   |  +- run test standard-encoding-crypto 324 pass (324 total) 15ms MaxRSS:1M
   |  |  +- compile test standard-encoding-crypto ReleaseSafe native success 7s MaxRSS:340M
   |  |     +- run node (cases.zig) cached
   |  |     +- run exe zxc (program.zig) success 5ms
   |  |     |  +- compile exe zxc ReleaseSafe native (+6 more reused dependencies)
   |  |     +- run exe zxc (program.zig) (+1 more reused dependencies)
   |  +- run test standard-decoding-errors 38 pass (38 total) 4ms MaxRSS:1M
   |  |  +- compile test standard-decoding-errors ReleaseSafe native success 7s MaxRSS:337M
   |  |     +- run node (cases.zig) cached
   |  |     +- run exe zxc (program.zig) success 5ms
   |  |     |  +- compile exe zxc ReleaseSafe native (+6 more reused dependencies)
   |  |     +- run exe zxc (program.zig) (+1 more reused dependencies)
   |  +- run test multiplication-f32 1521 pass (1521 total) 47ms MaxRSS:1M
   |  |  +- compile test multiplication-f32 ReleaseSafe native success 7s MaxRSS:372M
   |  |     +- run node (cases.zig) cached
   |  |     +- run exe zxc (program.zig) success 4ms
   |  |        +- compile exe zxc ReleaseSafe native (+6 more reused dependencies)
   |  +- run test multiplication-f64 1521 pass (1521 total) 27ms MaxRSS:1M
   |  |  +- compile test multiplication-f64 ReleaseSafe native success 8s MaxRSS:367M
   |  |     +- run node (cases.zig) cached
   |  |     +- run exe zxc (program.zig) success 4ms
   |  |        +- compile exe zxc ReleaseSafe native (+6 more reused dependencies)
   |  +- run test multiplication-grouping-f32-default 225 pass (225 total) 5ms MaxRSS:1M
   |  |  +- compile test multiplication-grouping-f32-default ReleaseSafe native success 6s MaxRSS:317M
   |  |     +- run node (cases.zig) cached
   |  |     +- run exe zxc (program.zig) success 3ms
   |  |        +- compile exe zxc ReleaseSafe native (+6 more reused dependencies)
   |  +- run test multiplication-grouping-f32-left 225 pass (225 total) 6ms MaxRSS:1M
   |  |  +- compile test multiplication-grouping-f32-left ReleaseSafe native success 7s MaxRSS:345M
   |  |     +- run node (cases.zig) cached
   |  |     +- run exe zxc (program.zig) success 4ms
   |  |        +- compile exe zxc ReleaseSafe native (+6 more reused dependencies)
   |  +- run test multiplication-grouping-f32-right 225 pass (225 total) 7ms MaxRSS:1M
   |  |  +- compile test multiplication-grouping-f32-right ReleaseSafe native success 6s MaxRSS:319M
   |  |     +- run node (cases.zig) cached
   |  |     +- run exe zxc (program.zig) success 3ms
   |  |        +- compile exe zxc ReleaseSafe native (+6 more reused dependencies)
   |  +- run test multiplication-grouping-f64-default 225 pass (225 total) 5ms MaxRSS:1M
   |  |  +- compile test multiplication-grouping-f64-default ReleaseSafe native success 7s MaxRSS:380M
   |  |     +- run node (cases.zig) cached
   |  |     +- run exe zxc (program.zig) success 3ms
   |  |        +- compile exe zxc ReleaseSafe native (+6 more reused dependencies)
   |  +- run test multiplication-grouping-f64-left 225 pass (225 total) 5ms MaxRSS:1M
   |  |  +- compile test multiplication-grouping-f64-left ReleaseSafe native success 6s MaxRSS:308M
   |  |     +- run node (cases.zig) cached
   |  |     +- run exe zxc (program.zig) success 5ms
   |  |        +- compile exe zxc ReleaseSafe native (+6 more reused dependencies)
   |  +- run test multiplication-grouping-f64-right 225 pass (225 total) 5ms MaxRSS:1M
   |  |  +- compile test multiplication-grouping-f64-right ReleaseSafe native success 6s MaxRSS:324M
   |  |     +- run node (cases.zig) cached
   |  |     +- run exe zxc (program.zig) success 4ms
   |  |        +- compile exe zxc ReleaseSafe native (+6 more reused dependencies)
   |  +- run test multiplication-source-values 5 pass (5 total) 3ms MaxRSS:1M
   |  |  +- compile test multiplication-source-values ReleaseSafe native success 7s MaxRSS:326M
   |  |     +- run node (cases.zig) cached
   |  |     +- run exe zxc (program.zig) success 5ms
   |  |        +- compile exe zxc ReleaseSafe native (+6 more reused dependencies)
   |  +- run test multiplication-source-lines 1 pass (1 total) 2ms MaxRSS:1M
   |  |  +- compile test multiplication-source-lines ReleaseSafe native success 6s MaxRSS:345M
   |  |     +- run node (cases.zig) cached
   |  |     +- run exe zxc (program.zig) success 4ms
   |  |        +- compile exe zxc ReleaseSafe native (+6 more reused dependencies)
   |  +- run test operand-errors-hex_base64 25 pass (25 total) 5ms MaxRSS:1M
   |  |  +- compile test operand-errors-hex_base64 ReleaseSafe native success 7s MaxRSS:341M
   |  |     +- run node (cases.zig) cached
   |  |     +- run exe zxc (program.zig) success 4ms
   |  |     |  +- compile exe zxc ReleaseSafe native (+6 more reused dependencies)
   |  |     +- run exe zxc (program.zig) (+1 more reused dependencies)
   |  +- run test operand-errors-base64_hex 25 pass (25 total) 4ms MaxRSS:1M
   |  |  +- compile test operand-errors-base64_hex ReleaseSafe native success 6s MaxRSS:320M
   |  |     +- run node (cases.zig) cached
   |  |     +- run exe zxc (program.zig) success 6ms
   |  |     |  +- compile exe zxc ReleaseSafe native (+6 more reused dependencies)
   |  |     +- run exe zxc (program.zig) (+1 more reused dependencies)
   |  +- run test addition-f32 1521 pass (1521 total) 31ms MaxRSS:1M
   |  |  +- compile test addition-f32 ReleaseSafe native success 8s MaxRSS:363M
   |  |     +- run node (cases.zig) cached
   |  |     +- run exe zxc (program.zig) success 5ms
   |  |        +- compile exe zxc ReleaseSafe native (+6 more reused dependencies)
   |  +- run test addition-f64 1521 pass (1521 total) 34ms MaxRSS:1M
   |  |  +- compile test addition-f64 ReleaseSafe native success 7s MaxRSS:324M
   |  |     +- run node (cases.zig) cached
   |  |     +- run exe zxc (program.zig) success 3ms
   |  |        +- compile exe zxc ReleaseSafe native (+6 more reused dependencies)
   |  +- run test subtraction-f32 1521 pass (1521 total) 32ms MaxRSS:1M
   |  |  +- compile test subtraction-f32 ReleaseSafe native success 7s MaxRSS:376M
   |  |     +- run node (cases.zig) cached
   |  |     +- run exe zxc (program.zig) success 4ms
   |  |        +- compile exe zxc ReleaseSafe native (+6 more reused dependencies)
   |  +- run test subtraction-f64 1849 pass (1849 total) 22ms MaxRSS:1M
   |  |  +- compile test subtraction-f64 ReleaseSafe native success 7s MaxRSS:352M
   |  |     +- run node (cases.zig) cached
   |  |     +- run exe zxc (program.zig) success 4ms
   |  |        +- compile exe zxc ReleaseSafe native (+6 more reused dependencies)
   |  +- run test addition-overflow-literals 2 pass (2 total) 3ms MaxRSS:1M
   |  |  +- compile test addition-overflow-literals ReleaseSafe native success 7s MaxRSS:323M
   |  |     +- run node (cases.zig) cached
   |  |     +- run exe zxc (program.zig) success 5ms
   |  |        +- compile exe zxc ReleaseSafe native (+6 more reused dependencies)
   |  +- run test addition-grouping-f32-default 6 pass (6 total) 3ms MaxRSS:1M
   |  |  +- compile test addition-grouping-f32-default ReleaseSafe native success 6s MaxRSS:317M
   |  |     +- run node (cases.zig) cached
   |  |     +- run exe zxc (program.zig) success 4ms
   |  |        +- compile exe zxc ReleaseSafe native (+6 more reused dependencies)
   |  +- run test addition-grouping-f32-left 6 pass (6 total) 3ms MaxRSS:1M
   |  |  +- compile test addition-grouping-f32-left ReleaseSafe native success 6s MaxRSS:307M
   |  |     +- run node (cases.zig) cached
   |  |     +- run exe zxc (program.zig) success 5ms
   |  |        +- compile exe zxc ReleaseSafe native (+6 more reused dependencies)
   |  +- run test addition-grouping-f32-right 6 pass (6 total) 3ms MaxRSS:1M
   |  |  +- compile test addition-grouping-f32-right ReleaseSafe native success 6s MaxRSS:382M
   |  |     +- run node (cases.zig) cached
   |  |     +- run exe zxc (program.zig) success 8ms
   |  |        +- compile exe zxc ReleaseSafe native (+6 more reused dependencies)
   |  +- run test addition-grouping-f64-default 6 pass (6 total) 3ms MaxRSS:1M
   |  |  +- compile test addition-grouping-f64-default ReleaseSafe native success 6s MaxRSS:308M
   |  |     +- run node (cases.zig) cached
   |  |     +- run exe zxc (program.zig) success 3ms
   |  |        +- compile exe zxc ReleaseSafe native (+6 more reused dependencies)
   |  +- run test addition-grouping-f64-left 6 pass (6 total) 3ms MaxRSS:1M
   |  |  +- compile test addition-grouping-f64-left ReleaseSafe native success 6s MaxRSS:332M
   |  |     +- run node (cases.zig) cached
   |  |     +- run exe zxc (program.zig) success 4ms
   |  |        +- compile exe zxc ReleaseSafe native (+6 more reused dependencies)
   |  +- run test addition-grouping-f64-right 6 pass (6 total) 3ms MaxRSS:1M
   |  |  +- compile test addition-grouping-f64-right ReleaseSafe native success 7s MaxRSS:388M
   |  |     +- run node (cases.zig) cached
   |  |     +- run exe zxc (program.zig) success 4ms
   |  |        +- compile exe zxc ReleaseSafe native (+6 more reused dependencies)
   |  +- run test addition-grouping-strings 4 pass (4 total) 3ms MaxRSS:1M
   |  |  +- compile test addition-grouping-strings ReleaseSafe native success 6s MaxRSS:308M
   |  |     +- run node (cases.zig) cached
   |  |     +- run exe zxc (program.zig) success 3ms
   |  |        +- compile exe zxc ReleaseSafe native (+6 more reused dependencies)
   |  +- run test standard-path-posix 44 pass (44 total) 6ms MaxRSS:1M
   |  |  +- compile test standard-path-posix ReleaseSafe native success 8s MaxRSS:408M
   |  |     +- run node (cases.zig) cached
   |  |     +- run exe zxc (program.zig) success 5ms
   |  |     |  +- compile exe zxc ReleaseSafe native (+6 more reused dependencies)
   |  |     +- run exe zxc (program.zig) (+1 more reused dependencies)
   |  +- run test standard-path-win32 44 pass (44 total) 12ms MaxRSS:1M
   |  |  +- compile test standard-path-win32 ReleaseSafe native success 6s MaxRSS:385M
   |  |     +- run node (cases.zig) cached
   |  |     +- run exe zxc (program.zig) success 4ms
   |  |     |  +- compile exe zxc ReleaseSafe native (+6 more reused dependencies)
   |  |     +- run exe zxc (program.zig) (+1 more reused dependencies)
   |  +- run test standard-path-posix-resolve 12 pass (12 total) 3ms MaxRSS:1M
   |  |  +- compile test standard-path-posix-resolve ReleaseSafe native success 6s MaxRSS:331M
   |  |     +- run node (cases.zig) cached
   |  |     +- run exe zxc (program.zig) success 4ms
   |  |     |  +- compile exe zxc ReleaseSafe native (+6 more reused dependencies)
   |  |     +- run exe zxc (program.zig) (+1 more reused dependencies)
   |  +- run test standard-path-posix-relative 66 pass (66 total) 6ms MaxRSS:1M
   |  |  +- compile test standard-path-posix-relative ReleaseSafe native success 7s MaxRSS:331M
   |  |     +- run node (cases.zig) cached
   |  |     +- run exe zxc (program.zig) success 4ms
   |  |     |  +- compile exe zxc ReleaseSafe native (+6 more reused dependencies)
   |  |     +- run exe zxc (program.zig) (+1 more reused dependencies)
   |  +- run test standard-path-win32-resolve 13 pass (13 total) 3ms MaxRSS:1M
   |  |  +- compile test standard-path-win32-resolve ReleaseSafe native success 6s MaxRSS:337M
   |  |     +- run node (cases.zig) cached
   |  |     +- run exe zxc (program.zig) success 4ms
   |  |     |  +- compile exe zxc ReleaseSafe native (+6 more reused dependencies)
   |  |     +- run exe zxc (program.zig) (+1 more reused dependencies)
   |  +- run test standard-path-win32-relative 1603 pass (1603 total) 75ms MaxRSS:1M
   |  |  +- compile test standard-path-win32-relative ReleaseSafe native success 9s MaxRSS:384M
   |  |     +- run node (cases.zig) cached
   |  |     +- run exe zxc (program.zig) success 4ms
   |  |     |  +- compile exe zxc ReleaseSafe native (+6 more reused dependencies)
   |  |     +- run exe zxc (program.zig) (+1 more reused dependencies)
   |  +- run test modulus-f32 1681 pass (1681 total) 31ms MaxRSS:1M
   |  |  +- compile test modulus-f32 ReleaseSafe native success 7s MaxRSS:347M
   |  |     +- run node (cases.zig) cached
   |  |     +- run exe zxc (program.zig) success 4ms
   |  |        +- compile exe zxc ReleaseSafe native (+6 more reused dependencies)
   |  +- run test modulus-f64 1681 pass (1681 total) 30ms MaxRSS:1M
   |  |  +- compile test modulus-f64 ReleaseSafe native success 8s MaxRSS:361M
   |  |     +- run node (cases.zig) cached
   |  |     +- run exe zxc (program.zig) success 4ms
   |  |        +- compile exe zxc ReleaseSafe native (+6 more reused dependencies)
   |  +- run test comparison-bool 4 pass (4 total) 3ms MaxRSS:1M
   |  |  +- compile test comparison-bool ReleaseSafe native success 6s MaxRSS:324M
   |  |     +- run node (cases.zig) cached
   |  |     +- run exe zxc (program.zig) success 5ms
   |  |        +- compile exe zxc ReleaseSafe native (+6 more reused dependencies)
   |  +- run test comparison-string_upstream 6 pass (6 total) 3ms MaxRSS:1M
   |  |  +- compile test comparison-string_upstream ReleaseSafe native success 7s MaxRSS:333M
   |  |     +- run node (cases.zig) cached
   |  |     +- run exe zxc (program.zig) success 4ms
   |  |        +- compile exe zxc ReleaseSafe native (+6 more reused dependencies)
   |  +- run test crypto-hmac_sha256-cases 52 pass (52 total) 5ms MaxRSS:1M
   |  |  +- compile test crypto-hmac_sha256-cases ReleaseSafe native success 6s MaxRSS:333M
   |  |     +- run node (cases.zig) cached
   |  |     +- run exe zxc (program.zig) success 5ms
   |  |     |  +- compile exe zxc ReleaseSafe native (+6 more reused dependencies)
   |  |     +- run exe zxc (program.zig) (+1 more reused dependencies)
   |  +- run test crypto-hkdf_sha256-cases 74 pass (74 total) 4ms MaxRSS:1M
   |  |  +- compile test crypto-hkdf_sha256-cases ReleaseSafe native success 6s MaxRSS:322M
   |  |     +- run node (cases.zig) cached
   |  |     +- run exe zxc (program.zig) success 5ms
   |  |     |  +- compile exe zxc ReleaseSafe native (+6 more reused dependencies)
   |  |     +- run exe zxc (program.zig) (+1 more reused dependencies)
   |  +- run test crypto-pbkdf2_sha256-cases 109 pass (109 total) 5ms MaxRSS:1M
   |  |  +- compile test crypto-pbkdf2_sha256-cases ReleaseSafe native success 6s MaxRSS:326M
   |  |     +- run node (cases.zig) cached
   |  |     +- run exe zxc (program.zig) success 6ms
   |  |     |  +- compile exe zxc ReleaseSafe native (+6 more reused dependencies)
   |  |     +- run exe zxc (program.zig) (+1 more reused dependencies)
   |  +- run test crypto-hmac_sha512-cases 52 pass (52 total) 4ms MaxRSS:1M
   |  |  +- compile test crypto-hmac_sha512-cases ReleaseSafe native success 6s MaxRSS:336M
   |  |     +- run node (cases.zig) cached
   |  |     +- run exe zxc (program.zig) success 5ms
   |  |     |  +- compile exe zxc ReleaseSafe native (+6 more reused dependencies)
   |  |     +- run exe zxc (program.zig) (+1 more reused dependencies)
   |  +- run test crypto-hkdf_sha512-cases 74 pass (74 total) 5ms MaxRSS:1M
   |  |  +- compile test crypto-hkdf_sha512-cases ReleaseSafe native success 7s MaxRSS:336M
   |  |     +- run node (cases.zig) cached
   |  |     +- run exe zxc (program.zig) success 4ms
   |  |     |  +- compile exe zxc ReleaseSafe native (+6 more reused dependencies)
   |  |     +- run exe zxc (program.zig) (+1 more reused dependencies)
   |  +- run test crypto-pbkdf2_sha512-cases 109 pass (109 total) 7ms MaxRSS:1M
   |  |  +- compile test crypto-pbkdf2_sha512-cases ReleaseSafe native success 7s MaxRSS:335M
   |  |     +- run node (cases.zig) cached
   |  |     +- run exe zxc (program.zig) success 5ms
   |  |     |  +- compile exe zxc ReleaseSafe native (+6 more reused dependencies)
   |  |     +- run exe zxc (program.zig) (+1 more reused dependencies)
   |  +- run test crypto-aes-128-gcm-encrypt 27 pass (27 total) 4ms MaxRSS:1M
   |  |  +- compile test crypto-aes-128-gcm-encrypt ReleaseSafe native success 7s MaxRSS:340M
   |  |     +- run node (cases.zig) cached
   |  |     +- run exe zxc (program.zig) success 4ms
   |  |     |  +- compile exe zxc ReleaseSafe native (+6 more reused dependencies)
   |  |     +- run exe zxc (program.zig) (+1 more reused dependencies)
   |  +- run test crypto-aes-128-gcm-decrypt 135 pass (135 total) 6ms MaxRSS:1M
   |  |  +- compile test crypto-aes-128-gcm-decrypt ReleaseSafe native success 7s MaxRSS:360M
   |  |     +- run node (cases.zig) cached
   |  |     +- run exe zxc (program.zig) success 5ms
   |  |     |  +- compile exe zxc ReleaseSafe native (+6 more reused dependencies)
   |  |     +- run exe zxc (program.zig) (+1 more reused dependencies)
   |  +- run test crypto-aes-256-gcm-encrypt 27 pass (27 total) 3ms MaxRSS:1M
   |  |  +- compile test crypto-aes-256-gcm-encrypt ReleaseSafe native success 7s MaxRSS:335M
   |  |     +- run node (cases.zig) cached
   |  |     +- run exe zxc (program.zig) success 4ms
   |  |     |  +- compile exe zxc ReleaseSafe native (+6 more reused dependencies)
   |  |     +- run exe zxc (program.zig) (+1 more reused dependencies)
   |  +- run test crypto-aes-256-gcm-decrypt 135 pass (135 total) 8ms MaxRSS:1M
   |  |  +- compile test crypto-aes-256-gcm-decrypt ReleaseSafe native success 7s MaxRSS:351M
   |  |     +- run node (cases.zig) cached
   |  |     +- run exe zxc (program.zig) success 5ms
   |  |     |  +- compile exe zxc ReleaseSafe native (+6 more reused dependencies)
   |  |     +- run exe zxc (program.zig) (+1 more reused dependencies)
   |  +- run test crypto-chacha20-poly1305-encrypt 27 pass (27 total) 4ms MaxRSS:1M
   |  |  +- compile test crypto-chacha20-poly1305-encrypt ReleaseSafe native success 6s MaxRSS:328M
   |  |     +- run node (cases.zig) cached
   |  |     +- run exe zxc (program.zig) success 4ms
   |  |     |  +- compile exe zxc ReleaseSafe native (+6 more reused dependencies)
   |  |     +- run exe zxc (program.zig) (+1 more reused dependencies)
   |  +- run test crypto-chacha20-poly1305-decrypt 135 pass (135 total) 7ms MaxRSS:1M
   |  |  +- compile test crypto-chacha20-poly1305-decrypt ReleaseSafe native success 7s MaxRSS:350M
   |  |     +- run node (cases.zig) cached
   |  |     +- run exe zxc (program.zig) success 4ms
   |  |     |  +- compile exe zxc ReleaseSafe native (+6 more reused dependencies)
   |  |     +- run exe zxc (program.zig) (+1 more reused dependencies)
   |  +- run test crypto-timing_safe_equal 24 pass (24 total) 4ms MaxRSS:1M
   |  |  +- compile test crypto-timing_safe_equal ReleaseSafe native success 6s MaxRSS:325M
   |  |     +- run node (cases.zig) cached
   |  |     +- run exe zxc (program.zig) success 5ms
   |  |     |  +- compile exe zxc ReleaseSafe native (+6 more reused dependencies)
   |  |     +- run exe zxc (program.zig) (+1 more reused dependencies)
   |  +- run test querystring-escape 142 pass (142 total) 6ms MaxRSS:1M
   |  |  +- compile test querystring-escape ReleaseSafe native success 6s MaxRSS:321M
   |  |     +- run node (cases.zig) cached
   |  |     +- run exe zxc (program.zig) success 4ms
   |  |     |  +- compile exe zxc ReleaseSafe native (+6 more reused dependencies)
   |  |     +- run exe zxc (program.zig) (+1 more reused dependencies)
   |  +- run test querystring-unescape 292 pass (292 total) 10ms MaxRSS:1M
   |  |  +- compile test querystring-unescape ReleaseSafe native success 7s MaxRSS:353M
   |  |     +- run node (cases.zig) cached
   |  |     +- run exe zxc (program.zig) success 4ms
   |  |     |  +- compile exe zxc ReleaseSafe native (+6 more reused dependencies)
   |  |     +- run exe zxc (program.zig) (+1 more reused dependencies)
   |  +- run test querystring-parse 23 pass (23 total) 4ms MaxRSS:1M
   |  |  +- compile test querystring-parse ReleaseSafe native success 7s MaxRSS:370M
   |  |     +- run node (cases.zig) cached
   |  |     +- run exe zxc (program.zig) success 4ms
   |  |     |  +- compile exe zxc ReleaseSafe native (+6 more reused dependencies)
   |  |     +- run exe zxc (program.zig) (+1 more reused dependencies)
   |  +- run test querystring-parseWith 35 pass (35 total) 9ms MaxRSS:1M
   |  |  +- compile test querystring-parseWith ReleaseSafe native success 7s MaxRSS:338M
   |  |     +- run node (cases.zig) cached
   |  |     +- run exe zxc (program.zig) success 5ms
   |  |     |  +- compile exe zxc ReleaseSafe native (+6 more reused dependencies)
   |  |     +- run exe zxc (program.zig) (+1 more reused dependencies)
   |  +- run test querystring-stringify 8 pass (8 total) 3ms MaxRSS:1M
   |  |  +- compile test querystring-stringify ReleaseSafe native success 7s MaxRSS:333M
   |  |     +- run node (cases.zig) cached
   |  |     +- run exe zxc (program.zig) success 5ms
   |  |     |  +- compile exe zxc ReleaseSafe native (+6 more reused dependencies)
   |  |     +- run exe zxc (program.zig) (+1 more reused dependencies)
   |  +- run test querystring-stringifyWith 40 pass (40 total) 4ms MaxRSS:1M
   |  |  +- compile test querystring-stringifyWith ReleaseSafe native success 6s MaxRSS:325M
   |  |     +- run node (cases.zig) cached
   |  |     +- run exe zxc (program.zig) success 4ms
   |  |     |  +- compile exe zxc ReleaseSafe native (+6 more reused dependencies)
   |  |     +- run exe zxc (program.zig) (+1 more reused dependencies)
   |  +- run test zlib-gunzip 83 pass (83 total) 12ms MaxRSS:1M
   |  |  +- compile test zlib-gunzip ReleaseSafe native success 8s MaxRSS:368M
   |  |     +- run node (cases.zig) cached
   |  |     +- run exe zxc (program.zig) success 5ms
   |  |     |  +- compile exe zxc ReleaseSafe native (+6 more reused dependencies)
   |  |     +- run exe zxc (program.zig) (+1 more reused dependencies)
   |  +- run test zlib-inflate 76 pass (76 total) 10ms MaxRSS:1M
   |  |  +- compile test zlib-inflate ReleaseSafe native success 7s MaxRSS:348M
   |  |     +- run node (cases.zig) cached
   |  |     +- run exe zxc (program.zig) success 5ms
   |  |     |  +- compile exe zxc ReleaseSafe native (+6 more reused dependencies)
   |  |     +- run exe zxc (program.zig) (+1 more reused dependencies)
   |  +- run test zlib-inflate_raw 72 pass (72 total) 10ms MaxRSS:1M
   |  |  +- compile test zlib-inflate_raw ReleaseSafe native success 7s MaxRSS:329M
   |  |     +- run node (cases.zig) cached
   |  |     +- run exe zxc (program.zig) success 3ms
   |  |     |  +- compile exe zxc ReleaseSafe native (+6 more reused dependencies)
   |  |     +- run exe zxc (program.zig) (+1 more reused dependencies)
   |  +- run test logical_and-source 13 pass (13 total) 3ms MaxRSS:1M
   |  |  +- compile test logical_and-source ReleaseSafe native success 6s MaxRSS:322M
   |  |     +- run node (cases.zig) cached
   |  |     +- run exe zxc (program.zig) success 5ms
   |  |        +- compile exe zxc ReleaseSafe native (+6 more reused dependencies)
   |  +- run test logical_or-source 13 pass (13 total) 3ms MaxRSS:1M
   |  |  +- compile test logical_or-source ReleaseSafe native success 6s MaxRSS:332M
   |  |     +- run node (cases.zig) cached
   |  |     +- run exe zxc (program.zig) success 5ms
   |  |        +- compile exe zxc ReleaseSafe native (+6 more reused dependencies)
   |  +- run test conditional-boolean 14 pass (14 total) 4ms MaxRSS:1M
   |  |  +- compile test conditional-boolean ReleaseSafe native success 7s MaxRSS:328M
   |  |     +- run node (cases.zig) cached
   |  |     +- run exe zxc (program.zig) success 5ms
   |  |        +- compile exe zxc ReleaseSafe native (+6 more reused dependencies)
   |  +- run test conditional-number 4 pass (4 total) 3ms MaxRSS:1M
   |  |  +- compile test conditional-number ReleaseSafe native success 6s MaxRSS:301M
   |  |     +- run node (cases.zig) cached
   |  |     +- run exe zxc (program.zig) success 5ms
   |  |        +- compile exe zxc ReleaseSafe native (+6 more reused dependencies)
   |  +- run test conditional-string 4 pass (4 total) 3ms MaxRSS:1M
   |  |  +- compile test conditional-string ReleaseSafe native success 6s MaxRSS:320M
   |  |     +- run node (cases.zig) cached
   |  |     +- run exe zxc (program.zig) success 4ms
   |  |        +- compile exe zxc ReleaseSafe native (+6 more reused dependencies)
   |  +- run test conditional-optional 4 pass (4 total) 3ms MaxRSS:1M
   |  |  +- compile test conditional-optional ReleaseSafe native success 6s MaxRSS:337M
   |  |     +- run node (cases.zig) cached
   |  |     +- run exe zxc (program.zig) success 4ms
   |  |        +- compile exe zxc ReleaseSafe native (+6 more reused dependencies)
   |  +- run test conditional-coalesce 6 pass (6 total) 3ms MaxRSS:1M
   |  |  +- compile test conditional-coalesce ReleaseSafe native success 7s MaxRSS:336M
   |  |     +- run node (cases.zig) cached
   |  |     +- run exe zxc (program.zig) success 4ms
   |  |        +- compile exe zxc ReleaseSafe native (+6 more reused dependencies)
   |  +- run test coalesce-logical-and 36 pass (36 total) 4ms MaxRSS:1M
   |  |  +- compile test coalesce-logical-and ReleaseSafe native success 6s MaxRSS:302M
   |  |     +- run node (cases.zig) cached
   |  |     +- run exe zxc (program.zig) success 3ms
   |  |        +- compile exe zxc ReleaseSafe native (+6 more reused dependencies)
   |  +- run test coalesce-logical-or 36 pass (36 total) 3ms MaxRSS:1M
   |  |  +- compile test coalesce-logical-or ReleaseSafe native success 6s MaxRSS:327M
   |  |     +- run node (cases.zig) cached
   |  |     +- run exe zxc (program.zig) success 4ms
   |  |        +- compile exe zxc ReleaseSafe native (+6 more reused dependencies)
   |  +- run test coalesce-values-number-direct 6 pass (6 total) 3ms MaxRSS:1M
   |  |  +- compile test coalesce-values-number-direct ReleaseSafe native success 6s MaxRSS:328M
   |  |     +- run node (cases.zig) cached
   |  |     +- run exe zxc (program.zig) success 4ms
   |  |        +- compile exe zxc ReleaseSafe native (+6 more reused dependencies)
   |  +- run test coalesce-values-number-nested 18 pass (18 total) 6ms MaxRSS:1M
   |  |  +- compile test coalesce-values-number-nested ReleaseSafe native success 7s MaxRSS:385M
   |  |     +- run node (cases.zig) cached
   |  |     +- run exe zxc (program.zig) success 4ms
   |  |        +- compile exe zxc ReleaseSafe native (+6 more reused dependencies)
   |  +- run test coalesce-values-number-index 12 pass (12 total) 3ms MaxRSS:1M
   |  |  +- compile test coalesce-values-number-index ReleaseSafe native success 6s MaxRSS:356M
   |  |     +- run node (cases.zig) cached
   |  |     +- run exe zxc (program.zig) success 4ms
   |  |        +- compile exe zxc ReleaseSafe native (+6 more reused dependencies)
   |  +- run test coalesce-values-boolean-direct 6 pass (6 total) 3ms MaxRSS:1M
   |  |  +- compile test coalesce-values-boolean-direct ReleaseSafe native success 6s MaxRSS:342M
   |  |     +- run node (cases.zig) cached
   |  |     +- run exe zxc (program.zig) success 4ms
   |  |        +- compile exe zxc ReleaseSafe native (+6 more reused dependencies)
   |  +- run test coalesce-values-boolean-nested 18 pass (18 total) 3ms MaxRSS:1M
   |  |  +- compile test coalesce-values-boolean-nested ReleaseSafe native success 6s MaxRSS:394M
   |  |     +- run node (cases.zig) cached
   |  |     +- run exe zxc (program.zig) success 3ms
   |  |        +- compile exe zxc ReleaseSafe native (+6 more reused dependencies)
   |  +- run test coalesce-values-boolean-index 12 pass (12 total) 3ms MaxRSS:1M
   |  |  +- compile test coalesce-values-boolean-index ReleaseSafe native success 8s MaxRSS:332M
   |  |     +- run node (cases.zig) cached
   |  |     +- run exe zxc (program.zig) success 4ms
   |  |        +- compile exe zxc ReleaseSafe native (+6 more reused dependencies)
   |  +- run test coalesce-values-string-direct 6 pass (6 total) 2ms MaxRSS:1M
   |  |  +- compile test coalesce-values-string-direct ReleaseSafe native success 6s MaxRSS:309M
   |  |     +- run node (cases.zig) cached
   |  |     +- run exe zxc (program.zig) success 4ms
   |  |        +- compile exe zxc ReleaseSafe native (+6 more reused dependencies)
   |  +- run test coalesce-values-string-nested 18 pass (18 total) 4ms MaxRSS:1M
   |  |  +- compile test coalesce-values-string-nested ReleaseSafe native success 6s MaxRSS:319M
   |  |     +- run node (cases.zig) cached
   |  |     +- run exe zxc (program.zig) success 4ms
   |  |        +- compile exe zxc ReleaseSafe native (+6 more reused dependencies)
   |  +- run test coalesce-values-string-index 12 pass (12 total) 3ms MaxRSS:1M
   |  |  +- compile test coalesce-values-string-index ReleaseSafe native success 6s MaxRSS:325M
   |  |     +- run node (cases.zig) cached
   |  |     +- run exe zxc (program.zig) success 4ms
   |  |        +- compile exe zxc ReleaseSafe native (+6 more reused dependencies)
   |  +- run test coalesce-object-identity 12 pass (12 total) 2ms MaxRSS:1M
   |  |  +- compile test coalesce-object-identity ReleaseSafe native success 6s MaxRSS:327M
   |  |     +- run node (cases.zig) cached
   |  |     +- run exe zxc (program.zig) success 5ms
   |  |        +- compile exe zxc ReleaseSafe native (+6 more reused dependencies)
   |  +- run test match-f32-comparison 1225 pass (1225 total) 25ms MaxRSS:1M
   |  |  +- compile test match-f32-comparison ReleaseSafe native success 7s MaxRSS:353M
   |  |     +- run node (cases.zig) cached
   |  |     +- run exe zxc (program.zig) success 4ms
   |  |        +- compile exe zxc ReleaseSafe native (+6 more reused dependencies)
   |  +- run test match-f32-selection 105 pass (105 total) 4ms MaxRSS:1M
   |  |  +- compile test match-f32-selection ReleaseSafe native success 6s MaxRSS:317M
   |  |     +- run node (cases.zig) cached
   |  |     +- run exe zxc (program.zig) success 4ms
   |  |        +- compile exe zxc ReleaseSafe native (+6 more reused dependencies)
   |  +- run test match-f64-comparison 1225 pass (1225 total) 24ms MaxRSS:1M
   |  |  +- compile test match-f64-comparison ReleaseSafe native success 7s MaxRSS:403M
   |  |     +- run node (cases.zig) cached
   |  |     +- run exe zxc (program.zig) success 3ms
   |  |        +- compile exe zxc ReleaseSafe native (+6 more reused dependencies)
   |  +- run test match-f64-selection 105 pass (105 total) 5ms MaxRSS:1M
   |  |  +- compile test match-f64-selection ReleaseSafe native success 6s MaxRSS:316M
   |  |     +- run node (cases.zig) cached
   |  |     +- run exe zxc (program.zig) success 4ms
   |  |        +- compile exe zxc ReleaseSafe native (+6 more reused dependencies)
   |  +- run test match-scalars-boolean 8 pass (8 total) 3ms MaxRSS:1M
   |  |  +- compile test match-scalars-boolean ReleaseSafe native success 6s MaxRSS:299M
   |  |     +- run node (cases.zig) cached
   |  |     +- run exe zxc (program.zig) success 3ms
   |  |        +- compile exe zxc ReleaseSafe native (+6 more reused dependencies)
   |  +- run test match-scalars-string 729 pass (729 total) 11ms MaxRSS:1M
   |  |  +- compile test match-scalars-string ReleaseSafe native success 7s MaxRSS:349M
   |  |     +- run node (cases.zig) cached
   |  |     +- run exe zxc (program.zig) success 3ms
   |  |        +- compile exe zxc ReleaseSafe native (+6 more reused dependencies)
   |  +- run test match-scalars-enum 27 pass (27 total) 3ms MaxRSS:1M
   |  |  +- compile test match-scalars-enum ReleaseSafe native success 6s MaxRSS:320M
   |  |     +- run node (cases.zig) cached
   |  |     +- run exe zxc (program.zig) success 4ms
   |  |        +- compile exe zxc ReleaseSafe native (+6 more reused dependencies)
   |  +- run test match-scalars-u8 27 pass (27 total) 3ms MaxRSS:1M
   |  |  +- compile test match-scalars-u8 ReleaseSafe native success 7s MaxRSS:327M
   |  |     +- run node (cases.zig) cached
   |  |     +- run exe zxc (program.zig) success 6ms
   |  |        +- compile exe zxc ReleaseSafe native (+6 more reused dependencies)
   |  +- run test match-scalars-u16 27 pass (27 total) 4ms MaxRSS:1M
   |  |  +- compile test match-scalars-u16 ReleaseSafe native success 8s MaxRSS:326M
   |  |     +- run node (cases.zig) cached
   |  |     +- run exe zxc (program.zig) success 4ms
   |  |        +- compile exe zxc ReleaseSafe native (+6 more reused dependencies)
   |  +- run test match-scalars-u32 27 pass (27 total) 3ms MaxRSS:1M
   |  |  +- compile test match-scalars-u32 ReleaseSafe native success 6s MaxRSS:306M
   |  |     +- run node (cases.zig) cached
   |  |     +- run exe zxc (program.zig) success 3ms
   |  |        +- compile exe zxc ReleaseSafe native (+6 more reused dependencies)
   |  +- run test match-scalars-u64 27 pass (27 total) 4ms MaxRSS:1M
   |  |  +- compile test match-scalars-u64 ReleaseSafe native success 8s MaxRSS:335M
   |  |     +- run node (cases.zig) cached
   |  |     +- run exe zxc (program.zig) success 4ms
   |  |        +- compile exe zxc ReleaseSafe native (+6 more reused dependencies)
   |  +- run test match-scalars-i32 27 pass (27 total) 4ms MaxRSS:1M
   |  |  +- compile test match-scalars-i32 ReleaseSafe native success 8s MaxRSS:335M
   |  |     +- run node (cases.zig) cached
   |  |     +- run exe zxc (program.zig) success 5ms
   |  |        +- compile exe zxc ReleaseSafe native (+6 more reused dependencies)
   |  +- run test match-scalars-i64 27 pass (27 total) 4ms MaxRSS:1M
   |  |  +- compile test match-scalars-i64 ReleaseSafe native success 6s MaxRSS:339M
   |  |     +- run node (cases.zig) cached
   |  |     +- run exe zxc (program.zig) success 4ms
   |  |        +- compile exe zxc ReleaseSafe native (+6 more reused dependencies)
   |  +- run test match-default_only 3 pass (3 total) 3ms MaxRSS:1M
   |  |  +- compile test match-default_only ReleaseSafe native success 6s MaxRSS:322M
   |  |     +- run node (cases.zig) cached
   |  |     +- run exe zxc (program.zig) success 3ms
   |  |        +- compile exe zxc ReleaseSafe native (+6 more reused dependencies)
   |  +- run test match-nested 4 pass (4 total) 3ms MaxRSS:1M
   |  |  +- compile test match-nested ReleaseSafe native success 6s MaxRSS:340M
   |  |     +- run node (cases.zig) cached
   |  |     +- run exe zxc (program.zig) success 4ms
   |  |        +- compile exe zxc ReleaseSafe native (+6 more reused dependencies)
   |  +- run test match-object-identity 12 pass (12 total) 3ms MaxRSS:1M
   |  |  +- compile test match-object-identity ReleaseSafe native success 7s MaxRSS:358M
   |  |     +- run node (cases.zig) cached
   |  |     +- run exe zxc (program.zig) success 6ms
   |  |        +- compile exe zxc ReleaseSafe native (+6 more reused dependencies)
   |  +- run test subtraction-names 21 pass (21 total) 3ms MaxRSS:1M
   |  |  +- compile test subtraction-names ReleaseSafe native success 6s MaxRSS:328M
   |  |     +- run node (cases.zig) cached
   |  |     +- run exe zxc (program.zig) success 4ms
   |  |        +- compile exe zxc ReleaseSafe native (+6 more reused dependencies)
   |  +- run test subtraction-whitespace 54 pass (54 total) 3ms MaxRSS:1M
   |  |  +- compile test subtraction-whitespace ReleaseSafe native success 7s MaxRSS:332M
   |  |     +- run node (cases.zig) cached
   |  |     +- run exe zxc (program.zig) success 5ms
   |  |        +- compile exe zxc ReleaseSafe native (+6 more reused dependencies)
   |  +- run test multiplication-whitespace 54 pass (54 total) 4ms MaxRSS:1M
   |  |  +- compile test multiplication-whitespace ReleaseSafe native success 6s MaxRSS:361M
   |  |     +- run node (cases.zig) cached
   |  |     +- run exe zxc (program.zig) success 4ms
   |  |        +- compile exe zxc ReleaseSafe native (+6 more reused dependencies)
   |  +- run test division-whitespace 54 pass (54 total) 4ms MaxRSS:1M
   |  |  +- compile test division-whitespace ReleaseSafe native success 6s MaxRSS:322M
   |  |     +- run node (cases.zig) cached
   |  |     +- run exe zxc (program.zig) success 4ms
   |  |        +- compile exe zxc ReleaseSafe native (+6 more reused dependencies)
   |  +- run test division-source-values 4 pass (4 total) 3ms MaxRSS:1M
   |  |  +- compile test division-source-values ReleaseSafe native success 7s MaxRSS:330M
   |  |     +- run node (cases.zig) cached
   |  |     +- run exe zxc (program.zig) success 4ms
   |  |        +- compile exe zxc ReleaseSafe native (+6 more reused dependencies)
   |  +- run test division-source-lines 1 pass (1 total) 3ms MaxRSS:1M
   |  |  +- compile test division-source-lines ReleaseSafe native success 6s MaxRSS:324M
   |  |     +- run node (cases.zig) cached
   |  |     +- run exe zxc (program.zig) success 8ms
   |  |        +- compile exe zxc ReleaseSafe native (+6 more reused dependencies)
   |  +- run test division-source-identifiers 1 pass (1 total) 3ms MaxRSS:1M
   |  |  +- compile test division-source-identifiers ReleaseSafe native success 7s MaxRSS:328M
   |  |     +- run node (cases.zig) cached
   |  |     +- run exe zxc (program.zig) success 4ms
   |  |        +- compile exe zxc ReleaseSafe native (+6 more reused dependencies)
   |  +- run test addition-explicit-strings 9 pass (9 total) 4ms MaxRSS:1M
   |  |  +- compile test addition-explicit-strings ReleaseSafe native success 6s MaxRSS:319M
   |  |     +- run node (cases.zig) cached
   |  |     +- run exe zxc (program.zig) success 6ms
   |  |        +- compile exe zxc ReleaseSafe native (+6 more reused dependencies)
   |  +- run test addition-whitespace 54 pass (54 total) 3ms MaxRSS:1M
   |  |  +- compile test addition-whitespace ReleaseSafe native success 6s MaxRSS:313M
   |  |     +- run node (cases.zig) cached
   |  |     +- run exe zxc (program.zig) success 3ms
   |  |        +- compile exe zxc ReleaseSafe native (+6 more reused dependencies)
   |  +- run test addition-source-values 4 pass (4 total) 3ms MaxRSS:1M
   |  |  +- compile test addition-source-values ReleaseSafe native success 6s MaxRSS:318M
   |  |     +- run node (cases.zig) cached
   |  |     +- run exe zxc (program.zig) success 4ms
   |  |        +- compile exe zxc ReleaseSafe native (+6 more reused dependencies)
   |  +- run test modulus-source-values 4 pass (4 total) 3ms MaxRSS:1M
   |  |  +- compile test modulus-source-values ReleaseSafe native success 7s MaxRSS:333M
   |  |     +- run node (cases.zig) cached
   |  |     +- run exe zxc (program.zig) success 5ms
   |  |        +- compile exe zxc ReleaseSafe native (+6 more reused dependencies)
   |  +- run test modulus-source-lines 1 pass (1 total) 3ms MaxRSS:1M
   |  |  +- compile test modulus-source-lines ReleaseSafe native success 6s MaxRSS:324M
   |  |     +- run node (cases.zig) cached
   |  |     +- run exe zxc (program.zig) success 4ms
   |  |        +- compile exe zxc ReleaseSafe native (+6 more reused dependencies)
   |  +- run test modulus-whitespace 54 pass (54 total) 4ms MaxRSS:1M
   |  |  +- compile test modulus-whitespace ReleaseSafe native success 7s MaxRSS:341M
   |  |     +- run node (cases.zig) cached
   |  |     +- run exe zxc (program.zig) success 4ms
   |  |        +- compile exe zxc ReleaseSafe native (+6 more reused dependencies)
   |  +- run test comparison-whitespace 216 pass (216 total) 5ms MaxRSS:1M
   |     +- compile test comparison-whitespace ReleaseSafe native success 6s MaxRSS:324M
   |        +- run node (cases.zig) cached
   |        +- run exe zxc (program.zig) success 5ms
   |           +- compile exe zxc ReleaseSafe native (+6 more reused dependencies)
   +- test-safety success
   |  +- install generated to conformance/ReleaseSafe/u8.jsonl success
   |  |  +- run node (results.jsonl) success 96ms
   |  |     +- compile exe integer-safety-u8 ReleaseSafe native success 8s MaxRSS:329M
   |  |        +- run exe zxc (program.zig) success 6ms
   |  |        |  +- compile exe zxc ReleaseSafe native (+6 more reused dependencies)
   |  |        +- run exe standard-types (standard_abi.zig) (+1 more reused dependencies)
   |  +- install generated to conformance/ReleaseSafe/u16.jsonl success
   |  |  +- run node (results.jsonl) success 91ms
   |  |     +- compile exe integer-safety-u16 ReleaseSafe native success 8s MaxRSS:332M
   |  |        +- run exe zxc (program.zig) success 9ms
   |  |        |  +- compile exe zxc ReleaseSafe native (+6 more reused dependencies)
   |  |        +- run exe standard-types (standard_abi.zig) (+1 more reused dependencies)
   |  +- install generated to conformance/ReleaseSafe/u32.jsonl success
   |  |  +- run node (results.jsonl) success 94ms
   |  |     +- compile exe integer-safety-u32 ReleaseSafe native success 8s MaxRSS:324M
   |  |        +- run exe zxc (program.zig) success 8ms
   |  |        |  +- compile exe zxc ReleaseSafe native (+6 more reused dependencies)
   |  |        +- run exe standard-types (standard_abi.zig) (+1 more reused dependencies)
   |  +- install generated to conformance/ReleaseSafe/u64.jsonl success
   |  |  +- run node (results.jsonl) success 102ms
   |  |     +- compile exe integer-safety-u64 ReleaseSafe native success 8s MaxRSS:320M
   |  |        +- run exe zxc (program.zig) success 6ms
   |  |        |  +- compile exe zxc ReleaseSafe native (+6 more reused dependencies)
   |  |        +- run exe standard-types (standard_abi.zig) (+1 more reused dependencies)
   |  +- install generated to conformance/ReleaseSafe/i32.jsonl success
   |  |  +- run node (results.jsonl) success 440ms
   |  |     +- compile exe integer-safety-i32 ReleaseSafe native success 8s MaxRSS:330M
   |  |        +- run exe zxc (program.zig) success 5ms
   |  |        |  +- compile exe zxc ReleaseSafe native (+6 more reused dependencies)
   |  |        +- run exe standard-types (standard_abi.zig) (+1 more reused dependencies)
   |  +- install generated to conformance/ReleaseSafe/i64.jsonl success
   |     +- run node (results.jsonl) success 477ms
   |        +- compile exe integer-safety-i64 ReleaseSafe native success 8s MaxRSS:329M
   |           +- run exe zxc (program.zig) success 9ms
   |           |  +- compile exe zxc ReleaseSafe native (+6 more reused dependencies)
   |           +- run exe standard-types (standard_abi.zig) (+1 more reused dependencies)
   +- test-stores success
   |  +- run test store-transactions 236 pass (236 total) 10ms MaxRSS:1M
   |     +- compile test store-transactions ReleaseSafe native success 6s MaxRSS:324M
   |        +- run node (cases.zig) cached
   |        +- run exe compile-store-context (program.zig) success 4ms
   |           +- compile exe compile-store-context ReleaseSafe native success 21s MaxRSS:563M
   |              +- WriteFile interfaces/0.d.zx (reused)
   +- test-evaluation-order success
   |  +- run test 1 pass (1 total) 4ms MaxRSS:1M
   |  |  +- compile test ReleaseSafe native success 10s MaxRSS:366M
   |  |     +- run exe compile-evaluation-order (program.zig) success 6ms
   |  |     |  +- compile exe compile-evaluation-order ReleaseSafe native success 20s MaxRSS:583M
   |  |     |     +- WriteFile interfaces/0.d.zx (reused)
   |  |     +- run exe compile-evaluation-order (program.zig) (+1 more reused dependencies)
   |  +- run test 64 pass (64 total) 6ms MaxRSS:1M
   |  |  +- compile test ReleaseSafe native success 8s MaxRSS:348M
   |  |     +- run node (logical_test.zig) cached
   |  |     +- run exe compile-evaluation-order (program.zig) success 5ms
   |  |     |  +- compile exe compile-evaluation-order ReleaseSafe native (+1 more reused dependencies)
   |  |     +- run exe compile-evaluation-order (program.zig) (+1 more reused dependencies)
   |  +- run test 432 pass (432 total) 10ms MaxRSS:1M
   |  |  +- compile test ReleaseSafe native success 8s MaxRSS:348M
   |  |     +- run node (logical_test.zig) cached
   |  |     +- run exe compile-evaluation-order (program.zig) success 6ms
   |  |     |  +- compile exe compile-evaluation-order ReleaseSafe native (+1 more reused dependencies)
   |  |     +- run exe compile-evaluation-order (program.zig) (+1 more reused dependencies)
   |  +- run test 144 pass (144 total) 6ms MaxRSS:1M
   |  |  +- compile test ReleaseSafe native success 8s MaxRSS:371M
   |  |     +- run node (logical_test.zig) cached
   |  |     +- run exe compile-evaluation-order (program.zig) success 6ms
   |  |     |  +- compile exe compile-evaluation-order ReleaseSafe native (+1 more reused dependencies)
   |  |     +- run exe compile-evaluation-order (program.zig) (+1 more reused dependencies)
   |  +- run test 64 pass (64 total) 5ms MaxRSS:1M
   |  |  +- compile test ReleaseSafe native success 8s MaxRSS:362M
   |  |     +- run node (logical_test.zig) cached
   |  |     +- run exe compile-evaluation-order (program.zig) success 6ms
   |  |     |  +- compile exe compile-evaluation-order ReleaseSafe native (+1 more reused dependencies)
   |  |     +- run exe compile-evaluation-order (program.zig) (+1 more reused dependencies)
   |  +- run test 48 pass (48 total) 4ms MaxRSS:1M
   |  |  +- compile test ReleaseSafe native success 8s MaxRSS:355M
   |  |     +- run node (logical_test.zig) cached
   |  |     +- run exe compile-evaluation-order (program.zig) success 5ms
   |  |     |  +- compile exe compile-evaluation-order ReleaseSafe native (+1 more reused dependencies)
   |  |     +- run exe compile-evaluation-order (program.zig) (+1 more reused dependencies)
   |  +- run test 12 pass (12 total) 4ms MaxRSS:1M
   |  |  +- compile test ReleaseSafe native success 8s MaxRSS:337M
   |  |     +- run node (logical_test.zig) cached
   |  |     +- run exe compile-evaluation-order (program.zig) success 7ms
   |  |     |  +- compile exe compile-evaluation-order ReleaseSafe native (+1 more reused dependencies)
   |  |     +- run exe compile-evaluation-order (program.zig) (+1 more reused dependencies)
   |  +- run test 16 pass (16 total) 3ms MaxRSS:1M
   |  |  +- compile test ReleaseSafe native success 8s MaxRSS:348M
   |  |     +- run node (logical_test.zig) cached
   |  |     +- run exe compile-evaluation-order (program.zig) success 5ms
   |  |     |  +- compile exe compile-evaluation-order ReleaseSafe native (+1 more reused dependencies)
   |  |     +- run exe compile-evaluation-order (program.zig) (+1 more reused dependencies)
   |  +- run test 16 pass (16 total) 3ms MaxRSS:1M
   |  |  +- compile test ReleaseSafe native success 9s MaxRSS:375M
   |  |     +- run node (logical_test.zig) cached
   |  |     +- run exe compile-evaluation-order (program.zig) success 7ms
   |  |     |  +- compile exe compile-evaluation-order ReleaseSafe native (+1 more reused dependencies)
   |  |     +- run exe compile-evaluation-order (program.zig) (+1 more reused dependencies)
   |  +- run test 16 pass (16 total) 3ms MaxRSS:1M
   |  |  +- compile test ReleaseSafe native success 8s MaxRSS:349M
   |  |     +- run node (logical_test.zig) cached
   |  |     +- run exe compile-evaluation-order (program.zig) success 8ms
   |  |     |  +- compile exe compile-evaluation-order ReleaseSafe native (+1 more reused dependencies)
   |  |     +- run exe compile-evaluation-order (program.zig) (+1 more reused dependencies)
   |  +- run test 16 pass (16 total) 3ms MaxRSS:1M
   |  |  +- compile test ReleaseSafe native success 9s MaxRSS:345M
   |  |     +- run node (logical_test.zig) cached
   |  |     +- run exe compile-evaluation-order (program.zig) success 6ms
   |  |     |  +- compile exe compile-evaluation-order ReleaseSafe native (+1 more reused dependencies)
   |  |     +- run exe compile-evaluation-order (program.zig) (+1 more reused dependencies)
   |  +- run test 16 pass (16 total) 4ms MaxRSS:1M
   |     +- compile test ReleaseSafe native success 8s MaxRSS:352M
   |        +- run node (logical_test.zig) cached
   |        +- run exe compile-evaluation-order (program.zig) success 7ms
   |        |  +- compile exe compile-evaluation-order ReleaseSafe native (+1 more reused dependencies)
   |        +- run exe compile-evaluation-order (program.zig) (+1 more reused dependencies)
   +- test-expression-bindings success
   |  +- run test 40 pass (40 total) 8ms MaxRSS:1M
   |     +- compile test ReleaseSafe native success 15s MaxRSS:460M
   |        +- WriteFile interfaces/0.d.zx (reused)
   +- test-expression-runtime success
   |  +- run test 4 pass (4 total) 3ms MaxRSS:1M
   |  |  +- compile test ReleaseSafe native success 9s MaxRSS:350M
   |  |     +- run exe compile-bound-expression (program.zig) success 5ms
   |  |     |  +- compile exe compile-bound-expression ReleaseSafe native success 18s MaxRSS:491M
   |  |     |     +- WriteFile interfaces/0.d.zx (reused)
   |  |     +- run exe compile-bound-expression (program.zig) (+1 more reused dependencies)
   |  +- run test 3 pass (3 total) 3ms MaxRSS:1M
   |  |  +- compile test ReleaseSafe native success 9s MaxRSS:354M
   |  |     +- run exe compile-bound-expression (program.zig) success 4ms
   |  |     |  +- compile exe compile-bound-expression ReleaseSafe native (+1 more reused dependencies)
   |  |     +- run exe compile-bound-expression (program.zig) (+1 more reused dependencies)
   |  +- run test 2 pass (2 total) 3ms MaxRSS:1M
   |     +- compile test ReleaseSafe native success 9s MaxRSS:343M
   |        +- run exe compile-bound-expression (program.zig) success 5ms
   |        |  +- compile exe compile-bound-expression ReleaseSafe native (+1 more reused dependencies)
   |        +- run exe compile-bound-expression (program.zig) (+1 more reused dependencies)
   +- test-contracts success
   |  +- run test 5 pass (5 total) 5ms MaxRSS:1M
   |  |  +- compile test ReleaseSafe native success 22s MaxRSS:585M
   |  |     +- WriteFile interfaces/0.d.zx (reused)
   |  +- run test 1 pass (1 total) 5ms MaxRSS:1M
   |     +- compile test ReleaseSafe native success 14s MaxRSS:478M
   |        +- WriteFile interfaces/0.d.zx (reused)
   +- test-link-runtime success
   |  +- run test 1 pass (1 total) 4ms MaxRSS:1M
   |  |  +- compile test ReleaseSafe native success 10s MaxRSS:375M
   |  |     +- run exe compile-link-runtime (original.zig) success 5ms
   |  |     |  +- compile exe compile-link-runtime ReleaseSafe native success 19s MaxRSS:573M
   |  |     |     +- WriteFile interfaces/0.d.zx (reused)
   |  |     +- run exe compile-link-runtime (original.zig) (+1 more reused dependencies)
   |  +- run test 3 pass (3 total) 4ms MaxRSS:1M
   |     +- compile test ReleaseSafe native success 10s MaxRSS:375M
   |        +- run exe compile-link-runtime (original.zig) success 5ms
   |        |  +- compile exe compile-link-runtime ReleaseSafe native (+1 more reused dependencies)
   |        +- run exe compile-link-runtime (original.zig) (+1 more reused dependencies)
   +- test-native-runtime success
   |  +- run test native-original 4 pass (4 total) 4ms MaxRSS:1M
   |  |  +- compile test native-original ReleaseSafe native success 10s MaxRSS:376M
   |  |     +- run exe compile-native-runtime (original.zig) success 5ms
   |  |     |  +- compile exe compile-native-runtime ReleaseSafe native success 23s MaxRSS:622M
   |  |     |     +- WriteFile interfaces/0.d.zx (reused)
   |  |     +- run exe compile-native-runtime (original.zig) (+1 more reused dependencies)
   |  +- run test native-linked 4 pass (4 total) 4ms MaxRSS:1M
   |     +- compile test native-linked ReleaseSafe native success 10s MaxRSS:379M
   |        +- run exe compile-native-runtime (original.zig) (+1 more reused dependencies)
   |        +- run exe compile-native-runtime (original.zig) (+1 more reused dependencies)
   +- test-type-merge success
   |  +- run test 6 pass (6 total) 5ms MaxRSS:1M
   |  |  +- compile test ReleaseSafe native success 20s MaxRSS:552M
   |  |     +- WriteFile interfaces/0.d.zx (reused)
   |  +- run test 4 pass (4 total) 5ms MaxRSS:1M
   |  |  +- compile test ReleaseSafe native success 19s MaxRSS:529M
   |  |     +- WriteFile interfaces/0.d.zx (reused)
   |  +- run test 2 pass (2 total) 6ms MaxRSS:1M
   |     +- compile test ReleaseSafe native success 19s MaxRSS:538M
   |        +- WriteFile interfaces/0.d.zx (reused)
   +- test-native-link success
   |  +- run test 4 pass (4 total) 7ms MaxRSS:1M
   |  |  +- compile test ReleaseSafe native success 23s MaxRSS:599M
   |  |     +- WriteFile interfaces/0.d.zx (reused)
   |  +- run test 2 pass (2 total) 8ms MaxRSS:1M
   |     +- compile test ReleaseSafe native success 21s MaxRSS:568M
   |        +- WriteFile interfaces/0.d.zx (reused)
   +- test-artifact-slots success
   |  +- run test 5 pass (5 total) 6ms MaxRSS:1M
   |  |  +- compile test ReleaseSafe native success 20s MaxRSS:561M
   |  |     +- WriteFile interfaces/0.d.zx (reused)
   |  +- run test 2 pass (2 total) 19ms MaxRSS:1M
   |     +- compile test ReleaseSafe native success 20s MaxRSS:568M
   |        +- WriteFile interfaces/0.d.zx (reused)
   +- test-module-generation success
   |  +- run test 3 pass (3 total) 6ms MaxRSS:1M
   |  |  +- compile test ReleaseSafe native success 20s MaxRSS:582M
   |  |     +- WriteFile interfaces/0.d.zx (reused)
   |  +- run test 4 pass (4 total) 5ms MaxRSS:1M
   |  |  +- compile test ReleaseSafe native success 20s MaxRSS:607M
   |  |     +- WriteFile interfaces/0.d.zx (reused)
   |  +- run test 2 pass (2 total) 123ms MaxRSS:1M
   |     +- compile test ReleaseSafe native success 20s MaxRSS:578M
   |        +- WriteFile interfaces/0.d.zx (reused)
   +- test-cache-codec success
   |  +- run test 2 pass (2 total) 7ms MaxRSS:1M
   |  |  +- compile test ReleaseSafe native success 28s MaxRSS:676M
   |  |     +- WriteFile interfaces/0.d.zx (reused)
   |  +- run test 9 pass (9 total) 9ms MaxRSS:1M
   |  |  +- compile test ReleaseSafe native success 26s MaxRSS:640M
   |  |     +- WriteFile interfaces/0.d.zx (reused)
   |  +- run test 2 pass (2 total) 11ms MaxRSS:1M
   |     +- compile test ReleaseSafe native success 17s MaxRSS:580M
   |        +- WriteFile interfaces/0.d.zx (reused)
   +- test-backend-protocol success
   |  +- run test 7 pass (7 total) 5ms MaxRSS:1M
   |  |  +- compile test ReleaseSafe native cached 49ms MaxRSS:21M
   |  +- run test 14 pass (14 total) 4ms MaxRSS:1M
   |  |  +- compile test ReleaseSafe native cached 52ms MaxRSS:21M
   |  +- run test 2 pass (2 total) 5ms MaxRSS:1M
   |  |  +- compile test ReleaseSafe native cached 50ms MaxRSS:21M
   |  +- run test 2 pass (2 total) 4ms MaxRSS:1M
   |  |  +- compile test ReleaseSafe native cached 52ms MaxRSS:21M
   |  +- run test 9 pass (9 total) 5ms MaxRSS:1M
   |  |  +- compile test ReleaseSafe native cached 61ms MaxRSS:21M
   |  +- run test 9 pass (9 total) 4ms MaxRSS:1M
   |     +- compile test ReleaseSafe native cached 44ms MaxRSS:21M
   +- test-backend-publish success
   |  +- run test 8 pass (8 total) 15ms MaxRSS:1M
   |  |  +- compile test ReleaseSafe native cached 69ms MaxRSS:21M
   |  |     +- WriteFile cli/build/observed.zig cached
   |  +- run test 4 pass (4 total) 11ms MaxRSS:1M
   |  |  +- compile test ReleaseSafe native cached 69ms MaxRSS:21M
   |  |     +- WriteFile cli/build/observed.zig (reused)
   |  +- run test 6 pass (6 total) 22ms MaxRSS:1M
   |     +- compile test ReleaseSafe native cached 70ms MaxRSS:21M
   |        +- WriteFile cli/build/observed.zig (reused)
   +- test-backend-runtime success
   |  +- run node success 1m
   |     +- compile exe backend-driver ReleaseSafe native cached 97ms MaxRSS:21M
   |        +- WriteFile cli/build/observed.zig (reused)
   +- test-watch-recovery success
   |  +- run node success 59s
   |     +- compile exe zxc ReleaseSafe native (+6 more reused dependencies)
   +- test-watch-library success
   |  +- run node success 5s
   |     +- compile exe zxc ReleaseSafe native (+6 more reused dependencies)
   +- test-watch-headers success
   |  +- run node success 49s
   |     +- compile exe zxc ReleaseSafe native (+6 more reused dependencies)
   +- test-semantic-cache success
   |  +- run test 5 pass (5 total) 8ms MaxRSS:1M
   |  |  +- compile test ReleaseSafe native success 22s MaxRSS:589M
   |  |     +- WriteFile interfaces/0.d.zx (reused)
   |  +- run test 2 pass (2 total) 65ms MaxRSS:1M
   |     +- compile test ReleaseSafe native success 20s MaxRSS:551M
   |        +- WriteFile interfaces/0.d.zx (reused)
   +- test-link-boundaries success
   |  +- run test 9 pass (9 total) 11ms MaxRSS:1M
   |  |  +- compile test ReleaseSafe native success 20s MaxRSS:571M
   |  |     +- WriteFile interfaces/0.d.zx (reused)
   |  +- run test 5 pass (5 total) 9ms MaxRSS:1M
   |  |  +- compile test ReleaseSafe native success 21s MaxRSS:556M
   |  |     +- WriteFile interfaces/0.d.zx (reused)
   |  +- run test 4 pass (4 total) 23ms MaxRSS:1M
   |     +- compile test ReleaseSafe native success 20s MaxRSS:550M
   |        +- WriteFile interfaces/0.d.zx (reused)
   +- test-module-artifacts success
   |  +- run test 6 pass (6 total) 5ms MaxRSS:1M
   |  |  +- compile test ReleaseSafe native success 19s MaxRSS:550M
   |  |     +- WriteFile interfaces/0.d.zx (reused)
   |  +- run test 6 pass (6 total) 6ms MaxRSS:1M
   |  |  +- compile test ReleaseSafe native success 19s MaxRSS:557M
   |  |     +- WriteFile interfaces/0.d.zx (reused)
   |  +- run test 2 pass (2 total) 33ms MaxRSS:1M
   |     +- compile test ReleaseSafe native success 19s MaxRSS:549M
   |        +- WriteFile interfaces/0.d.zx (reused)
   +- test-nominal-origins transitive failure
   |  +- run test 7 pass, 3 fail (10 total)
   |  |  +- compile test ReleaseSafe native success 20s MaxRSS:567M
   |  |     +- WriteFile interfaces/0.d.zx (reused)
   |  +- run test 1 pass, 1 fail (2 total)
   |     +- compile test ReleaseSafe native success 20s MaxRSS:560M
   |        +- WriteFile interfaces/0.d.zx (reused)
   +- test-module-records success
   |  +- run test 7 pass (7 total) 5ms MaxRSS:1M
   |  |  +- compile test ReleaseSafe native success 20s MaxRSS:562M
   |  |     +- WriteFile interfaces/0.d.zx (reused)
   |  +- run test 3 pass (3 total) 13ms MaxRSS:1M
   |     +- compile test ReleaseSafe native success 20s MaxRSS:564M
   |        +- WriteFile interfaces/0.d.zx (reused)
   +- test-parse-cache success
   |  +- run test 6 pass (6 total) 8ms MaxRSS:1M
   |  |  +- compile test ReleaseSafe native success 13s MaxRSS:422M
   |  |     +- WriteFile interfaces/0.d.zx (reused)
   |  +- run test 6 pass (6 total) 6ms MaxRSS:1M
   |  |  +- compile test ReleaseSafe native success 23s MaxRSS:612M
   |  |     +- WriteFile interfaces/0.d.zx (reused)
   |  +- run test 2 pass (2 total) 19ms MaxRSS:1M
   |     +- compile test ReleaseSafe native success 20s MaxRSS:578M
   |        +- WriteFile interfaces/0.d.zx (reused)
   +- test-native-declarations success
   |  +- run test 4 pass (4 total) 9ms MaxRSS:1M
   |  |  +- compile test ReleaseSafe native success 19s MaxRSS:542M
   |  |     +- WriteFile interfaces/0.d.zx (reused)
   |  +- run test 4 pass (4 total) 4ms MaxRSS:1M
   |  |  +- compile test ReleaseSafe native success 19s MaxRSS:545M
   |  |     +- WriteFile interfaces/0.d.zx (reused)
   |  +- run test 2 pass (2 total) 5ms MaxRSS:1M
   |     +- compile test ReleaseSafe native success 19s MaxRSS:552M
   |        +- WriteFile interfaces/0.d.zx (reused)
   +- test-match-module-types success
   |  +- run test 2 pass (2 total) 5ms MaxRSS:1M
   |  |  +- compile test ReleaseSafe native success 19s MaxRSS:544M
   |  |     +- WriteFile interfaces/0.d.zx (reused)
   |  +- run test 3 pass (3 total) 5ms MaxRSS:1M
   |     +- compile test ReleaseSafe native success 19s MaxRSS:556M
   |        +- WriteFile interfaces/0.d.zx (reused)
   +- test-ownership-contracts success
   |  +- run test 3 pass (3 total) 5ms MaxRSS:1M
   |     +- compile test ReleaseSafe native success 19s MaxRSS:549M
   |        +- WriteFile interfaces/0.d.zx (reused)
   +- test-verification transitive failure
   |  +- run node failure
   |     +- compile exe zxc ReleaseSafe native (+6 more reused dependencies)
   +- test-verification-resources success
   |  +- run test 3 pass (3 total) 6ms MaxRSS:1M
   |     +- compile test ReleaseSafe native success 18s MaxRSS:517M
   |        +- WriteFile interfaces/0.d.zx (reused)
   +- test-build-modes success
   |  +- run node success 1m
   +- test-hardware-resources success
   |  +- run test 3 pass (3 total) 9ms MaxRSS:1M
   |  |  +- compile test ReleaseSafe native success 15s MaxRSS:485M
   |  |     +- WriteFile interfaces/0.d.zx (reused)
   |  +- run test 2 pass (2 total) 3ms MaxRSS:1M
   |     +- compile test ReleaseSafe native success 9s MaxRSS:372M
   |        +- WriteFile interfaces/0.d.zx (reused)
   +- test-xml-expression success
   |  +- run test 15 pass (15 total) 6ms MaxRSS:1M
   |     +- compile test ReleaseSafe native success 15s MaxRSS:484M
   |        +- WriteFile interfaces/0.d.zx (reused)
   +- test-rx-text success
   |  +- run test 4 pass (4 total) 4ms MaxRSS:1M
   |  |  +- compile test ReleaseSafe native success 8s MaxRSS:351M
   |  +- run test 3 pass (3 total) 4ms MaxRSS:1M
   |  |  +- compile test ReleaseSafe native success 9s MaxRSS:349M
   |  +- run test 2 pass (2 total) 10ms MaxRSS:1M
   |  |  +- compile test ReleaseSafe native success 8s MaxRSS:345M
   |  +- run test 30 pass (30 total) 4ms MaxRSS:1M
   |  |  +- compile test ReleaseSafe native success 9s MaxRSS:370M
   |  +- run test 14 pass (14 total) 4ms MaxRSS:1M
   |  |  +- compile test ReleaseSafe native success 9s MaxRSS:373M
   |  +- run test 26 pass (26 total) 4ms MaxRSS:1M
   |  |  +- compile test ReleaseSafe native success 9s MaxRSS:366M
   |  +- run test 6 pass (6 total) 3ms MaxRSS:1M
   |  |  +- compile test ReleaseSafe native success 9s MaxRSS:362M
   |  +- run test 29 pass (29 total) 4ms MaxRSS:1M
   |  |  +- compile test ReleaseSafe native success 9s MaxRSS:375M
   |  +- run test 6 pass (6 total) 4ms MaxRSS:1M
   |     +- compile test ReleaseSafe native success 9s MaxRSS:375M
   +- test-rx-cli success
   |  +- run node success 141ms
   |     +- compile exe zxc ReleaseSafe native (+6 more reused dependencies)
   +- test-package-manifest success
   |  +- run node success 440ms
   |  |  +- compile exe zxc ReleaseSafe native (+6 more reused dependencies)
   |  +- run node success 183ms
   |  |  +- compile exe zxc ReleaseSafe native (+6 more reused dependencies)
   |  +- run node success 5s
   |  |  +- compile exe zxc ReleaseSafe native (+6 more reused dependencies)
   |  +- run node success 48s
   |  |  +- compile exe zxc ReleaseSafe native (+6 more reused dependencies)
   |  +- run node success 186ms
   |     +- compile exe zxc ReleaseSafe native (+6 more reused dependencies)
   +- test-package-archive success
   |  +- run test 7 pass (7 total) 12ms MaxRSS:1M
   |  |  +- compile test ReleaseSafe native cached 60ms MaxRSS:21M
   |  +- run test 18 pass (18 total) 9ms MaxRSS:1M
   |  |  +- compile test ReleaseSafe native cached 65ms MaxRSS:21M
   |  +- run test 13 pass (13 total) 9ms MaxRSS:1M
   |  |  +- compile test ReleaseSafe native cached 63ms MaxRSS:21M
   |  +- run node success 103ms
   +- test-package-install success
   |  +- run node success 35s
   |  |  +- compile exe zxc ReleaseSafe native (+6 more reused dependencies)
   |  +- run node success 165ms
   |  |  +- compile exe zxc ReleaseSafe native (+6 more reused dependencies)
   |  +- run node success 27s
   |  |  +- compile exe zxc ReleaseSafe native (+6 more reused dependencies)
   |  +- run node success 24s
   |     +- compile exe zxc ReleaseSafe native (+6 more reused dependencies)
   +- test-package-install-watch success
   |  +- run node success 42s
   |     +- compile exe zxc ReleaseSafe native (+6 more reused dependencies)
   +- test-native-packages success
   |  +- run node success 1m
   |     +- compile exe zxc ReleaseSafe native (+6 more reused dependencies)
   +- test-native-aliases success
   |  +- run node success 1m
   |     +- compile exe zxc ReleaseSafe native (+6 more reused dependencies)
   +- test-package-index success
   |  +- run node success 271ms
   |     +- compile exe zxc ReleaseSafe native (+6 more reused dependencies)
   +- test-package-store success
   |  +- run test 8 pass (8 total) 44ms MaxRSS:1M
   |  |  +- compile test ReleaseSafe native cached 67ms MaxRSS:21M
   |  +- run test 11 pass (11 total) 57ms MaxRSS:1M
   |  |  +- compile test ReleaseSafe native cached 72ms MaxRSS:21M
   |  +- run test 2 pass (2 total) 97ms MaxRSS:1M
   |  |  +- compile test ReleaseSafe native cached 71ms MaxRSS:21M
   |  +- run node (reused)
   +- test-package-http success
   |  +- run node success 244ms
   |  |  +- compile exe package-store-driver ReleaseSafe native cached 116ms MaxRSS:21M
   |  +- run node success 159ms
   |  |  +- compile exe package-store-driver ReleaseSafe native (reused)
   |  +- run node success 150ms
   |  |  +- compile exe package-store-driver ReleaseSafe native (reused)
   |  +- run node (reused)
   +- test-package-lock-graphs success
   |  +- run test 15 pass (15 total) 11ms MaxRSS:1M
   |  |  +- compile test ReleaseSafe native cached 71ms MaxRSS:21M
   |  +- run test 2 pass (2 total) 8ms MaxRSS:1M
   |  |  +- compile test ReleaseSafe native cached 82ms MaxRSS:21M
   |  +- run test 19 pass (19 total) 5ms MaxRSS:1M
   |     +- compile test ReleaseSafe native cached 72ms MaxRSS:21M
   +- test-package-lock-parsing success
   |  +- run test 20 pass (20 total) 6ms MaxRSS:1M
   |  |  +- compile test ReleaseSafe native cached 47ms MaxRSS:21M
   |  +- run test 7 pass (7 total) 6ms MaxRSS:1M
   |     +- compile test ReleaseSafe native cached 47ms MaxRSS:21M
   +- test-package-index-resources success
   |  +- run test 6 pass (6 total) 9ms MaxRSS:1M
   |     +- compile test ReleaseSafe native cached 78ms MaxRSS:21M
   +- test-json-enum success
   |  +- run node success 13s
   |     +- compile exe zxc ReleaseSafe native (+6 more reused dependencies)
   +- test-json-integer success
   |  +- run node success 13s
   |     +- compile exe zxc ReleaseSafe native (+6 more reused dependencies)
   +- test-app-protocol success
   |  +- run node success 19s
   |     +- compile exe zxc ReleaseSafe native (+6 more reused dependencies)
   +- test-toolchain success
   |  +- run node success 22s
   |     +- compile exe zxc ReleaseSafe native (+6 more reused dependencies)
   +- test-persistent-cache success
   |  +- run node success 1s
   |     +- compile exe zxc ReleaseSafe native (+6 more reused dependencies)
   +- test-generation-runtime success
   |  +- run node success 54s
   |     +- compile exe zxc ReleaseSafe native (+6 more reused dependencies)
   +- test-native-generation success
   |  +- run node success 30s
   |     +- compile exe zxc ReleaseSafe native (+6 more reused dependencies)
   +- test-toolchain-concurrency success
   |  +- run node success 29s
   |     +- compile exe zxc ReleaseSafe native (+6 more reused dependencies)
   +- test-standard-resources success
   |  +- run test 4 pass (4 total) 5ms MaxRSS:1M
   |  |  +- compile test ReleaseSafe native success 10s MaxRSS:375M
   |  |     +- run exe standard-types (standard_abi.zig) (+1 more reused dependencies)
   |  +- run test 2 pass (2 total) 4ms MaxRSS:1M
   |  |  +- compile test ReleaseSafe native success 11s MaxRSS:372M
   |  |     +- run exe standard-types (standard_abi.zig) (+1 more reused dependencies)
   |  +- run test 9 pass (9 total) 8ms MaxRSS:1M
   |  |  +- compile test ReleaseSafe native success 10s MaxRSS:374M
   |  |     +- run exe standard-types (standard_abi.zig) (+1 more reused dependencies)
   |  +- run test 12 pass (12 total) 7ms MaxRSS:1M
   |  |  +- compile test ReleaseSafe native success 11s MaxRSS:376M
   |  |     +- run exe standard-types (standard_abi.zig) (+1 more reused dependencies)
   |  +- run test 10 pass (10 total) 5ms MaxRSS:1M
   |     +- compile test ReleaseSafe native success 10s MaxRSS:375M
   |        +- run exe standard-types (standard_abi.zig) (+1 more reused dependencies)
   +- test-module-graphs success
   |  +- run test conformance-module-graphs 10446 pass (10446 total) 621ms MaxRSS:6M
   |     +- compile test conformance-module-graphs ReleaseSafe native success 18s MaxRSS:600M
   |        +- run node (module_graphs.zig) cached
   +- run node success 175ms
   +- run node success 99ms
   +- run node success 101ms
   +- run node success 106ms
   +- run node success 67ms
   +- run node success 63ms
   +- run node success 67ms
   +- run node success 121ms
   +- run node success 79ms
   +- run node success 63ms
   +- run node success 66ms
   +- run node success 62ms
   +- run node success 78ms
   +- run node success 64ms
   +- run node success 97ms
   +- run node success 63ms
   +- run node success 105ms
   +- run node success 62ms
   +- run node success 103ms
   +- run node success 64ms
   +- run node success 109ms
   +- run node success 74ms
   +- run node success 73ms
   +- run node success 64ms
   +- run node success 104ms
   +- run node success 102ms
   +- run node success 62ms
   +- run node success 64ms
   +- run node success 98ms
   +- run node success 74ms
   +- run node success 105ms
   +- run node success 107ms
   +- run node success 73ms
   +- run node success 61ms
   +- run node success 68ms
   +- run node success 63ms
   +- run node success 119ms
   +- run node success 104ms
   +- run node success 107ms
   +- run node success 64ms
   +- run node success 64ms
   +- run node success 105ms
   +- run node success 99ms
   +- run node success 108ms
   +- run node success 111ms
   +- run node success 70ms
   +- run node success 96ms
   +- run node success 62ms
   +- run node success 64ms
   +- run node success 104ms
   +- run node success 78ms
   +- run node success 106ms
   +- run node success 62ms
   +- run node success 65ms
   +- run node success 62ms
   +- run node success 105ms
   +- run node success 266ms
   +- run node success 78ms
   +- run node success 79ms
   +- run node success 74ms
   +- run node success 64ms
   +- run node success 78ms
   +- run node success 113ms
   +- run node success 66ms
   +- run node success 65ms
   +- run node success 86ms
   +- run node success 123ms
   +- run node success 64ms
   +- run node success 70ms
   +- run node success 95ms
   +- run node success 81ms
   +- run node success 84ms
   +- run node success 142ms
   +- run node success 74ms
   +- run node success 63ms
   +- run node success 111ms
   +- run node success 99ms
   +- run node success 63ms
   +- run node success 109ms
   +- run node success 99ms
   +- run node success 73ms
   +- run node success 70ms
   +- run node success 62ms
   +- run node success 63ms
   +- run node success 115ms
   +- run node success 67ms
   +- run node success 69ms
   +- run node success 66ms
   +- run node success 116ms
   +- run node success 103ms
   +- run node success 164ms
   +- run node success 79ms
   +- run node success 3s

error: the following build command failed with exit code 1:
.zig-cache/o/679c3dc9432748f605fecd750b3148f2/build /Users/xiewendao/.local/share/zig/zig-x86_64-macos-0.16.0/zig /Users/xiewendao/.local/share/zig/zig-x86_64-macos-0.16.0/lib /Users/xiewendao/Documents/MatrixAges/zxc .zig-cache /Users/xiewendao/.cache/zig --seed 0xe2ff59bf -Z5a1b2a7ec6d200c2 test --summary all
