tests/runtime/evaluation_order/modulus.jsonl: 16 named cases
tests/language/types/modulus_assignment/cases.jsonl: 4 named cases
tests/standard/decoding/errors.jsonl: 38 named cases
tests/language/types/modulus_conversion/cases.jsonl: 72 named cases
tests/language/lexical/comments/block/structure.jsonl: 8 named cases
tests/language/lexical/comments/block/unicode.jsonl: 2 named cases
tests/language/lexical/comments/block/strings.jsonl: 5 named cases
tests/language/expressions/array_literal/empty/cases.jsonl: 1 named cases
tests/language/expressions/array_literal/dense/cases.jsonl: 7 named cases
tests/language/expressions/array_literal/nested/cases.jsonl: 13 named cases
tests/language/types/array_literal/cases.jsonl: 5 named cases
upstream/reviews/language/expressions/array_literal.jsonl: 8 named cases
tests/language/expressions/coalesce/identity/object.jsonl: 12 named cases
tests/language/expressions/match/identity/object.jsonl: 12 named cases
tests/standard/querystring/escape/cases.jsonl: 142 named cases
tests/standard/querystring/unescape/cases.jsonl: 292 named cases
tests/standard/querystring/parse/cases.jsonl: 23 named cases
tests/standard/querystring/parse_with/cases.jsonl: 35 named cases
tests/standard/querystring/stringify/cases.jsonl: 8 named cases
tests/standard/querystring/stringify_with/cases.jsonl: 40 named cases
tests/language/expressions/addition/f32.jsonl: 1521 named cases
tests/language/expressions/addition/f64.jsonl: 1521 named cases
tests/stores/transactions/staging.jsonl: 236 named cases
tests/language/expressions/comparison/source.jsonl: 32 named cases
tests/language/types/object_computed/cases.jsonl: 9 named cases
upstream/reviews/language/expressions/object_computed.jsonl: 14 named cases
tests/language/expressions/comparison/optional_enum/cases.jsonl: 16 named cases
tests/language/types/optional_enum/cases.jsonl: 12 named cases
tests/language/expressions/subtraction/whitespace.jsonl: 54 named cases
tests/language/types/subtraction_whitespace/cases.jsonl: 60 named cases
tests/language/expressions/division/grouping/f32/right.jsonl: 36 named cases
tests/language/expressions/division/grouping/f32/left.jsonl: 36 named cases
tests/language/expressions/division/grouping/f64/right.jsonl: 36 named cases
tests/language/expressions/division/grouping/f64/left.jsonl: 36 named cases
tests/language/expressions/object_construction/copy_prefix.jsonl: 4 named cases
tests/language/types/array_spread_protocols/cases.jsonl: 7 named cases
upstream/reviews/language/expressions/array_spread_protocols.jsonl: 18 named cases
tests/language/expressions/object_construction/copy.jsonl: 2 named cases
tests/language/types/array_spread/cases.jsonl: 3 named cases
upstream/reviews/language/expressions/array_spread.jsonl: 5 named cases
tests/rx/modules/graphs/3/call.jsonl: 512 named cases
tests/rx/modules/graphs/3/import.jsonl: 512 named cases
tests/rx/modules/graphs/3/case.jsonl: 512 named cases
tests/rx/modules/graphs/3/parallel_task.jsonl: 512 named cases
tests/rx/modules/graphs/4/call.jsonl: 4096 named cases
tests/rx/modules/graphs/4/import.jsonl: 4096 named cases
tests/rx/modules/resources/allocation.jsonl: 36 named cases
tests/rx/modules/resources/stack.jsonl: 16 named cases
tests/language/expressions/multiplication/grouping/f32/default.jsonl: 225 named cases
tests/language/expressions/multiplication/grouping/f32/left.jsonl: 225 named cases
tests/language/expressions/multiplication/grouping/f32/right.jsonl: 225 named cases
tests/language/expressions/multiplication/grouping/f64/default.jsonl: 225 named cases
tests/language/expressions/multiplication/grouping/f64/left.jsonl: 225 named cases
tests/language/expressions/multiplication/grouping/f64/right.jsonl: 225 named cases
tests/language/types/array_literal/single_elision.jsonl: 1 named cases
upstream/reviews/language/expressions/array_properties.jsonl: 3 named cases
tests/runtime/evaluation_order/array/flat.jsonl: 12 named cases
tests/runtime/evaluation_order/array/nested.jsonl: 12 named cases
tests/ownership/propagation/cases.jsonl: 156 named cases
tests/ownership/consumption/cases.jsonl: 248 named cases
tests/language/expressions/subtraction/names.jsonl: 21 named cases
tests/language/types/subtraction_names/cases.jsonl: 5 named cases
tests/language/lexical/string/cases.jsonl: 108 named cases
tests/language/lexical/utf8/cases.jsonl: 42 named cases
tests/language/expressions/object_construction/duplicate.jsonl: 5 named cases
tests/language/types/object_duplicate/cases.jsonl: 32 named cases
upstream/reviews/language/expressions/object_duplicate.jsonl: 5 named cases
tests/language/expressions/coalesce/values/number/direct.jsonl: 6 named cases
tests/language/expressions/coalesce/values/number/nested.jsonl: 18 named cases
tests/language/expressions/coalesce/values/number/index.jsonl: 12 named cases
tests/language/expressions/coalesce/values/boolean/direct.jsonl: 6 named cases
tests/language/expressions/coalesce/values/boolean/nested.jsonl: 18 named cases
tests/language/expressions/coalesce/values/boolean/index.jsonl: 12 named cases
tests/language/expressions/coalesce/values/string/direct.jsonl: 6 named cases
tests/language/expressions/coalesce/values/string/nested.jsonl: 18 named cases
tests/language/expressions/coalesce/values/string/index.jsonl: 12 named cases
tests/language/types/coalesce_values/cases.jsonl: 9 named cases
tests/language/types/logical_assignment/cases.jsonl: 8 named cases
tests/runtime/evaluation_order/match_default.jsonl: 12 named cases
tests/language/types/addition_strings/cases.jsonl: 36 named cases
tests/language/expressions/addition/explicit_strings.jsonl: 9 named cases
tests/built_ins/string/values/cases.jsonl: 484 named cases
tests/built_ins/string/optional/cases.jsonl: 529 named cases
tests/built_ins/string/sort/owned/0_0/cases.jsonl: 1 named cases
tests/built_ins/string/sort/owned/1_0/cases.jsonl: 4 named cases
tests/built_ins/string/sort/owned/2_0/cases.jsonl: 17 named cases
tests/built_ins/string/sort/owned/3_0/cases.jsonl: 65 named cases
tests/built_ins/string/sort/owned/26_0/cases.jsonl: 1 named cases
tests/built_ins/string/concat_reverse/owned/0_0/cases.jsonl: 1 named cases
tests/built_ins/string/concat_reverse/owned/0_1/cases.jsonl: 1 named cases
tests/built_ins/string/concat_reverse/owned/0_2/cases.jsonl: 2 named cases
tests/built_ins/string/concat_reverse/owned/1_0/cases.jsonl: 4 named cases
tests/built_ins/string/concat_reverse/owned/1_1/cases.jsonl: 4 named cases
tests/built_ins/string/concat_reverse/owned/1_2/cases.jsonl: 8 named cases
tests/built_ins/string/concat_reverse/owned/2_0/cases.jsonl: 16 named cases
tests/built_ins/string/concat_reverse/owned/2_1/cases.jsonl: 16 named cases
tests/built_ins/string/concat_reverse/owned/2_2/cases.jsonl: 32 named cases
tests/built_ins/string/concat_reverse/owned/3_0/cases.jsonl: 64 named cases
tests/built_ins/string/concat_reverse/owned/3_1/cases.jsonl: 64 named cases
tests/built_ins/string/concat_reverse/owned/3_2/cases.jsonl: 128 named cases
tests/built_ins/string/reduce/cases.jsonl: 256 named cases
tests/built_ins/string/literals/cases.jsonl: 15 named cases
tests/language/types/subtraction_conversion/cases.jsonl: 72 named cases
tests/language/expressions/comparison/optional_bits/f32.jsonl: 1521 named cases
tests/language/expressions/comparison/optional_bits/f64.jsonl: 1521 named cases
tests/language/expressions/division/f32.jsonl: 1225 named cases
tests/language/expressions/division/f64.jsonl: 1225 named cases
tests/language/expressions/comparison/string_storage/cases.jsonl: 64 named cases
tests/language/expressions/object_construction/fields/bool_explicit.jsonl: 2 named cases
tests/language/expressions/object_construction/fields/bool_shorthand.jsonl: 2 named cases
tests/language/expressions/object_construction/fields/number_explicit.jsonl: 3 named cases
tests/language/expressions/object_construction/fields/number_shorthand.jsonl: 3 named cases
tests/language/expressions/object_construction/fields/string_explicit.jsonl: 3 named cases
tests/language/expressions/object_construction/fields/string_shorthand.jsonl: 3 named cases
tests/language/expressions/object_construction/fields/optional_explicit.jsonl: 3 named cases
tests/language/expressions/object_construction/fields/optional_shorthand.jsonl: 3 named cases
tests/language/expressions/object_construction/fields/name_undefined.jsonl: 2 named cases
tests/language/types/object_fields/cases.jsonl: 7 named cases
upstream/reviews/language/expressions/object_fields.jsonl: 9 named cases
tests/language/expressions/multiplication/errors/hex_base64.jsonl: 25 named cases
tests/language/expressions/multiplication/errors/base64_hex.jsonl: 25 named cases
tests/language/expressions/object_construction/merge.jsonl: 4 named cases
tests/language/expressions/object_construction/override.jsonl: 2 named cases
upstream/reviews/language/expressions/object_construction.jsonl: 2 named cases
tests/language/types/object_construction/consumed.jsonl: 2 named cases
tests/runtime/evaluation_order/object/forward.jsonl: 8 named cases
tests/runtime/evaluation_order/object/reverse.jsonl: 8 named cases
tests/runtime/evaluation_order/object/nested.jsonl: 8 named cases
tests/runtime/evaluation_order/object/duplicate.jsonl: 4 named cases
tests/runtime/evaluation_order/object/spread_first.jsonl: 4 named cases
tests/runtime/evaluation_order/object/spread_last.jsonl: 4 named cases
tests/runtime/evaluation_order/logical.jsonl: 64 named cases
tests/language/statements/if_truthiness/cases.jsonl: 38 named cases
upstream/reviews/language/statements/if_truthiness.jsonl: 4 named cases
tests/language/expressions/match/ownership/owned.jsonl: 6 named cases
tests/language/expressions/match/ownership/mixed_read.jsonl: 18 named cases
tests/language/expressions/comparison/optional/u8.jsonl: 16 named cases
tests/language/expressions/comparison/optional/u16.jsonl: 16 named cases
tests/language/expressions/comparison/optional/u32.jsonl: 16 named cases
tests/language/expressions/comparison/optional/u64.jsonl: 16 named cases
tests/language/expressions/comparison/optional/i32.jsonl: 16 named cases
tests/language/expressions/comparison/optional/i64.jsonl: 16 named cases
tests/language/expressions/comparison/optional/f32.jsonl: 16 named cases
tests/language/expressions/comparison/optional/f64.jsonl: 16 named cases
tests/language/expressions/comparison/optional/bool.jsonl: 9 named cases
tests/language/expressions/comparison/optional/string.jsonl: 25 named cases
tests/language/expressions/comparison/optional/object.jsonl: 3 named cases
tests/language/expressions/comparison/optional/list.jsonl: 4 named cases
tests/language/expressions/comparison/optional/tuple.jsonl: 3 named cases
tests/language/types/optional_equality/cases.jsonl: 12 named cases
tests/language/expressions/modulus/source/values.jsonl: 4 named cases
tests/language/expressions/modulus/source/lines.jsonl: 1 named cases
tests/language/expressions/modulus/names/cases.jsonl: 4 named cases
tests/language/expressions/unary_minus/f32/direct.jsonl: 35 named cases
tests/language/expressions/unary_minus/f32/binding.jsonl: 35 named cases
tests/language/expressions/unary_minus/f32/double.jsonl: 35 named cases
tests/language/expressions/unary_minus/f32/field.jsonl: 35 named cases
tests/language/expressions/unary_minus/f64/direct.jsonl: 35 named cases
tests/language/expressions/unary_minus/f64/binding.jsonl: 35 named cases
tests/language/expressions/unary_minus/f64/double.jsonl: 35 named cases
tests/language/expressions/unary_minus/f64/field.jsonl: 35 named cases
tests/language/types/unary_minus/cases.jsonl: 26 named cases
tests/language/expressions/unary_minus/f64/source_values.jsonl: 6 named cases
tests/language/expressions/subtraction/f32.jsonl: 1521 named cases
tests/language/expressions/subtraction/f64.jsonl: 1849 named cases
tests/language/expressions/addition/overflow_literals.jsonl: 2 named cases
tests/language/types/equality_conversion/cases.jsonl: 40 named cases
tests/runtime/evaluation_order/match_condition.jsonl: 64 named cases
tests/runtime/evaluation_order/match_value.jsonl: 48 named cases
tests/language/expressions/comparison/whitespace/equal.jsonl: 36 named cases
tests/language/expressions/comparison/whitespace/not_equal.jsonl: 36 named cases
tests/language/types/equality_whitespace/cases.jsonl: 120 named cases
tests/language/expressions/object_construction/shorthand_duplicate.jsonl: 3 named cases
tests/language/types/object_shorthand/cases.jsonl: 12 named cases
upstream/reviews/language/expressions/object_shorthand.jsonl: 15 named cases
tests/language/lexical/numeric/boundaries.jsonl: 34 named cases
tests/language/lexical/numeric/leading_zero.jsonl: 11 named cases
tests/language/types/relational_string_conversion/less/cases.jsonl: 6 named cases
tests/language/types/relational_string_conversion/greater/cases.jsonl: 6 named cases
tests/language/types/relational_string_conversion/less_equal/cases.jsonl: 6 named cases
tests/language/types/relational_string_conversion/greater_equal/cases.jsonl: 6 named cases
upstream/reviews/language/expressions/relational_string_conversion.jsonl: 8 named cases
tests/language/expressions/division/whitespace.jsonl: 54 named cases
tests/language/types/division_whitespace/cases.jsonl: 60 named cases
tests/language/expressions/addition/source/values.jsonl: 4 named cases
tests/language/expressions/addition/names/cases.jsonl: 4 named cases
tests/language/types/division_conversion/cases.jsonl: 72 named cases
tests/runtime/evaluation_order/division.jsonl: 16 named cases
tests/language/types/division_assignment/cases.jsonl: 4 named cases
tests/language/statements/if_declarations/cases.jsonl: 16 named cases
upstream/reviews/language/statements/if_declarations.jsonl: 17 named cases
tests/language/expressions/comparison/equality_names/equal.jsonl: 13 named cases
tests/language/expressions/comparison/equality_names/not_equal.jsonl: 13 named cases
tests/language/types/equality_names/cases.jsonl: 10 named cases
tests/language/types/less_than_conversion/cases.jsonl: 62 named cases
upstream/reviews/language/expressions/less_than_conversion.jsonl: 12 named cases
Native bundle: relocated ZX/Zig execution, file hashes, dependency options, dynamic assets and four path rejection scenarios passed
Native declarations: 72 aggregate reference calls, native error propagation and two allocation failure traversals passed
Native invocation: 25 inputs passed zero/multiple arguments, allocator and namespace execution
Zlib compression: 264 independently decoded or rejected application calls passed
Build modes: app, relocated Zig library and relocated ZX library passed
tests/language/types/multiplication_conversion/cases.jsonl: 72 named cases
tests/language/types/relational_assignment/cases.jsonl: 16 named cases
upstream/reviews/language/expressions/relational_assignment.jsonl: 16 named cases
tests/language/expressions/modulus/f32.jsonl: 1681 named cases
tests/language/expressions/modulus/f64.jsonl: 1681 named cases
✔ package HTTP / rejects oversized headers before peer finishes body (12.1282ms)
✔ package HTTP / rejects unavailable headers before peer finishes body (4.164967ms)
ℹ tests 2
ℹ suites 0
ℹ pass 2
ℹ fail 0
ℹ cancelled 0
ℹ skipped 0
ℹ todo 0
ℹ duration_ms 18.431484
tests/language/expressions/static_names/cases.jsonl: 28 named cases
tests/language/expressions/logical_and/basic.jsonl: 46 named cases
tests/language/expressions/logical_or/basic.jsonl: 46 named cases
tests/language/expressions/logical_and/nested_or.jsonl: 92 named cases
tests/language/expressions/logical_or/nested_and.jsonl: 92 named cases
tests/language/expressions/conditional/yes.jsonl: 46 named cases
tests/language/expressions/conditional/no.jsonl: 46 named cases
tests/language/expressions/coalesce/optional.jsonl: 92 named cases
tests/language/expressions/addition/whitespace.jsonl: 54 named cases
tests/language/types/addition_whitespace/cases.jsonl: 60 named cases
tests/runtime/evaluation_order/coalesce.jsonl: 144 named cases
tests/language/types/coalesce_chain/cases.jsonl: 3 named cases
tests/standard/encoding_crypto/values.jsonl: 324 named cases
tests/language/expressions/multiplication/source/values.jsonl: 5 named cases
tests/language/expressions/multiplication/source/lines.jsonl: 1 named cases
tests/language/expressions/multiplication/names/cases.jsonl: 4 named cases
tests/language/types/relational_conversion/greater/cases.jsonl: 62 named cases
tests/language/types/relational_conversion/less_equal/cases.jsonl: 62 named cases
tests/language/types/relational_conversion/greater_equal/cases.jsonl: 62 named cases
upstream/reviews/language/expressions/relational_conversion.jsonl: 36 named cases
tests/runtime/safety/integer/u8.jsonl: 11 named cases
tests/runtime/safety/integer/u16.jsonl: 11 named cases
tests/runtime/safety/integer/u32.jsonl: 11 named cases
tests/runtime/safety/integer/u64.jsonl: 11 named cases
tests/runtime/safety/integer/i32.jsonl: 208 named cases
tests/runtime/safety/integer/i64.jsonl: 212 named cases
tests/language/expressions/division/source/values.jsonl: 4 named cases
tests/language/expressions/division/source/lines.jsonl: 1 named cases
tests/language/expressions/division/names/cases.jsonl: 4 named cases
tests/language/expressions/division/source/identifiers.jsonl: 1 named cases
tests/language/expressions/logical_not/source.jsonl: 14 named cases
tests/language/types/logical_not/cases.jsonl: 50 named cases
tests/language/expressions/logical_not/values.jsonl: 2 named cases
tests/language/expressions/logical_not/precedence/not_left_and.jsonl: 4 named cases
tests/language/expressions/logical_not/precedence/not_group_and.jsonl: 4 named cases
tests/language/expressions/logical_not/precedence/not_left_or.jsonl: 4 named cases
tests/language/expressions/logical_not/precedence/not_group_or.jsonl: 4 named cases
tests/language/expressions/multiplication/whitespace.jsonl: 54 named cases
tests/language/types/multiplication_whitespace/cases.jsonl: 60 named cases
tests/language/lexical/numeric/invalid.jsonl: 264 named cases
tests/language/lexical/numeric/valid.jsonl: 10 named cases
tests/standard/path/posix/values.jsonl: 44 named cases
tests/standard/path/win32/values.jsonl: 44 named cases
tests/standard/crypto/hmac_sha256/cases.jsonl: 52 named cases
tests/standard/crypto/hkdf_sha256/cases.jsonl: 74 named cases
tests/standard/crypto/pbkdf2_sha256/cases.jsonl: 109 named cases
tests/standard/crypto/hmac_sha512/cases.jsonl: 52 named cases
tests/standard/crypto/hkdf_sha512/cases.jsonl: 74 named cases
tests/standard/crypto/pbkdf2_sha512/cases.jsonl: 109 named cases
tests/standard/crypto/timing_safe_equal/cases.jsonl: 24 named cases
tests/language/expressions/coalesce/logical/and.jsonl: 36 named cases
tests/language/expressions/coalesce/logical/or.jsonl: 36 named cases
tests/language/types/coalesce_logical/cases.jsonl: 10 named cases
tests/language/expressions/conditional/boolean.jsonl: 14 named cases
tests/language/expressions/conditional/number.jsonl: 4 named cases
tests/language/expressions/conditional/string.jsonl: 4 named cases
tests/language/expressions/conditional/optional.jsonl: 4 named cases
tests/language/expressions/conditional/coalesce.jsonl: 6 named cases
tests/language/types/conditional/cases.jsonl: 18 named cases
✔ real backend preserves outputs across cache reuse compile failure and prepublication input changes (50174.510625ms)
ℹ tests 1
ℹ suites 0
ℹ pass 1
ℹ fail 0
ℹ cancelled 0
ℹ skipped 0
ℹ todo 0
ℹ duration_ms 50177.151809
tests/rx/modules/paths/cases.jsonl: 154 named cases
tests/runtime/evaluation_order/comparison.jsonl: 432 named cases
tests/language/lexical/comments/cases.jsonl: 94 named cases
tests/language/lexical/comments/runtime.jsonl: 14 named cases
tests/language/statements/if_remaining/cases.jsonl: 27 named cases
upstream/reviews/language/statements/if_remaining.jsonl: 32 named cases
tests/language/expressions/match/modules/canonical.jsonl: 4 named cases
tests/language/expressions/match/modules/reordered.jsonl: 4 named cases
tests/language/expressions/match/modules/shared_pattern.jsonl: 4 named cases
tests/language/expressions/match/modules/lazy.jsonl: 6 named cases
tests/language/expressions/match/scalars/boolean.jsonl: 8 named cases
tests/language/expressions/match/scalars/string.jsonl: 729 named cases
tests/language/expressions/match/scalars/enum.jsonl: 27 named cases
tests/language/expressions/match/scalars/u8.jsonl: 27 named cases
tests/language/expressions/match/scalars/u16.jsonl: 27 named cases
tests/language/expressions/match/scalars/u32.jsonl: 27 named cases
tests/language/expressions/match/scalars/u64.jsonl: 27 named cases
tests/language/expressions/match/scalars/i32.jsonl: 27 named cases
tests/language/expressions/match/scalars/i64.jsonl: 27 named cases
tests/language/expressions/match/default_only.jsonl: 3 named cases
tests/language/expressions/match/nested.jsonl: 4 named cases
tests/language/expressions/match/scalar_types.jsonl: 8 named cases
tests/language/types/relational_string_order/greater/cases.jsonl: 35 named cases
tests/language/types/relational_string_order/less_equal/cases.jsonl: 35 named cases
tests/language/types/relational_string_order/greater_equal/cases.jsonl: 35 named cases
upstream/reviews/language/expressions/relational_string_order.jsonl: 12 named cases
tests/runtime/evaluation_order/multiplication.jsonl: 16 named cases
tests/language/types/multiplication_assignment/cases.jsonl: 4 named cases
tests/standard/path/posix/resolve.jsonl: 12 named cases
tests/standard/path/posix/relative.jsonl: 66 named cases
tests/standard/path/win32/resolve.jsonl: 13 named cases
tests/standard/path/win32/relative.jsonl: 1603 named cases
tests/language/expressions/match/floating/f32/comparison.jsonl: 1225 named cases
tests/language/expressions/match/floating/f32/selection.jsonl: 105 named cases
tests/language/expressions/match/floating/f64/comparison.jsonl: 1225 named cases
tests/language/expressions/match/floating/f64/selection.jsonl: 105 named cases
✔ package manifest / minimal (5.363723ms)
✔ package manifest / scoped prerelease (3.220287ms)
✔ package manifest / private boolean (3.081644ms)
✔ package manifest / entry with spaces (3.029563ms)
✔ package manifest / dependency groups (3.156763ms)
✔ package manifest / workspace patterns (2.950193ms)
✔ package manifest / root sequence (2.818507ms)
✔ package manifest / duplicate key (2.935753ms)
✔ package manifest / missing name (2.92919ms)
✔ package manifest / missing version (2.959641ms)
✔ package manifest / uppercase name (2.738981ms)
✔ package manifest / invalid version (2.773965ms)
✔ package manifest / empty name (2.743658ms)
✔ package manifest / NUL name (3.318728ms)
✔ package manifest / unknown field (2.810316ms)
✔ package manifest / quoted boolean (2.873791ms)
✔ package manifest / nonboolean private (2.738102ms)
✔ package manifest / parent entry (2.837723ms)
✔ package manifest / absolute entry (2.930402ms)
✔ package manifest / wrong entry extension (2.99233ms)
✔ package manifest / dependency sequence (2.954319ms)
✔ package manifest / unknown workspace field (2.772707ms)
✔ package manifest / workspace scalar (2.766929ms)
✔ package manifest / escaping workspace (2.863812ms)
✔ package manifest / native native_interfaces must be sequence (2.794135ms)
✔ package manifest / native native_modules must be sequence (2.915431ms)
✔ package manifest / native externals must be sequence (2.824952ms)
✔ package manifest / native libraries must be sequence (2.892152ms)
✔ package manifest / native include_paths must be sequence (2.736895ms)
✔ package manifest / native library_paths must be sequence (2.723423ms)
✔ package manifest / native interface missing specifier (3.028743ms)
✔ package manifest / native interface missing path (2.832356ms)
✔ package manifest / native interface missing module (2.703572ms)
✔ package manifest / native interface unknown field (2.687399ms)
✔ package manifest / native interface duplicate key (2.700301ms)
✔ package manifest / native namespace scalar (2.693394ms)
✔ package manifest / native namespace empty item (2.827309ms)
✔ package manifest / native module missing name (2.854901ms)
✔ package manifest / native module missing source (2.866116ms)
✔ package manifest / native module ambiguous source (2.862393ms)
✔ package manifest / native header bundled files (2.845263ms)
✔ package manifest / native module unknown field (2.727746ms)
✔ package manifest / native module dependencies mapping (2.703024ms)
✔ package manifest / native module bundled files scalar (2.852478ms)
✔ package manifest / native external incomplete (2.921768ms)
✔ package manifest / native external unknown field (2.845094ms)
✔ package manifest / native external implementation scalar (2.785102ms)
✔ package manifest / native implementation unknown field (2.762873ms)
✔ package manifest / native library nonstring item (2.898284ms)
✔ package manifest / native library empty item (2.763552ms)
✔ package manifest / native allocator_argument rejects "true" (2.795114ms)
✔ package manifest / native allocator_argument rejects yes (2.895149ms)
✔ package manifest / native expand_tuple rejects "true" (2.788144ms)
✔ package manifest / native expand_tuple rejects yes (2.942612ms)
✔ package manifest / native fallible rejects "true" (2.847724ms)
✔ package manifest / native fallible rejects yes (2.885994ms)
✔ package manifest / native roundtrip 0 (2.851763ms)
✔ package manifest / native roundtrip 1 (2.868144ms)
✔ package manifest / native roundtrip 2 (2.904016ms)
✔ package manifest / native roundtrip 3 (2.92884ms)
✔ package manifest / native roundtrip 4 (2.845285ms)
✔ package manifest / native external flags false/false/false (2.895617ms)
✔ package manifest / native external flags false/false/true (2.93374ms)
✔ package manifest / native external flags false/true/false (2.773378ms)
✔ package manifest / native external flags false/true/true (2.988255ms)
✔ package manifest / native external flags true/false/false (2.931974ms)
✔ package manifest / native external flags true/false/true (2.886204ms)
✔ package manifest / native external flags true/true/false (2.882937ms)
✔ package manifest / native external flags true/true/true (2.89348ms)
✔ package manifest / native scope include_paths rejects nonsequence {} (2.955255ms)
✔ package manifest / native scope include_paths rejects nonsequence null (2.796001ms)
✔ package manifest / native scope include_paths rejects nonsequence text (2.841337ms)
✔ package manifest / native scope include_paths rejects nonsequence !!int 3 (2.816112ms)
✔ package manifest / native scope include_paths duplicate field (2.83189ms)
✔ package manifest / native scope abi_aliases rejects nonsequence {} (2.89172ms)
✔ package manifest / native scope abi_aliases rejects nonsequence null (2.844722ms)
✔ package manifest / native scope abi_aliases rejects nonsequence text (2.902892ms)
✔ package manifest / native scope abi_aliases rejects nonsequence !!int 3 (2.934668ms)
✔ package manifest / native scope abi_aliases duplicate field (2.741494ms)
✔ package manifest / native scope include path item {} (2.694937ms)
✔ package manifest / native scope include path item [] (2.896194ms)
✔ package manifest / native scope include path item !!int 3 (3.00261ms)
✔ package manifest / native scope include path item "" (2.869657ms)
✔ package manifest / native scope include path item "bad\0path" (2.867515ms)
✔ package manifest / native scope alias item text (2.806555ms)
✔ package manifest / native scope alias item null (2.945904ms)
✔ package manifest / native scope alias item [] (2.813027ms)
✔ package manifest / native scope alias missing required field both (2.79749ms)
✔ package manifest / native scope alias missing required field name: "zig:bridge" (2.933954ms)
✔ package manifest / native scope alias missing required field specifier: "zig:private" (2.823466ms)
✔ package manifest / native scope alias name rejects {} (2.929656ms)
✔ package manifest / native scope alias name rejects !!int 3 (2.918125ms)
✔ package manifest / native scope alias name rejects "" (2.846089ms)
✔ package manifest / native scope alias name rejects "bad\0alias" (2.891827ms)
✔ package manifest / native scope alias duplicate name (2.892963ms)
✔ package manifest / native scope alias specifier rejects {} (2.823362ms)
✔ package manifest / native scope alias specifier rejects !!int 3 (2.89304ms)
✔ package manifest / native scope alias specifier rejects "" (2.818346ms)
✔ package manifest / native scope alias specifier rejects "bad\0alias" (3.100199ms)
✔ package manifest / native scope alias duplicate specifier (2.852321ms)
✔ package manifest / native scope alias unknown field (2.699808ms)
✔ package manifest / native scope path paths 0 aliases 0 (2.830567ms)
✔ package manifest / native scope path paths 0 aliases 1 (2.937078ms)
✔ package manifest / native scope path paths 0 aliases 2 (2.834061ms)
✔ package manifest / native scope path paths 1 aliases 0 (2.919568ms)
✔ package manifest / native scope path paths 1 aliases 1 (2.945461ms)
✔ package manifest / native scope path paths 1 aliases 2 (2.91034ms)
✔ package manifest / native scope path paths 2 aliases 0 (2.938483ms)
✔ package manifest / native scope path paths 2 aliases 1 (2.969783ms)
✔ package manifest / native scope path paths 2 aliases 2 (2.872934ms)
✔ package manifest / native scope header paths 0 aliases 0 (2.782389ms)
✔ package manifest / native scope header paths 0 aliases 1 (2.831089ms)
✔ package manifest / native scope header paths 0 aliases 2 (2.756638ms)
✔ package manifest / native scope header paths 1 aliases 0 (2.801043ms)
✔ package manifest / native scope header paths 1 aliases 1 (2.845911ms)
✔ package manifest / native scope header paths 1 aliases 2 (2.884369ms)
✔ package manifest / native scope header paths 2 aliases 0 (2.853014ms)
✔ package manifest / native scope header paths 2 aliases 1 (2.857155ms)
✔ package manifest / native scope header paths 2 aliases 2 (2.918719ms)
ℹ tests 119
ℹ suites 0
ℹ pass 119
ℹ fail 0
ℹ cancelled 0
ℹ skipped 0
ℹ todo 0
ℹ duration_ms 353.890506
✔ package init / default version (11.261053ms)
✔ package init / scoped name (5.88853ms)
✔ package init / all options (6.028616ms)
✔ package init / reordered options (6.041274ms)
✔ package init / yaml punctuation in entry (5.718465ms)
✔ package init / invalid arguments [] (2.781374ms)
✔ package init / invalid arguments ["sample","--unknown"] (2.850462ms)
✔ package init / invalid arguments ["sample","extra"] (2.669176ms)
✔ package init / invalid arguments ["sample","--version"] (2.873162ms)
✔ package init / invalid arguments ["sample","--entry"] (2.833242ms)
✔ package init / invalid arguments ["sample","--private","--private"] (2.67471ms)
✔ package init / invalid arguments ["sample","--version","1.0.0","--version","2.0.0"] (3.018702ms)
✔ package init / invalid arguments ["sample","--entry","a.zx","--entry","b.zx"] (2.639582ms)
✔ package init / invalid manifest ["BadName"] (2.823984ms)
✔ package init / invalid manifest ["@scope"] (2.651915ms)
✔ package init / invalid manifest [""] (2.796629ms)
✔ package init / invalid manifest ["sample","--version","latest"] (2.707064ms)
✔ package init / invalid manifest ["sample","--version","01.2.3"] (2.791226ms)
✔ package init / invalid manifest ["sample","--entry","../outside.zx"] (2.767962ms)
✔ package init / invalid manifest ["sample","--entry","/absolute.zx"] (2.692078ms)
✔ package init / invalid manifest ["sample","--entry","src/a:b.zx"] (2.565419ms)
✔ package init / invalid manifest ["sample","--entry","main.ts"] (2.575214ms)
✔ package init / preserves existing file (2.951736ms)
✔ package init / preserves existing directory (2.777453ms)
✔ package init / preserves existing symlink (2.890992ms)
✔ package init / preserves existing dangling symlink (2.803237ms)
✔ package init / concurrent exclusive creation (6.607392ms)
ℹ tests 27
ℹ suites 0
ℹ pass 27
ℹ fail 0
ℹ cancelled 0
ℹ skipped 0
ℹ todo 0
ℹ duration_ms 102.52864
✔ package imports / declared transitive execution (6856.235683ms)
✔ package imports / member entry discovers workspace (6829.746358ms)
✔ package imports / root alias belongs to owner (6794.298466ms)
✔ package imports / member relative file (6932.996211ms)
✔ package imports / development dependency visible (6925.096671ms)
✔ package imports / declared package alias (6925.788559ms)
✔ package imports / scoped package import (7022.865832ms)
✔ package imports / root cannot import transitive dependency (4.732123ms)
✔ package imports / member needs its own dependency (4.488056ms)
✔ package imports / alias does not expose original name (3.739824ms)
✔ package imports / root relative path cannot cross member (3.623515ms)
✔ package imports / member relative path cannot cross sibling (4.218023ms)
✔ package imports / root alias cannot cross member (3.800823ms)
✔ package imports / undiscovered nested package is not a plain directory (4.115774ms)
✔ package imports / declared target needs ZX entry (3.737925ms)
✔ package imports / source symlink cannot disguise owner (3.805306ms)
ℹ tests 16
ℹ suites 0
ℹ pass 16
ℹ fail 0
ℹ cancelled 0
ℹ skipped 0
ℹ todo 0
ℹ duration_ms 48326.944088
tests/runtime/evaluation_order/if_statement/conditional.jsonl: 16 named cases
tests/runtime/evaluation_order/if_statement/early_return.jsonl: 16 named cases
tests/runtime/evaluation_order/if_statement/discarded.jsonl: 16 named cases
tests/language/statements/if/cases.jsonl: 11 named cases
upstream/reviews/language/statements/if.jsonl: 9 named cases
tests/language/types/relational_whitespace/cases.jsonl: 240 named cases
tests/language/expressions/comparison/whitespace.jsonl: 216 named cases
upstream/reviews/language/expressions/relational_whitespace.jsonl: 4 named cases
tests/language/expressions/comparison/f32.jsonl: 1225 named cases
tests/language/expressions/comparison/f64.jsonl: 1230 named cases
tests/language/expressions/comparison/f64_negated.jsonl: 1 named cases
tests/language/types/relational_strings/cases.jsonl: 35 named cases
tests/language/lexical/numeric/literals_u64.jsonl: 12 named cases
tests/language/lexical/numeric/literals_f64.jsonl: 3 named cases
✔ package graph / root only (11.375237ms)
✔ package graph / members not implicitly linked (4.453465ms)
✔ package graph / direct dependency (4.221616ms)
✔ package graph / development dependency (3.900059ms)
✔ package graph / separate dependency classes (5.126982ms)
✔ package graph / owner dependency scope (3.877765ms)
✔ package graph / alias targets another name (3.771467ms)
✔ package graph / scoped name (3.952913ms)
✔ package graph / scoped alias (3.471283ms)
✔ package graph / relative root target (3.971118ms)
✔ package graph / relative member target (3.690843ms)
✔ package graph / missing local target (3.584406ms)
✔ package graph / relative path outside members (3.57618ms)
✔ package graph / external does not use same named local (3.520183ms)
✔ package graph / duplicate dependency classes (3.65068ms)
✔ package graph / missing alias name (3.564306ms)
✔ package graph / invalid range (3.52465ms)
✔ package graph / root self cycle (2.997146ms)
✔ package graph / unreferenced member self cycle (3.442276ms)
✔ package graph / unreferenced indirect cycle (3.622466ms)
✔ package graph / development edge participates in cycle (3.506817ms)
✔ package graph / diamond is not a cycle (3.896881ms)
✔ package graph / version 1.2.3 (3.732909ms)
✔ package graph / version 1.2.4 (3.578815ms)
✔ package graph / version ^1.0.0 (3.648821ms)
✔ package graph / version ^2.0.0 (3.549124ms)
✔ package graph / version ~1.2.0 (3.410633ms)
✔ package graph / version ~1.1.0 (3.511726ms)
✔ package graph / version >=1.2.0 <2.0.0 (3.687719ms)
✔ package graph / version >=2.0.0 (3.571512ms)
✔ package graph / version ^ (3.424432ms)
✔ package graph / version ~ (3.545425ms)
✔ package graph / range "1.2.3" / 0.0.0 (3.198661ms)
✔ package graph / range "1.2.3" / 0.0.2 (3.364981ms)
✔ package graph / range "1.2.3" / 0.0.3 (3.321661ms)
✔ package graph / range "1.2.3" / 0.1.0 (3.243135ms)
✔ package graph / range "1.2.3" / 0.2.3 (3.439684ms)
✔ package graph / range "1.2.3" / 0.2.4 (3.339786ms)
✔ package graph / range "1.2.3" / 0.3.0 (3.231004ms)
✔ package graph / range "1.2.3" / 1.0.0 (3.220037ms)
✔ package graph / range "1.2.3" / 1.2.0 (3.2684ms)
✔ package graph / range "1.2.3" / 1.2.2 (3.220967ms)
✔ package graph / range "1.2.3" / 1.2.3-0 (3.423741ms)
✔ package graph / range "1.2.3" / 1.2.3-alpha (4.727718ms)
✔ package graph / range "1.2.3" / 1.2.3-alpha.2 (4.699681ms)
✔ package graph / range "1.2.3" / 1.2.3-alpha.10 (3.70329ms)
✔ package graph / range "1.2.3" / 1.2.3-beta (3.410911ms)
✔ package graph / range "1.2.3" / 1.2.3 (3.314245ms)
✔ package graph / range "1.2.3" / 1.2.3+build.9 (3.331786ms)
✔ package graph / range "1.2.3" / 1.2.4-alpha (3.366925ms)
✔ package graph / range "1.2.3" / 1.2.4 (3.225373ms)
✔ package graph / range "1.2.3" / 1.3.0-0 (3.24102ms)
✔ package graph / range "1.2.3" / 1.3.0 (3.226095ms)
✔ package graph / range "1.2.3" / 2.0.0-alpha (3.327965ms)
✔ package graph / range "1.2.3" / 2.0.0 (3.220971ms)
✔ package graph / range "1.2.3" / 2.3.4 (3.141354ms)
✔ package graph / range "1.2.3" / 3.0.0 (3.362019ms)
✔ package graph / range "=1.2.3" / 0.0.0 (3.341511ms)
✔ package graph / range "=1.2.3" / 0.0.2 (3.362547ms)
✔ package graph / range "=1.2.3" / 0.0.3 (3.255062ms)
✔ package graph / range "=1.2.3" / 0.1.0 (3.171008ms)
✔ package graph / range "=1.2.3" / 0.2.3 (3.339114ms)
✔ package graph / range "=1.2.3" / 0.2.4 (3.316096ms)
✔ package graph / range "=1.2.3" / 0.3.0 (3.37788ms)
✔ package graph / range "=1.2.3" / 1.0.0 (3.270516ms)
✔ package graph / range "=1.2.3" / 1.2.0 (3.385643ms)
✔ package graph / range "=1.2.3" / 1.2.2 (3.292099ms)
✔ package graph / range "=1.2.3" / 1.2.3-0 (3.21167ms)
✔ package graph / range "=1.2.3" / 1.2.3-alpha (3.318112ms)
✔ package graph / range "=1.2.3" / 1.2.3-alpha.2 (3.206817ms)
✔ package graph / range "=1.2.3" / 1.2.3-alpha.10 (3.184678ms)
✔ package graph / range "=1.2.3" / 1.2.3-beta (3.298743ms)
✔ package graph / range "=1.2.3" / 1.2.3 (3.27944ms)
✔ package graph / range "=1.2.3" / 1.2.3+build.9 (3.222354ms)
✔ package graph / range "=1.2.3" / 1.2.4-alpha (3.282519ms)
✔ package graph / range "=1.2.3" / 1.2.4 (3.262665ms)
✔ package graph / range "=1.2.3" / 1.3.0-0 (3.284829ms)
✔ package graph / range "=1.2.3" / 1.3.0 (3.19172ms)
✔ package graph / range "=1.2.3" / 2.0.0-alpha (3.409979ms)
✔ package graph / range "=1.2.3" / 2.0.0 (3.25251ms)
✔ package graph / range "=1.2.3" / 2.3.4 (3.308659ms)
✔ package graph / range "=1.2.3" / 3.0.0 (3.258977ms)
✔ package graph / range "1.2.3+different" / 0.0.0 (3.339219ms)
✔ package graph / range "1.2.3+different" / 0.0.2 (3.229952ms)
✔ package graph / range "1.2.3+different" / 0.0.3 (3.181988ms)
✔ package graph / range "1.2.3+different" / 0.1.0 (3.17639ms)
✔ package graph / range "1.2.3+different" / 0.2.3 (3.165658ms)
✔ package graph / range "1.2.3+different" / 0.2.4 (3.151632ms)
✔ package graph / range "1.2.3+different" / 0.3.0 (3.183806ms)
✔ package graph / range "1.2.3+different" / 1.0.0 (3.237968ms)
✔ package graph / range "1.2.3+different" / 1.2.0 (3.168668ms)
✔ package graph / range "1.2.3+different" / 1.2.2 (3.209529ms)
✔ package graph / range "1.2.3+different" / 1.2.3-0 (3.144169ms)
✔ package graph / range "1.2.3+different" / 1.2.3-alpha (3.217747ms)
✔ package graph / range "1.2.3+different" / 1.2.3-alpha.2 (3.296299ms)
✔ package graph / range "1.2.3+different" / 1.2.3-alpha.10 (3.281341ms)
✔ package graph / range "1.2.3+different" / 1.2.3-beta (3.364636ms)
✔ package graph / range "1.2.3+different" / 1.2.3 (3.286815ms)
✔ package graph / range "1.2.3+different" / 1.2.3+build.9 (3.414468ms)
✔ package graph / range "1.2.3+different" / 1.2.4-alpha (3.358876ms)
✔ package graph / range "1.2.3+different" / 1.2.4 (3.314327ms)
✔ package graph / range "1.2.3+different" / 1.3.0-0 (3.423447ms)
✔ package graph / range "1.2.3+different" / 1.3.0 (3.170874ms)
✔ package graph / range "1.2.3+different" / 2.0.0-alpha (3.159877ms)
✔ package graph / range "1.2.3+different" / 2.0.0 (3.332737ms)
✔ package graph / range "1.2.3+different" / 2.3.4 (3.311836ms)
✔ package graph / range "1.2.3+different" / 3.0.0 (3.244275ms)
✔ package graph / range "1" / 0.0.0 (3.249793ms)
✔ package graph / range "1" / 0.0.2 (3.215147ms)
✔ package graph / range "1" / 0.0.3 (3.202653ms)
✔ package graph / range "1" / 0.1.0 (3.233994ms)
✔ package graph / range "1" / 0.2.3 (3.134907ms)
✔ package graph / range "1" / 0.2.4 (3.212261ms)
✔ package graph / range "1" / 0.3.0 (3.221072ms)
✔ package graph / range "1" / 1.0.0 (3.29517ms)
✔ package graph / range "1" / 1.2.0 (3.850038ms)
✔ package graph / range "1" / 1.2.2 (3.323684ms)
✔ package graph / range "1" / 1.2.3-0 (3.426163ms)
✔ package graph / range "1" / 1.2.3-alpha (3.274034ms)
✔ package graph / range "1" / 1.2.3-alpha.2 (3.173216ms)
✔ package graph / range "1" / 1.2.3-alpha.10 (3.320873ms)
✔ package graph / range "1" / 1.2.3-beta (3.177402ms)
✔ package graph / range "1" / 1.2.3 (3.331843ms)
✔ package graph / range "1" / 1.2.3+build.9 (3.287105ms)
✔ package graph / range "1" / 1.2.4-alpha (3.222424ms)
✔ package graph / range "1" / 1.2.4 (3.25042ms)
✔ package graph / range "1" / 1.3.0-0 (3.154798ms)
✔ package graph / range "1" / 1.3.0 (3.275687ms)
✔ package graph / range "1" / 2.0.0-alpha (3.173862ms)
✔ package graph / range "1" / 2.0.0 (3.177267ms)
✔ package graph / range "1" / 2.3.4 (3.343915ms)
✔ package graph / range "1" / 3.0.0 (3.167023ms)
✔ package graph / range "1.2" / 0.0.0 (3.194279ms)
✔ package graph / range "1.2" / 0.0.2 (3.15015ms)
✔ package graph / range "1.2" / 0.0.3 (3.235789ms)
✔ package graph / range "1.2" / 0.1.0 (3.265218ms)
✔ package graph / range "1.2" / 0.2.3 (3.276204ms)
✔ package graph / range "1.2" / 0.2.4 (3.140247ms)
✔ package graph / range "1.2" / 0.3.0 (3.242634ms)
✔ package graph / range "1.2" / 1.0.0 (3.230352ms)
✔ package graph / range "1.2" / 1.2.0 (3.149856ms)
✔ package graph / range "1.2" / 1.2.2 (3.373035ms)
✔ package graph / range "1.2" / 1.2.3-0 (3.185436ms)
✔ package graph / range "1.2" / 1.2.3-alpha (3.218616ms)
✔ package graph / range "1.2" / 1.2.3-alpha.2 (3.345022ms)
✔ package graph / range "1.2" / 1.2.3-alpha.10 (3.27202ms)
✔ package graph / range "1.2" / 1.2.3-beta (3.260314ms)
✔ package graph / range "1.2" / 1.2.3 (3.353792ms)
✔ package graph / range "1.2" / 1.2.3+build.9 (3.206447ms)
✔ package graph / range "1.2" / 1.2.4-alpha (3.158156ms)
✔ package graph / range "1.2" / 1.2.4 (3.33589ms)
✔ package graph / range "1.2" / 1.3.0-0 (3.317942ms)
✔ package graph / range "1.2" / 1.3.0 (3.346834ms)
✔ package graph / range "1.2" / 2.0.0-alpha (3.283168ms)
✔ package graph / range "1.2" / 2.0.0 (3.332039ms)
✔ package graph / range "1.2" / 2.3.4 (3.313947ms)
✔ package graph / range "1.2" / 3.0.0 (3.225889ms)
✔ package graph / range "1.x" / 0.0.0 (3.275461ms)
✔ package graph / range "1.x" / 0.0.2 (3.242931ms)
✔ package graph / range "1.x" / 0.0.3 (3.381643ms)
✔ package graph / range "1.x" / 0.1.0 (3.190138ms)
✔ package graph / range "1.x" / 0.2.3 (3.234227ms)
✔ package graph / range "1.x" / 0.2.4 (3.302683ms)
✔ package graph / range "1.x" / 0.3.0 (3.276305ms)
✔ package graph / range "1.x" / 1.0.0 (3.262107ms)
✔ package graph / range "1.x" / 1.2.0 (3.350449ms)
✔ package graph / range "1.x" / 1.2.2 (3.252158ms)
✔ package graph / range "1.x" / 1.2.3-0 (3.307076ms)
✔ package graph / range "1.x" / 1.2.3-alpha (3.413968ms)
✔ package graph / range "1.x" / 1.2.3-alpha.2 (3.302777ms)
✔ package graph / range "1.x" / 1.2.3-alpha.10 (3.336028ms)
✔ package graph / range "1.x" / 1.2.3-beta (3.184845ms)
✔ package graph / range "1.x" / 1.2.3 (3.465855ms)
✔ package graph / range "1.x" / 1.2.3+build.9 (3.150642ms)
✔ package graph / range "1.x" / 1.2.4-alpha (3.19774ms)
✔ package graph / range "1.x" / 1.2.4 (3.303965ms)
✔ package graph / range "1.x" / 1.3.0-0 (3.179846ms)
✔ package graph / range "1.x" / 1.3.0 (3.138535ms)
✔ package graph / range "1.x" / 2.0.0-alpha (3.214858ms)
✔ package graph / range "1.x" / 2.0.0 (3.232731ms)
✔ package graph / range "1.x" / 2.3.4 (3.146515ms)
✔ package graph / range "1.x" / 3.0.0 (3.196747ms)
✔ package graph / range "1.2.X" / 0.0.0 (3.206149ms)
✔ package graph / range "1.2.X" / 0.0.2 (3.194152ms)
✔ package graph / range "1.2.X" / 0.0.3 (4.111971ms)
✔ package graph / range "1.2.X" / 0.1.0 (3.197839ms)
✔ package graph / range "1.2.X" / 0.2.3 (3.390058ms)
✔ package graph / range "1.2.X" / 0.2.4 (3.260709ms)
✔ package graph / range "1.2.X" / 0.3.0 (3.232098ms)
✔ package graph / range "1.2.X" / 1.0.0 (3.112996ms)
✔ package graph / range "1.2.X" / 1.2.0 (3.295289ms)
✔ package graph / range "1.2.X" / 1.2.2 (3.227127ms)
✔ package graph / range "1.2.X" / 1.2.3-0 (3.333213ms)
✔ package graph / range "1.2.X" / 1.2.3-alpha (3.278721ms)
✔ package graph / range "1.2.X" / 1.2.3-alpha.2 (3.176398ms)
✔ package graph / range "1.2.X" / 1.2.3-alpha.10 (3.196617ms)
✔ package graph / range "1.2.X" / 1.2.3-beta (3.290176ms)
✔ package graph / range "1.2.X" / 1.2.3 (3.20928ms)
✔ package graph / range "1.2.X" / 1.2.3+build.9 (3.291035ms)
✔ package graph / range "1.2.X" / 1.2.4-alpha (3.216231ms)
✔ package graph / range "1.2.X" / 1.2.4 (3.274555ms)
✔ package graph / range "1.2.X" / 1.3.0-0 (3.239456ms)
✔ package graph / range "1.2.X" / 1.3.0 (3.29333ms)
✔ package graph / range "1.2.X" / 2.0.0-alpha (3.293935ms)
✔ package graph / range "1.2.X" / 2.0.0 (3.214842ms)
✔ package graph / range "1.2.X" / 2.3.4 (3.204002ms)
✔ package graph / range "1.2.X" / 3.0.0 (3.357756ms)
✔ package graph / range "x" / 0.0.0 (3.259502ms)
✔ package graph / range "x" / 0.0.2 (3.326359ms)
✔ package graph / range "x" / 0.0.3 (3.268007ms)
✔ package graph / range "x" / 0.1.0 (3.445869ms)
✔ package graph / range "x" / 0.2.3 (3.323208ms)
✔ package graph / range "x" / 0.2.4 (3.21065ms)
✔ package graph / range "x" / 0.3.0 (3.357974ms)
✔ package graph / range "x" / 1.0.0 (3.280208ms)
✔ package graph / range "x" / 1.2.0 (3.300786ms)
✔ package graph / range "x" / 1.2.2 (3.32555ms)
✔ package graph / range "x" / 1.2.3-0 (3.225664ms)
✔ package graph / range "x" / 1.2.3-alpha (3.347672ms)
✔ package graph / range "x" / 1.2.3-alpha.2 (3.251395ms)
✔ package graph / range "x" / 1.2.3-alpha.10 (3.235902ms)
✔ package graph / range "x" / 1.2.3-beta (3.229859ms)
✔ package graph / range "x" / 1.2.3 (3.381289ms)
✔ package graph / range "x" / 1.2.3+build.9 (3.229182ms)
✔ package graph / range "x" / 1.2.4-alpha (3.155893ms)
✔ package graph / range "x" / 1.2.4 (3.247029ms)
✔ package graph / range "x" / 1.3.0-0 (3.123712ms)
✔ package graph / range "x" / 1.3.0 (3.278602ms)
✔ package graph / range "x" / 2.0.0-alpha (3.256223ms)
✔ package graph / range "x" / 2.0.0 (3.22373ms)
✔ package graph / range "x" / 2.3.4 (3.184596ms)
✔ package graph / range "x" / 3.0.0 (3.283097ms)
✔ package graph / range "X" / 0.0.0 (3.22885ms)
✔ package graph / range "X" / 0.0.2 (3.211642ms)
✔ package graph / range "X" / 0.0.3 (3.267384ms)
✔ package graph / range "X" / 0.1.0 (3.228239ms)
✔ package graph / range "X" / 0.2.3 (3.255309ms)
✔ package graph / range "X" / 0.2.4 (3.276391ms)
✔ package graph / range "X" / 0.3.0 (3.221556ms)
✔ package graph / range "X" / 1.0.0 (3.299744ms)
✔ package graph / range "X" / 1.2.0 (3.179498ms)
✔ package graph / range "X" / 1.2.2 (3.27305ms)
✔ package graph / range "X" / 1.2.3-0 (3.482982ms)
✔ package graph / range "X" / 1.2.3-alpha (3.257225ms)
✔ package graph / range "X" / 1.2.3-alpha.2 (3.272957ms)
✔ package graph / range "X" / 1.2.3-alpha.10 (3.158684ms)
✔ package graph / range "X" / 1.2.3-beta (3.276369ms)
✔ package graph / range "X" / 1.2.3 (3.13741ms)
✔ package graph / range "X" / 1.2.3+build.9 (3.187389ms)
✔ package graph / range "X" / 1.2.4-alpha (3.187786ms)
✔ package graph / range "X" / 1.2.4 (3.294642ms)
✔ package graph / range "X" / 1.3.0-0 (3.300824ms)
✔ package graph / range "X" / 1.3.0 (3.929448ms)
✔ package graph / range "X" / 2.0.0-alpha (3.370017ms)
✔ package graph / range "X" / 2.0.0 (3.45776ms)
✔ package graph / range "X" / 2.3.4 (3.477968ms)
✔ package graph / range "X" / 3.0.0 (3.383648ms)
✔ package graph / range ">=1.2.3" / 0.0.0 (3.232581ms)
✔ package graph / range ">=1.2.3" / 0.0.2 (3.294148ms)
✔ package graph / range ">=1.2.3" / 0.0.3 (3.176078ms)
✔ package graph / range ">=1.2.3" / 0.1.0 (3.162568ms)
✔ package graph / range ">=1.2.3" / 0.2.3 (3.263339ms)
✔ package graph / range ">=1.2.3" / 0.2.4 (3.189289ms)
✔ package graph / range ">=1.2.3" / 0.3.0 (3.246802ms)
✔ package graph / range ">=1.2.3" / 1.0.0 (3.137224ms)
✔ package graph / range ">=1.2.3" / 1.2.0 (3.186682ms)
✔ package graph / range ">=1.2.3" / 1.2.2 (3.379071ms)
✔ package graph / range ">=1.2.3" / 1.2.3-0 (3.256857ms)
✔ package graph / range ">=1.2.3" / 1.2.3-alpha (3.410514ms)
✔ package graph / range ">=1.2.3" / 1.2.3-alpha.2 (3.468786ms)
✔ package graph / range ">=1.2.3" / 1.2.3-alpha.10 (3.236819ms)
✔ package graph / range ">=1.2.3" / 1.2.3-beta (3.238647ms)
✔ package graph / range ">=1.2.3" / 1.2.3 (3.312817ms)
✔ package graph / range ">=1.2.3" / 1.2.3+build.9 (3.277228ms)
✔ package graph / range ">=1.2.3" / 1.2.4-alpha (3.175522ms)
✔ package graph / range ">=1.2.3" / 1.2.4 (3.176146ms)
✔ package graph / range ">=1.2.3" / 1.3.0-0 (3.253384ms)
✔ package graph / range ">=1.2.3" / 1.3.0 (3.196263ms)
✔ package graph / range ">=1.2.3" / 2.0.0-alpha (3.243025ms)
✔ package graph / range ">=1.2.3" / 2.0.0 (3.621439ms)
✔ package graph / range ">=1.2.3" / 2.3.4 (3.298772ms)
✔ package graph / range ">=1.2.3" / 3.0.0 (3.352891ms)
✔ package graph / range ">1.2.3" / 0.0.0 (3.207982ms)
✔ package graph / range ">1.2.3" / 0.0.2 (3.179678ms)
✔ package graph / range ">1.2.3" / 0.0.3 (3.328335ms)
✔ package graph / range ">1.2.3" / 0.1.0 (3.210552ms)
✔ package graph / range ">1.2.3" / 0.2.3 (3.10959ms)
✔ package graph / range ">1.2.3" / 0.2.4 (3.284796ms)
✔ package graph / range ">1.2.3" / 0.3.0 (3.249191ms)
✔ package graph / range ">1.2.3" / 1.0.0 (3.173725ms)
✔ package graph / range ">1.2.3" / 1.2.0 (3.156538ms)
✔ package graph / range ">1.2.3" / 1.2.2 (3.412861ms)
✔ package graph / range ">1.2.3" / 1.2.3-0 (3.439899ms)
✔ package graph / range ">1.2.3" / 1.2.3-alpha (3.254306ms)
✔ package graph / range ">1.2.3" / 1.2.3-alpha.2 (3.193815ms)
✔ package graph / range ">1.2.3" / 1.2.3-alpha.10 (3.392357ms)
✔ package graph / range ">1.2.3" / 1.2.3-beta (3.434898ms)
✔ package graph / range ">1.2.3" / 1.2.3 (3.151235ms)
✔ package graph / range ">1.2.3" / 1.2.3+build.9 (3.223985ms)
✔ package graph / range ">1.2.3" / 1.2.4-alpha (3.285489ms)
✔ package graph / range ">1.2.3" / 1.2.4 (3.213343ms)
✔ package graph / range ">1.2.3" / 1.3.0-0 (3.342407ms)
✔ package graph / range ">1.2.3" / 1.3.0 (3.347575ms)
✔ package graph / range ">1.2.3" / 2.0.0-alpha (3.080495ms)
✔ package graph / range ">1.2.3" / 2.0.0 (3.249463ms)
✔ package graph / range ">1.2.3" / 2.3.4 (3.240386ms)
✔ package graph / range ">1.2.3" / 3.0.0 (3.619964ms)
✔ package graph / range "<1.2.3" / 0.0.0 (3.548302ms)
✔ package graph / range "<1.2.3" / 0.0.2 (3.272806ms)
✔ package graph / range "<1.2.3" / 0.0.3 (3.485896ms)
✔ package graph / range "<1.2.3" / 0.1.0 (3.343031ms)
✔ package graph / range "<1.2.3" / 0.2.3 (3.23867ms)
✔ package graph / range "<1.2.3" / 0.2.4 (3.18575ms)
✔ package graph / range "<1.2.3" / 0.3.0 (3.232038ms)
✔ package graph / range "<1.2.3" / 1.0.0 (3.484884ms)
✔ package graph / range "<1.2.3" / 1.2.0 (3.223414ms)
✔ package graph / range "<1.2.3" / 1.2.2 (3.274075ms)
✔ package graph / range "<1.2.3" / 1.2.3-0 (3.385658ms)
✔ package graph / range "<1.2.3" / 1.2.3-alpha (3.291922ms)
✔ package graph / range "<1.2.3" / 1.2.3-alpha.2 (3.233821ms)
✔ package graph / range "<1.2.3" / 1.2.3-alpha.10 (3.330251ms)
✔ package graph / range "<1.2.3" / 1.2.3-beta (3.335476ms)
✔ package graph / range "<1.2.3" / 1.2.3 (3.311012ms)
✔ package graph / range "<1.2.3" / 1.2.3+build.9 (3.382503ms)
✔ package graph / range "<1.2.3" / 1.2.4-alpha (3.226228ms)
✔ package graph / range "<1.2.3" / 1.2.4 (3.202096ms)
✔ package graph / range "<1.2.3" / 1.3.0-0 (3.3982ms)
✔ package graph / range "<1.2.3" / 1.3.0 (3.367413ms)
✔ package graph / range "<1.2.3" / 2.0.0-alpha (3.474553ms)
✔ package graph / range "<1.2.3" / 2.0.0 (3.385499ms)
✔ package graph / range "<1.2.3" / 2.3.4 (3.213807ms)
✔ package graph / range "<1.2.3" / 3.0.0 (3.29419ms)
✔ package graph / range "<=1.2.3" / 0.0.0 (3.371087ms)
✔ package graph / range "<=1.2.3" / 0.0.2 (3.310529ms)
✔ package graph / range "<=1.2.3" / 0.0.3 (3.350237ms)
✔ package graph / range "<=1.2.3" / 0.1.0 (3.325344ms)
✔ package graph / range "<=1.2.3" / 0.2.3 (3.385729ms)
✔ package graph / range "<=1.2.3" / 0.2.4 (3.302271ms)
✔ package graph / range "<=1.2.3" / 0.3.0 (3.365967ms)
✔ package graph / range "<=1.2.3" / 1.0.0 (3.354155ms)
✔ package graph / range "<=1.2.3" / 1.2.0 (3.545227ms)
✔ package graph / range "<=1.2.3" / 1.2.2 (3.583972ms)
✔ package graph / range "<=1.2.3" / 1.2.3-0 (3.349462ms)
✔ package graph / range "<=1.2.3" / 1.2.3-alpha (3.317855ms)
✔ package graph / range "<=1.2.3" / 1.2.3-alpha.2 (3.276487ms)
✔ package graph / range "<=1.2.3" / 1.2.3-alpha.10 (3.378366ms)
✔ package graph / range "<=1.2.3" / 1.2.3-beta (3.403893ms)
✔ package graph / range "<=1.2.3" / 1.2.3 (3.511649ms)
✔ package graph / range "<=1.2.3" / 1.2.3+build.9 (3.506891ms)
✔ package graph / range "<=1.2.3" / 1.2.4-alpha (3.318881ms)
✔ package graph / range "<=1.2.3" / 1.2.4 (3.225948ms)
✔ package graph / range "<=1.2.3" / 1.3.0-0 (3.329856ms)
✔ package graph / range "<=1.2.3" / 1.3.0 (3.169999ms)
✔ package graph / range "<=1.2.3" / 2.0.0-alpha (3.242389ms)
✔ package graph / range "<=1.2.3" / 2.0.0 (3.345596ms)
✔ package graph / range "<=1.2.3" / 2.3.4 (3.348024ms)
✔ package graph / range "<=1.2.3" / 3.0.0 (3.207672ms)
✔ package graph / range ">= 1.2.3" / 0.0.0 (3.314414ms)
✔ package graph / range ">= 1.2.3" / 0.0.2 (3.270776ms)
✔ package graph / range ">= 1.2.3" / 0.0.3 (3.356884ms)
✔ package graph / range ">= 1.2.3" / 0.1.0 (3.262476ms)
✔ package graph / range ">= 1.2.3" / 0.2.3 (3.264367ms)
✔ package graph / range ">= 1.2.3" / 0.2.4 (3.291664ms)
✔ package graph / range ">= 1.2.3" / 0.3.0 (3.34233ms)
✔ package graph / range ">= 1.2.3" / 1.0.0 (3.214852ms)
✔ package graph / range ">= 1.2.3" / 1.2.0 (3.258923ms)
✔ package graph / range ">= 1.2.3" / 1.2.2 (3.364089ms)
✔ package graph / range ">= 1.2.3" / 1.2.3-0 (3.260429ms)
✔ package graph / range ">= 1.2.3" / 1.2.3-alpha (3.300746ms)
✔ package graph / range ">= 1.2.3" / 1.2.3-alpha.2 (3.295663ms)
✔ package graph / range ">= 1.2.3" / 1.2.3-alpha.10 (3.269539ms)
✔ package graph / range ">= 1.2.3" / 1.2.3-beta (3.313011ms)
✔ package graph / range ">= 1.2.3" / 1.2.3 (3.342529ms)
✔ package graph / range ">= 1.2.3" / 1.2.3+build.9 (3.403607ms)
✔ package graph / range ">= 1.2.3" / 1.2.4-alpha (3.27626ms)
✔ package graph / range ">= 1.2.3" / 1.2.4 (3.31971ms)
✔ package graph / range ">= 1.2.3" / 1.3.0-0 (3.372193ms)
✔ package graph / range ">= 1.2.3" / 1.3.0 (3.314095ms)
✔ package graph / range ">= 1.2.3" / 2.0.0-alpha (3.294073ms)
✔ package graph / range ">= 1.2.3" / 2.0.0 (3.304754ms)
✔ package graph / range ">= 1.2.3" / 2.3.4 (3.295108ms)
✔ package graph / range ">= 1.2.3" / 3.0.0 (3.363054ms)
✔ package graph / range "<= 1.2.3" / 0.0.0 (3.305073ms)
✔ package graph / range "<= 1.2.3" / 0.0.2 (3.394412ms)
✔ package graph / range "<= 1.2.3" / 0.0.3 (3.321973ms)
✔ package graph / range "<= 1.2.3" / 0.1.0 (3.278876ms)
✔ package graph / range "<= 1.2.3" / 0.2.3 (3.25964ms)
✔ package graph / range "<= 1.2.3" / 0.2.4 (3.274797ms)
✔ package graph / range "<= 1.2.3" / 0.3.0 (3.383766ms)
✔ package graph / range "<= 1.2.3" / 1.0.0 (3.273028ms)
✔ package graph / range "<= 1.2.3" / 1.2.0 (3.36265ms)
✔ package graph / range "<= 1.2.3" / 1.2.2 (3.207096ms)
✔ package graph / range "<= 1.2.3" / 1.2.3-0 (4.240822ms)
✔ package graph / range "<= 1.2.3" / 1.2.3-alpha (3.27824ms)
✔ package graph / range "<= 1.2.3" / 1.2.3-alpha.2 (3.183365ms)
✔ package graph / range "<= 1.2.3" / 1.2.3-alpha.10 (3.364257ms)
✔ package graph / range "<= 1.2.3" / 1.2.3-beta (3.200118ms)
✔ package graph / range "<= 1.2.3" / 1.2.3 (3.259098ms)
✔ package graph / range "<= 1.2.3" / 1.2.3+build.9 (3.233843ms)
✔ package graph / range "<= 1.2.3" / 1.2.4-alpha (3.279538ms)
✔ package graph / range "<= 1.2.3" / 1.2.4 (3.248567ms)
✔ package graph / range "<= 1.2.3" / 1.3.0-0 (3.227866ms)
✔ package graph / range "<= 1.2.3" / 1.3.0 (3.1789ms)
✔ package graph / range "<= 1.2.3" / 2.0.0-alpha (3.240835ms)
✔ package graph / range "<= 1.2.3" / 2.0.0 (3.236688ms)
✔ package graph / range "<= 1.2.3" / 2.3.4 (3.278994ms)
✔ package graph / range "<= 1.2.3" / 3.0.0 (3.380996ms)
✔ package graph / range ">1" / 0.0.0 (3.353568ms)
✔ package graph / range ">1" / 0.0.2 (3.329664ms)
✔ package graph / range ">1" / 0.0.3 (3.376438ms)
✔ package graph / range ">1" / 0.1.0 (3.315888ms)
✔ package graph / range ">1" / 0.2.3 (3.231056ms)
✔ package graph / range ">1" / 0.2.4 (3.295053ms)
✔ package graph / range ">1" / 0.3.0 (3.162054ms)
✔ package graph / range ">1" / 1.0.0 (3.412408ms)
✔ package graph / range ">1" / 1.2.0 (3.399805ms)
✔ package graph / range ">1" / 1.2.2 (3.272265ms)
✔ package graph / range ">1" / 1.2.3-0 (3.23299ms)
✔ package graph / range ">1" / 1.2.3-alpha (3.204689ms)
✔ package graph / range ">1" / 1.2.3-alpha.2 (3.453157ms)
✔ package graph / range ">1" / 1.2.3-alpha.10 (3.213323ms)
✔ package graph / range ">1" / 1.2.3-beta (3.306853ms)
✔ package graph / range ">1" / 1.2.3 (3.271453ms)
✔ package graph / range ">1" / 1.2.3+build.9 (3.370394ms)
✔ package graph / range ">1" / 1.2.4-alpha (3.20387ms)
✔ package graph / range ">1" / 1.2.4 (3.2766ms)
✔ package graph / range ">1" / 1.3.0-0 (3.273327ms)
✔ package graph / range ">1" / 1.3.0 (3.26741ms)
✔ package graph / range ">1" / 2.0.0-alpha (3.34676ms)
✔ package graph / range ">1" / 2.0.0 (3.234546ms)
✔ package graph / range ">1" / 2.3.4 (3.333384ms)
✔ package graph / range ">1" / 3.0.0 (3.227512ms)
✔ package graph / range ">1.2" / 0.0.0 (3.220739ms)
✔ package graph / range ">1.2" / 0.0.2 (3.250454ms)
✔ package graph / range ">1.2" / 0.0.3 (3.298346ms)
✔ package graph / range ">1.2" / 0.1.0 (3.332839ms)
✔ package graph / range ">1.2" / 0.2.3 (3.278085ms)
✔ package graph / range ">1.2" / 0.2.4 (3.363716ms)
✔ package graph / range ">1.2" / 0.3.0 (3.313536ms)
✔ package graph / range ">1.2" / 1.0.0 (3.380869ms)
✔ package graph / range ">1.2" / 1.2.0 (3.290267ms)
✔ package graph / range ">1.2" / 1.2.2 (3.19049ms)
✔ package graph / range ">1.2" / 1.2.3-0 (3.296076ms)
✔ package graph / range ">1.2" / 1.2.3-alpha (3.450026ms)
✔ package graph / range ">1.2" / 1.2.3-alpha.2 (3.186571ms)
✔ package graph / range ">1.2" / 1.2.3-alpha.10 (3.159518ms)
✔ package graph / range ">1.2" / 1.2.3-beta (3.374854ms)
✔ package graph / range ">1.2" / 1.2.3 (3.168707ms)
✔ package graph / range ">1.2" / 1.2.3+build.9 (3.2279ms)
✔ package graph / range ">1.2" / 1.2.4-alpha (3.129048ms)
✔ package graph / range ">1.2" / 1.2.4 (3.211955ms)
✔ package graph / range ">1.2" / 1.3.0-0 (3.325124ms)
✔ package graph / range ">1.2" / 1.3.0 (3.27143ms)
✔ package graph / range ">1.2" / 2.0.0-alpha (3.203541ms)
✔ package graph / range ">1.2" / 2.0.0 (3.245664ms)
✔ package graph / range ">1.2" / 2.3.4 (3.15633ms)
✔ package graph / range ">1.2" / 3.0.0 (3.195664ms)
✔ package graph / range "<1" / 0.0.0 (3.276715ms)
✔ package graph / range "<1" / 0.0.2 (3.253668ms)
✔ package graph / range "<1" / 0.0.3 (3.249ms)
✔ package graph / range "<1" / 0.1.0 (3.286854ms)
✔ package graph / range "<1" / 0.2.3 (3.279775ms)
✔ package graph / range "<1" / 0.2.4 (3.236363ms)
✔ package graph / range "<1" / 0.3.0 (3.419417ms)
✔ package graph / range "<1" / 1.0.0 (3.328315ms)
✔ package graph / range "<1" / 1.2.0 (3.360055ms)
✔ package graph / range "<1" / 1.2.2 (3.273608ms)
✔ package graph / range "<1" / 1.2.3-0 (3.352377ms)
✔ package graph / range "<1" / 1.2.3-alpha (3.294746ms)
✔ package graph / range "<1" / 1.2.3-alpha.2 (3.181057ms)
✔ package graph / range "<1" / 1.2.3-alpha.10 (3.427976ms)
✔ package graph / range "<1" / 1.2.3-beta (3.279249ms)
✔ package graph / range "<1" / 1.2.3 (3.291012ms)
✔ package graph / range "<1" / 1.2.3+build.9 (3.254778ms)
✔ package graph / range "<1" / 1.2.4-alpha (3.450455ms)
✔ package graph / range "<1" / 1.2.4 (3.152521ms)
✔ package graph / range "<1" / 1.3.0-0 (3.198301ms)
✔ package graph / range "<1" / 1.3.0 (3.267576ms)
✔ package graph / range "<1" / 2.0.0-alpha (3.185311ms)
✔ package graph / range "<1" / 2.0.0 (3.168884ms)
✔ package graph / range "<1" / 2.3.4 (3.149805ms)
✔ package graph / range "<1" / 3.0.0 (3.142111ms)
✔ package graph / range "<1.2" / 0.0.0 (3.200675ms)
✔ package graph / range "<1.2" / 0.0.2 (3.187754ms)
✔ package graph / range "<1.2" / 0.0.3 (3.148747ms)
✔ package graph / range "<1.2" / 0.1.0 (3.224438ms)
✔ package graph / range "<1.2" / 0.2.3 (3.500305ms)
✔ package graph / range "<1.2" / 0.2.4 (3.362ms)
✔ package graph / range "<1.2" / 0.3.0 (3.300787ms)
✔ package graph / range "<1.2" / 1.0.0 (3.233889ms)
✔ package graph / range "<1.2" / 1.2.0 (3.191131ms)
✔ package graph / range "<1.2" / 1.2.2 (3.338479ms)
✔ package graph / range "<1.2" / 1.2.3-0 (3.253059ms)
✔ package graph / range "<1.2" / 1.2.3-alpha (3.246869ms)
✔ package graph / range "<1.2" / 1.2.3-alpha.2 (3.156927ms)
✔ package graph / range "<1.2" / 1.2.3-alpha.10 (3.455341ms)
✔ package graph / range "<1.2" / 1.2.3-beta (3.431862ms)
✔ package graph / range "<1.2" / 1.2.3 (3.339329ms)
✔ package graph / range "<1.2" / 1.2.3+build.9 (3.522262ms)
✔ package graph / range "<1.2" / 1.2.4-alpha (3.294817ms)
✔ package graph / range "<1.2" / 1.2.4 (3.282313ms)
✔ package graph / range "<1.2" / 1.3.0-0 (3.231694ms)
✔ package graph / range "<1.2" / 1.3.0 (3.214974ms)
✔ package graph / range "<1.2" / 2.0.0-alpha (3.186162ms)
✔ package graph / range "<1.2" / 2.0.0 (3.353852ms)
✔ package graph / range "<1.2" / 2.3.4 (3.263424ms)
✔ package graph / range "<1.2" / 3.0.0 (3.289121ms)
✔ package graph / range "<=1" / 0.0.0 (3.339868ms)
✔ package graph / range "<=1" / 0.0.2 (3.296739ms)
✔ package graph / range "<=1" / 0.0.3 (3.353278ms)
✔ package graph / range "<=1" / 0.1.0 (3.574301ms)
✔ package graph / range "<=1" / 0.2.3 (3.525631ms)
✔ package graph / range "<=1" / 0.2.4 (3.307963ms)
✔ package graph / range "<=1" / 0.3.0 (3.387135ms)
✔ package graph / range "<=1" / 1.0.0 (3.359234ms)
✔ package graph / range "<=1" / 1.2.0 (3.256938ms)
✔ package graph / range "<=1" / 1.2.2 (3.539758ms)
✔ package graph / range "<=1" / 1.2.3-0 (3.511757ms)
✔ package graph / range "<=1" / 1.2.3-alpha (3.217749ms)
✔ package graph / range "<=1" / 1.2.3-alpha.2 (3.212041ms)
✔ package graph / range "<=1" / 1.2.3-alpha.10 (3.249373ms)
✔ package graph / range "<=1" / 1.2.3-beta (3.212086ms)
✔ package graph / range "<=1" / 1.2.3 (3.54886ms)
✔ package graph / range "<=1" / 1.2.3+build.9 (3.406232ms)
✔ package graph / range "<=1" / 1.2.4-alpha (3.38609ms)
✔ package graph / range "<=1" / 1.2.4 (3.601951ms)
✔ package graph / range "<=1" / 1.3.0-0 (3.387996ms)
✔ package graph / range "<=1" / 1.3.0 (3.35099ms)
✔ package graph / range "<=1" / 2.0.0-alpha (3.277616ms)
✔ package graph / range "<=1" / 2.0.0 (3.175504ms)
✔ package graph / range "<=1" / 2.3.4 (3.211108ms)
✔ package graph / range "<=1" / 3.0.0 (4.299824ms)
✔ package graph / range "<=1.2" / 0.0.0 (3.328171ms)
✔ package graph / range "<=1.2" / 0.0.2 (3.220701ms)
✔ package graph / range "<=1.2" / 0.0.3 (3.225599ms)
✔ package graph / range "<=1.2" / 0.1.0 (3.257399ms)
✔ package graph / range "<=1.2" / 0.2.3 (3.125905ms)
✔ package graph / range "<=1.2" / 0.2.4 (3.144365ms)
✔ package graph / range "<=1.2" / 0.3.0 (3.314689ms)
✔ package graph / range "<=1.2" / 1.0.0 (3.394657ms)
✔ package graph / range "<=1.2" / 1.2.0 (3.207953ms)
✔ package graph / range "<=1.2" / 1.2.2 (3.137986ms)
✔ package graph / range "<=1.2" / 1.2.3-0 (3.555087ms)
✔ package graph / range "<=1.2" / 1.2.3-alpha (3.347045ms)
✔ package graph / range "<=1.2" / 1.2.3-alpha.2 (3.178392ms)
✔ package graph / range "<=1.2" / 1.2.3-alpha.10 (3.327798ms)
✔ package graph / range "<=1.2" / 1.2.3-beta (3.196482ms)
✔ package graph / range "<=1.2" / 1.2.3 (3.281361ms)
✔ package graph / range "<=1.2" / 1.2.3+build.9 (3.267391ms)
✔ package graph / range "<=1.2" / 1.2.4-alpha (3.232432ms)
✔ package graph / range "<=1.2" / 1.2.4 (3.245527ms)
✔ package graph / range "<=1.2" / 1.3.0-0 (3.096355ms)
✔ package graph / range "<=1.2" / 1.3.0 (3.198125ms)
✔ package graph / range "<=1.2" / 2.0.0-alpha (3.493532ms)
✔ package graph / range "<=1.2" / 2.0.0 (3.286457ms)
✔ package graph / range "<=1.2" / 2.3.4 (3.154052ms)
✔ package graph / range "<=1.2" / 3.0.0 (3.126934ms)
✔ package graph / range ">=1" / 0.0.0 (3.059435ms)
✔ package graph / range ">=1" / 0.0.2 (3.179179ms)
✔ package graph / range ">=1" / 0.0.3 (3.231851ms)
✔ package graph / range ">=1" / 0.1.0 (3.229685ms)
✔ package graph / range ">=1" / 0.2.3 (3.135826ms)
✔ package graph / range ">=1" / 0.2.4 (3.33765ms)
✔ package graph / range ">=1" / 0.3.0 (3.278152ms)
✔ package graph / range ">=1" / 1.0.0 (3.376414ms)
✔ package graph / range ">=1" / 1.2.0 (3.240672ms)
✔ package graph / range ">=1" / 1.2.2 (3.27413ms)
✔ package graph / range ">=1" / 1.2.3-0 (3.29144ms)
✔ package graph / range ">=1" / 1.2.3-alpha (3.263121ms)
✔ package graph / range ">=1" / 1.2.3-alpha.2 (3.238195ms)
✔ package graph / range ">=1" / 1.2.3-alpha.10 (3.16672ms)
✔ package graph / range ">=1" / 1.2.3-beta (3.236286ms)
✔ package graph / range ">=1" / 1.2.3 (3.292116ms)
✔ package graph / range ">=1" / 1.2.3+build.9 (3.265485ms)
✔ package graph / range ">=1" / 1.2.4-alpha (3.49185ms)
✔ package graph / range ">=1" / 1.2.4 (3.21673ms)
✔ package graph / range ">=1" / 1.3.0-0 (3.286196ms)
✔ package graph / range ">=1" / 1.3.0 (3.281057ms)
✔ package graph / range ">=1" / 2.0.0-alpha (3.214336ms)
✔ package graph / range ">=1" / 2.0.0 (3.261066ms)
✔ package graph / range ">=1" / 2.3.4 (3.175836ms)
✔ package graph / range ">=1" / 3.0.0 (3.246978ms)
✔ package graph / range ">=1.2" / 0.0.0 (3.16302ms)
✔ package graph / range ">=1.2" / 0.0.2 (3.381414ms)
✔ package graph / range ">=1.2" / 0.0.3 (3.420448ms)
✔ package graph / range ">=1.2" / 0.1.0 (3.151079ms)
✔ package graph / range ">=1.2" / 0.2.3 (3.179315ms)
✔ package graph / range ">=1.2" / 0.2.4 (3.295464ms)
✔ package graph / range ">=1.2" / 0.3.0 (3.251046ms)
✔ package graph / range ">=1.2" / 1.0.0 (3.258427ms)
✔ package graph / range ">=1.2" / 1.2.0 (3.142244ms)
✔ package graph / range ">=1.2" / 1.2.2 (3.290949ms)
✔ package graph / range ">=1.2" / 1.2.3-0 (3.333722ms)
✔ package graph / range ">=1.2" / 1.2.3-alpha (3.210744ms)
✔ package graph / range ">=1.2" / 1.2.3-alpha.2 (3.259931ms)
✔ package graph / range ">=1.2" / 1.2.3-alpha.10 (3.237743ms)
✔ package graph / range ">=1.2" / 1.2.3-beta (3.364879ms)
✔ package graph / range ">=1.2" / 1.2.3 (3.267016ms)
✔ package graph / range ">=1.2" / 1.2.3+build.9 (3.235363ms)
✔ package graph / range ">=1.2" / 1.2.4-alpha (3.285152ms)
✔ package graph / range ">=1.2" / 1.2.4 (3.393918ms)
✔ package graph / range ">=1.2" / 1.3.0-0 (3.292009ms)
✔ package graph / range ">=1.2" / 1.3.0 (3.576775ms)
✔ package graph / range ">=1.2" / 2.0.0-alpha (3.375576ms)
✔ package graph / range ">=1.2" / 2.0.0 (3.297287ms)
✔ package graph / range ">=1.2" / 2.3.4 (3.349992ms)
✔ package graph / range ">=1.2" / 3.0.0 (3.444288ms)
✔ package graph / range ">x" / 0.0.0 (3.221073ms)
✔ package graph / range ">x" / 0.0.2 (3.745057ms)
✔ package graph / range ">x" / 0.0.3 (3.761473ms)
✔ package graph / range ">x" / 0.1.0 (3.538477ms)
✔ package graph / range ">x" / 0.2.3 (3.454715ms)
✔ package graph / range ">x" / 0.2.4 (3.248031ms)
✔ package graph / range ">x" / 0.3.0 (3.392751ms)
✔ package graph / range ">x" / 1.0.0 (3.337001ms)
✔ package graph / range ">x" / 1.2.0 (3.201144ms)
✔ package graph / range ">x" / 1.2.2 (3.443045ms)
✔ package graph / range ">x" / 1.2.3-0 (3.262686ms)
✔ package graph / range ">x" / 1.2.3-alpha (3.167526ms)
✔ package graph / range ">x" / 1.2.3-alpha.2 (3.297629ms)
✔ package graph / range ">x" / 1.2.3-alpha.10 (3.20388ms)
✔ package graph / range ">x" / 1.2.3-beta (3.141611ms)
✔ package graph / range ">x" / 1.2.3 (3.181097ms)
✔ package graph / range ">x" / 1.2.3+build.9 (3.249695ms)
✔ package graph / range ">x" / 1.2.4-alpha (3.309731ms)
✔ package graph / range ">x" / 1.2.4 (3.176179ms)
✔ package graph / range ">x" / 1.3.0-0 (3.220148ms)
✔ package graph / range ">x" / 1.3.0 (3.206035ms)
✔ package graph / range ">x" / 2.0.0-alpha (3.216691ms)
✔ package graph / range ">x" / 2.0.0 (3.27633ms)
✔ package graph / range ">x" / 2.3.4 (3.171926ms)
✔ package graph / range ">x" / 3.0.0 (3.173428ms)
✔ package graph / range "<x" / 0.0.0 (3.283778ms)
✔ package graph / range "<x" / 0.0.2 (3.177678ms)
✔ package graph / range "<x" / 0.0.3 (3.201615ms)
✔ package graph / range "<x" / 0.1.0 (3.201891ms)
✔ package graph / range "<x" / 0.2.3 (3.108486ms)
✔ package graph / range "<x" / 0.2.4 (3.29489ms)
✔ package graph / range "<x" / 0.3.0 (3.207778ms)
✔ package graph / range "<x" / 1.0.0 (3.108286ms)
✔ package graph / range "<x" / 1.2.0 (3.173163ms)
✔ package graph / range "<x" / 1.2.2 (3.200409ms)
✔ package graph / range "<x" / 1.2.3-0 (3.176886ms)
✔ package graph / range "<x" / 1.2.3-alpha (3.264679ms)
✔ package graph / range "<x" / 1.2.3-alpha.2 (3.211716ms)
✔ package graph / range "<x" / 1.2.3-alpha.10 (3.284302ms)
✔ package graph / range "<x" / 1.2.3-beta (3.227622ms)
✔ package graph / range "<x" / 1.2.3 (3.184355ms)
✔ package graph / range "<x" / 1.2.3+build.9 (3.090214ms)
✔ package graph / range "<x" / 1.2.4-alpha (3.299027ms)
✔ package graph / range "<x" / 1.2.4 (3.103289ms)
✔ package graph / range "<x" / 1.3.0-0 (3.135215ms)
✔ package graph / range "<x" / 1.3.0 (3.045028ms)
✔ package graph / range "<x" / 2.0.0-alpha (3.105246ms)
✔ package graph / range "<x" / 2.0.0 (3.238889ms)
✔ package graph / range "<x" / 2.3.4 (3.394982ms)
✔ package graph / range "<x" / 3.0.0 (3.309595ms)
✔ package graph / range ">=x" / 0.0.0 (3.205443ms)
✔ package graph / range ">=x" / 0.0.2 (3.279282ms)
✔ package graph / range ">=x" / 0.0.3 (3.212944ms)
✔ package graph / range ">=x" / 0.1.0 (3.387192ms)
✔ package graph / range ">=x" / 0.2.3 (3.286289ms)
✔ package graph / range ">=x" / 0.2.4 (3.415981ms)
✔ package graph / range ">=x" / 0.3.0 (3.247608ms)
✔ package graph / range ">=x" / 1.0.0 (3.341021ms)
✔ package graph / range ">=x" / 1.2.0 (3.259399ms)
✔ package graph / range ">=x" / 1.2.2 (3.312179ms)
✔ package graph / range ">=x" / 1.2.3-0 (3.259029ms)
✔ package graph / range ">=x" / 1.2.3-alpha (3.19237ms)
✔ package graph / range ">=x" / 1.2.3-alpha.2 (3.170817ms)
✔ package graph / range ">=x" / 1.2.3-alpha.10 (3.298264ms)
✔ package graph / range ">=x" / 1.2.3-beta (4.427935ms)
✔ package graph / range ">=x" / 1.2.3 (3.298478ms)
✔ package graph / range ">=x" / 1.2.3+build.9 (3.317444ms)
✔ package graph / range ">=x" / 1.2.4-alpha (3.2022ms)
✔ package graph / range ">=x" / 1.2.4 (3.285136ms)
✔ package graph / range ">=x" / 1.3.0-0 (3.141033ms)
✔ package graph / range ">=x" / 1.3.0 (3.20015ms)
✔ package graph / range ">=x" / 2.0.0-alpha (3.239546ms)
✔ package graph / range ">=x" / 2.0.0 (3.359055ms)
✔ package graph / range ">=x" / 2.3.4 (3.250305ms)
✔ package graph / range ">=x" / 3.0.0 (3.347611ms)
✔ package graph / range "<=x" / 0.0.0 (3.155819ms)
✔ package graph / range "<=x" / 0.0.2 (3.22353ms)
✔ package graph / range "<=x" / 0.0.3 (3.298155ms)
✔ package graph / range "<=x" / 0.1.0 (3.259001ms)
✔ package graph / range "<=x" / 0.2.3 (3.155313ms)
✔ package graph / range "<=x" / 0.2.4 (3.290404ms)
✔ package graph / range "<=x" / 0.3.0 (3.233074ms)
✔ package graph / range "<=x" / 1.0.0 (3.248658ms)
✔ package graph / range "<=x" / 1.2.0 (3.205943ms)
✔ package graph / range "<=x" / 1.2.2 (3.18665ms)
✔ package graph / range "<=x" / 1.2.3-0 (3.218327ms)
✔ package graph / range "<=x" / 1.2.3-alpha (3.122349ms)
✔ package graph / range "<=x" / 1.2.3-alpha.2 (3.355516ms)
✔ package graph / range "<=x" / 1.2.3-alpha.10 (3.141672ms)
✔ package graph / range "<=x" / 1.2.3-beta (3.300116ms)
✔ package graph / range "<=x" / 1.2.3 (3.296943ms)
✔ package graph / range "<=x" / 1.2.3+build.9 (3.24976ms)
✔ package graph / range "<=x" / 1.2.4-alpha (3.231831ms)
✔ package graph / range "<=x" / 1.2.4 (3.166571ms)
✔ package graph / range "<=x" / 1.3.0-0 (3.199211ms)
✔ package graph / range "<=x" / 1.3.0 (3.251964ms)
✔ package graph / range "<=x" / 2.0.0-alpha (3.268675ms)
✔ package graph / range "<=x" / 2.0.0 (3.180247ms)
✔ package graph / range "<=x" / 2.3.4 (3.254621ms)
✔ package graph / range "<=x" / 3.0.0 (3.307269ms)
✔ package graph / range "=x" / 0.0.0 (3.268657ms)
✔ package graph / range "=x" / 0.0.2 (3.359522ms)
✔ package graph / range "=x" / 0.0.3 (3.152802ms)
✔ package graph / range "=x" / 0.1.0 (3.10866ms)
✔ package graph / range "=x" / 0.2.3 (3.179762ms)
✔ package graph / range "=x" / 0.2.4 (3.194829ms)
✔ package graph / range "=x" / 0.3.0 (3.253731ms)
✔ package graph / range "=x" / 1.0.0 (3.273737ms)
✔ package graph / range "=x" / 1.2.0 (3.187258ms)
✔ package graph / range "=x" / 1.2.2 (3.229318ms)
✔ package graph / range "=x" / 1.2.3-0 (3.326686ms)
✔ package graph / range "=x" / 1.2.3-alpha (3.238778ms)
✔ package graph / range "=x" / 1.2.3-alpha.2 (3.185245ms)
✔ package graph / range "=x" / 1.2.3-alpha.10 (3.192508ms)
✔ package graph / range "=x" / 1.2.3-beta (3.211964ms)
✔ package graph / range "=x" / 1.2.3 (3.245896ms)
✔ package graph / range "=x" / 1.2.3+build.9 (3.247108ms)
✔ package graph / range "=x" / 1.2.4-alpha (3.185705ms)
✔ package graph / range "=x" / 1.2.4 (3.270088ms)
✔ package graph / range "=x" / 1.3.0-0 (3.205164ms)
✔ package graph / range "=x" / 1.3.0 (3.152025ms)
✔ package graph / range "=x" / 2.0.0-alpha (3.17907ms)
✔ package graph / range "=x" / 2.0.0 (3.242806ms)
✔ package graph / range "=x" / 2.3.4 (3.217462ms)
✔ package graph / range "=x" / 3.0.0 (3.310846ms)
✔ package graph / range "~1" / 0.0.0 (3.190949ms)
✔ package graph / range "~1" / 0.0.2 (3.31861ms)
✔ package graph / range "~1" / 0.0.3 (3.314396ms)
✔ package graph / range "~1" / 0.1.0 (3.324188ms)
✔ package graph / range "~1" / 0.2.3 (3.316551ms)
✔ package graph / range "~1" / 0.2.4 (3.365207ms)
✔ package graph / range "~1" / 0.3.0 (3.223582ms)
✔ package graph / range "~1" / 1.0.0 (3.256924ms)
✔ package graph / range "~1" / 1.2.0 (3.476217ms)
✔ package graph / range "~1" / 1.2.2 (3.411597ms)
✔ package graph / range "~1" / 1.2.3-0 (3.169662ms)
✔ package graph / range "~1" / 1.2.3-alpha (3.24161ms)
✔ package graph / range "~1" / 1.2.3-alpha.2 (3.406516ms)
✔ package graph / range "~1" / 1.2.3-alpha.10 (3.170876ms)
✔ package graph / range "~1" / 1.2.3-beta (3.273788ms)
✔ package graph / range "~1" / 1.2.3 (3.401033ms)
✔ package graph / range "~1" / 1.2.3+build.9 (3.287445ms)
✔ package graph / range "~1" / 1.2.4-alpha (3.139563ms)
✔ package graph / range "~1" / 1.2.4 (3.234611ms)
✔ package graph / range "~1" / 1.3.0-0 (3.309539ms)
✔ package graph / range "~1" / 1.3.0 (3.338746ms)
✔ package graph / range "~1" / 2.0.0-alpha (3.21488ms)
✔ package graph / range "~1" / 2.0.0 (3.220417ms)
✔ package graph / range "~1" / 2.3.4 (3.184498ms)
✔ package graph / range "~1" / 3.0.0 (3.23197ms)
✔ package graph / range "~1.2" / 0.0.0 (3.279466ms)
✔ package graph / range "~1.2" / 0.0.2 (3.178328ms)
✔ package graph / range "~1.2" / 0.0.3 (3.177389ms)
✔ package graph / range "~1.2" / 0.1.0 (3.442654ms)
✔ package graph / range "~1.2" / 0.2.3 (3.23486ms)
✔ package graph / range "~1.2" / 0.2.4 (3.304126ms)
✔ package graph / range "~1.2" / 0.3.0 (3.362029ms)
✔ package graph / range "~1.2" / 1.0.0 (3.128866ms)
✔ package graph / range "~1.2" / 1.2.0 (3.350135ms)
✔ package graph / range "~1.2" / 1.2.2 (3.177033ms)
✔ package graph / range "~1.2" / 1.2.3-0 (3.276916ms)
✔ package graph / range "~1.2" / 1.2.3-alpha (3.206175ms)
✔ package graph / range "~1.2" / 1.2.3-alpha.2 (3.297265ms)
✔ package graph / range "~1.2" / 1.2.3-alpha.10 (3.325941ms)
✔ package graph / range "~1.2" / 1.2.3-beta (3.278058ms)
✔ package graph / range "~1.2" / 1.2.3 (3.289357ms)
✔ package graph / range "~1.2" / 1.2.3+build.9 (3.210126ms)
✔ package graph / range "~1.2" / 1.2.4-alpha (3.212903ms)
✔ package graph / range "~1.2" / 1.2.4 (3.237154ms)
✔ package graph / range "~1.2" / 1.3.0-0 (3.290874ms)
✔ package graph / range "~1.2" / 1.3.0 (3.369174ms)
✔ package graph / range "~1.2" / 2.0.0-alpha (3.167706ms)
✔ package graph / range "~1.2" / 2.0.0 (3.23ms)
✔ package graph / range "~1.2" / 2.3.4 (3.691604ms)
✔ package graph / range "~1.2" / 3.0.0 (3.350222ms)
✔ package graph / range "~1.2.3" / 0.0.0 (3.237205ms)
✔ package graph / range "~1.2.3" / 0.0.2 (3.263283ms)
✔ package graph / range "~1.2.3" / 0.0.3 (3.248565ms)
✔ package graph / range "~1.2.3" / 0.1.0 (3.266712ms)
✔ package graph / range "~1.2.3" / 0.2.3 (3.28993ms)
✔ package graph / range "~1.2.3" / 0.2.4 (3.166816ms)
✔ package graph / range "~1.2.3" / 0.3.0 (3.366821ms)
✔ package graph / range "~1.2.3" / 1.0.0 (3.358859ms)
✔ package graph / range "~1.2.3" / 1.2.0 (3.353258ms)
✔ package graph / range "~1.2.3" / 1.2.2 (3.354046ms)
✔ package graph / range "~1.2.3" / 1.2.3-0 (3.232527ms)
✔ package graph / range "~1.2.3" / 1.2.3-alpha (3.245395ms)
✔ package graph / range "~1.2.3" / 1.2.3-alpha.2 (3.189332ms)
✔ package graph / range "~1.2.3" / 1.2.3-alpha.10 (3.18431ms)
✔ package graph / range "~1.2.3" / 1.2.3-beta (3.156965ms)
✔ package graph / range "~1.2.3" / 1.2.3 (3.229013ms)
✔ package graph / range "~1.2.3" / 1.2.3+build.9 (3.357747ms)
✔ package graph / range "~1.2.3" / 1.2.4-alpha (3.292615ms)
✔ package graph / range "~1.2.3" / 1.2.4 (3.231197ms)
✔ package graph / range "~1.2.3" / 1.3.0-0 (3.248317ms)
✔ package graph / range "~1.2.3" / 1.3.0 (3.315197ms)
✔ package graph / range "~1.2.3" / 2.0.0-alpha (3.235323ms)
✔ package graph / range "~1.2.3" / 2.0.0 (3.239987ms)
✔ package graph / range "~1.2.3" / 2.3.4 (3.282396ms)
✔ package graph / range "~1.2.3" / 3.0.0 (3.264049ms)
✔ package graph / range "~0.2.3" / 0.0.0 (3.260282ms)
✔ package graph / range "~0.2.3" / 0.0.2 (3.261936ms)
✔ package graph / range "~0.2.3" / 0.0.3 (3.260887ms)
✔ package graph / range "~0.2.3" / 0.1.0 (3.219828ms)
✔ package graph / range "~0.2.3" / 0.2.3 (5.494133ms)
✔ package graph / range "~0.2.3" / 0.2.4 (3.401329ms)
✔ package graph / range "~0.2.3" / 0.3.0 (3.342416ms)
✔ package graph / range "~0.2.3" / 1.0.0 (3.266681ms)
✔ package graph / range "~0.2.3" / 1.2.0 (3.158246ms)
✔ package graph / range "~0.2.3" / 1.2.2 (3.198045ms)
✔ package graph / range "~0.2.3" / 1.2.3-0 (3.132684ms)
✔ package graph / range "~0.2.3" / 1.2.3-alpha (3.150128ms)
✔ package graph / range "~0.2.3" / 1.2.3-alpha.2 (3.310459ms)
✔ package graph / range "~0.2.3" / 1.2.3-alpha.10 (3.439557ms)
✔ package graph / range "~0.2.3" / 1.2.3-beta (3.330784ms)
✔ package graph / range "~0.2.3" / 1.2.3 (3.468583ms)
✔ package graph / range "~0.2.3" / 1.2.3+build.9 (3.3642ms)
✔ package graph / range "~0.2.3" / 1.2.4-alpha (3.215822ms)
✔ package graph / range "~0.2.3" / 1.2.4 (3.263232ms)
✔ package graph / range "~0.2.3" / 1.3.0-0 (3.254665ms)
✔ package graph / range "~0.2.3" / 1.3.0 (3.212796ms)
✔ package graph / range "~0.2.3" / 2.0.0-alpha (3.326368ms)
✔ package graph / range "~0.2.3" / 2.0.0 (3.243557ms)
✔ package graph / range "~0.2.3" / 2.3.4 (3.399668ms)
✔ package graph / range "~0.2.3" / 3.0.0 (3.192854ms)
✔ package graph / range "^1" / 0.0.0 (3.275138ms)
✔ package graph / range "^1" / 0.0.2 (3.264305ms)
✔ package graph / range "^1" / 0.0.3 (3.147185ms)
✔ package graph / range "^1" / 0.1.0 (3.198413ms)
✔ package graph / range "^1" / 0.2.3 (3.36595ms)
✔ package graph / range "^1" / 0.2.4 (3.25637ms)
✔ package graph / range "^1" / 0.3.0 (3.153606ms)
✔ package graph / range "^1" / 1.0.0 (3.183152ms)
✔ package graph / range "^1" / 1.2.0 (3.355049ms)
✔ package graph / range "^1" / 1.2.2 (3.289026ms)
✔ package graph / range "^1" / 1.2.3-0 (3.416048ms)
✔ package graph / range "^1" / 1.2.3-alpha (3.18963ms)
✔ package graph / range "^1" / 1.2.3-alpha.2 (3.304191ms)
✔ package graph / range "^1" / 1.2.3-alpha.10 (3.170019ms)
✔ package graph / range "^1" / 1.2.3-beta (3.194568ms)
✔ package graph / range "^1" / 1.2.3 (3.178897ms)
✔ package graph / range "^1" / 1.2.3+build.9 (3.403288ms)
✔ package graph / range "^1" / 1.2.4-alpha (3.203528ms)
✔ package graph / range "^1" / 1.2.4 (3.205647ms)
✔ package graph / range "^1" / 1.3.0-0 (3.157779ms)
✔ package graph / range "^1" / 1.3.0 (3.182721ms)
✔ package graph / range "^1" / 2.0.0-alpha (3.129671ms)
✔ package graph / range "^1" / 2.0.0 (3.258022ms)
✔ package graph / range "^1" / 2.3.4 (3.201574ms)
✔ package graph / range "^1" / 3.0.0 (3.221114ms)
✔ package graph / range "^1.2" / 0.0.0 (3.343428ms)
✔ package graph / range "^1.2" / 0.0.2 (3.180288ms)
✔ package graph / range "^1.2" / 0.0.3 (3.241812ms)
✔ package graph / range "^1.2" / 0.1.0 (3.181535ms)
✔ package graph / range "^1.2" / 0.2.3 (3.203666ms)
✔ package graph / range "^1.2" / 0.2.4 (3.452637ms)
✔ package graph / range "^1.2" / 0.3.0 (3.172893ms)
✔ package graph / range "^1.2" / 1.0.0 (3.312695ms)
✔ package graph / range "^1.2" / 1.2.0 (3.455598ms)
✔ package graph / range "^1.2" / 1.2.2 (3.30605ms)
✔ package graph / range "^1.2" / 1.2.3-0 (3.37996ms)
✔ package graph / range "^1.2" / 1.2.3-alpha (3.144556ms)
✔ package graph / range "^1.2" / 1.2.3-alpha.2 (3.271778ms)
✔ package graph / range "^1.2" / 1.2.3-alpha.10 (3.331727ms)
✔ package graph / range "^1.2" / 1.2.3-beta (3.16947ms)
✔ package graph / range "^1.2" / 1.2.3 (3.257922ms)
✔ package graph / range "^1.2" / 1.2.3+build.9 (3.29791ms)
✔ package graph / range "^1.2" / 1.2.4-alpha (3.214852ms)
✔ package graph / range "^1.2" / 1.2.4 (3.549337ms)
✔ package graph / range "^1.2" / 1.3.0-0 (3.1057ms)
✔ package graph / range "^1.2" / 1.3.0 (3.130819ms)
✔ package graph / range "^1.2" / 2.0.0-alpha (3.181133ms)
✔ package graph / range "^1.2" / 2.0.0 (3.30342ms)
✔ package graph / range "^1.2" / 2.3.4 (3.281513ms)
✔ package graph / range "^1.2" / 3.0.0 (3.31127ms)
✔ package graph / range "^1.2.3" / 0.0.0 (3.356047ms)
✔ package graph / range "^1.2.3" / 0.0.2 (3.439039ms)
✔ package graph / range "^1.2.3" / 0.0.3 (3.316864ms)
✔ package graph / range "^1.2.3" / 0.1.0 (3.208794ms)
✔ package graph / range "^1.2.3" / 0.2.3 (3.300856ms)
✔ package graph / range "^1.2.3" / 0.2.4 (3.243344ms)
✔ package graph / range "^1.2.3" / 0.3.0 (3.15006ms)
✔ package graph / range "^1.2.3" / 1.0.0 (3.310963ms)
✔ package graph / range "^1.2.3" / 1.2.0 (3.126735ms)
✔ package graph / range "^1.2.3" / 1.2.2 (3.137604ms)
✔ package graph / range "^1.2.3" / 1.2.3-0 (3.275197ms)
✔ package graph / range "^1.2.3" / 1.2.3-alpha (3.206689ms)
✔ package graph / range "^1.2.3" / 1.2.3-alpha.2 (3.311383ms)
✔ package graph / range "^1.2.3" / 1.2.3-alpha.10 (3.353429ms)
✔ package graph / range "^1.2.3" / 1.2.3-beta (3.265737ms)
✔ package graph / range "^1.2.3" / 1.2.3 (3.277261ms)
✔ package graph / range "^1.2.3" / 1.2.3+build.9 (3.239764ms)
✔ package graph / range "^1.2.3" / 1.2.4-alpha (3.209453ms)
✔ package graph / range "^1.2.3" / 1.2.4 (3.22747ms)
✔ package graph / range "^1.2.3" / 1.3.0-0 (3.166015ms)
✔ package graph / range "^1.2.3" / 1.3.0 (3.287327ms)
✔ package graph / range "^1.2.3" / 2.0.0-alpha (3.106508ms)
✔ package graph / range "^1.2.3" / 2.0.0 (3.1305ms)
✔ package graph / range "^1.2.3" / 2.3.4 (3.268681ms)
✔ package graph / range "^1.2.3" / 3.0.0 (3.209579ms)
✔ package graph / range "^0" / 0.0.0 (3.245772ms)
✔ package graph / range "^0" / 0.0.2 (3.257031ms)
✔ package graph / range "^0" / 0.0.3 (3.411958ms)
✔ package graph / range "^0" / 0.1.0 (3.320406ms)
✔ package graph / range "^0" / 0.2.3 (3.414258ms)
✔ package graph / range "^0" / 0.2.4 (3.544011ms)
✔ package graph / range "^0" / 0.3.0 (3.363693ms)
✔ package graph / range "^0" / 1.0.0 (3.3224ms)
✔ package graph / range "^0" / 1.2.0 (3.160585ms)
✔ package graph / range "^0" / 1.2.2 (3.26844ms)
✔ package graph / range "^0" / 1.2.3-0 (3.125782ms)
✔ package graph / range "^0" / 1.2.3-alpha (3.271528ms)
✔ package graph / range "^0" / 1.2.3-alpha.2 (3.210801ms)
✔ package graph / range "^0" / 1.2.3-alpha.10 (3.135647ms)
✔ package graph / range "^0" / 1.2.3-beta (3.137077ms)
✔ package graph / range "^0" / 1.2.3 (3.262484ms)
✔ package graph / range "^0" / 1.2.3+build.9 (3.286286ms)
✔ package graph / range "^0" / 1.2.4-alpha (3.388933ms)
✔ package graph / range "^0" / 1.2.4 (3.365304ms)
✔ package graph / range "^0" / 1.3.0-0 (3.322445ms)
✔ package graph / range "^0" / 1.3.0 (3.28718ms)
✔ package graph / range "^0" / 2.0.0-alpha (3.225713ms)
✔ package graph / range "^0" / 2.0.0 (3.162818ms)
✔ package graph / range "^0" / 2.3.4 (3.18782ms)
✔ package graph / range "^0" / 3.0.0 (3.144107ms)
✔ package graph / range "^0.0" / 0.0.0 (3.182346ms)
✔ package graph / range "^0.0" / 0.0.2 (3.261217ms)
✔ package graph / range "^0.0" / 0.0.3 (3.34171ms)
✔ package graph / range "^0.0" / 0.1.0 (3.334315ms)
✔ package graph / range "^0.0" / 0.2.3 (3.234128ms)
✔ package graph / range "^0.0" / 0.2.4 (3.202078ms)
✔ package graph / range "^0.0" / 0.3.0 (3.082276ms)
✔ package graph / range "^0.0" / 1.0.0 (3.171952ms)
✔ package graph / range "^0.0" / 1.2.0 (3.293475ms)
✔ package graph / range "^0.0" / 1.2.2 (3.260853ms)
✔ package graph / range "^0.0" / 1.2.3-0 (3.186332ms)
✔ package graph / range "^0.0" / 1.2.3-alpha (3.178908ms)
✔ package graph / range "^0.0" / 1.2.3-alpha.2 (3.200781ms)
✔ package graph / range "^0.0" / 1.2.3-alpha.10 (3.180953ms)
✔ package graph / range "^0.0" / 1.2.3-beta (3.158618ms)
✔ package graph / range "^0.0" / 1.2.3 (3.124466ms)
✔ package graph / range "^0.0" / 1.2.3+build.9 (3.262164ms)
✔ package graph / range "^0.0" / 1.2.4-alpha (3.19582ms)
✔ package graph / range "^0.0" / 1.2.4 (3.262209ms)
✔ package graph / range "^0.0" / 1.3.0-0 (4.362696ms)
✔ package graph / range "^0.0" / 1.3.0 (3.322092ms)
✔ package graph / range "^0.0" / 2.0.0-alpha (3.340853ms)
✔ package graph / range "^0.0" / 2.0.0 (3.283383ms)
✔ package graph / range "^0.0" / 2.3.4 (3.220288ms)
✔ package graph / range "^0.0" / 3.0.0 (3.161074ms)
✔ package graph / range "^0.0.2" / 0.0.0 (3.105178ms)
✔ package graph / range "^0.0.2" / 0.0.2 (3.13377ms)
✔ package graph / range "^0.0.2" / 0.0.3 (3.220825ms)
✔ package graph / range "^0.0.2" / 0.1.0 (3.17057ms)
✔ package graph / range "^0.0.2" / 0.2.3 (3.324391ms)
✔ package graph / range "^0.0.2" / 0.2.4 (3.149512ms)
✔ package graph / range "^0.0.2" / 0.3.0 (3.278918ms)
✔ package graph / range "^0.0.2" / 1.0.0 (3.105466ms)
✔ package graph / range "^0.0.2" / 1.2.0 (3.337471ms)
✔ package graph / range "^0.0.2" / 1.2.2 (3.231822ms)
✔ package graph / range "^0.0.2" / 1.2.3-0 (3.372971ms)
✔ package graph / range "^0.0.2" / 1.2.3-alpha (3.253067ms)
✔ package graph / range "^0.0.2" / 1.2.3-alpha.2 (3.221696ms)
✔ package graph / range "^0.0.2" / 1.2.3-alpha.10 (3.245871ms)
✔ package graph / range "^0.0.2" / 1.2.3-beta (3.196023ms)
✔ package graph / range "^0.0.2" / 1.2.3 (3.250621ms)
✔ package graph / range "^0.0.2" / 1.2.3+build.9 (3.314952ms)
✔ package graph / range "^0.0.2" / 1.2.4-alpha (3.137912ms)
✔ package graph / range "^0.0.2" / 1.2.4 (3.090251ms)
✔ package graph / range "^0.0.2" / 1.3.0-0 (3.206003ms)
✔ package graph / range "^0.0.2" / 1.3.0 (3.284878ms)
✔ package graph / range "^0.0.2" / 2.0.0-alpha (3.178651ms)
✔ package graph / range "^0.0.2" / 2.0.0 (3.177766ms)
✔ package graph / range "^0.0.2" / 2.3.4 (3.182284ms)
✔ package graph / range "^0.0.2" / 3.0.0 (3.214783ms)
✔ package graph / range "^0.2" / 0.0.0 (3.194359ms)
✔ package graph / range "^0.2" / 0.0.2 (3.184692ms)
✔ package graph / range "^0.2" / 0.0.3 (3.319057ms)
✔ package graph / range "^0.2" / 0.1.0 (3.389576ms)
✔ package graph / range "^0.2" / 0.2.3 (3.29082ms)
✔ package graph / range "^0.2" / 0.2.4 (3.569179ms)
✔ package graph / range "^0.2" / 0.3.0 (3.246196ms)
✔ package graph / range "^0.2" / 1.0.0 (3.289703ms)
✔ package graph / range "^0.2" / 1.2.0 (3.164374ms)
✔ package graph / range "^0.2" / 1.2.2 (3.292141ms)
✔ package graph / range "^0.2" / 1.2.3-0 (3.267422ms)
✔ package graph / range "^0.2" / 1.2.3-alpha (3.311945ms)
✔ package graph / range "^0.2" / 1.2.3-alpha.2 (3.198994ms)
✔ package graph / range "^0.2" / 1.2.3-alpha.10 (3.268537ms)
✔ package graph / range "^0.2" / 1.2.3-beta (3.140854ms)
✔ package graph / range "^0.2" / 1.2.3 (3.080067ms)
✔ package graph / range "^0.2" / 1.2.3+build.9 (3.092547ms)
✔ package graph / range "^0.2" / 1.2.4-alpha (3.171086ms)
✔ package graph / range "^0.2" / 1.2.4 (3.263264ms)
✔ package graph / range "^0.2" / 1.3.0-0 (3.088877ms)
✔ package graph / range "^0.2" / 1.3.0 (3.253971ms)
✔ package graph / range "^0.2" / 2.0.0-alpha (3.254275ms)
✔ package graph / range "^0.2" / 2.0.0 (3.202105ms)
✔ package graph / range "^0.2" / 2.3.4 (3.298126ms)
✔ package graph / range "^0.2" / 3.0.0 (3.227193ms)
✔ package graph / range "^0.2.3" / 0.0.0 (3.412573ms)
✔ package graph / range "^0.2.3" / 0.0.2 (3.28271ms)
✔ package graph / range "^0.2.3" / 0.0.3 (3.237793ms)
✔ package graph / range "^0.2.3" / 0.1.0 (3.261309ms)
✔ package graph / range "^0.2.3" / 0.2.3 (3.251371ms)
✔ package graph / range "^0.2.3" / 0.2.4 (3.197837ms)
✔ package graph / range "^0.2.3" / 0.3.0 (3.243474ms)
✔ package graph / range "^0.2.3" / 1.0.0 (3.218529ms)
✔ package graph / range "^0.2.3" / 1.2.0 (3.229004ms)
✔ package graph / range "^0.2.3" / 1.2.2 (3.24325ms)
✔ package graph / range "^0.2.3" / 1.2.3-0 (3.175029ms)
✔ package graph / range "^0.2.3" / 1.2.3-alpha (3.371783ms)
✔ package graph / range "^0.2.3" / 1.2.3-alpha.2 (3.175918ms)
✔ package graph / range "^0.2.3" / 1.2.3-alpha.10 (3.280531ms)
✔ package graph / range "^0.2.3" / 1.2.3-beta (3.455897ms)
✔ package graph / range "^0.2.3" / 1.2.3 (3.367665ms)
✔ package graph / range "^0.2.3" / 1.2.3+build.9 (3.195779ms)
✔ package graph / range "^0.2.3" / 1.2.4-alpha (3.144996ms)
✔ package graph / range "^0.2.3" / 1.2.4 (3.23757ms)
✔ package graph / range "^0.2.3" / 1.3.0-0 (3.232039ms)
✔ package graph / range "^0.2.3" / 1.3.0 (3.265124ms)
✔ package graph / range "^0.2.3" / 2.0.0-alpha (3.170809ms)
✔ package graph / range "^0.2.3" / 2.0.0 (3.260437ms)
✔ package graph / range "^0.2.3" / 2.3.4 (3.19999ms)
✔ package graph / range "^0.2.3" / 3.0.0 (3.201831ms)
✔ package graph / range "^0.0.0" / 0.0.0 (3.277046ms)
✔ package graph / range "^0.0.0" / 0.0.2 (3.189334ms)
✔ package graph / range "^0.0.0" / 0.0.3 (3.143698ms)
✔ package graph / range "^0.0.0" / 0.1.0 (3.321043ms)
✔ package graph / range "^0.0.0" / 0.2.3 (3.342751ms)
✔ package graph / range "^0.0.0" / 0.2.4 (3.19463ms)
✔ package graph / range "^0.0.0" / 0.3.0 (3.201524ms)
✔ package graph / range "^0.0.0" / 1.0.0 (3.264986ms)
✔ package graph / range "^0.0.0" / 1.2.0 (3.068237ms)
✔ package graph / range "^0.0.0" / 1.2.2 (3.169631ms)
✔ package graph / range "^0.0.0" / 1.2.3-0 (3.204391ms)
✔ package graph / range "^0.0.0" / 1.2.3-alpha (3.263611ms)
✔ package graph / range "^0.0.0" / 1.2.3-alpha.2 (3.178039ms)
✔ package graph / range "^0.0.0" / 1.2.3-alpha.10 (3.284415ms)
✔ package graph / range "^0.0.0" / 1.2.3-beta (3.139312ms)
✔ package graph / range "^0.0.0" / 1.2.3 (3.035066ms)
✔ package graph / range "^0.0.0" / 1.2.3+build.9 (3.253142ms)
✔ package graph / range "^0.0.0" / 1.2.4-alpha (3.523147ms)
✔ package graph / range "^0.0.0" / 1.2.4 (3.212756ms)
✔ package graph / range "^0.0.0" / 1.3.0-0 (3.260211ms)
✔ package graph / range "^0.0.0" / 1.3.0 (3.126209ms)
✔ package graph / range "^0.0.0" / 2.0.0-alpha (3.174443ms)
✔ package graph / range "^0.0.0" / 2.0.0 (3.473579ms)
✔ package graph / range "^0.0.0" / 2.3.4 (3.275712ms)
✔ package graph / range "^0.0.0" / 3.0.0 (3.223184ms)
✔ package graph / range "1.2.3 - 2.3.4" / 0.0.0 (3.263991ms)
✔ package graph / range "1.2.3 - 2.3.4" / 0.0.2 (3.259224ms)
✔ package graph / range "1.2.3 - 2.3.4" / 0.0.3 (3.110783ms)
✔ package graph / range "1.2.3 - 2.3.4" / 0.1.0 (3.221891ms)
✔ package graph / range "1.2.3 - 2.3.4" / 0.2.3 (3.107633ms)
✔ package graph / range "1.2.3 - 2.3.4" / 0.2.4 (3.234386ms)
✔ package graph / range "1.2.3 - 2.3.4" / 0.3.0 (3.291916ms)
✔ package graph / range "1.2.3 - 2.3.4" / 1.0.0 (3.189778ms)
✔ package graph / range "1.2.3 - 2.3.4" / 1.2.0 (3.215941ms)
✔ package graph / range "1.2.3 - 2.3.4" / 1.2.2 (3.335409ms)
✔ package graph / range "1.2.3 - 2.3.4" / 1.2.3-0 (3.159982ms)
✔ package graph / range "1.2.3 - 2.3.4" / 1.2.3-alpha (3.248426ms)
✔ package graph / range "1.2.3 - 2.3.4" / 1.2.3-alpha.2 (3.170619ms)
✔ package graph / range "1.2.3 - 2.3.4" / 1.2.3-alpha.10 (3.217166ms)
✔ package graph / range "1.2.3 - 2.3.4" / 1.2.3-beta (3.178966ms)
✔ package graph / range "1.2.3 - 2.3.4" / 1.2.3 (3.175225ms)
✔ package graph / range "1.2.3 - 2.3.4" / 1.2.3+build.9 (3.181328ms)
✔ package graph / range "1.2.3 - 2.3.4" / 1.2.4-alpha (3.199448ms)
✔ package graph / range "1.2.3 - 2.3.4" / 1.2.4 (3.332021ms)
✔ package graph / range "1.2.3 - 2.3.4" / 1.3.0-0 (3.308779ms)
✔ package graph / range "1.2.3 - 2.3.4" / 1.3.0 (3.245113ms)
✔ package graph / range "1.2.3 - 2.3.4" / 2.0.0-alpha (3.177767ms)
✔ package graph / range "1.2.3 - 2.3.4" / 2.0.0 (3.28176ms)
✔ package graph / range "1.2.3 - 2.3.4" / 2.3.4 (3.232114ms)
✔ package graph / range "1.2.3 - 2.3.4" / 3.0.0 (3.170625ms)
✔ package graph / range "1.2 - 2.3" / 0.0.0 (3.243821ms)
✔ package graph / range "1.2 - 2.3" / 0.0.2 (3.171544ms)
✔ package graph / range "1.2 - 2.3" / 0.0.3 (3.248744ms)
✔ package graph / range "1.2 - 2.3" / 0.1.0 (3.122854ms)
✔ package graph / range "1.2 - 2.3" / 0.2.3 (3.149502ms)
✔ package graph / range "1.2 - 2.3" / 0.2.4 (3.201ms)
✔ package graph / range "1.2 - 2.3" / 0.3.0 (3.131244ms)
✔ package graph / range "1.2 - 2.3" / 1.0.0 (3.369746ms)
✔ package graph / range "1.2 - 2.3" / 1.2.0 (3.354134ms)
✔ package graph / range "1.2 - 2.3" / 1.2.2 (3.196568ms)
✔ package graph / range "1.2 - 2.3" / 1.2.3-0 (3.057522ms)
✔ package graph / range "1.2 - 2.3" / 1.2.3-alpha (4.330529ms)
✔ package graph / range "1.2 - 2.3" / 1.2.3-alpha.2 (3.198945ms)
✔ package graph / range "1.2 - 2.3" / 1.2.3-alpha.10 (3.239561ms)
✔ package graph / range "1.2 - 2.3" / 1.2.3-beta (3.19238ms)
✔ package graph / range "1.2 - 2.3" / 1.2.3 (3.328772ms)
✔ package graph / range "1.2 - 2.3" / 1.2.3+build.9 (3.147361ms)
✔ package graph / range "1.2 - 2.3" / 1.2.4-alpha (3.164288ms)
✔ package graph / range "1.2 - 2.3" / 1.2.4 (3.246328ms)
✔ package graph / range "1.2 - 2.3" / 1.3.0-0 (3.212228ms)
✔ package graph / range "1.2 - 2.3" / 1.3.0 (3.248221ms)
✔ package graph / range "1.2 - 2.3" / 2.0.0-alpha (3.260893ms)
✔ package graph / range "1.2 - 2.3" / 2.0.0 (3.362377ms)
✔ package graph / range "1.2 - 2.3" / 2.3.4 (3.188805ms)
✔ package graph / range "1.2 - 2.3" / 3.0.0 (3.246456ms)
✔ package graph / range "1 - 2" / 0.0.0 (3.128652ms)
✔ package graph / range "1 - 2" / 0.0.2 (3.315279ms)
✔ package graph / range "1 - 2" / 0.0.3 (3.230307ms)
✔ package graph / range "1 - 2" / 0.1.0 (3.076937ms)
✔ package graph / range "1 - 2" / 0.2.3 (3.149789ms)
✔ package graph / range "1 - 2" / 0.2.4 (3.102669ms)
✔ package graph / range "1 - 2" / 0.3.0 (3.171745ms)
✔ package graph / range "1 - 2" / 1.0.0 (3.209788ms)
✔ package graph / range "1 - 2" / 1.2.0 (3.301346ms)
✔ package graph / range "1 - 2" / 1.2.2 (3.251966ms)
✔ package graph / range "1 - 2" / 1.2.3-0 (3.310913ms)
✔ package graph / range "1 - 2" / 1.2.3-alpha (3.372621ms)
✔ package graph / range "1 - 2" / 1.2.3-alpha.2 (3.176532ms)
✔ package graph / range "1 - 2" / 1.2.3-alpha.10 (3.222616ms)
✔ package graph / range "1 - 2" / 1.2.3-beta (3.181095ms)
✔ package graph / range "1 - 2" / 1.2.3 (3.412187ms)
✔ package graph / range "1 - 2" / 1.2.3+build.9 (3.175295ms)
✔ package graph / range "1 - 2" / 1.2.4-alpha (3.158881ms)
✔ package graph / range "1 - 2" / 1.2.4 (3.201204ms)
✔ package graph / range "1 - 2" / 1.3.0-0 (3.239899ms)
✔ package graph / range "1 - 2" / 1.3.0 (3.271165ms)
✔ package graph / range "1 - 2" / 2.0.0-alpha (3.119845ms)
✔ package graph / range "1 - 2" / 2.0.0 (3.29443ms)
✔ package graph / range "1 - 2" / 2.3.4 (3.316759ms)
✔ package graph / range "1 - 2" / 3.0.0 (3.197914ms)
✔ package graph / range "1.2.3 - 2" / 0.0.0 (3.200107ms)
✔ package graph / range "1.2.3 - 2" / 0.0.2 (3.200839ms)
✔ package graph / range "1.2.3 - 2" / 0.0.3 (3.239407ms)
✔ package graph / range "1.2.3 - 2" / 0.1.0 (3.190049ms)
✔ package graph / range "1.2.3 - 2" / 0.2.3 (3.240385ms)
✔ package graph / range "1.2.3 - 2" / 0.2.4 (3.215097ms)
✔ package graph / range "1.2.3 - 2" / 0.3.0 (3.188918ms)
✔ package graph / range "1.2.3 - 2" / 1.0.0 (3.176722ms)
✔ package graph / range "1.2.3 - 2" / 1.2.0 (3.144198ms)
✔ package graph / range "1.2.3 - 2" / 1.2.2 (3.106048ms)
✔ package graph / range "1.2.3 - 2" / 1.2.3-0 (3.153447ms)
✔ package graph / range "1.2.3 - 2" / 1.2.3-alpha (3.32891ms)
✔ package graph / range "1.2.3 - 2" / 1.2.3-alpha.2 (3.268386ms)
✔ package graph / range "1.2.3 - 2" / 1.2.3-alpha.10 (3.324586ms)
✔ package graph / range "1.2.3 - 2" / 1.2.3-beta (3.173135ms)
✔ package graph / range "1.2.3 - 2" / 1.2.3 (3.254458ms)
✔ package graph / range "1.2.3 - 2" / 1.2.3+build.9 (3.276106ms)
✔ package graph / range "1.2.3 - 2" / 1.2.4-alpha (3.111942ms)
✔ package graph / range "1.2.3 - 2" / 1.2.4 (3.208073ms)
✔ package graph / range "1.2.3 - 2" / 1.3.0-0 (3.19068ms)
✔ package graph / range "1.2.3 - 2" / 1.3.0 (3.304186ms)
✔ package graph / range "1.2.3 - 2" / 2.0.0-alpha (3.23214ms)
✔ package graph / range "1.2.3 - 2" / 2.0.0 (3.197686ms)
✔ package graph / range "1.2.3 - 2" / 2.3.4 (3.442462ms)
✔ package graph / range "1.2.3 - 2" / 3.0.0 (3.348109ms)
✔ package graph / range ">=1.2.0 <2.0.0" / 0.0.0 (3.410061ms)
✔ package graph / range ">=1.2.0 <2.0.0" / 0.0.2 (3.49379ms)
✔ package graph / range ">=1.2.0 <2.0.0" / 0.0.3 (3.319479ms)
✔ package graph / range ">=1.2.0 <2.0.0" / 0.1.0 (3.21886ms)
✔ package graph / range ">=1.2.0 <2.0.0" / 0.2.3 (3.151209ms)
✔ package graph / range ">=1.2.0 <2.0.0" / 0.2.4 (3.26886ms)
✔ package graph / range ">=1.2.0 <2.0.0" / 0.3.0 (3.120836ms)
✔ package graph / range ">=1.2.0 <2.0.0" / 1.0.0 (3.151097ms)
✔ package graph / range ">=1.2.0 <2.0.0" / 1.2.0 (3.135782ms)
✔ package graph / range ">=1.2.0 <2.0.0" / 1.2.2 (3.254193ms)
✔ package graph / range ">=1.2.0 <2.0.0" / 1.2.3-0 (3.201651ms)
✔ package graph / range ">=1.2.0 <2.0.0" / 1.2.3-alpha (3.207139ms)
✔ package graph / range ">=1.2.0 <2.0.0" / 1.2.3-alpha.2 (3.139192ms)
✔ package graph / range ">=1.2.0 <2.0.0" / 1.2.3-alpha.10 (3.123679ms)
✔ package graph / range ">=1.2.0 <2.0.0" / 1.2.3-beta (3.440711ms)
✔ package graph / range ">=1.2.0 <2.0.0" / 1.2.3 (3.367419ms)
✔ package graph / range ">=1.2.0 <2.0.0" / 1.2.3+build.9 (3.255565ms)
✔ package graph / range ">=1.2.0 <2.0.0" / 1.2.4-alpha (3.245164ms)
✔ package graph / range ">=1.2.0 <2.0.0" / 1.2.4 (3.135202ms)
✔ package graph / range ">=1.2.0 <2.0.0" / 1.3.0-0 (3.075173ms)
✔ package graph / range ">=1.2.0 <2.0.0" / 1.3.0 (3.24789ms)
✔ package graph / range ">=1.2.0 <2.0.0" / 2.0.0-alpha (3.2455ms)
✔ package graph / range ">=1.2.0 <2.0.0" / 2.0.0 (3.186884ms)
✔ package graph / range ">=1.2.0 <2.0.0" / 2.3.4 (3.207832ms)
✔ package graph / range ">=1.2.0 <2.0.0" / 3.0.0 (3.194565ms)
✔ package graph / range ">2.0.0 <1.0.0" / 0.0.0 (3.301644ms)
✔ package graph / range ">2.0.0 <1.0.0" / 0.0.2 (3.263198ms)
✔ package graph / range ">2.0.0 <1.0.0" / 0.0.3 (3.232639ms)
✔ package graph / range ">2.0.0 <1.0.0" / 0.1.0 (3.094904ms)
✔ package graph / range ">2.0.0 <1.0.0" / 0.2.3 (3.340916ms)
✔ package graph / range ">2.0.0 <1.0.0" / 0.2.4 (3.270053ms)
✔ package graph / range ">2.0.0 <1.0.0" / 0.3.0 (3.143403ms)
✔ package graph / range ">2.0.0 <1.0.0" / 1.0.0 (3.23265ms)
✔ package graph / range ">2.0.0 <1.0.0" / 1.2.0 (3.306994ms)
✔ package graph / range ">2.0.0 <1.0.0" / 1.2.2 (3.261148ms)
✔ package graph / range ">2.0.0 <1.0.0" / 1.2.3-0 (3.203748ms)
✔ package graph / range ">2.0.0 <1.0.0" / 1.2.3-alpha (3.214539ms)
✔ package graph / range ">2.0.0 <1.0.0" / 1.2.3-alpha.2 (3.196092ms)
✔ package graph / range ">2.0.0 <1.0.0" / 1.2.3-alpha.10 (3.279651ms)
✔ package graph / range ">2.0.0 <1.0.0" / 1.2.3-beta (3.189117ms)
✔ package graph / range ">2.0.0 <1.0.0" / 1.2.3 (3.215069ms)
✔ package graph / range ">2.0.0 <1.0.0" / 1.2.3+build.9 (3.488037ms)
✔ package graph / range ">2.0.0 <1.0.0" / 1.2.4-alpha (3.466683ms)
✔ package graph / range ">2.0.0 <1.0.0" / 1.2.4 (3.249773ms)
✔ package graph / range ">2.0.0 <1.0.0" / 1.3.0-0 (3.270074ms)
✔ package graph / range ">2.0.0 <1.0.0" / 1.3.0 (3.163326ms)
✔ package graph / range ">2.0.0 <1.0.0" / 2.0.0-alpha (3.186352ms)
✔ package graph / range ">2.0.0 <1.0.0" / 2.0.0 (3.1926ms)
✔ package graph / range ">2.0.0 <1.0.0" / 2.3.4 (3.164777ms)
✔ package graph / range ">2.0.0 <1.0.0" / 3.0.0 (3.197853ms)
✔ package graph / range "1.2.3 || 2.3.4" / 0.0.0 (3.225832ms)
✔ package graph / range "1.2.3 || 2.3.4" / 0.0.2 (3.215625ms)
✔ package graph / range "1.2.3 || 2.3.4" / 0.0.3 (3.210161ms)
✔ package graph / range "1.2.3 || 2.3.4" / 0.1.0 (3.176793ms)
✔ package graph / range "1.2.3 || 2.3.4" / 0.2.3 (3.35914ms)
✔ package graph / range "1.2.3 || 2.3.4" / 0.2.4 (3.466995ms)
✔ package graph / range "1.2.3 || 2.3.4" / 0.3.0 (3.350557ms)
✔ package graph / range "1.2.3 || 2.3.4" / 1.0.0 (3.226475ms)
✔ package graph / range "1.2.3 || 2.3.4" / 1.2.0 (3.109848ms)
✔ package graph / range "1.2.3 || 2.3.4" / 1.2.2 (3.204122ms)
✔ package graph / range "1.2.3 || 2.3.4" / 1.2.3-0 (3.206269ms)
✔ package graph / range "1.2.3 || 2.3.4" / 1.2.3-alpha (3.177129ms)
✔ package graph / range "1.2.3 || 2.3.4" / 1.2.3-alpha.2 (3.086192ms)
✔ package graph / range "1.2.3 || 2.3.4" / 1.2.3-alpha.10 (3.180361ms)
✔ package graph / range "1.2.3 || 2.3.4" / 1.2.3-beta (3.416823ms)
✔ package graph / range "1.2.3 || 2.3.4" / 1.2.3 (3.360433ms)
✔ package graph / range "1.2.3 || 2.3.4" / 1.2.3+build.9 (3.30509ms)
✔ package graph / range "1.2.3 || 2.3.4" / 1.2.4-alpha (3.178669ms)
✔ package graph / range "1.2.3 || 2.3.4" / 1.2.4 (3.171868ms)
✔ package graph / range "1.2.3 || 2.3.4" / 1.3.0-0 (3.502672ms)
✔ package graph / range "1.2.3 || 2.3.4" / 1.3.0 (3.30923ms)
✔ package graph / range "1.2.3 || 2.3.4" / 2.0.0-alpha (3.300748ms)
✔ package graph / range "1.2.3 || 2.3.4" / 2.0.0 (3.26788ms)
✔ package graph / range "1.2.3 || 2.3.4" / 2.3.4 (3.18887ms)
✔ package graph / range "1.2.3 || 2.3.4" / 3.0.0 (3.256095ms)
✔ package graph / range "^0.2.3 || ~1.2.0" / 0.0.0 (3.112521ms)
✔ package graph / range "^0.2.3 || ~1.2.0" / 0.0.2 (3.281792ms)
✔ package graph / range "^0.2.3 || ~1.2.0" / 0.0.3 (3.236535ms)
✔ package graph / range "^0.2.3 || ~1.2.0" / 0.1.0 (4.278351ms)
✔ package graph / range "^0.2.3 || ~1.2.0" / 0.2.3 (3.307202ms)
✔ package graph / range "^0.2.3 || ~1.2.0" / 0.2.4 (3.253469ms)
✔ package graph / range "^0.2.3 || ~1.2.0" / 0.3.0 (3.264513ms)
✔ package graph / range "^0.2.3 || ~1.2.0" / 1.0.0 (3.447371ms)
✔ package graph / range "^0.2.3 || ~1.2.0" / 1.2.0 (3.488711ms)
✔ package graph / range "^0.2.3 || ~1.2.0" / 1.2.2 (3.238707ms)
✔ package graph / range "^0.2.3 || ~1.2.0" / 1.2.3-0 (3.271271ms)
✔ package graph / range "^0.2.3 || ~1.2.0" / 1.2.3-alpha (3.174835ms)
✔ package graph / range "^0.2.3 || ~1.2.0" / 1.2.3-alpha.2 (3.237045ms)
✔ package graph / range "^0.2.3 || ~1.2.0" / 1.2.3-alpha.10 (3.18178ms)
✔ package graph / range "^0.2.3 || ~1.2.0" / 1.2.3-beta (3.131534ms)
✔ package graph / range "^0.2.3 || ~1.2.0" / 1.2.3 (3.301901ms)
✔ package graph / range "^0.2.3 || ~1.2.0" / 1.2.3+build.9 (3.31654ms)
✔ package graph / range "^0.2.3 || ~1.2.0" / 1.2.4-alpha (3.214581ms)
✔ package graph / range "^0.2.3 || ~1.2.0" / 1.2.4 (3.139672ms)
✔ package graph / range "^0.2.3 || ~1.2.0" / 1.3.0-0 (3.084797ms)
✔ package graph / range "^0.2.3 || ~1.2.0" / 1.3.0 (3.195084ms)
✔ package graph / range "^0.2.3 || ~1.2.0" / 2.0.0-alpha (3.233122ms)
✔ package graph / range "^0.2.3 || ~1.2.0" / 2.0.0 (3.422378ms)
✔ package graph / range "^0.2.3 || ~1.2.0" / 2.3.4 (3.27921ms)
✔ package graph / range "^0.2.3 || ~1.2.0" / 3.0.0 (3.336854ms)
✔ package graph / range ">=1.2.3-alpha <2.0.0" / 0.0.0 (3.132286ms)
✔ package graph / range ">=1.2.3-alpha <2.0.0" / 0.0.2 (3.274795ms)
✔ package graph / range ">=1.2.3-alpha <2.0.0" / 0.0.3 (3.290107ms)
✔ package graph / range ">=1.2.3-alpha <2.0.0" / 0.1.0 (3.169571ms)
✔ package graph / range ">=1.2.3-alpha <2.0.0" / 0.2.3 (3.144681ms)
✔ package graph / range ">=1.2.3-alpha <2.0.0" / 0.2.4 (3.136675ms)
✔ package graph / range ">=1.2.3-alpha <2.0.0" / 0.3.0 (3.234435ms)
✔ package graph / range ">=1.2.3-alpha <2.0.0" / 1.0.0 (3.217099ms)
✔ package graph / range ">=1.2.3-alpha <2.0.0" / 1.2.0 (3.235574ms)
✔ package graph / range ">=1.2.3-alpha <2.0.0" / 1.2.2 (3.156773ms)
✔ package graph / range ">=1.2.3-alpha <2.0.0" / 1.2.3-0 (3.198945ms)
✔ package graph / range ">=1.2.3-alpha <2.0.0" / 1.2.3-alpha (3.316726ms)
✔ package graph / range ">=1.2.3-alpha <2.0.0" / 1.2.3-alpha.2 (3.280799ms)
✔ package graph / range ">=1.2.3-alpha <2.0.0" / 1.2.3-alpha.10 (3.299238ms)
✔ package graph / range ">=1.2.3-alpha <2.0.0" / 1.2.3-beta (3.164588ms)
✔ package graph / range ">=1.2.3-alpha <2.0.0" / 1.2.3 (3.291265ms)
✔ package graph / range ">=1.2.3-alpha <2.0.0" / 1.2.3+build.9 (3.484996ms)
✔ package graph / range ">=1.2.3-alpha <2.0.0" / 1.2.4-alpha (3.2365ms)
✔ package graph / range ">=1.2.3-alpha <2.0.0" / 1.2.4 (3.421082ms)
✔ package graph / range ">=1.2.3-alpha <2.0.0" / 1.3.0-0 (3.238813ms)
✔ package graph / range ">=1.2.3-alpha <2.0.0" / 1.3.0 (3.43324ms)
✔ package graph / range ">=1.2.3-alpha <2.0.0" / 2.0.0-alpha (3.196743ms)
✔ package graph / range ">=1.2.3-alpha <2.0.0" / 2.0.0 (3.158005ms)
✔ package graph / range ">=1.2.3-alpha <2.0.0" / 2.3.4 (3.1535ms)
✔ package graph / range ">=1.2.3-alpha <2.0.0" / 3.0.0 (3.312803ms)
✔ package graph / range "^1.2.3-alpha" / 0.0.0 (3.351533ms)
✔ package graph / range "^1.2.3-alpha" / 0.0.2 (3.474569ms)
✔ package graph / range "^1.2.3-alpha" / 0.0.3 (3.18594ms)
✔ package graph / range "^1.2.3-alpha" / 0.1.0 (3.183474ms)
✔ package graph / range "^1.2.3-alpha" / 0.2.3 (3.121297ms)
✔ package graph / range "^1.2.3-alpha" / 0.2.4 (3.207027ms)
✔ package graph / range "^1.2.3-alpha" / 0.3.0 (3.187914ms)
✔ package graph / range "^1.2.3-alpha" / 1.0.0 (3.186567ms)
✔ package graph / range "^1.2.3-alpha" / 1.2.0 (3.229842ms)
✔ package graph / range "^1.2.3-alpha" / 1.2.2 (3.204705ms)
✔ package graph / range "^1.2.3-alpha" / 1.2.3-0 (3.123581ms)
✔ package graph / range "^1.2.3-alpha" / 1.2.3-alpha (3.174386ms)
✔ package graph / range "^1.2.3-alpha" / 1.2.3-alpha.2 (3.194192ms)
✔ package graph / range "^1.2.3-alpha" / 1.2.3-alpha.10 (3.146145ms)
✔ package graph / range "^1.2.3-alpha" / 1.2.3-beta (3.345591ms)
✔ package graph / range "^1.2.3-alpha" / 1.2.3 (3.289647ms)
✔ package graph / range "^1.2.3-alpha" / 1.2.3+build.9 (3.239325ms)
✔ package graph / range "^1.2.3-alpha" / 1.2.4-alpha (3.11959ms)
✔ package graph / range "^1.2.3-alpha" / 1.2.4 (3.321513ms)
✔ package graph / range "^1.2.3-alpha" / 1.3.0-0 (3.200486ms)
✔ package graph / range "^1.2.3-alpha" / 1.3.0 (3.181713ms)
✔ package graph / range "^1.2.3-alpha" / 2.0.0-alpha (3.100198ms)
✔ package graph / range "^1.2.3-alpha" / 2.0.0 (3.112726ms)
✔ package graph / range "^1.2.3-alpha" / 2.3.4 (3.113237ms)
✔ package graph / range "^1.2.3-alpha" / 3.0.0 (3.179711ms)
✔ package graph / range "~1.2.3-alpha" / 0.0.0 (3.119531ms)
✔ package graph / range "~1.2.3-alpha" / 0.0.2 (3.197426ms)
✔ package graph / range "~1.2.3-alpha" / 0.0.3 (3.150827ms)
✔ package graph / range "~1.2.3-alpha" / 0.1.0 (3.233305ms)
✔ package graph / range "~1.2.3-alpha" / 0.2.3 (3.326126ms)
✔ package graph / range "~1.2.3-alpha" / 0.2.4 (3.235819ms)
✔ package graph / range "~1.2.3-alpha" / 0.3.0 (3.237166ms)
✔ package graph / range "~1.2.3-alpha" / 1.0.0 (3.208696ms)
✔ package graph / range "~1.2.3-alpha" / 1.2.0 (3.106415ms)
✔ package graph / range "~1.2.3-alpha" / 1.2.2 (3.16924ms)
✔ package graph / range "~1.2.3-alpha" / 1.2.3-0 (3.245192ms)
✔ package graph / range "~1.2.3-alpha" / 1.2.3-alpha (3.311928ms)
✔ package graph / range "~1.2.3-alpha" / 1.2.3-alpha.2 (3.235685ms)
✔ package graph / range "~1.2.3-alpha" / 1.2.3-alpha.10 (3.23697ms)
✔ package graph / range "~1.2.3-alpha" / 1.2.3-beta (3.254271ms)
✔ package graph / range "~1.2.3-alpha" / 1.2.3 (3.209975ms)
✔ package graph / range "~1.2.3-alpha" / 1.2.3+build.9 (3.206362ms)
✔ package graph / range "~1.2.3-alpha" / 1.2.4-alpha (3.421465ms)
✔ package graph / range "~1.2.3-alpha" / 1.2.4 (3.244428ms)
✔ package graph / range "~1.2.3-alpha" / 1.3.0-0 (3.153147ms)
✔ package graph / range "~1.2.3-alpha" / 1.3.0 (3.200563ms)
✔ package graph / range "~1.2.3-alpha" / 2.0.0-alpha (3.22361ms)
✔ package graph / range "~1.2.3-alpha" / 2.0.0 (3.220392ms)
✔ package graph / range "~1.2.3-alpha" / 2.3.4 (3.27815ms)
✔ package graph / range "~1.2.3-alpha" / 3.0.0 (3.282454ms)
✔ package graph / range "1.2.3-alpha.2" / 0.0.0 (3.224696ms)
✔ package graph / range "1.2.3-alpha.2" / 0.0.2 (3.173286ms)
✔ package graph / range "1.2.3-alpha.2" / 0.0.3 (3.359331ms)
✔ package graph / range "1.2.3-alpha.2" / 0.1.0 (3.329595ms)
✔ package graph / range "1.2.3-alpha.2" / 0.2.3 (3.312799ms)
✔ package graph / range "1.2.3-alpha.2" / 0.2.4 (3.256692ms)
✔ package graph / range "1.2.3-alpha.2" / 0.3.0 (3.510219ms)
✔ package graph / range "1.2.3-alpha.2" / 1.0.0 (3.262988ms)
✔ package graph / range "1.2.3-alpha.2" / 1.2.0 (3.226549ms)
✔ package graph / range "1.2.3-alpha.2" / 1.2.2 (3.097358ms)
✔ package graph / range "1.2.3-alpha.2" / 1.2.3-0 (3.225105ms)
✔ package graph / range "1.2.3-alpha.2" / 1.2.3-alpha (3.240346ms)
✔ package graph / range "1.2.3-alpha.2" / 1.2.3-alpha.2 (3.213764ms)
✔ package graph / range "1.2.3-alpha.2" / 1.2.3-alpha.10 (3.258777ms)
✔ package graph / range "1.2.3-alpha.2" / 1.2.3-beta (3.229425ms)
✔ package graph / range "1.2.3-alpha.2" / 1.2.3 (3.196385ms)
✔ package graph / range "1.2.3-alpha.2" / 1.2.3+build.9 (3.211015ms)
✔ package graph / range "1.2.3-alpha.2" / 1.2.4-alpha (3.280137ms)
✔ package graph / range "1.2.3-alpha.2" / 1.2.4 (3.23493ms)
✔ package graph / range "1.2.3-alpha.2" / 1.3.0-0 (3.332188ms)
✔ package graph / range "1.2.3-alpha.2" / 1.3.0 (3.254866ms)
✔ package graph / range "1.2.3-alpha.2" / 2.0.0-alpha (3.180782ms)
✔ package graph / range "1.2.3-alpha.2" / 2.0.0 (3.238602ms)
✔ package graph / range "1.2.3-alpha.2" / 2.3.4 (3.224933ms)
✔ package graph / range "1.2.3-alpha.2" / 3.0.0 (3.15898ms)
✔ package graph / range ">1.2.3-alpha.2" / 0.0.0 (3.173274ms)
✔ package graph / range ">1.2.3-alpha.2" / 0.0.2 (3.491231ms)
✔ package graph / range ">1.2.3-alpha.2" / 0.0.3 (3.348408ms)
✔ package graph / range ">1.2.3-alpha.2" / 0.1.0 (3.315956ms)
✔ package graph / range ">1.2.3-alpha.2" / 0.2.3 (3.345671ms)
✔ package graph / range ">1.2.3-alpha.2" / 0.2.4 (3.252229ms)
✔ package graph / range ">1.2.3-alpha.2" / 0.3.0 (3.273991ms)
✔ package graph / range ">1.2.3-alpha.2" / 1.0.0 (3.381313ms)
✔ package graph / range ">1.2.3-alpha.2" / 1.2.0 (3.64325ms)
✔ package graph / range ">1.2.3-alpha.2" / 1.2.2 (3.278973ms)
✔ package graph / range ">1.2.3-alpha.2" / 1.2.3-0 (3.243595ms)
✔ package graph / range ">1.2.3-alpha.2" / 1.2.3-alpha (3.394984ms)
✔ package graph / range ">1.2.3-alpha.2" / 1.2.3-alpha.2 (3.20452ms)
✔ package graph / range ">1.2.3-alpha.2" / 1.2.3-alpha.10 (3.38833ms)
✔ package graph / range ">1.2.3-alpha.2" / 1.2.3-beta (3.328147ms)
✔ package graph / range ">1.2.3-alpha.2" / 1.2.3 (3.296845ms)
✔ package graph / range ">1.2.3-alpha.2" / 1.2.3+build.9 (3.210163ms)
✔ package graph / range ">1.2.3-alpha.2" / 1.2.4-alpha (3.316525ms)
✔ package graph / range ">1.2.3-alpha.2" / 1.2.4 (4.342625ms)
✔ package graph / range ">1.2.3-alpha.2" / 1.3.0-0 (3.32486ms)
✔ package graph / range ">1.2.3-alpha.2" / 1.3.0 (3.287601ms)
✔ package graph / range ">1.2.3-alpha.2" / 2.0.0-alpha (3.479678ms)
✔ package graph / range ">1.2.3-alpha.2" / 2.0.0 (3.303228ms)
✔ package graph / range ">1.2.3-alpha.2" / 2.3.4 (3.213607ms)
✔ package graph / range ">1.2.3-alpha.2" / 3.0.0 (3.251352ms)
✔ package graph / range "<1.2.3-alpha.10" / 0.0.0 (3.206889ms)
✔ package graph / range "<1.2.3-alpha.10" / 0.0.2 (3.237674ms)
✔ package graph / range "<1.2.3-alpha.10" / 0.0.3 (3.180925ms)
✔ package graph / range "<1.2.3-alpha.10" / 0.1.0 (3.232424ms)
✔ package graph / range "<1.2.3-alpha.10" / 0.2.3 (3.202644ms)
✔ package graph / range "<1.2.3-alpha.10" / 0.2.4 (3.179498ms)
✔ package graph / range "<1.2.3-alpha.10" / 0.3.0 (3.243323ms)
✔ package graph / range "<1.2.3-alpha.10" / 1.0.0 (3.229385ms)
✔ package graph / range "<1.2.3-alpha.10" / 1.2.0 (3.228046ms)
✔ package graph / range "<1.2.3-alpha.10" / 1.2.2 (3.443672ms)
✔ package graph / range "<1.2.3-alpha.10" / 1.2.3-0 (3.329492ms)
✔ package graph / range "<1.2.3-alpha.10" / 1.2.3-alpha (3.222339ms)
✔ package graph / range "<1.2.3-alpha.10" / 1.2.3-alpha.2 (3.335077ms)
✔ package graph / range "<1.2.3-alpha.10" / 1.2.3-alpha.10 (3.116505ms)
✔ package graph / range "<1.2.3-alpha.10" / 1.2.3-beta (3.232018ms)
✔ package graph / range "<1.2.3-alpha.10" / 1.2.3 (3.124756ms)
✔ package graph / range "<1.2.3-alpha.10" / 1.2.3+build.9 (3.21428ms)
✔ package graph / range "<1.2.3-alpha.10" / 1.2.4-alpha (3.220236ms)
✔ package graph / range "<1.2.3-alpha.10" / 1.2.4 (3.272122ms)
✔ package graph / range "<1.2.3-alpha.10" / 1.3.0-0 (3.266956ms)
✔ package graph / range "<1.2.3-alpha.10" / 1.3.0 (3.172765ms)
✔ package graph / range "<1.2.3-alpha.10" / 2.0.0-alpha (3.152759ms)
✔ package graph / range "<1.2.3-alpha.10" / 2.0.0 (3.279767ms)
✔ package graph / range "<1.2.3-alpha.10" / 2.3.4 (3.312299ms)
✔ package graph / range "<1.2.3-alpha.10" / 3.0.0 (3.291838ms)
✔ package graph / range "1.2.3-alpha - 1.2.3" / 0.0.0 (3.164399ms)
✔ package graph / range "1.2.3-alpha - 1.2.3" / 0.0.2 (3.435369ms)
✔ package graph / range "1.2.3-alpha - 1.2.3" / 0.0.3 (3.210243ms)
✔ package graph / range "1.2.3-alpha - 1.2.3" / 0.1.0 (3.159457ms)
✔ package graph / range "1.2.3-alpha - 1.2.3" / 0.2.3 (3.128ms)
✔ package graph / range "1.2.3-alpha - 1.2.3" / 0.2.4 (3.197694ms)
✔ package graph / range "1.2.3-alpha - 1.2.3" / 0.3.0 (3.308351ms)
✔ package graph / range "1.2.3-alpha - 1.2.3" / 1.0.0 (3.136165ms)
✔ package graph / range "1.2.3-alpha - 1.2.3" / 1.2.0 (3.266562ms)
✔ package graph / range "1.2.3-alpha - 1.2.3" / 1.2.2 (3.171821ms)
✔ package graph / range "1.2.3-alpha - 1.2.3" / 1.2.3-0 (3.255547ms)
✔ package graph / range "1.2.3-alpha - 1.2.3" / 1.2.3-alpha (3.251097ms)
✔ package graph / range "1.2.3-alpha - 1.2.3" / 1.2.3-alpha.2 (3.349488ms)
✔ package graph / range "1.2.3-alpha - 1.2.3" / 1.2.3-alpha.10 (3.259194ms)
✔ package graph / range "1.2.3-alpha - 1.2.3" / 1.2.3-beta (3.313804ms)
✔ package graph / range "1.2.3-alpha - 1.2.3" / 1.2.3 (3.219066ms)
✔ package graph / range "1.2.3-alpha - 1.2.3" / 1.2.3+build.9 (3.151149ms)
✔ package graph / range "1.2.3-alpha - 1.2.3" / 1.2.4-alpha (3.333849ms)
✔ package graph / range "1.2.3-alpha - 1.2.3" / 1.2.4 (3.222452ms)
✔ package graph / range "1.2.3-alpha - 1.2.3" / 1.3.0-0 (3.215529ms)
✔ package graph / range "1.2.3-alpha - 1.2.3" / 1.3.0 (3.21224ms)
✔ package graph / range "1.2.3-alpha - 1.2.3" / 2.0.0-alpha (3.110149ms)
✔ package graph / range "1.2.3-alpha - 1.2.3" / 2.0.0 (3.286149ms)
✔ package graph / range "1.2.3-alpha - 1.2.3" / 2.3.4 (3.289364ms)
✔ package graph / range "1.2.3-alpha - 1.2.3" / 3.0.0 (3.105258ms)
✔ package graph / range ">=1.2.3-alpha <1.3" / 0.0.0 (3.175108ms)
✔ package graph / range ">=1.2.3-alpha <1.3" / 0.0.2 (3.317088ms)
✔ package graph / range ">=1.2.3-alpha <1.3" / 0.0.3 (3.308485ms)
✔ package graph / range ">=1.2.3-alpha <1.3" / 0.1.0 (3.200291ms)
✔ package graph / range ">=1.2.3-alpha <1.3" / 0.2.3 (3.352225ms)
✔ package graph / range ">=1.2.3-alpha <1.3" / 0.2.4 (3.177364ms)
✔ package graph / range ">=1.2.3-alpha <1.3" / 0.3.0 (3.213061ms)
✔ package graph / range ">=1.2.3-alpha <1.3" / 1.0.0 (3.195789ms)
✔ package graph / range ">=1.2.3-alpha <1.3" / 1.2.0 (3.175516ms)
✔ package graph / range ">=1.2.3-alpha <1.3" / 1.2.2 (3.117977ms)
✔ package graph / range ">=1.2.3-alpha <1.3" / 1.2.3-0 (3.279136ms)
✔ package graph / range ">=1.2.3-alpha <1.3" / 1.2.3-alpha (3.249752ms)
✔ package graph / range ">=1.2.3-alpha <1.3" / 1.2.3-alpha.2 (3.241058ms)
✔ package graph / range ">=1.2.3-alpha <1.3" / 1.2.3-alpha.10 (3.317155ms)
✔ package graph / range ">=1.2.3-alpha <1.3" / 1.2.3-beta (3.263272ms)
✔ package graph / range ">=1.2.3-alpha <1.3" / 1.2.3 (3.231907ms)
✔ package graph / range ">=1.2.3-alpha <1.3" / 1.2.3+build.9 (3.390861ms)
✔ package graph / range ">=1.2.3-alpha <1.3" / 1.2.4-alpha (3.180603ms)
✔ package graph / range ">=1.2.3-alpha <1.3" / 1.2.4 (3.196423ms)
✔ package graph / range ">=1.2.3-alpha <1.3" / 1.3.0-0 (3.099942ms)
✔ package graph / range ">=1.2.3-alpha <1.3" / 1.3.0 (3.123231ms)
✔ package graph / range ">=1.2.3-alpha <1.3" / 2.0.0-alpha (3.198306ms)
✔ package graph / range ">=1.2.3-alpha <1.3" / 2.0.0 (3.165222ms)
✔ package graph / range ">=1.2.3-alpha <1.3" / 2.3.4 (3.198836ms)
✔ package graph / range ">=1.2.3-alpha <1.3" / 3.0.0 (3.403483ms)
✔ package graph / range ">=1.2.3-alpha <1.2.3 || >=1.2.4-alpha <1.3" / 0.0.0 (3.16285ms)
✔ package graph / range ">=1.2.3-alpha <1.2.3 || >=1.2.4-alpha <1.3" / 0.0.2 (3.255909ms)
✔ package graph / range ">=1.2.3-alpha <1.2.3 || >=1.2.4-alpha <1.3" / 0.0.3 (3.171998ms)
✔ package graph / range ">=1.2.3-alpha <1.2.3 || >=1.2.4-alpha <1.3" / 0.1.0 (3.289395ms)
✔ package graph / range ">=1.2.3-alpha <1.2.3 || >=1.2.4-alpha <1.3" / 0.2.3 (3.264955ms)
✔ package graph / range ">=1.2.3-alpha <1.2.3 || >=1.2.4-alpha <1.3" / 0.2.4 (3.184065ms)
✔ package graph / range ">=1.2.3-alpha <1.2.3 || >=1.2.4-alpha <1.3" / 0.3.0 (3.115817ms)
✔ package graph / range ">=1.2.3-alpha <1.2.3 || >=1.2.4-alpha <1.3" / 1.0.0 (3.272512ms)
✔ package graph / range ">=1.2.3-alpha <1.2.3 || >=1.2.4-alpha <1.3" / 1.2.0 (3.171742ms)
✔ package graph / range ">=1.2.3-alpha <1.2.3 || >=1.2.4-alpha <1.3" / 1.2.2 (3.170417ms)
✔ package graph / range ">=1.2.3-alpha <1.2.3 || >=1.2.4-alpha <1.3" / 1.2.3-0 (3.137356ms)
✔ package graph / range ">=1.2.3-alpha <1.2.3 || >=1.2.4-alpha <1.3" / 1.2.3-alpha (3.211961ms)
✔ package graph / range ">=1.2.3-alpha <1.2.3 || >=1.2.4-alpha <1.3" / 1.2.3-alpha.2 (3.300902ms)
✔ package graph / range ">=1.2.3-alpha <1.2.3 || >=1.2.4-alpha <1.3" / 1.2.3-alpha.10 (3.187419ms)
✔ package graph / range ">=1.2.3-alpha <1.2.3 || >=1.2.4-alpha <1.3" / 1.2.3-beta (3.157356ms)
✔ package graph / range ">=1.2.3-alpha <1.2.3 || >=1.2.4-alpha <1.3" / 1.2.3 (3.27823ms)
✔ package graph / range ">=1.2.3-alpha <1.2.3 || >=1.2.4-alpha <1.3" / 1.2.3+build.9 (3.166389ms)
✔ package graph / range ">=1.2.3-alpha <1.2.3 || >=1.2.4-alpha <1.3" / 1.2.4-alpha (3.368936ms)
✔ package graph / range ">=1.2.3-alpha <1.2.3 || >=1.2.4-alpha <1.3" / 1.2.4 (3.18215ms)
✔ package graph / range ">=1.2.3-alpha <1.2.3 || >=1.2.4-alpha <1.3" / 1.3.0-0 (3.282464ms)
✔ package graph / range ">=1.2.3-alpha <1.2.3 || >=1.2.4-alpha <1.3" / 1.3.0 (3.234203ms)
✔ package graph / range ">=1.2.3-alpha <1.2.3 || >=1.2.4-alpha <1.3" / 2.0.0-alpha (3.153288ms)
✔ package graph / range ">=1.2.3-alpha <1.2.3 || >=1.2.4-alpha <1.3" / 2.0.0 (3.073647ms)
✔ package graph / range ">=1.2.3-alpha <1.2.3 || >=1.2.4-alpha <1.3" / 2.3.4 (3.172685ms)
✔ package graph / range ">=1.2.3-alpha <1.2.3 || >=1.2.4-alpha <1.3" / 3.0.0 (3.092523ms)
✔ package graph / range ">=1.2.3-alpha <1.2.3 || >=2.0.0" / 0.0.0 (3.320184ms)
✔ package graph / range ">=1.2.3-alpha <1.2.3 || >=2.0.0" / 0.0.2 (3.165115ms)
✔ package graph / range ">=1.2.3-alpha <1.2.3 || >=2.0.0" / 0.0.3 (3.10039ms)
✔ package graph / range ">=1.2.3-alpha <1.2.3 || >=2.0.0" / 0.1.0 (3.142533ms)
✔ package graph / range ">=1.2.3-alpha <1.2.3 || >=2.0.0" / 0.2.3 (3.114956ms)
✔ package graph / range ">=1.2.3-alpha <1.2.3 || >=2.0.0" / 0.2.4 (3.166828ms)
✔ package graph / range ">=1.2.3-alpha <1.2.3 || >=2.0.0" / 0.3.0 (3.32276ms)
✔ package graph / range ">=1.2.3-alpha <1.2.3 || >=2.0.0" / 1.0.0 (3.210144ms)
✔ package graph / range ">=1.2.3-alpha <1.2.3 || >=2.0.0" / 1.2.0 (3.216452ms)
✔ package graph / range ">=1.2.3-alpha <1.2.3 || >=2.0.0" / 1.2.2 (3.326932ms)
✔ package graph / range ">=1.2.3-alpha <1.2.3 || >=2.0.0" / 1.2.3-0 (3.205751ms)
✔ package graph / range ">=1.2.3-alpha <1.2.3 || >=2.0.0" / 1.2.3-alpha (3.374424ms)
✔ package graph / range ">=1.2.3-alpha <1.2.3 || >=2.0.0" / 1.2.3-alpha.2 (3.240797ms)
✔ package graph / range ">=1.2.3-alpha <1.2.3 || >=2.0.0" / 1.2.3-alpha.10 (3.229808ms)
✔ package graph / range ">=1.2.3-alpha <1.2.3 || >=2.0.0" / 1.2.3-beta (3.267147ms)
✔ package graph / range ">=1.2.3-alpha <1.2.3 || >=2.0.0" / 1.2.3 (3.174044ms)
✔ package graph / range ">=1.2.3-alpha <1.2.3 || >=2.0.0" / 1.2.3+build.9 (3.175587ms)
✔ package graph / range ">=1.2.3-alpha <1.2.3 || >=2.0.0" / 1.2.4-alpha (3.217323ms)
✔ package graph / range ">=1.2.3-alpha <1.2.3 || >=2.0.0" / 1.2.4 (3.177009ms)
✔ package graph / range ">=1.2.3-alpha <1.2.3 || >=2.0.0" / 1.3.0-0 (3.161795ms)
✔ package graph / range ">=1.2.3-alpha <1.2.3 || >=2.0.0" / 1.3.0 (3.100885ms)
✔ package graph / range ">=1.2.3-alpha <1.2.3 || >=2.0.0" / 2.0.0-alpha (3.393891ms)
✔ package graph / range ">=1.2.3-alpha <1.2.3 || >=2.0.0" / 2.0.0 (3.293318ms)
✔ package graph / range ">=1.2.3-alpha <1.2.3 || >=2.0.0" / 2.3.4 (3.205401ms)
✔ package graph / range ">=1.2.3-alpha <1.2.3 || >=2.0.0" / 3.0.0 (3.101068ms)
✔ package graph / invalid range 1..2 (3.178085ms)
✔ package graph / invalid range 01.2.3 (3.260774ms)
✔ package graph / invalid range 1.02.3 (3.27939ms)
✔ package graph / invalid range 1.2.03 (3.272098ms)
✔ package graph / invalid range 1.2.3.4 (3.243133ms)
✔ package graph / invalid range x.2 (3.23375ms)
✔ package graph / invalid range 1.x.3 (3.260086ms)
✔ package graph / invalid range 1.2-alpha (3.115584ms)
✔ package graph / invalid range 1.2.3- (3.112249ms)
✔ package graph / invalid range 1.2.3+ (4.394841ms)
✔ package graph / invalid range !=1.2.3 (3.346516ms)
✔ package graph / invalid range ==1.2.3 (3.276034ms)
✔ package graph / invalid range ><1.2.3 (3.092018ms)
✔ package graph / invalid range >= (3.253031ms)
✔ package graph / invalid range 1.2.3 - (3.097982ms)
✔ package graph / invalid range 1.2.3 - 2.0.0 extra (3.061944ms)
✔ package graph / invalid range 1.2.3 || nope (3.077146ms)
✔ package graph / invalid range nope || 1.2.3 (3.306597ms)
✔ package graph / workspace shortcut * / 0.0.0 (3.224612ms)
✔ package graph / workspace shortcut * / 1.2.3-alpha (3.199022ms)
✔ package graph / workspace shortcut * / 2.0.0+build (3.377971ms)
✔ package graph / workspace shortcut ^ / 0.0.0 (3.382046ms)
✔ package graph / workspace shortcut ^ / 1.2.3-alpha (3.229501ms)
✔ package graph / workspace shortcut ^ / 2.0.0+build (3.183918ms)
✔ package graph / workspace shortcut ~ / 0.0.0 (3.23656ms)
✔ package graph / workspace shortcut ~ / 1.2.3-alpha (3.168934ms)
✔ package graph / workspace shortcut ~ / 2.0.0+build (3.413741ms)
ℹ tests 1534
ℹ suites 0
ℹ pass 1534
ℹ fail 0
ℹ cancelled 0
ℹ skipped 0
ℹ todo 0
ℹ duration_ms 5076.66663
✔ watch CLI preserves published artifacts and recovers from edited invalid and missing dependencies (56310.240375ms)
ℹ tests 1
ℹ suites 0
ℹ pass 1
ℹ fail 0
ℹ cancelled 0
ℹ skipped 0
ℹ todo 0
ℹ duration_ms 56312.380736
tests/language/expressions/match/frontend.jsonl: 16 named cases
tests/language/expressions/logical_and/source.jsonl: 13 named cases
tests/language/expressions/logical_or/source.jsonl: 13 named cases
tests/language/types/logical_binary/cases.jsonl: 104 named cases
tests/standard/crypto/aes-128-gcm/encrypt.jsonl: 27 named cases
tests/standard/crypto/aes-128-gcm/decrypt.jsonl: 135 named cases
tests/standard/crypto/aes-256-gcm/encrypt.jsonl: 27 named cases
tests/standard/crypto/aes-256-gcm/decrypt.jsonl: 135 named cases
tests/standard/crypto/chacha20-poly1305/encrypt.jsonl: 27 named cases
tests/standard/crypto/chacha20-poly1305/decrypt.jsonl: 135 named cases
{
  "upstream_files": 53597,
  "metadata_files": 53597,
  "reviewed": {
    "adapted": 521,
    "excluded": 218,
    "equivalent": 103
  },
  "unreviewed": 52755,
  "catalog_cases": 63781,
  "catalog_by_runner": {
    "runtime": 46630,
    "frontend": 4973,
    "evaluation_order": 1032,
    "safety": 464,
    "module_graphs": 10446,
    "stores": 236
  },
  "linked_cases": 4129,
  "execution_status": "not measured by this audit; see zig build test results"
}
test
+- test
   +- test-nominal-origins
      +- run test 1 pass, 1 fail (2 total)
error: 'resources_test.test.legacy enum metadata cleans allocation failures across members and bindings' failed without output
failed command: ./.zig-cache/o/1b1eac5e404f008e04698a8004f4728e/test --cache-dir=./.zig-cache --seed=0x8dc0af08 --listen=-

test
+- test
   +- test-nominal-origins
      +- run test 7 pass, 3 fail (10 total)
error: 'origins_test.test.legacy default bindings instantiate separate enum identities' failed without output
error: 'origins_test.test.legacy named members retain both binding and member identity' failed without output
error: 'origins_test.test.legacy same binding name in different importers keeps distinct origins' failed without output
failed command: ./.zig-cache/o/77a36e5f855b653589f7242b11108965/test --cache-dir=./.zig-cache --seed=0x8dc0af08 --listen=-

tests/language/types/addition_conversion/cases.jsonl: 36 named cases
tests/language/types/boolean_inequality/cases.jsonl: 13 named cases
tests/language/types/operators/add.jsonl: 144 named cases
tests/language/types/operators/subtract.jsonl: 144 named cases
tests/language/types/operators/multiply.jsonl: 144 named cases
tests/language/types/operators/divide.jsonl: 144 named cases
tests/language/types/operators/remainder.jsonl: 144 named cases
tests/language/types/operators/less.jsonl: 144 named cases
tests/language/types/operators/less_equal.jsonl: 144 named cases
tests/language/types/operators/greater.jsonl: 144 named cases
tests/language/types/operators/greater_equal.jsonl: 144 named cases
tests/language/types/operators/equal.jsonl: 144 named cases
tests/language/types/operators/not_equal.jsonl: 144 named cases
tests/language/types/operators/and.jsonl: 144 named cases
tests/language/types/operators/or.jsonl: 144 named cases
tests/standard/zlib/gunzip/cases.jsonl: 83 named cases
tests/standard/zlib/inflate/cases.jsonl: 76 named cases
tests/standard/zlib/inflate_raw/cases.jsonl: 72 named cases
tests/language/expressions/comparison/bool.jsonl: 4 named cases
tests/language/expressions/comparison/string_upstream.jsonl: 6 named cases
tests/language/expressions/multiplication/f32.jsonl: 1521 named cases
tests/language/expressions/multiplication/f64.jsonl: 1521 named cases
tests/runtime/evaluation_order/subtraction.jsonl: 16 named cases
tests/language/types/subtraction_assignment/cases.jsonl: 4 named cases
tests/language/expressions/comparison/names/less.jsonl: 13 named cases
tests/language/expressions/comparison/names/greater.jsonl: 13 named cases
tests/language/expressions/comparison/names/less_equal.jsonl: 13 named cases
tests/language/expressions/comparison/names/greater_equal.jsonl: 13 named cases
tests/language/types/relational_names/cases.jsonl: 20 named cases
tests/language/expressions/modulus/whitespace.jsonl: 54 named cases
tests/language/types/modulus_whitespace/cases.jsonl: 60 named cases
tests/built_ins/list/push/owned/0/i64.jsonl: 3 named cases
tests/built_ins/list/push/owned/1/i64.jsonl: 9 named cases
tests/built_ins/list/push/owned/2/i64.jsonl: 30 named cases
tests/built_ins/list/push/owned/3/i64.jsonl: 81 named cases
tests/built_ins/list/push/owned/4/i64.jsonl: 246 named cases
tests/built_ins/list/push/owned/5/i64.jsonl: 3 named cases
tests/built_ins/list/pop/owned/0/i64.jsonl: 1 named cases
tests/built_ins/list/pop/owned/1/i64.jsonl: 3 named cases
tests/built_ins/list/pop/owned/2/i64.jsonl: 11 named cases
tests/built_ins/list/pop/owned/3/i64.jsonl: 28 named cases
tests/built_ins/list/pop/owned/4/i64.jsonl: 82 named cases
tests/built_ins/list/pop/owned/5/i64.jsonl: 1 named cases
tests/built_ins/list/reverse/owned/0/i64.jsonl: 1 named cases
tests/built_ins/list/reverse/owned/1/i64.jsonl: 3 named cases
tests/built_ins/list/reverse/owned/2/i64.jsonl: 11 named cases
tests/built_ins/list/reverse/owned/3/i64.jsonl: 28 named cases
tests/built_ins/list/reverse/owned/4/i64.jsonl: 82 named cases
tests/built_ins/list/reverse/owned/5/i64.jsonl: 1 named cases
tests/built_ins/list/sort/owned/0/i64.jsonl: 1 named cases
tests/built_ins/list/sort/owned/1/i64.jsonl: 3 named cases
tests/built_ins/list/sort/owned/2/i64.jsonl: 11 named cases
tests/built_ins/list/sort/owned/3/i64.jsonl: 28 named cases
tests/built_ins/list/sort/owned/4/i64.jsonl: 82 named cases
tests/built_ins/list/sort/owned/5/i64.jsonl: 1 named cases
tests/built_ins/list/concat/owned/0/i64.jsonl: 5 named cases
tests/built_ins/list/concat/owned/1/i64.jsonl: 15 named cases
tests/built_ins/list/concat/owned/2/i64.jsonl: 50 named cases
tests/built_ins/list/concat/owned/3/i64.jsonl: 135 named cases
tests/built_ins/list/concat/owned/4/i64.jsonl: 410 named cases
tests/built_ins/list/concat/owned/5/i64.jsonl: 5 named cases
tests/built_ins/list/concat_reverse/owned/0/i64.jsonl: 5 named cases
tests/built_ins/list/concat_reverse/owned/1/i64.jsonl: 15 named cases
tests/built_ins/list/concat_reverse/owned/2/i64.jsonl: 50 named cases
tests/built_ins/list/concat_reverse/owned/3/i64.jsonl: 135 named cases
tests/built_ins/list/concat_reverse/owned/4/i64.jsonl: 410 named cases
tests/built_ins/list/concat_reverse/owned/5/i64.jsonl: 5 named cases
tests/built_ins/list/concat_three/owned/0/i64.jsonl: 26 named cases
tests/built_ins/list/concat_three/owned/1/i64.jsonl: 50 named cases
tests/built_ins/list/concat_three/owned/2/i64.jsonl: 25 named cases
tests/built_ins/list/concat_three/owned/3/i64.jsonl: 25 named cases
tests/built_ins/list/splice/owned/0/i64.jsonl: 9 named cases
tests/built_ins/list/splice/owned/1/i64.jsonl: 60 named cases
tests/built_ins/list/splice/owned/2/i64.jsonl: 350 named cases
tests/built_ins/list/splice/owned/3/i64.jsonl: 1485 named cases
tests/built_ins/list/splice/owned/4/i64.jsonl: 6561 named cases
tests/built_ins/list/splice/owned/5/i64.jsonl: 110 named cases
tests/built_ins/list/splice_reverse/owned/0/i64.jsonl: 9 named cases
tests/built_ins/list/splice_reverse/owned/1/i64.jsonl: 20 named cases
tests/built_ins/list/splice_reverse/owned/3/i64.jsonl: 55 named cases
tests/built_ins/list/splice_reverse/owned/4/i64.jsonl: 80 named cases
tests/built_ins/list/map_double/i64.jsonl: 124 named cases
tests/built_ins/list/map_plus_ten/i64.jsonl: 124 named cases
tests/built_ins/list/map_greater_ten/i64.jsonl: 4 named cases
tests/built_ins/list/map_true/i64.jsonl: 4 named cases
tests/built_ins/list/filter_odd/i64.jsonl: 124 named cases
tests/built_ins/list/filter_true/i64.jsonl: 4 named cases
tests/built_ins/list/reduce_sum/i64.jsonl: 372 named cases
tests/built_ins/list/reduce_digits/i64.jsonl: 372 named cases
tests/built_ins/list/index/i64.jsonl: 499 named cases
tests/built_ins/list/map_index/i64.jsonl: 85 named cases
tests/built_ins/list/filter_index/i64.jsonl: 85 named cases
tests/built_ins/list/reduce_index/i64.jsonl: 255 named cases
tests/language/types/unary_plus_boundary/cases.jsonl: 16 named cases
upstream/reviews/language/expressions/unary_plus_boundary.jsonl: 3 named cases
✔ package watch / missing installation version update and offline mapping recovery (62150.702856ms)
ℹ tests 1
ℹ suites 0
ℹ pass 1
ℹ fail 0
ℹ cancelled 0
ℹ skipped 0
ℹ todo 0
ℹ duration_ms 62153.277969
✔ installed native packages / same module names with scalar control (33037.608215ms)
✔ installed native packages / same module names with distinct object ABI (33352.502184ms)
✔ installed native packages / republished scalar library is independently installable (20946.651671ms)
✔ installed native packages / republished object ABI library is independently installable (20736.812351ms)
ℹ tests 4
ℹ suites 0
ℹ pass 4
ℹ fail 0
ℹ cancelled 0
ℹ skipped 0
ℹ todo 0
ℹ duration_ms 108079.114759
tests/language/types/array_spread_errors/cases.jsonl: 4 named cases
upstream/reviews/language/expressions/array_spread_errors.jsonl: 16 named cases
✔ package workspace / no workspace (10.417845ms)
✔ package workspace / empty patterns (7.045613ms)
✔ package workspace / literal path (7.139462ms)
✔ package workspace / single segment star and sorting (7.687876ms)
✔ package workspace / globstar zero and multiple segments (7.964398ms)
✔ package workspace / globstar followed by literal (7.458986ms)
✔ package workspace / question one byte (6.619519ms)
✔ package workspace / star within segment (7.28594ms)
✔ package workspace / exclude before include (7.014876ms)
✔ package workspace / exclude after include (6.538575ms)
✔ package workspace / recursive exclusion (9.262581ms)
✔ package workspace / overlapping includes once (6.829081ms)
✔ package workspace / exclude alone includes nothing (6.939075ms)
✔ package workspace / matched directory without manifest (7.62738ms)
✔ package workspace / duplicate member names (7.360219ms)
✔ package workspace / duplicate root name (7.144518ms)
✔ package workspace / invalid member manifest (7.253814ms)
✔ package workspace / nested workspace does not rescan (6.449203ms)
✔ package workspace / directory symlink ignored (6.799792ms)
✔ package workspace / manifest symlink inside root (7.618715ms)
✔ package workspace / manifest symlink escapes root (7.675399ms)
✔ package workspace / ignore .git (7.266163ms)
✔ package workspace / ignore .zxc (7.616957ms)
✔ package workspace / ignore .zig-cache (6.884288ms)
✔ package workspace / ignore zig-out (6.145012ms)
✔ package workspace / ignore zig-pkg (6.20188ms)
✔ package workspace / ignore node_modules (7.224639ms)
✔ package workspace / unsupported pkgs/[ab] (7.109357ms)
✔ package workspace / unsupported pkgs/{a,b} (6.94286ms)
✔ package workspace / unsupported pkgs/@(a) (7.512066ms)
✔ package workspace / unsupported pkgs/a** (6.392861ms)
ℹ tests 31
ℹ suites 0
ℹ pass 31
ℹ fail 0
ℹ cancelled 0
ℹ skipped 0
ℹ todo 0
ℹ duration_ms 233.54329
tests/language/expressions/addition/grouping/f32/default.jsonl: 6 named cases
tests/language/expressions/addition/grouping/f32/left.jsonl: 6 named cases
tests/language/expressions/addition/grouping/f32/right.jsonl: 6 named cases
tests/language/expressions/addition/grouping/f64/default.jsonl: 6 named cases
tests/language/expressions/addition/grouping/f64/left.jsonl: 6 named cases
tests/language/expressions/addition/grouping/f64/right.jsonl: 6 named cases
tests/language/expressions/addition/grouping/strings.jsonl: 4 named cases
✔ native object ABI executes across generation reuse and declaration reordering (32969.678106ms)
ℹ tests 1
ℹ suites 0
ℹ pass 1
ℹ fail 0
ℹ cancelled 0
ℹ skipped 0
ℹ todo 0
ℹ duration_ms 32973.405602
✔ JSON enum / scalar accepts "First" (3.494031ms)
✔ JSON enum / scalar accepts 0 (2.125501ms)
✔ JSON enum / scalar accepts "0" (2.026339ms)
✔ JSON enum / scalar accepts "Second" (2.031254ms)
✔ JSON enum / scalar accepts 1 (1.958883ms)
✔ JSON enum / scalar accepts "1" (1.909238ms)
✔ JSON enum / scalar accepts "Third" (1.868092ms)
✔ JSON enum / scalar accepts 2 (1.846572ms)
✔ JSON enum / scalar accepts "2" (1.939924ms)
✔ JSON enum / scalar accepts null (1.846255ms)
✔ JSON enum / scalar rejects tag "first" (2.153837ms)
✔ JSON enum / scalar rejects tag "Missing" (1.819151ms)
✔ JSON enum / scalar rejects tag 3 (1.825158ms)
✔ JSON enum / scalar rejects tag -1 (1.83874ms)
✔ JSON enum / scalar rejects tag 1.5 (1.848294ms)
✔ JSON enum / scalar rejects tag "3" (1.815838ms)
✔ JSON enum / scalar rejects tag "1.0" (1.812334ms)
✔ JSON enum / scalar rejects token true (1.825299ms)
✔ JSON enum / scalar rejects token {} (1.850579ms)
✔ JSON enum / scalar rejects token [] (1.836857ms)
✔ JSON enum / nested null and empty list (2.063385ms)
✔ JSON enum / nested named values (1.858167ms)
✔ JSON enum / nested numeric values normalize to names (1.968712ms)
✔ JSON enum / nested mixed encodings (1.800263ms)
✔ JSON enum / nested missing list (1.793132ms)
✔ JSON enum / nested missing optional field (1.739807ms)
✔ JSON enum / nested unknown field (1.730382ms)
✔ JSON enum / nested null list item (1.779055ms)
✔ JSON enum / nested unknown list tag (1.808199ms)
✔ JSON enum / nested unknown optional tag (1.815076ms)
✔ JSON enum / nested invalid optional token (1.862747ms)
✔ JSON enum / nested invalid list token (1.783961ms)
ℹ tests 32
ℹ suites 0
ℹ pass 32
ℹ fail 0
ℹ cancelled 0
ℹ skipped 0
ℹ todo 0
ℹ duration_ms 13261.57674
Verification CLI: 20 scenarios passed
✔ native ABI aliases / omitted mapping exposes original declaration name (12291.91489ms)
✔ native ABI aliases / explicit alias remaps the implementation type entry (12344.3923ms)
✔ native ABI aliases / two names preserve one canonical object identity (12478.066857ms)
✔ native ABI aliases / identical duplicate mapping is idempotent (12212.756026ms)
✔ native ABI aliases / unknown declaration target rejects before publication (4.825259ms)
✔ native ABI aliases / one name cannot reference different declaration identities (4.169986ms)
✔ native ABI aliases / explicit empty mapping does not restore default names (5594.844273ms)
✔ native ABI aliases / backend failure preserves the previous executable (12486.717494ms)
✔ native ABI aliases / failed build leaves neither binary nor assembly output (5505.94253ms)
✔ native ABI aliases / backend failure preserves binary and assembly together (18426.700727ms)
ℹ tests 10
ℹ suites 0
ℹ pass 10
ℹ fail 0
ℹ cancelled 0
ℹ skipped 0
ℹ todo 0
ℹ duration_ms 91354.284307
✔ installed package integrity / content corruption rejects compilation and recovers (12375.987404ms)
✔ installed package integrity / mapping corruption rejects compilation and recovers (12918.96161ms)
ℹ tests 2
ℹ suites 0
ℹ pass 2
ℹ fail 0
ℹ cancelled 0
ℹ skipped 0
ℹ todo 0
ℹ duration_ms 25298.137842
✔ split app executes cold warm changed and disabled generation (29885.211737ms)
✔ corrupt generation files regenerate and execute correctly (13648.268504ms)
✔ generation payload stored under another key is rejected before compilation (13599.386165ms)
ℹ tests 3
ℹ suites 0
ℹ pass 3
ℹ fail 0
ℹ cancelled 0
ℹ skipped 0
ℹ todo 0
ℹ duration_ms 57136.526075
tests/language/types/equality_assignment/cases.jsonl: 8 named cases
✔ package HTTP / direct response (15.752215ms)
✔ package HTTP / chunked response (7.876117ms)
✔ package HTTP / relative redirect (7.32318ms)
✔ package HTTP / three redirects (7.41895ms)
✔ package HTTP / four redirects rejected (3.240919ms)
✔ package HTTP / redirect loop rejected (3.254413ms)
✔ package HTTP / 404 rejected (2.892139ms)
✔ package HTTP / 500 rejected (2.936091ms)
✔ package HTTP / 204 rejected (3.129891ms)
✔ package HTTP / content encoding rejected (2.952185ms)
✔ package HTTP / declared oversized body rejected (2.863875ms)
✔ package HTTP / downloaded gzip CRC rejected (3.464838ms)
✔ package HTTP / download SHA mismatch rejected (2.82907ms)
ℹ tests 13
ℹ suites 0
ℹ pass 13
ℹ fail 0
ℹ cancelled 0
ℹ skipped 0
ℹ todo 0
ℹ duration_ms 68.83079
✔ package HTTP / offline miss never requests an available archive (8.25081ms)
✔ package HTTP / four cold writers publish one verified cache and reuse it offline (14.614614ms)
ℹ tests 2
ℹ suites 0
ℹ pass 2
ℹ fail 0
ℹ cancelled 0
ℹ skipped 0
ℹ todo 0
ℹ duration_ms 25.031984
RX CLI: 11 scenarios passed
▶ embedded toolchain / isolated executable lifecycle
  ✔ embedded index without installation neighbors (4.249931ms)
  ✔ cold cache builds and runs an application (13324.546066ms)
  ✔ warm cache builds and runs the embedded standard library (6870.030852ms)
  ✔ relative cache location is rejected before building (3.924205ms)
  ✔ incomplete cache / missing marker (3.255269ms)
  ✔ incomplete cache / wrong marker (3.175661ms)
  ✔ incomplete cache / missing executable (3.049656ms)
✔ embedded toolchain / isolated executable lifecycle (20951.695637ms)
ℹ tests 8
ℹ suites 0
ℹ pass 8
ℹ fail 0
ℹ cancelled 0
ℹ skipped 0
ℹ todo 0
ℹ duration_ms 20954.995532
tests/language/types/aggregate_equality/cases.jsonl: 30 named cases
tests/runtime/evaluation_order/if_statement/nested_full.jsonl: 16 named cases
tests/runtime/evaluation_order/if_statement/nested_inner_partial.jsonl: 16 named cases
tests/runtime/evaluation_order/if_statement/nested_outer_partial.jsonl: 16 named cases
tests/runtime/evaluation_order/if_statement/nested_both_partial.jsonl: 16 named cases
tests/runtime/evaluation_order/if_statement/nested_else_if.jsonl: 16 named cases
tests/language/statements/if_nested/cases.jsonl: 15 named cases
upstream/reviews/language/statements/if_nested.jsonl: 7 named cases
✔ embedded toolchain / concurrent cold cache and stale staging (26640.235936ms)
ℹ tests 1
ℹ suites 0
ℹ pass 1
ℹ fail 0
ℹ cancelled 0
ℹ skipped 0
ℹ todo 0
ℹ duration_ms 26642.81103
✔ watch library exports remain consumable preserve user files and recover after syntax failure (6049.86497ms)
ℹ tests 1
ℹ suites 0
ℹ pass 1
ℹ fail 0
ℹ cancelled 0
ℹ skipped 0
ℹ todo 0
ℹ duration_ms 6051.935357
✔ watch discovers initially missing C header and preserves outputs through deletion and recovery (49664.950498ms)
ℹ tests 1
ℹ suites 0
ℹ pass 1
ℹ fail 0
ℹ cancelled 0
ℹ skipped 0
ℹ todo 0
ℹ duration_ms 49667.070197
tests/runtime/evaluation_order/addition.jsonl: 16 named cases
tests/language/types/addition_assignment/cases.jsonl: 4 named cases
✔ package install / outdated frozen lock preserves previous lock and mapping (22.923072ms)
✔ package install / unavailable version preserves previous lock and mapping (17.7509ms)
✔ package install / archive checksum mismatch preserves previous lock and mapping (16.931875ms)
✔ package install / archive version identity mismatch preserves previous lock and mapping (17.045466ms)
✔ package install / missing frozen lock creates no lock or mapping (5.415859ms)
ℹ tests 5
ℹ suites 0
ℹ pass 5
ℹ fail 0
ℹ cancelled 0
ℹ skipped 0
ℹ todo 0
ℹ duration_ms 83.016688
✔ package install / highest compatible transitive versions execute and recover frozen offline (32853.429297ms)
ℹ tests 1
ℹ suites 0
ℹ pass 1
ℹ fail 0
ℹ cancelled 0
ℹ skipped 0
ℹ todo 0
ℹ duration_ms 32856.053228
✔ package index / empty index (5.591269ms)
✔ package index / index preserves metadata and order (3.391148ms)
✔ package index / resolve original / * (3.022507ms)
✔ package index / resolve original / ^1.0.0 (2.918242ms)
✔ package index / resolve original / ~1.2.0 (2.959542ms)
✔ package index / resolve original / 1.2.3 (3.012152ms)
✔ package index / resolve original / =1.2.5+different (3.074132ms)
✔ package index / resolve original / 1.2 (2.861463ms)
✔ package index / resolve original / <1.3.0 (2.894293ms)
✔ package index / resolve original / >1.2.3 <1.2.5 (3.200321ms)
✔ package index / resolve original / 0.2.3 || 1.2.3 (3.071768ms)
✔ package index / resolve original / ^0.2.0 (3.001838ms)
✔ package index / resolve original / >=1.3.0-alpha.2 <1.3.0 (3.209407ms)
✔ package index / resolve original / >=2.0.0-beta <2.0.0 (2.943761ms)
✔ package index / resolve original / 1.2.3 - 1.10.0 (2.998475ms)
✔ package index / resolve original / >=3.0.0 (2.939543ms)
✔ package index / resolve original / <0.2.3 (2.986974ms)
✔ package index / resolve reverse / * (3.335914ms)
✔ package index / resolve reverse / ^1.0.0 (2.885776ms)
✔ package index / resolve reverse / ~1.2.0 (2.925841ms)
✔ package index / resolve reverse / 1.2.3 (2.922092ms)
✔ package index / resolve reverse / =1.2.5+different (2.857809ms)
✔ package index / resolve reverse / 1.2 (2.948818ms)
✔ package index / resolve reverse / <1.3.0 (2.926317ms)
✔ package index / resolve reverse / >1.2.3 <1.2.5 (2.810399ms)
✔ package index / resolve reverse / 0.2.3 || 1.2.3 (2.886946ms)
✔ package index / resolve reverse / ^0.2.0 (2.789556ms)
✔ package index / resolve reverse / >=1.3.0-alpha.2 <1.3.0 (2.84262ms)
✔ package index / resolve reverse / >=2.0.0-beta <2.0.0 (2.937661ms)
✔ package index / resolve reverse / 1.2.3 - 1.10.0 (3.001394ms)
✔ package index / resolve reverse / >=3.0.0 (2.912748ms)
✔ package index / resolve reverse / <0.2.3 (2.922693ms)
✔ package index / resolve rotated / * (3.012173ms)
✔ package index / resolve rotated / ^1.0.0 (2.903436ms)
✔ package index / resolve rotated / ~1.2.0 (2.881396ms)
✔ package index / resolve rotated / 1.2.3 (2.851445ms)
✔ package index / resolve rotated / =1.2.5+different (2.830304ms)
✔ package index / resolve rotated / 1.2 (2.895653ms)
✔ package index / resolve rotated / <1.3.0 (3.00639ms)
✔ package index / resolve rotated / >1.2.3 <1.2.5 (3.020437ms)
✔ package index / resolve rotated / 0.2.3 || 1.2.3 (3.201246ms)
✔ package index / resolve rotated / ^0.2.0 (2.785285ms)
✔ package index / resolve rotated / >=1.3.0-alpha.2 <1.3.0 (2.993235ms)
✔ package index / resolve rotated / >=2.0.0-beta <2.0.0 (2.737031ms)
✔ package index / resolve rotated / 1.2.3 - 1.10.0 (2.758063ms)
✔ package index / resolve rotated / >=3.0.0 (2.720876ms)
✔ package index / resolve rotated / <0.2.3 (2.929106ms)
✔ package index / unknown package (2.91515ms)
✔ package index / invalid range still checked for absent package (2.682894ms)
✔ package index / invalid range for present package (2.83296ms)
✔ package index / scoped package selection (2.863197ms)
✔ package index / unsupported format (2.794281ms)
✔ package index / uppercase package name (2.884906ms)
✔ package index / no releases (2.821014ms)
✔ package index / duplicate package (2.837289ms)
✔ package index / duplicate release (2.804805ms)
✔ package index / build metadata duplicate (2.870961ms)
✔ package index / invalid archive "" (2.741871ms)
✔ package index / invalid archive "file\nname" (2.90851ms)
✔ package index / invalid archive "file\rname" (2.820957ms)
✔ package index / invalid archive "file\u0000name" (2.811247ms)
✔ package index / invalid sha256 "aaaaaaaaaaaaaaaaaaaaaaaaaaaaaaaaaaaaaaaaaaaaaaaaaaaaaaaaaaaaaaa" (2.883147ms)
✔ package index / invalid sha256 "aaaaaaaaaaaaaaaaaaaaaaaaaaaaaaaaaaaaaaaaaaaaaaaaaaaaaaaaaaaaaaaaa" (2.919518ms)
✔ package index / invalid sha256 "gggggggggggggggggggggggggggggggggggggggggggggggggggggggggggggggg" (2.862218ms)
ℹ tests 64
ℹ suites 0
ℹ pass 64
ℹ fail 0
ℹ cancelled 0
ℹ skipped 0
ℹ todo 0
ℹ duration_ms 195.691623
✔ JSON integer / u64 accepts 0 (3.050945ms)
✔ JSON integer / u64 accepts "0" (2.037595ms)
✔ JSON integer / u64 accepts 0.0 (2.07519ms)
✔ JSON integer / u64 accepts 0e0 (1.978405ms)
✔ JSON integer / u64 accepts 1 (2.0059ms)
✔ JSON integer / u64 accepts "1" (1.958621ms)
✔ JSON integer / u64 accepts 1.0 (1.8293ms)
✔ JSON integer / u64 accepts 1e0 (1.922336ms)
✔ JSON integer / u64 accepts 9007199254740991 (1.906775ms)
✔ JSON integer / u64 accepts "9007199254740991" (1.907888ms)
✔ JSON integer / u64 accepts 9007199254740991.0 (1.922565ms)
✔ JSON integer / u64 accepts 9007199254740991e0 (2.082809ms)
✔ JSON integer / u64 accepts 9007199254740992 (1.794885ms)
✔ JSON integer / u64 accepts "9007199254740992" (1.811925ms)
✔ JSON integer / u64 accepts 9007199254740992.0 (1.808499ms)
✔ JSON integer / u64 accepts 9007199254740992e0 (1.756356ms)
✔ JSON integer / u64 accepts 9007199254740993 (1.851203ms)
✔ JSON integer / u64 accepts "9007199254740993" (1.878842ms)
✔ JSON integer / u64 accepts 9007199254740993.0 (1.832537ms)
✔ JSON integer / u64 accepts 9007199254740993e0 (1.729015ms)
✔ JSON integer / u64 accepts 9223372036854775808 (1.790819ms)
✔ JSON integer / u64 accepts "9223372036854775808" (1.826375ms)
✔ JSON integer / u64 accepts 9223372036854775808.0 (1.836922ms)
✔ JSON integer / u64 accepts 9223372036854775808e0 (1.835396ms)
✔ JSON integer / u64 accepts 18446744073709551614 (1.999714ms)
✔ JSON integer / u64 accepts "18446744073709551614" (1.714503ms)
✔ JSON integer / u64 accepts 18446744073709551614.0 (1.710784ms)
✔ JSON integer / u64 accepts 18446744073709551614e0 (1.716861ms)
✔ JSON integer / u64 accepts 18446744073709551615 (1.866512ms)
✔ JSON integer / u64 accepts "18446744073709551615" (1.774674ms)
✔ JSON integer / u64 accepts 18446744073709551615.0 (1.820961ms)
✔ JSON integer / u64 accepts 18446744073709551615e0 (1.862693ms)
✔ JSON integer / u64 rejects overflow -1 (1.889002ms)
✔ JSON integer / u64 rejects overflow "-1" (1.852042ms)
✔ JSON integer / u64 rejects overflow -1.0 (1.807511ms)
✔ JSON integer / u64 rejects overflow -1e0 (1.798588ms)
✔ JSON integer / u64 rejects overflow 18446744073709551616 (1.849174ms)
✔ JSON integer / u64 rejects overflow "18446744073709551616" (1.961112ms)
✔ JSON integer / u64 rejects overflow 18446744073709551616.0 (1.789984ms)
✔ JSON integer / u64 rejects overflow 18446744073709551616e0 (1.853956ms)
✔ JSON integer / u64 rejects fraction 1.5 (1.858166ms)
✔ JSON integer / u64 rejects fraction "1.5" (1.827773ms)
✔ JSON integer / u64 rejects fraction -1.5 (1.775914ms)
✔ JSON integer / u64 rejects fraction "-1.5" (1.878984ms)
✔ JSON integer / u64 rejects token null (1.976634ms)
✔ JSON integer / u64 rejects token true (1.838494ms)
✔ JSON integer / u64 rejects token {} (1.774466ms)
✔ JSON integer / u64 rejects token [] (1.903787ms)
✔ JSON integer / i64 accepts -9223372036854775808 (1.846038ms)
✔ JSON integer / i64 accepts "-9223372036854775808" (1.829222ms)
✔ JSON integer / i64 accepts -9223372036854775808.0 (1.961799ms)
✔ JSON integer / i64 accepts -9223372036854775808e0 (1.818723ms)
✔ JSON integer / i64 accepts -9223372036854775807 (1.823328ms)
✔ JSON integer / i64 accepts "-9223372036854775807" (1.800556ms)
✔ JSON integer / i64 accepts -9223372036854775807.0 (1.803163ms)
✔ JSON integer / i64 accepts -9223372036854775807e0 (1.793507ms)
✔ JSON integer / i64 accepts -9007199254740993 (1.785928ms)
✔ JSON integer / i64 accepts "-9007199254740993" (1.896558ms)
✔ JSON integer / i64 accepts -9007199254740993.0 (1.833312ms)
✔ JSON integer / i64 accepts -9007199254740993e0 (1.814179ms)
✔ JSON integer / i64 accepts -1 (1.83083ms)
✔ JSON integer / i64 accepts "-1" (1.776349ms)
✔ JSON integer / i64 accepts -1.0 (1.841944ms)
✔ JSON integer / i64 accepts -1e0 (1.833428ms)
✔ JSON integer / i64 accepts 0 (1.895646ms)
✔ JSON integer / i64 accepts "0" (1.856735ms)
✔ JSON integer / i64 accepts 0.0 (1.75428ms)
✔ JSON integer / i64 accepts 0e0 (1.840953ms)
✔ JSON integer / i64 accepts 9007199254740993 (1.813618ms)
✔ JSON integer / i64 accepts "9007199254740993" (1.832999ms)
✔ JSON integer / i64 accepts 9007199254740993.0 (1.811826ms)
✔ JSON integer / i64 accepts 9007199254740993e0 (1.833428ms)
✔ JSON integer / i64 accepts 9223372036854775806 (1.807773ms)
✔ JSON integer / i64 accepts "9223372036854775806" (1.822591ms)
✔ JSON integer / i64 accepts 9223372036854775806.0 (1.737552ms)
✔ JSON integer / i64 accepts 9223372036854775806e0 (1.83121ms)
✔ JSON integer / i64 accepts 9223372036854775807 (1.831828ms)
✔ JSON integer / i64 accepts "9223372036854775807" (1.819032ms)
✔ JSON integer / i64 accepts 9223372036854775807.0 (1.818719ms)
✔ JSON integer / i64 accepts 9223372036854775807e0 (1.773734ms)
✔ JSON integer / i64 rejects overflow -9223372036854775809 (1.848362ms)
✔ JSON integer / i64 rejects overflow "-9223372036854775809" (1.889031ms)
✔ JSON integer / i64 rejects overflow -9223372036854775809.0 (1.773957ms)
✔ JSON integer / i64 rejects overflow -9223372036854775809e0 (1.716105ms)
✔ JSON integer / i64 rejects overflow 9223372036854775808 (1.757354ms)
✔ JSON integer / i64 rejects overflow "9223372036854775808" (1.855151ms)
✔ JSON integer / i64 rejects overflow 9223372036854775808.0 (1.846675ms)
✔ JSON integer / i64 rejects overflow 9223372036854775808e0 (1.805036ms)
✔ JSON integer / i64 rejects fraction 1.5 (1.899979ms)
✔ JSON integer / i64 rejects fraction "1.5" (1.808129ms)
✔ JSON integer / i64 rejects fraction -1.5 (1.742869ms)
✔ JSON integer / i64 rejects fraction "-1.5" (1.852424ms)
✔ JSON integer / i64 rejects token null (1.832766ms)
✔ JSON integer / i64 rejects token true (1.78971ms)
✔ JSON integer / i64 rejects token {} (1.805261ms)
✔ JSON integer / i64 rejects token [] (1.838039ms)
ℹ tests 96
ℹ suites 0
ℹ pass 96
ℹ fail 0
ℹ cancelled 0
ℹ skipped 0
ℹ todo 0
ℹ duration_ms 13754.387737
✔ independent CLI processes persist reuse and execute the generated program (1444.075812ms)
✔ helper body change updates output while reusing the caller (14.444638ms)
✔ corrupted on disk entry is discarded and repaired (10.424277ms)
✔ disabled cache neither consumes nor rewrites corrupted entries (6.856962ms)
✔ cache payload stored under a different module path is discarded (7.262243ms)
ℹ tests 5
ℹ suites 0
ℹ pass 5
ℹ fail 0
ℹ cancelled 0
ℹ skipped 0
ℹ todo 0
ℹ duration_ms 1486.095198
✔ installed package scopes / transitive dependency is not a direct dependency (19.416493ms)
✔ installed package scopes / workspace root does not inherit member dependencies (14.578991ms)
✔ installed package scopes / relative import cannot cross workspace members (13.676832ms)
✔ installed package scopes / relative import cannot bypass installed archive boundary (13.889151ms)
✔ installed package scopes / explicit direct dependency grants access (12473.95418ms)
✔ installed package scopes / root alias remains relative to the importing member (12453.45225ms)
ℹ tests 6
ℹ suites 0
ℹ pass 6
ℹ fail 0
ℹ cancelled 0
ℹ skipped 0
ℹ todo 0
ℹ duration_ms 24992.064507
✔ application protocol / void input accepts no arguments (2.689717ms)
✔ application protocol / void output true branch (2.16744ms)
✔ application protocol / void output false branch (1.948905ms)
✔ application protocol / ordinary input requires an argument (1.955286ms)
✔ application protocol / ordinary input rejects two arguments (1.8864ms)
✔ application protocol / argument count checked before malformed JSON (1.826558ms)
✔ application protocol / whitespace around JSON is accepted (1.983253ms)
✔ application protocol / empty JSON is rejected (1.969247ms)
✔ application protocol / trailing JSON value is rejected (1.966577ms)
✔ application protocol / wrong case JSON literal is rejected (2.183224ms)
✔ application protocol / unterminated JSON string is rejected (1.891322ms)
✔ application protocol / index first element (1.945204ms)
✔ application protocol / index last element (1.845593ms)
✔ application protocol / empty list execution failure has no output (1.827599ms)
✔ application protocol / index at length execution failure has no output (1.886778ms)
✔ application protocol / negative index fails before execution (1.845572ms)
✔ application protocol / missing index fails before execution (1.878215ms)
✔ application protocol / object input requires an argument (1.864587ms)
✔ application protocol / void input rejects ["null"] (1.847767ms)
✔ application protocol / void input rejects ["1"] (1.916961ms)
✔ application protocol / void input rejects [""] (1.84947ms)
✔ application protocol / void input rejects ["--help"] (1.736601ms)
✔ application protocol / void input rejects ["1","2"] (2.077711ms)
✔ application protocol / bool input rejects null (1.856466ms)
✔ application protocol / bool input rejects 0 (1.813916ms)
✔ application protocol / bool input rejects "true" (1.86632ms)
✔ application protocol / bool input rejects {} (1.840502ms)
✔ application protocol / bool input rejects [] (1.812031ms)
ℹ tests 28
ℹ suites 0
ℹ pass 28
ℹ fail 0
ℹ cancelled 0
ℹ skipped 0
ℹ todo 0
ℹ duration_ms 19363.468976
Build Summary: 1681/1686 steps succeeded (2 failed); 64276/64280 tests passed (4 failed)
test transitive failure
+- run test 39 pass (39 total) 13ms MaxRSS:1M
|  +- compile test ReleaseSafe native cached 47ms MaxRSS:21M
+- test success
|  +- run test cached
|  |  +- compile test ReleaseSafe native cached 52ms MaxRSS:21M
|  +- run test zx-frontend-tests 308 pass (308 total) 23ms MaxRSS:1M
|  |  +- compile test zx-frontend-tests ReleaseSafe native success 12s MaxRSS:561M
|  |     +- WriteFile interfaces/0.d.zx cached
|  +- run test zx-integration-tests 5 pass (5 total) 4ms MaxRSS:1M
|     +- compile test zx-integration-tests ReleaseSafe native success 11s MaxRSS:507M
|        +- WriteFile interfaces/0.d.zx (reused)
+- test success
|  +- run test zx-runtime-tests 30 pass (30 total) 10ms MaxRSS:1M
|  |  +- compile test zx-runtime-tests ReleaseSafe native success 7s MaxRSS:340M
|  |     +- run exe zxc (collections.zig) success 6ms
|  |     |  +- compile exe zxc ReleaseSafe native success 58s MaxRSS:2G
|  |     |     +- WriteFile cached
|  |     |     +- compile lib yaml ReleaseSafe native cached 36ms MaxRSS:20M
|  |     |     +- compile lib yaml ReleaseSafe native (reused)
|  |     |     +- options success
|  |     |     +- run exe bundle-zig (bundle) cached
|  |     |     |  +- compile exe bundle-zig ReleaseFast native cached 44ms MaxRSS:20M
|  |     |     |  +- WriteFile bundle_manifest.json cached
|  |     |     +- WriteFile interfaces/0.d.zx (reused)
|  |     +- run exe zxc (transforms.zig) success 5ms
|  |     |  +- compile exe zxc ReleaseSafe native (+6 more reused dependencies)
|  |     +- run exe zxc (optional.zig) success 5ms
|  |     |  +- compile exe zxc ReleaseSafe native (+6 more reused dependencies)
|  |     +- run exe zxc (enums.zig) success 5ms
|  |     |  +- compile exe zxc ReleaseSafe native (+6 more reused dependencies)
|  |     +- run exe zxc (spread.zig) success 5ms
|  |     |  +- compile exe zxc ReleaseSafe native (+6 more reused dependencies)
|  |     +- run exe zxc (index.zig) success 8ms
|  |     |  +- compile exe zxc ReleaseSafe native (+6 more reused dependencies)
|  |     +- run exe zxc (modules.zig) success 4ms
|  |     |  +- compile exe zxc ReleaseSafe native (+6 more reused dependencies)
|  |     +- run exe zxc (splice.zig) success 7ms
|  |     |  +- compile exe zxc ReleaseSafe native (+6 more reused dependencies)
|  |     +- run exe zxc (arithmetic.zig) success 4ms
|  |     |  +- compile exe zxc ReleaseSafe native (+6 more reused dependencies)
|  |     +- run exe zxc (short_circuit.zig) success 7ms
|  |     |  +- compile exe zxc ReleaseSafe native (+6 more reused dependencies)
|  |     +- run exe zxc (operators.zig) success 6ms
|  |     |  +- compile exe zxc ReleaseSafe native (+6 more reused dependencies)
|  |     +- run exe zxc (control_flow.zig) success 4ms
|  |     |  +- compile exe zxc ReleaseSafe native (+6 more reused dependencies)
|  |     +- run exe zxc (aggregate_values.zig) success 4ms
|  |     |  +- compile exe zxc ReleaseSafe native (+6 more reused dependencies)
|  |     +- run exe zxc (string_values.zig) success 4ms
|  |     |  +- compile exe zxc ReleaseSafe native (+6 more reused dependencies)
|  |     +- run exe zxc (collection_boundaries.zig) success 5ms
|  |     |  +- compile exe zxc ReleaseSafe native (+6 more reused dependencies)
|  |     +- run exe zxc (void_return.zig) success 5ms
|  |     |  +- compile exe zxc ReleaseSafe native (+6 more reused dependencies)
|  |     +- run exe zxc (splice_ranges.zig) success 4ms
|  |     |  +- compile exe zxc ReleaseSafe native (+6 more reused dependencies)
|  |     +- run exe zxc (overwritten_evaluation.zig) success 10ms
|  |     |  +- compile exe zxc ReleaseSafe native (+6 more reused dependencies)
|  |     +- run exe zxc (numeric_u8.zig) success 5ms
|  |     |  +- compile exe zxc ReleaseSafe native (+6 more reused dependencies)
|  |     +- run exe zxc (numeric_u16.zig) success 7ms
|  |     |  +- compile exe zxc ReleaseSafe native (+6 more reused dependencies)
|  |     +- run exe zxc (numeric_u32.zig) success 6ms
|  |     |  +- compile exe zxc ReleaseSafe native (+6 more reused dependencies)
|  |     +- run exe zxc (numeric_u64.zig) success 8ms
|  |     |  +- compile exe zxc ReleaseSafe native (+6 more reused dependencies)
|  |     +- run exe zxc (numeric_i32.zig) success 5ms
|  |     |  +- compile exe zxc ReleaseSafe native (+6 more reused dependencies)
|  |     +- run exe zxc (numeric_i64.zig) success 6ms
|  |     |  +- compile exe zxc ReleaseSafe native (+6 more reused dependencies)
|  |     +- run exe zxc (numeric_f32.zig) success 5ms
|  |     |  +- compile exe zxc ReleaseSafe native (+6 more reused dependencies)
|  |     +- run exe zxc (numeric_f64.zig) success 7ms
|  |     |  +- compile exe zxc ReleaseSafe native (+6 more reused dependencies)
|  |     +- run exe external-generator (external.zig) success 3ms
|  |     |  +- compile exe external-generator ReleaseSafe native success 14s MaxRSS:513M
|  |     |     +- WriteFile interfaces/0.d.zx (reused)
|  |     +- run exe external-generator (external.zig) (+1 more reused dependencies)
|  |     +- run exe standard-types (standard_abi.zig) cached
|  |        +- compile exe standard-types ReleaseSafe native cached 67ms MaxRSS:21M
|  |           +- WriteFile interfaces/0.d.zx cached
|  +- run test zx-store-tests 4 pass (4 total) 3ms MaxRSS:1M
|     +- compile test zx-store-tests ReleaseSafe native success 6s MaxRSS:328M
|        +- run exe store-generator (store.zig) success 3ms
|        |  +- compile exe store-generator ReleaseSafe native success 12s MaxRSS:527M
|        |     +- WriteFile interfaces/0.d.zx (reused)
|        +- run exe standard-types (standard_abi.zig) (+1 more reused dependencies)
+- test transitive failure
   +- test-frontend success
   |  +- run test conformance-frontend 4973 pass (4973 total) 6s MaxRSS:2M
   |     +- compile test conformance-frontend ReleaseSafe native success 13s MaxRSS:594M
   |        +- run node (cases.zig) success 107ms
   |        +- WriteFile interfaces/0.d.zx (reused)
   +- test-runtime success
   |  +- run test object-construction-shorthand-duplicate 3 pass (3 total) 6ms MaxRSS:1M
   |  |  +- compile test object-construction-shorthand-duplicate ReleaseSafe native success 10s MaxRSS:374M
   |  |     +- run node (cases.zig) cached
   |  |     +- run exe zxc (program.zig) success 5ms
   |  |        +- compile exe zxc ReleaseSafe native (+6 more reused dependencies)
   |  +- run test object-construction-fields-bool_explicit 2 pass (2 total) 4ms MaxRSS:1M
   |  |  +- compile test object-construction-fields-bool_explicit ReleaseSafe native success 10s MaxRSS:368M
   |  |     +- run node (cases.zig) cached
   |  |     +- run exe zxc (program.zig) success 7ms
   |  |        +- compile exe zxc ReleaseSafe native (+6 more reused dependencies)
   |  +- run test object-construction-fields-bool_shorthand 2 pass (2 total) 5ms MaxRSS:1M
   |  |  +- compile test object-construction-fields-bool_shorthand ReleaseSafe native success 10s MaxRSS:419M
   |  |     +- run node (cases.zig) cached
   |  |     +- run exe zxc (program.zig) success 5ms
   |  |        +- compile exe zxc ReleaseSafe native (+6 more reused dependencies)
   |  +- run test object-construction-fields-number_explicit 3 pass (3 total) 5ms MaxRSS:1M
   |  |  +- compile test object-construction-fields-number_explicit ReleaseSafe native success 10s MaxRSS:371M
   |  |     +- run node (cases.zig) cached
   |  |     +- run exe zxc (program.zig) success 13ms
   |  |        +- compile exe zxc ReleaseSafe native (+6 more reused dependencies)
   |  +- run test object-construction-fields-number_shorthand 3 pass (3 total) 6ms MaxRSS:1M
   |  |  +- compile test object-construction-fields-number_shorthand ReleaseSafe native success 10s MaxRSS:363M
   |  |     +- run node (cases.zig) cached
   |  |     +- run exe zxc (program.zig) success 10ms
   |  |        +- compile exe zxc ReleaseSafe native (+6 more reused dependencies)
   |  +- run test object-construction-fields-string_explicit 3 pass (3 total) 4ms MaxRSS:1M
   |  |  +- compile test object-construction-fields-string_explicit ReleaseSafe native success 10s MaxRSS:377M
   |  |     +- run node (cases.zig) cached
   |  |     +- run exe zxc (program.zig) success 4ms
   |  |        +- compile exe zxc ReleaseSafe native (+6 more reused dependencies)
   |  +- run test object-construction-fields-string_shorthand 3 pass (3 total) 4ms MaxRSS:1M
   |  |  +- compile test object-construction-fields-string_shorthand ReleaseSafe native success 10s MaxRSS:357M
   |  |     +- run node (cases.zig) cached
   |  |     +- run exe zxc (program.zig) success 13ms
   |  |        +- compile exe zxc ReleaseSafe native (+6 more reused dependencies)
   |  +- run test object-construction-fields-optional_explicit 3 pass (3 total) 4ms MaxRSS:1M
   |  |  +- compile test object-construction-fields-optional_explicit ReleaseSafe native success 10s MaxRSS:381M
   |  |     +- run node (cases.zig) cached
   |  |     +- run exe zxc (program.zig) success 7ms
   |  |        +- compile exe zxc ReleaseSafe native (+6 more reused dependencies)
   |  +- run test object-construction-fields-optional_shorthand 3 pass (3 total) 3ms MaxRSS:1M
   |  |  +- compile test object-construction-fields-optional_shorthand ReleaseSafe native success 10s MaxRSS:370M
   |  |     +- run node (cases.zig) cached
   |  |     +- run exe zxc (program.zig) success 5ms
   |  |        +- compile exe zxc ReleaseSafe native (+6 more reused dependencies)
   |  +- run test object-construction-fields-name_undefined 2 pass (2 total) 4ms MaxRSS:1M
   |  |  +- compile test object-construction-fields-name_undefined ReleaseSafe native success 10s MaxRSS:362M
   |  |     +- run node (cases.zig) cached
   |  |     +- run exe zxc (program.zig) success 13ms
   |  |        +- compile exe zxc ReleaseSafe native (+6 more reused dependencies)
   |  +- run test object-construction-copy-prefix 4 pass (4 total) 4ms MaxRSS:1M
   |  |  +- compile test object-construction-copy-prefix ReleaseSafe native success 10s MaxRSS:363M
   |  |     +- run node (cases.zig) cached
   |  |     +- run exe zxc (program.zig) success 9ms
   |  |        +- compile exe zxc ReleaseSafe native (+6 more reused dependencies)
   |  +- run test object-construction-copy 2 pass (2 total) 5ms MaxRSS:1M
   |  |  +- compile test object-construction-copy ReleaseSafe native success 10s MaxRSS:373M
   |  |     +- run node (cases.zig) cached
   |  |     +- run exe zxc (program.zig) success 6ms
   |  |        +- compile exe zxc ReleaseSafe native (+6 more reused dependencies)
   |  +- run test object-construction-duplicate 5 pass (5 total) 4ms MaxRSS:1M
   |  |  +- compile test object-construction-duplicate ReleaseSafe native success 10s MaxRSS:377M
   |  |     +- run node (cases.zig) cached
   |  |     +- run exe zxc (program.zig) success 6ms
   |  |        +- compile exe zxc ReleaseSafe native (+6 more reused dependencies)
   |  +- run test object-construction-merge 4 pass (4 total) 4ms MaxRSS:1M
   |  |  +- compile test object-construction-merge ReleaseSafe native success 10s MaxRSS:366M
   |  |     +- run node (cases.zig) cached
   |  |     +- run exe zxc (program.zig) success 7ms
   |  |        +- compile exe zxc ReleaseSafe native (+6 more reused dependencies)
   |  +- run test object-construction-override 2 pass (2 total) 4ms MaxRSS:1M
   |  |  +- compile test object-construction-override ReleaseSafe native success 10s MaxRSS:376M
   |  |     +- run node (cases.zig) cached
   |  |     +- run exe zxc (program.zig) success 4ms
   |  |        +- compile exe zxc ReleaseSafe native (+6 more reused dependencies)
   |  +- run test array-literal-empty 1 pass (1 total) 5ms MaxRSS:1M
   |  |  +- compile test array-literal-empty ReleaseSafe native success 10s MaxRSS:369M
   |  |     +- run node (cases.zig) cached
   |  |     +- run exe zxc (program.zig) success 6ms
   |  |        +- compile exe zxc ReleaseSafe native (+6 more reused dependencies)
   |  +- run test array-literal-dense 7 pass (7 total) 4ms MaxRSS:1M
   |  |  +- compile test array-literal-dense ReleaseSafe native success 10s MaxRSS:365M
   |  |     +- run node (cases.zig) cached
   |  |     +- run exe zxc (program.zig) success 8ms
   |  |        +- compile exe zxc ReleaseSafe native (+6 more reused dependencies)
   |  +- run test array-literal-nested 13 pass (13 total) 6ms MaxRSS:1M
   |  |  +- compile test array-literal-nested ReleaseSafe native success 10s MaxRSS:370M
   |  |     +- run node (cases.zig) cached
   |  |     +- run exe zxc (program.zig) success 11ms
   |  |        +- compile exe zxc ReleaseSafe native (+6 more reused dependencies)
   |  +- run test optional-enum 16 pass (16 total) 5ms MaxRSS:1M
   |  |  +- compile test optional-enum ReleaseSafe native success 10s MaxRSS:385M
   |  |     +- run node (cases.zig) cached
   |  |     +- run exe zxc (program.zig) success 6ms
   |  |        +- compile exe zxc ReleaseSafe native (+6 more reused dependencies)
   |  +- run test optional-bits-f32 1521 pass (1521 total) 74ms MaxRSS:1M
   |  |  +- compile test optional-bits-f32 ReleaseSafe native success 11s MaxRSS:407M
   |  |     +- run node (cases.zig) cached
   |  |     +- run exe zxc (program.zig) success 18ms
   |  |        +- compile exe zxc ReleaseSafe native (+6 more reused dependencies)
   |  +- run test optional-bits-f64 1521 pass (1521 total) 67ms MaxRSS:1M
   |  |  +- compile test optional-bits-f64 ReleaseSafe native success 11s MaxRSS:395M
   |  |     +- run node (cases.zig) cached
   |  |     +- run exe zxc (program.zig) success 6ms
   |  |        +- compile exe zxc ReleaseSafe native (+6 more reused dependencies)
   |  +- run test string-storage 64 pass (64 total) 7ms MaxRSS:1M
   |  |  +- compile test string-storage ReleaseSafe native success 10s MaxRSS:374M
   |  |     +- run node (cases.zig) cached
   |  |     +- run exe zxc (program.zig) success 6ms
   |  |        +- compile exe zxc ReleaseSafe native (+6 more reused dependencies)
   |  +- run test optional-equality-u8 16 pass (16 total) 4ms MaxRSS:1M
   |  |  +- compile test optional-equality-u8 ReleaseSafe native success 10s MaxRSS:385M
   |  |     +- run node (cases.zig) cached
   |  |     +- run exe zxc (program.zig) success 4ms
   |  |        +- compile exe zxc ReleaseSafe native (+6 more reused dependencies)
   |  +- run test optional-equality-u16 16 pass (16 total) 5ms MaxRSS:1M
   |  |  +- compile test optional-equality-u16 ReleaseSafe native success 10s MaxRSS:376M
   |  |     +- run node (cases.zig) cached
   |  |     +- run exe zxc (program.zig) success 7ms
   |  |        +- compile exe zxc ReleaseSafe native (+6 more reused dependencies)
   |  +- run test optional-equality-u32 16 pass (16 total) 5ms MaxRSS:1M
   |  |  +- compile test optional-equality-u32 ReleaseSafe native success 10s MaxRSS:383M
   |  |     +- run node (cases.zig) cached
   |  |     +- run exe zxc (program.zig) success 11ms
   |  |        +- compile exe zxc ReleaseSafe native (+6 more reused dependencies)
   |  +- run test optional-equality-u64 16 pass (16 total) 5ms MaxRSS:1M
   |  |  +- compile test optional-equality-u64 ReleaseSafe native success 10s MaxRSS:378M
   |  |     +- run node (cases.zig) cached
   |  |     +- run exe zxc (program.zig) success 5ms
   |  |        +- compile exe zxc ReleaseSafe native (+6 more reused dependencies)
   |  +- run test optional-equality-i32 16 pass (16 total) 6ms MaxRSS:1M
   |  |  +- compile test optional-equality-i32 ReleaseSafe native success 10s MaxRSS:384M
   |  |     +- run node (cases.zig) cached
   |  |     +- run exe zxc (program.zig) success 13ms
   |  |        +- compile exe zxc ReleaseSafe native (+6 more reused dependencies)
   |  +- run test optional-equality-i64 16 pass (16 total) 4ms MaxRSS:1M
   |  |  +- compile test optional-equality-i64 ReleaseSafe native success 10s MaxRSS:372M
   |  |     +- run node (cases.zig) cached
   |  |     +- run exe zxc (program.zig) success 6ms
   |  |        +- compile exe zxc ReleaseSafe native (+6 more reused dependencies)
   |  +- run test optional-equality-f32 16 pass (16 total) 5ms MaxRSS:1M
   |  |  +- compile test optional-equality-f32 ReleaseSafe native success 10s MaxRSS:385M
   |  |     +- run node (cases.zig) cached
   |  |     +- run exe zxc (program.zig) success 5ms
   |  |        +- compile exe zxc ReleaseSafe native (+6 more reused dependencies)
   |  +- run test optional-equality-f64 16 pass (16 total) 5ms MaxRSS:1M
   |  |  +- compile test optional-equality-f64 ReleaseSafe native success 10s MaxRSS:366M
   |  |     +- run node (cases.zig) cached
   |  |     +- run exe zxc (program.zig) success 6ms
   |  |        +- compile exe zxc ReleaseSafe native (+6 more reused dependencies)
   |  +- run test optional-equality-bool 9 pass (9 total) 5ms MaxRSS:1M
   |  |  +- compile test optional-equality-bool ReleaseSafe native success 9s MaxRSS:358M
   |  |     +- run node (cases.zig) cached
   |  |     +- run exe zxc (program.zig) success 5ms
   |  |        +- compile exe zxc ReleaseSafe native (+6 more reused dependencies)
   |  +- run test optional-equality-string 25 pass (25 total) 4ms MaxRSS:1M
   |  |  +- compile test optional-equality-string ReleaseSafe native success 10s MaxRSS:371M
   |  |     +- run node (cases.zig) cached
   |  |     +- run exe zxc (program.zig) success 7ms
   |  |        +- compile exe zxc ReleaseSafe native (+6 more reused dependencies)
   |  +- run test optional-equality-object 3 pass (3 total) 5ms MaxRSS:1M
   |  |  +- compile test optional-equality-object ReleaseSafe native success 10s MaxRSS:376M
   |  |     +- run node (cases.zig) cached
   |  |     +- run exe zxc (program.zig) success 6ms
   |  |        +- compile exe zxc ReleaseSafe native (+6 more reused dependencies)
   |  +- run test optional-equality-list 4 pass (4 total) 5ms MaxRSS:1M
   |  |  +- compile test optional-equality-list ReleaseSafe native success 10s MaxRSS:380M
   |  |     +- run node (cases.zig) cached
   |  |     +- run exe zxc (program.zig) success 9ms
   |  |        +- compile exe zxc ReleaseSafe native (+6 more reused dependencies)
   |  +- run test optional-equality-tuple 3 pass (3 total) 4ms MaxRSS:1M
   |  |  +- compile test optional-equality-tuple ReleaseSafe native success 10s MaxRSS:367M
   |  |     +- run node (cases.zig) cached
   |  |     +- run exe zxc (program.zig) success 19ms
   |  |        +- compile exe zxc ReleaseSafe native (+6 more reused dependencies)
   |  +- run test equality-whitespace-equal 36 pass (36 total) 5ms MaxRSS:1M
   |  |  +- compile test equality-whitespace-equal ReleaseSafe native success 10s MaxRSS:364M
   |  |     +- run node (cases.zig) cached
   |  |     +- run exe zxc (program.zig) success 10ms
   |  |        +- compile exe zxc ReleaseSafe native (+6 more reused dependencies)
   |  +- run test equality-whitespace-not_equal 36 pass (36 total) 5ms MaxRSS:1M
   |  |  +- compile test equality-whitespace-not_equal ReleaseSafe native success 10s MaxRSS:383M
   |  |     +- run node (cases.zig) cached
   |  |     +- run exe zxc (program.zig) success 10ms
   |  |        +- compile exe zxc ReleaseSafe native (+6 more reused dependencies)
   |  +- run test equality-names-equal 13 pass (13 total) 5ms MaxRSS:1M
   |  |  +- compile test equality-names-equal ReleaseSafe native success 10s MaxRSS:372M
   |  |     +- run node (cases.zig) cached
   |  |     +- run exe zxc (program.zig) success 5ms
   |  |        +- compile exe zxc ReleaseSafe native (+6 more reused dependencies)
   |  +- run test equality-names-not_equal 13 pass (13 total) 5ms MaxRSS:1M
   |  |  +- compile test equality-names-not_equal ReleaseSafe native success 10s MaxRSS:375M
   |  |     +- run node (cases.zig) cached
   |  |     +- run exe zxc (program.zig) success 5ms
   |  |        +- compile exe zxc ReleaseSafe native (+6 more reused dependencies)
   |  +- run test match-ownership-owned 6 pass (6 total) 4ms MaxRSS:1M
   |  |  +- compile test match-ownership-owned ReleaseSafe native success 10s MaxRSS:364M
   |  |     +- run node (cases.zig) cached
   |  |     +- run exe zxc (program.zig) success 10ms
   |  |        +- compile exe zxc ReleaseSafe native (+6 more reused dependencies)
   |  +- run test match-ownership-mixed_read 18 pass (18 total) 5ms MaxRSS:1M
   |  |  +- compile test match-ownership-mixed_read ReleaseSafe native success 9s MaxRSS:363M
   |  |     +- run node (cases.zig) cached
   |  |     +- run exe zxc (program.zig) success 6ms
   |  |        +- compile exe zxc ReleaseSafe native (+6 more reused dependencies)
   |  +- run test match-modules-canonical 4 pass (4 total) 3ms MaxRSS:1M
   |  |  +- compile test match-modules-canonical ReleaseSafe native success 10s MaxRSS:377M
   |  |     +- run node (cases.zig) cached
   |  |     +- run exe zxc (program.zig) success 7ms
   |  |        +- compile exe zxc ReleaseSafe native (+6 more reused dependencies)
   |  +- run test match-modules-reordered 4 pass (4 total) 5ms MaxRSS:1M
   |  |  +- compile test match-modules-reordered ReleaseSafe native success 10s MaxRSS:383M
   |  |     +- run node (cases.zig) cached
   |  |     +- run exe zxc (program.zig) success 9ms
   |  |        +- compile exe zxc ReleaseSafe native (+6 more reused dependencies)
   |  +- run test match-modules-shared_pattern 4 pass (4 total) 6ms MaxRSS:1M
   |  |  +- compile test match-modules-shared_pattern ReleaseSafe native success 10s MaxRSS:368M
   |  |     +- run node (cases.zig) cached
   |  |     +- run exe zxc (program.zig) success 10ms
   |  |        +- compile exe zxc ReleaseSafe native (+6 more reused dependencies)
   |  +- run test match-modules-lazy 6 pass (6 total) 5ms MaxRSS:1M
   |  |  +- compile test match-modules-lazy ReleaseSafe native success 10s MaxRSS:374M
   |  |     +- run node (cases.zig) cached
   |  |     +- run exe zxc (program.zig) success 8ms
   |  |        +- compile exe zxc ReleaseSafe native (+6 more reused dependencies)
   |  +- run test relational-names-less 13 pass (13 total) 6ms MaxRSS:1M
   |  |  +- compile test relational-names-less ReleaseSafe native success 10s MaxRSS:383M
   |  |     +- run node (cases.zig) cached
   |  |     +- run exe zxc (program.zig) success 4ms
   |  |        +- compile exe zxc ReleaseSafe native (+6 more reused dependencies)
   |  +- run test relational-names-greater 13 pass (13 total) 5ms MaxRSS:1M
   |  |  +- compile test relational-names-greater ReleaseSafe native success 10s MaxRSS:385M
   |  |     +- run node (cases.zig) cached
   |  |     +- run exe zxc (program.zig) success 12ms
   |  |        +- compile exe zxc ReleaseSafe native (+6 more reused dependencies)
   |  +- run test relational-names-less_equal 13 pass (13 total) 6ms MaxRSS:1M
   |  |  +- compile test relational-names-less_equal ReleaseSafe native success 10s MaxRSS:373M
   |  |     +- run node (cases.zig) cached
   |  |     +- run exe zxc (program.zig) success 6ms
   |  |        +- compile exe zxc ReleaseSafe native (+6 more reused dependencies)
   |  +- run test relational-names-greater_equal 13 pass (13 total) 5ms MaxRSS:1M
   |  |  +- compile test relational-names-greater_equal ReleaseSafe native success 10s MaxRSS:374M
   |  |     +- run node (cases.zig) cached
   |  |     +- run exe zxc (program.zig) success 6ms
   |  |        +- compile exe zxc ReleaseSafe native (+6 more reused dependencies)
   |  +- run test relational-source 32 pass (32 total) 4ms MaxRSS:1M
   |  |  +- compile test relational-source ReleaseSafe native success 10s MaxRSS:362M
   |  |     +- run node (cases.zig) cached
   |  |     +- run exe zxc (program.zig) success 6ms
   |  |        +- compile exe zxc ReleaseSafe native (+6 more reused dependencies)
   |  +- run test division-f32 1225 pass (1225 total) 81ms MaxRSS:1M
   |  |  +- compile test division-f32 ReleaseSafe native success 11s MaxRSS:391M
   |  |     +- run node (cases.zig) cached
   |  |     +- run exe zxc (program.zig) success 6ms
   |  |        +- compile exe zxc ReleaseSafe native (+6 more reused dependencies)
   |  +- run test division-f64 1225 pass (1225 total) 36ms MaxRSS:1M
   |  |  +- compile test division-f64 ReleaseSafe native success 10s MaxRSS:388M
   |  |     +- run node (cases.zig) cached
   |  |     +- run exe zxc (program.zig) success 4ms
   |  |        +- compile exe zxc ReleaseSafe native (+6 more reused dependencies)
   |  +- run test logical-and 46 pass (46 total) 4ms MaxRSS:1M
   |  |  +- compile test logical-and ReleaseSafe native success 10s MaxRSS:366M
   |  |     +- run node (cases.zig) cached
   |  |     +- run exe zxc (program.zig) success 4ms
   |  |        +- compile exe zxc ReleaseSafe native (+6 more reused dependencies)
   |  +- run test logical-or 46 pass (46 total) 6ms MaxRSS:1M
   |  |  +- compile test logical-or ReleaseSafe native success 10s MaxRSS:371M
   |  |     +- run node (cases.zig) cached
   |  |     +- run exe zxc (program.zig) success 5ms
   |  |        +- compile exe zxc ReleaseSafe native (+6 more reused dependencies)
   |  +- run test logical-and-nested 92 pass (92 total) 5ms MaxRSS:1M
   |  |  +- compile test logical-and-nested ReleaseSafe native success 10s MaxRSS:363M
   |  |     +- run node (cases.zig) cached
   |  |     +- run exe zxc (program.zig) success 15ms
   |  |        +- compile exe zxc ReleaseSafe native (+6 more reused dependencies)
   |  +- run test logical-or-nested 92 pass (92 total) 5ms MaxRSS:1M
   |  |  +- compile test logical-or-nested ReleaseSafe native success 10s MaxRSS:369M
   |  |     +- run node (cases.zig) cached
   |  |     +- run exe zxc (program.zig) success 5ms
   |  |        +- compile exe zxc ReleaseSafe native (+6 more reused dependencies)
   |  +- run test conditional-yes 46 pass (46 total) 5ms MaxRSS:1M
   |  |  +- compile test conditional-yes ReleaseSafe native success 10s MaxRSS:384M
   |  |     +- run node (cases.zig) cached
   |  |     +- run exe zxc (program.zig) success 6ms
   |  |        +- compile exe zxc ReleaseSafe native (+6 more reused dependencies)
   |  +- run test conditional-no 46 pass (46 total) 6ms MaxRSS:1M
   |  |  +- compile test conditional-no ReleaseSafe native success 10s MaxRSS:387M
   |  |     +- run node (cases.zig) cached
   |  |     +- run exe zxc (program.zig) success 15ms
   |  |        +- compile exe zxc ReleaseSafe native (+6 more reused dependencies)
   |  +- run test coalesce 92 pass (92 total) 6ms MaxRSS:1M
   |  |  +- compile test coalesce ReleaseSafe native success 10s MaxRSS:371M
   |  |     +- run node (cases.zig) cached
   |  |     +- run exe zxc (program.zig) success 6ms
   |  |        +- compile exe zxc ReleaseSafe native (+6 more reused dependencies)
   |  +- run test numeric-literals-u64 12 pass (12 total) 5ms MaxRSS:1M
   |  |  +- compile test numeric-literals-u64 ReleaseSafe native success 10s MaxRSS:369M
   |  |     +- run node (cases.zig) cached
   |  |     +- run exe zxc (program.zig) success 8ms
   |  |        +- compile exe zxc ReleaseSafe native (+6 more reused dependencies)
   |  +- run test numeric-literals-f64 3 pass (3 total) 4ms MaxRSS:1M
   |  |  +- compile test numeric-literals-f64 ReleaseSafe native success 10s MaxRSS:377M
   |  |     +- run node (cases.zig) cached
   |  |     +- run exe zxc (program.zig) success 5ms
   |  |        +- compile exe zxc ReleaseSafe native (+6 more reused dependencies)
   |  +- run test list-push-owned-0 3 pass (3 total) 4ms MaxRSS:1M
   |  |  +- compile test list-push-owned-0 ReleaseSafe native success 10s MaxRSS:368M
   |  |     +- run node (cases.zig) cached
   |  |     +- run exe zxc (program.zig) success 11ms
   |  |        +- compile exe zxc ReleaseSafe native (+6 more reused dependencies)
   |  +- run test list-push-owned-1 9 pass (9 total) 5ms MaxRSS:1M
   |  |  +- compile test list-push-owned-1 ReleaseSafe native success 10s MaxRSS:377M
   |  |     +- run node (cases.zig) cached
   |  |     +- run exe zxc (program.zig) success 7ms
   |  |        +- compile exe zxc ReleaseSafe native (+6 more reused dependencies)
   |  +- run test list-push-owned-2 30 pass (30 total) 6ms MaxRSS:1M
   |  |  +- compile test list-push-owned-2 ReleaseSafe native success 9s MaxRSS:366M
   |  |     +- run node (cases.zig) cached
   |  |     +- run exe zxc (program.zig) success 5ms
   |  |        +- compile exe zxc ReleaseSafe native (+6 more reused dependencies)
   |  +- run test list-push-owned-3 81 pass (81 total) 7ms MaxRSS:1M
   |  |  +- compile test list-push-owned-3 ReleaseSafe native success 10s MaxRSS:385M
   |  |     +- run node (cases.zig) cached
   |  |     +- run exe zxc (program.zig) success 7ms
   |  |        +- compile exe zxc ReleaseSafe native (+6 more reused dependencies)
   |  +- run test list-push-owned-4 246 pass (246 total) 11ms MaxRSS:1M
   |  |  +- compile test list-push-owned-4 ReleaseSafe native success 10s MaxRSS:365M
   |  |     +- run node (cases.zig) cached
   |  |     +- run exe zxc (program.zig) success 6ms
   |  |        +- compile exe zxc ReleaseSafe native (+6 more reused dependencies)
   |  +- run test list-push-owned-5 3 pass (3 total) 4ms MaxRSS:1M
   |  |  +- compile test list-push-owned-5 ReleaseSafe native success 10s MaxRSS:374M
   |  |     +- run node (cases.zig) cached
   |  |     +- run exe zxc (program.zig) success 7ms
   |  |        +- compile exe zxc ReleaseSafe native (+6 more reused dependencies)
   |  +- run test list-pop-owned-0 1 pass (1 total) 4ms MaxRSS:1M
   |  |  +- compile test list-pop-owned-0 ReleaseSafe native success 10s MaxRSS:363M
   |  |     +- run node (cases.zig) cached
   |  |     +- run exe zxc (program.zig) success 10ms
   |  |        +- compile exe zxc ReleaseSafe native (+6 more reused dependencies)
   |  +- run test list-pop-owned-1 3 pass (3 total) 3ms MaxRSS:1M
   |  |  +- compile test list-pop-owned-1 ReleaseSafe native success 10s MaxRSS:383M
   |  |     +- run node (cases.zig) cached
   |  |     +- run exe zxc (program.zig) success 8ms
   |  |        +- compile exe zxc ReleaseSafe native (+6 more reused dependencies)
   |  +- run test list-pop-owned-2 11 pass (11 total) 4ms MaxRSS:1M
   |  |  +- compile test list-pop-owned-2 ReleaseSafe native success 10s MaxRSS:381M
   |  |     +- run node (cases.zig) cached
   |  |     +- run exe zxc (program.zig) success 7ms
   |  |        +- compile exe zxc ReleaseSafe native (+6 more reused dependencies)
   |  +- run test list-pop-owned-3 28 pass (28 total) 6ms MaxRSS:1M
   |  |  +- compile test list-pop-owned-3 ReleaseSafe native success 10s MaxRSS:383M
   |  |     +- run node (cases.zig) cached
   |  |     +- run exe zxc (program.zig) success 6ms
   |  |        +- compile exe zxc ReleaseSafe native (+6 more reused dependencies)
   |  +- run test list-pop-owned-4 82 pass (82 total) 7ms MaxRSS:1M
   |  |  +- compile test list-pop-owned-4 ReleaseSafe native success 10s MaxRSS:373M
   |  |     +- run node (cases.zig) cached
   |  |     +- run exe zxc (program.zig) success 8ms
   |  |        +- compile exe zxc ReleaseSafe native (+6 more reused dependencies)
   |  +- run test list-pop-owned-5 1 pass (1 total) 3ms MaxRSS:1M
   |  |  +- compile test list-pop-owned-5 ReleaseSafe native success 10s MaxRSS:384M
   |  |     +- run node (cases.zig) cached
   |  |     +- run exe zxc (program.zig) success 5ms
   |  |        +- compile exe zxc ReleaseSafe native (+6 more reused dependencies)
   |  +- run test list-reverse-owned-0 1 pass (1 total) 3ms MaxRSS:1M
   |  |  +- compile test list-reverse-owned-0 ReleaseSafe native success 10s MaxRSS:367M
   |  |     +- run node (cases.zig) cached
   |  |     +- run exe zxc (program.zig) success 5ms
   |  |        +- compile exe zxc ReleaseSafe native (+6 more reused dependencies)
   |  +- run test list-reverse-owned-1 3 pass (3 total) 5ms MaxRSS:1M
   |  |  +- compile test list-reverse-owned-1 ReleaseSafe native success 10s MaxRSS:372M
   |  |     +- run node (cases.zig) cached
   |  |     +- run exe zxc (program.zig) success 10ms
   |  |        +- compile exe zxc ReleaseSafe native (+6 more reused dependencies)
   |  +- run test list-reverse-owned-2 11 pass (11 total) 5ms MaxRSS:1M
   |  |  +- compile test list-reverse-owned-2 ReleaseSafe native success 10s MaxRSS:376M
   |  |     +- run node (cases.zig) cached
   |  |     +- run exe zxc (program.zig) success 8ms
   |  |        +- compile exe zxc ReleaseSafe native (+6 more reused dependencies)
   |  +- run test list-reverse-owned-3 28 pass (28 total) 4ms MaxRSS:1M
   |  |  +- compile test list-reverse-owned-3 ReleaseSafe native success 10s MaxRSS:367M
   |  |     +- run node (cases.zig) cached
   |  |     +- run exe zxc (program.zig) success 6ms
   |  |        +- compile exe zxc ReleaseSafe native (+6 more reused dependencies)
   |  +- run test list-reverse-owned-4 82 pass (82 total) 6ms MaxRSS:1M
   |  |  +- compile test list-reverse-owned-4 ReleaseSafe native success 10s MaxRSS:382M
   |  |     +- run node (cases.zig) cached
   |  |     +- run exe zxc (program.zig) success 5ms
   |  |        +- compile exe zxc ReleaseSafe native (+6 more reused dependencies)
   |  +- run test list-reverse-owned-5 1 pass (1 total) 3ms MaxRSS:1M
   |  |  +- compile test list-reverse-owned-5 ReleaseSafe native success 10s MaxRSS:377M
   |  |     +- run node (cases.zig) cached
   |  |     +- run exe zxc (program.zig) success 5ms
   |  |        +- compile exe zxc ReleaseSafe native (+6 more reused dependencies)
   |  +- run test list-sort-owned-0 1 pass (1 total) 4ms MaxRSS:1M
   |  |  +- compile test list-sort-owned-0 ReleaseSafe native success 10s MaxRSS:374M
   |  |     +- run node (cases.zig) cached
   |  |     +- run exe zxc (program.zig) success 7ms
   |  |        +- compile exe zxc ReleaseSafe native (+6 more reused dependencies)
   |  +- run test list-sort-owned-1 3 pass (3 total) 3ms MaxRSS:1M
   |  |  +- compile test list-sort-owned-1 ReleaseSafe native success 10s MaxRSS:381M
   |  |     +- run node (cases.zig) cached
   |  |     +- run exe zxc (program.zig) success 15ms
   |  |        +- compile exe zxc ReleaseSafe native (+6 more reused dependencies)
   |  +- run test list-sort-owned-2 11 pass (11 total) 5ms MaxRSS:1M
   |  |  +- compile test list-sort-owned-2 ReleaseSafe native success 9s MaxRSS:359M
   |  |     +- run node (cases.zig) cached
   |  |     +- run exe zxc (program.zig) success 5ms
   |  |        +- compile exe zxc ReleaseSafe native (+6 more reused dependencies)
   |  +- run test list-sort-owned-3 28 pass (28 total) 6ms MaxRSS:1M
   |  |  +- compile test list-sort-owned-3 ReleaseSafe native success 10s MaxRSS:383M
   |  |     +- run node (cases.zig) cached
   |  |     +- run exe zxc (program.zig) success 10ms
   |  |        +- compile exe zxc ReleaseSafe native (+6 more reused dependencies)
   |  +- run test list-sort-owned-4 82 pass (82 total) 9ms MaxRSS:1M
   |  |  +- compile test list-sort-owned-4 ReleaseSafe native success 10s MaxRSS:387M
   |  |     +- run node (cases.zig) cached
   |  |     +- run exe zxc (program.zig) success 5ms
   |  |        +- compile exe zxc ReleaseSafe native (+6 more reused dependencies)
   |  +- run test list-sort-owned-5 1 pass (1 total) 6ms MaxRSS:1M
   |  |  +- compile test list-sort-owned-5 ReleaseSafe native success 10s MaxRSS:383M
   |  |     +- run node (cases.zig) cached
   |  |     +- run exe zxc (program.zig) success 10ms
   |  |        +- compile exe zxc ReleaseSafe native (+6 more reused dependencies)
   |  +- run test list-concat-owned-0 5 pass (5 total) 4ms MaxRSS:1M
   |  |  +- compile test list-concat-owned-0 ReleaseSafe native success 9s MaxRSS:365M
   |  |     +- run node (cases.zig) cached
   |  |     +- run exe zxc (program.zig) success 6ms
   |  |        +- compile exe zxc ReleaseSafe native (+6 more reused dependencies)
   |  +- run test list-concat-owned-1 15 pass (15 total) 5ms MaxRSS:1M
   |  |  +- compile test list-concat-owned-1 ReleaseSafe native success 10s MaxRSS:375M
   |  |     +- run node (cases.zig) cached
   |  |     +- run exe zxc (program.zig) success 8ms
   |  |        +- compile exe zxc ReleaseSafe native (+6 more reused dependencies)
   |  +- run test list-concat-owned-2 50 pass (50 total) 6ms MaxRSS:1M
   |  |  +- compile test list-concat-owned-2 ReleaseSafe native success 10s MaxRSS:393M
   |  |     +- run node (cases.zig) cached
   |  |     +- run exe zxc (program.zig) success 5ms
   |  |        +- compile exe zxc ReleaseSafe native (+6 more reused dependencies)
   |  +- run test list-concat-owned-3 135 pass (135 total) 10ms MaxRSS:1M
   |  |  +- compile test list-concat-owned-3 ReleaseSafe native success 10s MaxRSS:388M
   |  |     +- run node (cases.zig) cached
   |  |     +- run exe zxc (program.zig) success 8ms
   |  |        +- compile exe zxc ReleaseSafe native (+6 more reused dependencies)
   |  +- run test list-concat-owned-4 410 pass (410 total) 20ms MaxRSS:1M
   |  |  +- compile test list-concat-owned-4 ReleaseSafe native success 10s MaxRSS:385M
   |  |     +- run node (cases.zig) cached
   |  |     +- run exe zxc (program.zig) success 6ms
   |  |        +- compile exe zxc ReleaseSafe native (+6 more reused dependencies)
   |  +- run test list-concat-owned-5 5 pass (5 total) 5ms MaxRSS:1M
   |  |  +- compile test list-concat-owned-5 ReleaseSafe native success 10s MaxRSS:368M
   |  |     +- run node (cases.zig) cached
   |  |     +- run exe zxc (program.zig) success 13ms
   |  |        +- compile exe zxc ReleaseSafe native (+6 more reused dependencies)
   |  +- run test list-concat_reverse-owned-0 5 pass (5 total) 3ms MaxRSS:1M
   |  |  +- compile test list-concat_reverse-owned-0 ReleaseSafe native success 10s MaxRSS:382M
   |  |     +- run node (cases.zig) cached
   |  |     +- run exe zxc (program.zig) success 5ms
   |  |        +- compile exe zxc ReleaseSafe native (+6 more reused dependencies)
   |  +- run test list-concat_reverse-owned-1 15 pass (15 total) 4ms MaxRSS:1M
   |  |  +- compile test list-concat_reverse-owned-1 ReleaseSafe native success 10s MaxRSS:413M
   |  |     +- run node (cases.zig) cached
   |  |     +- run exe zxc (program.zig) success 6ms
   |  |        +- compile exe zxc ReleaseSafe native (+6 more reused dependencies)
   |  +- run test list-concat_reverse-owned-2 50 pass (50 total) 6ms MaxRSS:1M
   |  |  +- compile test list-concat_reverse-owned-2 ReleaseSafe native success 10s MaxRSS:379M
   |  |     +- run node (cases.zig) cached
   |  |     +- run exe zxc (program.zig) success 14ms
   |  |        +- compile exe zxc ReleaseSafe native (+6 more reused dependencies)
   |  +- run test list-concat_reverse-owned-3 135 pass (135 total) 10ms MaxRSS:1M
   |  |  +- compile test list-concat_reverse-owned-3 ReleaseSafe native success 10s MaxRSS:390M
   |  |     +- run node (cases.zig) cached
   |  |     +- run exe zxc (program.zig) success 8ms
   |  |        +- compile exe zxc ReleaseSafe native (+6 more reused dependencies)
   |  +- run test list-concat_reverse-owned-4 410 pass (410 total) 21ms MaxRSS:1M
   |  |  +- compile test list-concat_reverse-owned-4 ReleaseSafe native success 11s MaxRSS:382M
   |  |     +- run node (cases.zig) cached
   |  |     +- run exe zxc (program.zig) success 7ms
   |  |        +- compile exe zxc ReleaseSafe native (+6 more reused dependencies)
   |  +- run test list-concat_reverse-owned-5 5 pass (5 total) 3ms MaxRSS:1M
   |  |  +- compile test list-concat_reverse-owned-5 ReleaseSafe native success 10s MaxRSS:378M
   |  |     +- run node (cases.zig) cached
   |  |     +- run exe zxc (program.zig) success 9ms
   |  |        +- compile exe zxc ReleaseSafe native (+6 more reused dependencies)
   |  +- run test list-splice-owned-0 9 pass (9 total) 5ms MaxRSS:1M
   |  |  +- compile test list-splice-owned-0 ReleaseSafe native success 10s MaxRSS:389M
   |  |     +- run node (cases.zig) cached
   |  |     +- run exe zxc (program.zig) success 5ms
   |  |        +- compile exe zxc ReleaseSafe native (+6 more reused dependencies)
   |  +- run test list-splice-owned-1 60 pass (60 total) 6ms MaxRSS:1M
   |  |  +- compile test list-splice-owned-1 ReleaseSafe native success 10s MaxRSS:376M
   |  |     +- run node (cases.zig) cached
   |  |     +- run exe zxc (program.zig) success 12ms
   |  |        +- compile exe zxc ReleaseSafe native (+6 more reused dependencies)
   |  +- run test list-splice-owned-2 350 pass (350 total) 11ms MaxRSS:1M
   |  |  +- compile test list-splice-owned-2 ReleaseSafe native success 10s MaxRSS:384M
   |  |     +- run node (cases.zig) cached
   |  |     +- run exe zxc (program.zig) success 10ms
   |  |        +- compile exe zxc ReleaseSafe native (+6 more reused dependencies)
   |  +- run test list-splice-owned-3 1485 pass (1485 total) 76ms MaxRSS:1M
   |  |  +- compile test list-splice-owned-3 ReleaseSafe native success 11s MaxRSS:413M
   |  |     +- run node (cases.zig) cached
   |  |     +- run exe zxc (program.zig) success 6ms
   |  |        +- compile exe zxc ReleaseSafe native (+6 more reused dependencies)
   |  +- run test list-splice-owned-4 6561 pass (6561 total) 292ms MaxRSS:3M
   |  |  +- compile test list-splice-owned-4 ReleaseSafe native success 15s MaxRSS:547M
   |  |     +- run node (cases.zig) cached
   |  |     +- run exe zxc (program.zig) success 7ms
   |  |        +- compile exe zxc ReleaseSafe native (+6 more reused dependencies)
   |  +- run test list-splice-owned-5 110 pass (110 total) 5ms MaxRSS:1M
   |  |  +- compile test list-splice-owned-5 ReleaseSafe native success 10s MaxRSS:386M
   |  |     +- run node (cases.zig) cached
   |  |     +- run exe zxc (program.zig) success 11ms
   |  |        +- compile exe zxc ReleaseSafe native (+6 more reused dependencies)
   |  +- run test list-splice_reverse-owned-0 9 pass (9 total) 4ms MaxRSS:1M
   |  |  +- compile test list-splice_reverse-owned-0 ReleaseSafe native success 10s MaxRSS:379M
   |  |     +- run node (cases.zig) cached
   |  |     +- run exe zxc (program.zig) success 9ms
   |  |        +- compile exe zxc ReleaseSafe native (+6 more reused dependencies)
   |  +- run test list-splice_reverse-owned-1 20 pass (20 total) 3ms MaxRSS:1M
   |  |  +- compile test list-splice_reverse-owned-1 ReleaseSafe native success 10s MaxRSS:386M
   |  |     +- run node (cases.zig) cached
   |  |     +- run exe zxc (program.zig) success 10ms
   |  |        +- compile exe zxc ReleaseSafe native (+6 more reused dependencies)
   |  +- run test list-splice_reverse-owned-3 55 pass (55 total) 7ms MaxRSS:1M
   |  |  +- compile test list-splice_reverse-owned-3 ReleaseSafe native success 10s MaxRSS:378M
   |  |     +- run node (cases.zig) cached
   |  |     +- run exe zxc (program.zig) success 10ms
   |  |        +- compile exe zxc ReleaseSafe native (+6 more reused dependencies)
   |  +- run test list-splice_reverse-owned-4 80 pass (80 total) 8ms MaxRSS:1M
   |  |  +- compile test list-splice_reverse-owned-4 ReleaseSafe native success 10s MaxRSS:371M
   |  |     +- run node (cases.zig) cached
   |  |     +- run exe zxc (program.zig) success 9ms
   |  |        +- compile exe zxc ReleaseSafe native (+6 more reused dependencies)
   |  +- run test list-map_double 124 pass (124 total) 6ms MaxRSS:1M
   |  |  +- compile test list-map_double ReleaseSafe native success 10s MaxRSS:375M
   |  |     +- run node (cases.zig) cached
   |  |     +- run exe zxc (program.zig) success 4ms
   |  |        +- compile exe zxc ReleaseSafe native (+6 more reused dependencies)
   |  +- run test list-map_plus_ten 124 pass (124 total) 8ms MaxRSS:1M
   |  |  +- compile test list-map_plus_ten ReleaseSafe native success 10s MaxRSS:382M
   |  |     +- run node (cases.zig) cached
   |  |     +- run exe zxc (program.zig) success 15ms
   |  |        +- compile exe zxc ReleaseSafe native (+6 more reused dependencies)
   |  +- run test list-map_greater_ten 4 pass (4 total) 4ms MaxRSS:1M
   |  |  +- compile test list-map_greater_ten ReleaseSafe native success 10s MaxRSS:376M
   |  |     +- run node (cases.zig) cached
   |  |     +- run exe zxc (program.zig) success 17ms
   |  |        +- compile exe zxc ReleaseSafe native (+6 more reused dependencies)
   |  +- run test list-map_true 4 pass (4 total) 4ms MaxRSS:1M
   |  |  +- compile test list-map_true ReleaseSafe native success 10s MaxRSS:357M
   |  |     +- run node (cases.zig) cached
   |  |     +- run exe zxc (program.zig) success 9ms
   |  |        +- compile exe zxc ReleaseSafe native (+6 more reused dependencies)
   |  +- run test list-filter_odd 124 pass (124 total) 9ms MaxRSS:1M
   |  |  +- compile test list-filter_odd ReleaseSafe native success 10s MaxRSS:372M
   |  |     +- run node (cases.zig) cached
   |  |     +- run exe zxc (program.zig) success 8ms
   |  |        +- compile exe zxc ReleaseSafe native (+6 more reused dependencies)
   |  +- run test list-filter_true 4 pass (4 total) 4ms MaxRSS:1M
   |  |  +- compile test list-filter_true ReleaseSafe native success 10s MaxRSS:444M
   |  |     +- run node (cases.zig) cached
   |  |     +- run exe zxc (program.zig) success 5ms
   |  |        +- compile exe zxc ReleaseSafe native (+6 more reused dependencies)
   |  +- run test list-reduce_sum 372 pass (372 total) 15ms MaxRSS:1M
   |  |  +- compile test list-reduce_sum ReleaseSafe native success 10s MaxRSS:391M
   |  |     +- run node (cases.zig) cached
   |  |     +- run exe zxc (program.zig) success 8ms
   |  |        +- compile exe zxc ReleaseSafe native (+6 more reused dependencies)
   |  +- run test list-reduce_digits 372 pass (372 total) 11ms MaxRSS:1M
   |  |  +- compile test list-reduce_digits ReleaseSafe native success 10s MaxRSS:390M
   |  |     +- run node (cases.zig) cached
   |  |     +- run exe zxc (program.zig) success 8ms
   |  |        +- compile exe zxc ReleaseSafe native (+6 more reused dependencies)
   |  +- run test list-index 499 pass (499 total) 17ms MaxRSS:1M
   |  |  +- compile test list-index ReleaseSafe native success 10s MaxRSS:383M
   |  |     +- run node (cases.zig) cached
   |  |     +- run exe zxc (program.zig) success 5ms
   |  |        +- compile exe zxc ReleaseSafe native (+6 more reused dependencies)
   |  +- run test list-map_index 85 pass (85 total) 7ms MaxRSS:1M
   |  |  +- compile test list-map_index ReleaseSafe native success 10s MaxRSS:348M
   |  |     +- run node (cases.zig) cached
   |  |     +- run exe zxc (program.zig) success 7ms
   |  |        +- compile exe zxc ReleaseSafe native (+6 more reused dependencies)
   |  +- run test list-filter_index 85 pass (85 total) 7ms MaxRSS:1M
   |  |  +- compile test list-filter_index ReleaseSafe native success 10s MaxRSS:389M
   |  |     +- run node (cases.zig) cached
   |  |     +- run exe zxc (program.zig) success 5ms
   |  |        +- compile exe zxc ReleaseSafe native (+6 more reused dependencies)
   |  +- run test list-reduce_index 255 pass (255 total) 13ms MaxRSS:1M
   |  |  +- compile test list-reduce_index ReleaseSafe native success 10s MaxRSS:383M
   |  |     +- run node (cases.zig) cached
   |  |     +- run exe zxc (program.zig) success 5ms
   |  |        +- compile exe zxc ReleaseSafe native (+6 more reused dependencies)
   |  +- run test string-values 484 pass (484 total) 23ms MaxRSS:1M
   |  |  +- compile test string-values ReleaseSafe native success 11s MaxRSS:383M
   |  |     +- run node (cases.zig) cached
   |  |     +- run exe zxc (program.zig) success 14ms
   |  |        +- compile exe zxc ReleaseSafe native (+6 more reused dependencies)
   |  +- run test string-optional 529 pass (529 total) 34ms MaxRSS:1M
   |  |  +- compile test string-optional ReleaseSafe native success 10s MaxRSS:368M
   |  |     +- run node (cases.zig) cached
   |  |     +- run exe zxc (program.zig) success 6ms
   |  |        +- compile exe zxc ReleaseSafe native (+6 more reused dependencies)
   |  +- run test string-sort-owned-0_0 1 pass (1 total) 4ms MaxRSS:1M
   |  |  +- compile test string-sort-owned-0_0 ReleaseSafe native success 11s MaxRSS:389M
   |  |     +- run node (cases.zig) cached
   |  |     +- run exe zxc (program.zig) success 5ms
   |  |        +- compile exe zxc ReleaseSafe native (+6 more reused dependencies)
   |  +- run test string-sort-owned-1_0 4 pass (4 total) 4ms MaxRSS:1M
   |  |  +- compile test string-sort-owned-1_0 ReleaseSafe native success 11s MaxRSS:373M
   |  |     +- run node (cases.zig) cached
   |  |     +- run exe zxc (program.zig) success 8ms
   |  |        +- compile exe zxc ReleaseSafe native (+6 more reused dependencies)
   |  +- run test string-sort-owned-26_0 1 pass (1 total) 5ms MaxRSS:1M
   |  |  +- compile test string-sort-owned-26_0 ReleaseSafe native success 11s MaxRSS:380M
   |  |     +- run node (cases.zig) cached
   |  |     +- run exe zxc (program.zig) success 7ms
   |  |        +- compile exe zxc ReleaseSafe native (+6 more reused dependencies)
   |  +- run test string-sort-owned-2_0 17 pass (17 total) 5ms MaxRSS:1M
   |  |  +- compile test string-sort-owned-2_0 ReleaseSafe native success 11s MaxRSS:418M
   |  |     +- run node (cases.zig) cached
   |  |     +- run exe zxc (program.zig) success 5ms
   |  |        +- compile exe zxc ReleaseSafe native (+6 more reused dependencies)
   |  +- run test string-sort-owned-3_0 65 pass (65 total) 12ms MaxRSS:1M
   |  |  +- compile test string-sort-owned-3_0 ReleaseSafe native success 11s MaxRSS:391M
   |  |     +- run node (cases.zig) cached
   |  |     +- run exe zxc (program.zig) success 8ms
   |  |        +- compile exe zxc ReleaseSafe native (+6 more reused dependencies)
   |  +- run test string-concat_reverse-owned-0_0 1 pass (1 total) 3ms MaxRSS:1M
   |  |  +- compile test string-concat_reverse-owned-0_0 ReleaseSafe native success 10s MaxRSS:366M
   |  |     +- run node (cases.zig) cached
   |  |     +- run exe zxc (program.zig) success 6ms
   |  |        +- compile exe zxc ReleaseSafe native (+6 more reused dependencies)
   |  +- run test string-concat_reverse-owned-0_1 1 pass (1 total) 4ms MaxRSS:1M
   |  |  +- compile test string-concat_reverse-owned-0_1 ReleaseSafe native success 10s MaxRSS:369M
   |  |     +- run node (cases.zig) cached
   |  |     +- run exe zxc (program.zig) success 7ms
   |  |        +- compile exe zxc ReleaseSafe native (+6 more reused dependencies)
   |  +- run test string-concat_reverse-owned-0_2 2 pass (2 total) 4ms MaxRSS:1M
   |  |  +- compile test string-concat_reverse-owned-0_2 ReleaseSafe native success 10s MaxRSS:378M
   |  |     +- run node (cases.zig) cached
   |  |     +- run exe zxc (program.zig) success 5ms
   |  |        +- compile exe zxc ReleaseSafe native (+6 more reused dependencies)
   |  +- run test string-concat_reverse-owned-1_0 4 pass (4 total) 4ms MaxRSS:1M
   |  |  +- compile test string-concat_reverse-owned-1_0 ReleaseSafe native success 10s MaxRSS:377M
   |  |     +- run node (cases.zig) cached
   |  |     +- run exe zxc (program.zig) success 12ms
   |  |        +- compile exe zxc ReleaseSafe native (+6 more reused dependencies)
   |  +- run test string-concat_reverse-owned-1_1 4 pass (4 total) 3ms MaxRSS:1M
   |  |  +- compile test string-concat_reverse-owned-1_1 ReleaseSafe native success 10s MaxRSS:366M
   |  |     +- run node (cases.zig) cached
   |  |     +- run exe zxc (program.zig) success 12ms
   |  |        +- compile exe zxc ReleaseSafe native (+6 more reused dependencies)
   |  +- run test string-concat_reverse-owned-1_2 8 pass (8 total) 4ms MaxRSS:1M
   |  |  +- compile test string-concat_reverse-owned-1_2 ReleaseSafe native success 10s MaxRSS:371M
   |  |     +- run node (cases.zig) cached
   |  |     +- run exe zxc (program.zig) success 7ms
   |  |        +- compile exe zxc ReleaseSafe native (+6 more reused dependencies)
   |  +- run test string-concat_reverse-owned-2_0 16 pass (16 total) 4ms MaxRSS:1M
   |  |  +- compile test string-concat_reverse-owned-2_0 ReleaseSafe native success 10s MaxRSS:374M
   |  |     +- run node (cases.zig) cached
   |  |     +- run exe zxc (program.zig) success 15ms
   |  |        +- compile exe zxc ReleaseSafe native (+6 more reused dependencies)
   |  +- run test string-concat_reverse-owned-2_1 16 pass (16 total) 4ms MaxRSS:1M
   |  |  +- compile test string-concat_reverse-owned-2_1 ReleaseSafe native success 10s MaxRSS:371M
   |  |     +- run node (cases.zig) cached
   |  |     +- run exe zxc (program.zig) success 7ms
   |  |        +- compile exe zxc ReleaseSafe native (+6 more reused dependencies)
   |  +- run test string-concat_reverse-owned-2_2 32 pass (32 total) 4ms MaxRSS:1M
   |  |  +- compile test string-concat_reverse-owned-2_2 ReleaseSafe native success 10s MaxRSS:373M
   |  |     +- run node (cases.zig) cached
   |  |     +- run exe zxc (program.zig) success 17ms
   |  |        +- compile exe zxc ReleaseSafe native (+6 more reused dependencies)
   |  +- run test string-concat_reverse-owned-3_0 64 pass (64 total) 7ms MaxRSS:1M
   |  |  +- compile test string-concat_reverse-owned-3_0 ReleaseSafe native success 10s MaxRSS:382M
   |  |     +- run node (cases.zig) cached
   |  |     +- run exe zxc (program.zig) success 6ms
   |  |        +- compile exe zxc ReleaseSafe native (+6 more reused dependencies)
   |  +- run test string-concat_reverse-owned-3_1 64 pass (64 total) 8ms MaxRSS:1M
   |  |  +- compile test string-concat_reverse-owned-3_1 ReleaseSafe native success 9s MaxRSS:355M
   |  |     +- run node (cases.zig) cached
   |  |     +- run exe zxc (program.zig) success 5ms
   |  |        +- compile exe zxc ReleaseSafe native (+6 more reused dependencies)
   |  +- run test string-concat_reverse-owned-3_2 128 pass (128 total) 12ms MaxRSS:1M
   |  |  +- compile test string-concat_reverse-owned-3_2 ReleaseSafe native success 9s MaxRSS:381M
   |  |     +- run node (cases.zig) cached
   |  |     +- run exe zxc (program.zig) success 8ms
   |  |        +- compile exe zxc ReleaseSafe native (+6 more reused dependencies)
   |  +- run test string-reduce 256 pass (256 total) 12ms MaxRSS:1M
   |  |  +- compile test string-reduce ReleaseSafe native success 10s MaxRSS:428M
   |  |     +- run node (cases.zig) cached
   |  |     +- run exe zxc (program.zig) success 6ms
   |  |        +- compile exe zxc ReleaseSafe native (+6 more reused dependencies)
   |  +- run test string-literals 15 pass (15 total) 4ms MaxRSS:1M
   |  |  +- compile test string-literals ReleaseSafe native success 10s MaxRSS:382M
   |  |     +- run node (cases.zig) cached
   |  |     +- run exe zxc (program.zig) success 6ms
   |  |        +- compile exe zxc ReleaseSafe native (+6 more reused dependencies)
   |  +- run test list-concat-three-owned-0 26 pass (26 total) 8ms MaxRSS:1M
   |  |  +- compile test list-concat-three-owned-0 ReleaseSafe native success 10s MaxRSS:356M
   |  |     +- run node (cases.zig) cached
   |  |     +- run exe zxc (program.zig) success 19ms
   |  |        +- compile exe zxc ReleaseSafe native (+6 more reused dependencies)
   |  +- run test list-concat-three-owned-1 50 pass (50 total) 6ms MaxRSS:1M
   |  |  +- compile test list-concat-three-owned-1 ReleaseSafe native success 10s MaxRSS:377M
   |  |     +- run node (cases.zig) cached
   |  |     +- run exe zxc (program.zig) success 8ms
   |  |        +- compile exe zxc ReleaseSafe native (+6 more reused dependencies)
   |  +- run test list-concat-three-owned-2 25 pass (25 total) 5ms MaxRSS:1M
   |  |  +- compile test list-concat-three-owned-2 ReleaseSafe native success 10s MaxRSS:367M
   |  |     +- run node (cases.zig) cached
   |  |     +- run exe zxc (program.zig) success 12ms
   |  |        +- compile exe zxc ReleaseSafe native (+6 more reused dependencies)
   |  +- run test list-concat-three-owned-3 25 pass (25 total) 3ms MaxRSS:1M
   |  |  +- compile test list-concat-three-owned-3 ReleaseSafe native success 10s MaxRSS:364M
   |  |     +- run node (cases.zig) cached
   |  |     +- run exe zxc (program.zig) success 6ms
   |  |        +- compile exe zxc ReleaseSafe native (+6 more reused dependencies)
   |  +- run test division-grouping-f32-left 36 pass (36 total) 5ms MaxRSS:1M
   |  |  +- compile test division-grouping-f32-left ReleaseSafe native success 10s MaxRSS:364M
   |  |     +- run node (cases.zig) cached
   |  |     +- run exe zxc (program.zig) success 6ms
   |  |        +- compile exe zxc ReleaseSafe native (+6 more reused dependencies)
   |  +- run test division-grouping-f32-right 36 pass (36 total) 5ms MaxRSS:1M
   |  |  +- compile test division-grouping-f32-right ReleaseSafe native success 10s MaxRSS:371M
   |  |     +- run node (cases.zig) cached
   |  |     +- run exe zxc (program.zig) success 5ms
   |  |        +- compile exe zxc ReleaseSafe native (+6 more reused dependencies)
   |  +- run test division-grouping-f64-left 36 pass (36 total) 5ms MaxRSS:1M
   |  |  +- compile test division-grouping-f64-left ReleaseSafe native success 10s MaxRSS:366M
   |  |     +- run node (cases.zig) cached
   |  |     +- run exe zxc (program.zig) success 7ms
   |  |        +- compile exe zxc ReleaseSafe native (+6 more reused dependencies)
   |  +- run test division-grouping-f64-right 36 pass (36 total) 5ms MaxRSS:1M
   |  |  +- compile test division-grouping-f64-right ReleaseSafe native success 10s MaxRSS:378M
   |  |     +- run node (cases.zig) cached
   |  |     +- run exe zxc (program.zig) success 4ms
   |  |        +- compile exe zxc ReleaseSafe native (+6 more reused dependencies)
   |  +- run test comparison-f32 1225 pass (1225 total) 61ms MaxRSS:1M
   |  |  +- compile test comparison-f32 ReleaseSafe native success 11s MaxRSS:399M
   |  |     +- run node (cases.zig) cached
   |  |     +- run exe zxc (program.zig) success 10ms
   |  |        +- compile exe zxc ReleaseSafe native (+6 more reused dependencies)
   |  +- run test comparison-f64 1230 pass (1230 total) 44ms MaxRSS:1M
   |  |  +- compile test comparison-f64 ReleaseSafe native success 11s MaxRSS:401M
   |  |     +- run node (cases.zig) cached
   |  |     +- run exe zxc (program.zig) success 10ms
   |  |        +- compile exe zxc ReleaseSafe native (+6 more reused dependencies)
   |  +- run test comparison-f64-negated 1 pass (1 total) 4ms MaxRSS:1M
   |  |  +- compile test comparison-f64-negated ReleaseSafe native success 10s MaxRSS:367M
   |  |     +- run node (cases.zig) cached
   |  |     +- run exe zxc (program.zig) success 8ms
   |  |        +- compile exe zxc ReleaseSafe native (+6 more reused dependencies)
   |  +- run test leading-zero-decimal 11 pass (11 total) 4ms MaxRSS:1M
   |  |  +- compile test leading-zero-decimal ReleaseSafe native success 10s MaxRSS:372M
   |  |     +- run node (cases.zig) cached
   |  |     +- run exe zxc (program.zig) success 5ms
   |  |        +- compile exe zxc ReleaseSafe native (+6 more reused dependencies)
   |  +- run test unary-minus-f32-direct 35 pass (35 total) 4ms MaxRSS:1M
   |  |  +- compile test unary-minus-f32-direct ReleaseSafe native success 10s MaxRSS:372M
   |  |     +- run node (cases.zig) cached
   |  |     +- run exe zxc (program.zig) success 5ms
   |  |        +- compile exe zxc ReleaseSafe native (+6 more reused dependencies)
   |  +- run test unary-minus-f32-binding 35 pass (35 total) 5ms MaxRSS:1M
   |  |  +- compile test unary-minus-f32-binding ReleaseSafe native success 10s MaxRSS:372M
   |  |     +- run node (cases.zig) cached
   |  |     +- run exe zxc (program.zig) success 6ms
   |  |        +- compile exe zxc ReleaseSafe native (+6 more reused dependencies)
   |  +- run test unary-minus-f32-double 35 pass (35 total) 5ms MaxRSS:1M
   |  |  +- compile test unary-minus-f32-double ReleaseSafe native success 10s MaxRSS:366M
   |  |     +- run node (cases.zig) cached
   |  |     +- run exe zxc (program.zig) success 6ms
   |  |        +- compile exe zxc ReleaseSafe native (+6 more reused dependencies)
   |  +- run test unary-minus-f32-field 35 pass (35 total) 6ms MaxRSS:1M
   |  |  +- compile test unary-minus-f32-field ReleaseSafe native success 10s MaxRSS:361M
   |  |     +- run node (cases.zig) cached
   |  |     +- run exe zxc (program.zig) success 6ms
   |  |        +- compile exe zxc ReleaseSafe native (+6 more reused dependencies)
   |  +- run test unary-minus-f64-direct 35 pass (35 total) 4ms MaxRSS:1M
   |  |  +- compile test unary-minus-f64-direct ReleaseSafe native success 10s MaxRSS:364M
   |  |     +- run node (cases.zig) cached
   |  |     +- run exe zxc (program.zig) success 7ms
   |  |        +- compile exe zxc ReleaseSafe native (+6 more reused dependencies)
   |  +- run test unary-minus-f64-binding 35 pass (35 total) 5ms MaxRSS:1M
   |  |  +- compile test unary-minus-f64-binding ReleaseSafe native success 10s MaxRSS:384M
   |  |     +- run node (cases.zig) cached
   |  |     +- run exe zxc (program.zig) success 6ms
   |  |        +- compile exe zxc ReleaseSafe native (+6 more reused dependencies)
   |  +- run test unary-minus-f64-double 35 pass (35 total) 5ms MaxRSS:1M
   |  |  +- compile test unary-minus-f64-double ReleaseSafe native success 10s MaxRSS:395M
   |  |     +- run node (cases.zig) cached
   |  |     +- run exe zxc (program.zig) success 8ms
   |  |        +- compile exe zxc ReleaseSafe native (+6 more reused dependencies)
   |  +- run test unary-minus-f64-field 35 pass (35 total) 5ms MaxRSS:1M
   |  |  +- compile test unary-minus-f64-field ReleaseSafe native success 9s MaxRSS:369M
   |  |     +- run node (cases.zig) cached
   |  |     +- run exe zxc (program.zig) success 4ms
   |  |        +- compile exe zxc ReleaseSafe native (+6 more reused dependencies)
   |  +- run test unary-minus-source-values 6 pass (6 total) 4ms MaxRSS:1M
   |  |  +- compile test unary-minus-source-values ReleaseSafe native success 10s MaxRSS:378M
   |  |     +- run node (cases.zig) cached
   |  |     +- run exe zxc (program.zig) success 18ms
   |  |        +- compile exe zxc ReleaseSafe native (+6 more reused dependencies)
   |  +- run test comments-and-whitespace 14 pass (14 total) 3ms MaxRSS:1M
   |  |  +- compile test comments-and-whitespace ReleaseSafe native success 10s MaxRSS:375M
   |  |     +- run node (cases.zig) cached
   |  |     +- run exe zxc (program.zig) success 6ms
   |  |        +- compile exe zxc ReleaseSafe native (+6 more reused dependencies)
   |  +- run test comment-markers-in-strings 5 pass (5 total) 4ms MaxRSS:1M
   |  |  +- compile test comment-markers-in-strings ReleaseSafe native success 10s MaxRSS:366M
   |  |     +- run node (cases.zig) cached
   |  |     +- run exe zxc (program.zig) success 8ms
   |  |        +- compile exe zxc ReleaseSafe native (+6 more reused dependencies)
   |  +- run test logical-not-source 14 pass (14 total) 5ms MaxRSS:1M
   |  |  +- compile test logical-not-source ReleaseSafe native success 10s MaxRSS:367M
   |  |     +- run node (cases.zig) cached
   |  |     +- run exe zxc (program.zig) success 13ms
   |  |        +- compile exe zxc ReleaseSafe native (+6 more reused dependencies)
   |  +- run test logical-not-values 2 pass (2 total) 5ms MaxRSS:1M
   |  |  +- compile test logical-not-values ReleaseSafe native success 10s MaxRSS:379M
   |  |     +- run node (cases.zig) cached
   |  |     +- run exe zxc (program.zig) success 24ms
   |  |        +- compile exe zxc ReleaseSafe native (+6 more reused dependencies)
   |  +- run test logical-not-precedence-not_left_and 4 pass (4 total) 5ms MaxRSS:1M
   |  |  +- compile test logical-not-precedence-not_left_and ReleaseSafe native success 10s MaxRSS:379M
   |  |     +- run node (cases.zig) cached
   |  |     +- run exe zxc (program.zig) success 13ms
   |  |        +- compile exe zxc ReleaseSafe native (+6 more reused dependencies)
   |  +- run test logical-not-precedence-not_group_and 4 pass (4 total) 5ms MaxRSS:1M
   |  |  +- compile test logical-not-precedence-not_group_and ReleaseSafe native success 10s MaxRSS:377M
   |  |     +- run node (cases.zig) cached
   |  |     +- run exe zxc (program.zig) success 13ms
   |  |        +- compile exe zxc ReleaseSafe native (+6 more reused dependencies)
   |  +- run test logical-not-precedence-not_left_or 4 pass (4 total) 5ms MaxRSS:1M
   |  |  +- compile test logical-not-precedence-not_left_or ReleaseSafe native success 10s MaxRSS:362M
   |  |     +- run node (cases.zig) cached
   |  |     +- run exe zxc (program.zig) success 5ms
   |  |        +- compile exe zxc ReleaseSafe native (+6 more reused dependencies)
   |  +- run test logical-not-precedence-not_group_or 4 pass (4 total) 5ms MaxRSS:1M
   |  |  +- compile test logical-not-precedence-not_group_or ReleaseSafe native success 10s MaxRSS:366M
   |  |     +- run node (cases.zig) cached
   |  |     +- run exe zxc (program.zig) success 16ms
   |  |        +- compile exe zxc ReleaseSafe native (+6 more reused dependencies)
   |  +- run test standard-encoding-crypto 324 pass (324 total) 24ms MaxRSS:1M
   |  |  +- compile test standard-encoding-crypto ReleaseSafe native success 11s MaxRSS:384M
   |  |     +- run node (cases.zig) cached
   |  |     +- run exe zxc (program.zig) success 13ms
   |  |     |  +- compile exe zxc ReleaseSafe native (+6 more reused dependencies)
   |  |     +- run exe zxc (program.zig) (+1 more reused dependencies)
   |  +- run test standard-decoding-errors 38 pass (38 total) 5ms MaxRSS:1M
   |  |  +- compile test standard-decoding-errors ReleaseSafe native success 10s MaxRSS:386M
   |  |     +- run node (cases.zig) cached
   |  |     +- run exe zxc (program.zig) success 8ms
   |  |     |  +- compile exe zxc ReleaseSafe native (+6 more reused dependencies)
   |  |     +- run exe zxc (program.zig) (+1 more reused dependencies)
   |  +- run test multiplication-f32 1521 pass (1521 total) 17ms MaxRSS:1M
   |  |  +- compile test multiplication-f32 ReleaseSafe native success 11s MaxRSS:399M
   |  |     +- run node (cases.zig) cached
   |  |     +- run exe zxc (program.zig) success 13ms
   |  |        +- compile exe zxc ReleaseSafe native (+6 more reused dependencies)
   |  +- run test multiplication-f64 1521 pass (1521 total) 39ms MaxRSS:1M
   |  |  +- compile test multiplication-f64 ReleaseSafe native success 11s MaxRSS:399M
   |  |     +- run node (cases.zig) cached
   |  |     +- run exe zxc (program.zig) success 9ms
   |  |        +- compile exe zxc ReleaseSafe native (+6 more reused dependencies)
   |  +- run test multiplication-grouping-f32-default 225 pass (225 total) 8ms MaxRSS:1M
   |  |  +- compile test multiplication-grouping-f32-default ReleaseSafe native success 10s MaxRSS:382M
   |  |     +- run node (cases.zig) cached
   |  |     +- run exe zxc (program.zig) success 7ms
   |  |        +- compile exe zxc ReleaseSafe native (+6 more reused dependencies)
   |  +- run test multiplication-grouping-f32-left 225 pass (225 total) 5ms MaxRSS:1M
   |  |  +- compile test multiplication-grouping-f32-left ReleaseSafe native success 10s MaxRSS:372M
   |  |     +- run node (cases.zig) cached
   |  |     +- run exe zxc (program.zig) success 6ms
   |  |        +- compile exe zxc ReleaseSafe native (+6 more reused dependencies)
   |  +- run test multiplication-grouping-f32-right 225 pass (225 total) 9ms MaxRSS:1M
   |  |  +- compile test multiplication-grouping-f32-right ReleaseSafe native success 10s MaxRSS:386M
   |  |     +- run node (cases.zig) cached
   |  |     +- run exe zxc (program.zig) success 7ms
   |  |        +- compile exe zxc ReleaseSafe native (+6 more reused dependencies)
   |  +- run test multiplication-grouping-f64-default 225 pass (225 total) 8ms MaxRSS:1M
   |  |  +- compile test multiplication-grouping-f64-default ReleaseSafe native success 10s MaxRSS:381M
   |  |     +- run node (cases.zig) cached
   |  |     +- run exe zxc (program.zig) success 11ms
   |  |        +- compile exe zxc ReleaseSafe native (+6 more reused dependencies)
   |  +- run test multiplication-grouping-f64-left 225 pass (225 total) 9ms MaxRSS:1M
   |  |  +- compile test multiplication-grouping-f64-left ReleaseSafe native success 10s MaxRSS:383M
   |  |     +- run node (cases.zig) cached
   |  |     +- run exe zxc (program.zig) success 10ms
   |  |        +- compile exe zxc ReleaseSafe native (+6 more reused dependencies)
   |  +- run test multiplication-grouping-f64-right 225 pass (225 total) 10ms MaxRSS:1M
   |  |  +- compile test multiplication-grouping-f64-right ReleaseSafe native success 10s MaxRSS:381M
   |  |     +- run node (cases.zig) cached
   |  |     +- run exe zxc (program.zig) success 6ms
   |  |        +- compile exe zxc ReleaseSafe native (+6 more reused dependencies)
   |  +- run test multiplication-source-values 5 pass (5 total) 3ms MaxRSS:1M
   |  |  +- compile test multiplication-source-values ReleaseSafe native success 10s MaxRSS:418M
   |  |     +- run node (cases.zig) cached
   |  |     +- run exe zxc (program.zig) success 6ms
   |  |        +- compile exe zxc ReleaseSafe native (+6 more reused dependencies)
   |  +- run test multiplication-source-lines 1 pass (1 total) 4ms MaxRSS:1M
   |  |  +- compile test multiplication-source-lines ReleaseSafe native success 10s MaxRSS:379M
   |  |     +- run node (cases.zig) cached
   |  |     +- run exe zxc (program.zig) success 12ms
   |  |        +- compile exe zxc ReleaseSafe native (+6 more reused dependencies)
   |  +- run test operand-errors-hex_base64 25 pass (25 total) 4ms MaxRSS:1M
   |  |  +- compile test operand-errors-hex_base64 ReleaseSafe native success 10s MaxRSS:370M
   |  |     +- run node (cases.zig) cached
   |  |     +- run exe zxc (program.zig) success 9ms
   |  |     |  +- compile exe zxc ReleaseSafe native (+6 more reused dependencies)
   |  |     +- run exe zxc (program.zig) (+1 more reused dependencies)
   |  +- run test operand-errors-base64_hex 25 pass (25 total) 4ms MaxRSS:1M
   |  |  +- compile test operand-errors-base64_hex ReleaseSafe native success 10s MaxRSS:371M
   |  |     +- run node (cases.zig) cached
   |  |     +- run exe zxc (program.zig) success 7ms
   |  |     |  +- compile exe zxc ReleaseSafe native (+6 more reused dependencies)
   |  |     +- run exe zxc (program.zig) (+1 more reused dependencies)
   |  +- run test addition-f32 1521 pass (1521 total) 39ms MaxRSS:1M
   |  |  +- compile test addition-f32 ReleaseSafe native success 11s MaxRSS:397M
   |  |     +- run node (cases.zig) cached
   |  |     +- run exe zxc (program.zig) success 5ms
   |  |        +- compile exe zxc ReleaseSafe native (+6 more reused dependencies)
   |  +- run test addition-f64 1521 pass (1521 total) 39ms MaxRSS:1M
   |  |  +- compile test addition-f64 ReleaseSafe native success 11s MaxRSS:402M
   |  |     +- run node (cases.zig) cached
   |  |     +- run exe zxc (program.zig) success 5ms
   |  |        +- compile exe zxc ReleaseSafe native (+6 more reused dependencies)
   |  +- run test subtraction-f32 1521 pass (1521 total) 46ms MaxRSS:1M
   |  |  +- compile test subtraction-f32 ReleaseSafe native success 11s MaxRSS:400M
   |  |     +- run node (cases.zig) cached
   |  |     +- run exe zxc (program.zig) success 8ms
   |  |        +- compile exe zxc ReleaseSafe native (+6 more reused dependencies)
   |  +- run test subtraction-f64 1849 pass (1849 total) 48ms MaxRSS:1M
   |  |  +- compile test subtraction-f64 ReleaseSafe native success 11s MaxRSS:394M
   |  |     +- run node (cases.zig) cached
   |  |     +- run exe zxc (program.zig) success 7ms
   |  |        +- compile exe zxc ReleaseSafe native (+6 more reused dependencies)
   |  +- run test addition-overflow-literals 2 pass (2 total) 4ms MaxRSS:1M
   |  |  +- compile test addition-overflow-literals ReleaseSafe native success 10s MaxRSS:397M
   |  |     +- run node (cases.zig) cached
   |  |     +- run exe zxc (program.zig) success 15ms
   |  |        +- compile exe zxc ReleaseSafe native (+6 more reused dependencies)
   |  +- run test addition-grouping-f32-default 6 pass (6 total) 4ms MaxRSS:1M
   |  |  +- compile test addition-grouping-f32-default ReleaseSafe native success 10s MaxRSS:368M
   |  |     +- run node (cases.zig) cached
   |  |     +- run exe zxc (program.zig) success 11ms
   |  |        +- compile exe zxc ReleaseSafe native (+6 more reused dependencies)
   |  +- run test addition-grouping-f32-left 6 pass (6 total) 4ms MaxRSS:1M
   |  |  +- compile test addition-grouping-f32-left ReleaseSafe native success 10s MaxRSS:366M
   |  |     +- run node (cases.zig) cached
   |  |     +- run exe zxc (program.zig) success 6ms
   |  |        +- compile exe zxc ReleaseSafe native (+6 more reused dependencies)
   |  +- run test addition-grouping-f32-right 6 pass (6 total) 9ms MaxRSS:1M
   |  |  +- compile test addition-grouping-f32-right ReleaseSafe native success 10s MaxRSS:379M
   |  |     +- run node (cases.zig) cached
   |  |     +- run exe zxc (program.zig) success 14ms
   |  |        +- compile exe zxc ReleaseSafe native (+6 more reused dependencies)
   |  +- run test addition-grouping-f64-default 6 pass (6 total) 4ms MaxRSS:1M
   |  |  +- compile test addition-grouping-f64-default ReleaseSafe native success 10s MaxRSS:374M
   |  |     +- run node (cases.zig) cached
   |  |     +- run exe zxc (program.zig) success 16ms
   |  |        +- compile exe zxc ReleaseSafe native (+6 more reused dependencies)
   |  +- run test addition-grouping-f64-left 6 pass (6 total) 5ms MaxRSS:1M
   |  |  +- compile test addition-grouping-f64-left ReleaseSafe native success 10s MaxRSS:381M
   |  |     +- run node (cases.zig) cached
   |  |     +- run exe zxc (program.zig) success 11ms
   |  |        +- compile exe zxc ReleaseSafe native (+6 more reused dependencies)
   |  +- run test addition-grouping-f64-right 6 pass (6 total) 5ms MaxRSS:1M
   |  |  +- compile test addition-grouping-f64-right ReleaseSafe native success 10s MaxRSS:369M
   |  |     +- run node (cases.zig) cached
   |  |     +- run exe zxc (program.zig) success 12ms
   |  |        +- compile exe zxc ReleaseSafe native (+6 more reused dependencies)
   |  +- run test addition-grouping-strings 4 pass (4 total) 3ms MaxRSS:1M
   |  |  +- compile test addition-grouping-strings ReleaseSafe native success 10s MaxRSS:352M
   |  |     +- run node (cases.zig) cached
   |  |     +- run exe zxc (program.zig) success 5ms
   |  |        +- compile exe zxc ReleaseSafe native (+6 more reused dependencies)
   |  +- run test standard-path-posix 44 pass (44 total) 7ms MaxRSS:1M
   |  |  +- compile test standard-path-posix ReleaseSafe native success 11s MaxRSS:384M
   |  |     +- run node (cases.zig) cached
   |  |     +- run exe zxc (program.zig) success 11ms
   |  |     |  +- compile exe zxc ReleaseSafe native (+6 more reused dependencies)
   |  |     +- run exe zxc (program.zig) (+1 more reused dependencies)
   |  +- run test standard-path-win32 44 pass (44 total) 7ms MaxRSS:1M
   |  |  +- compile test standard-path-win32 ReleaseSafe native success 11s MaxRSS:381M
   |  |     +- run node (cases.zig) cached
   |  |     +- run exe zxc (program.zig) success 6ms
   |  |     |  +- compile exe zxc ReleaseSafe native (+6 more reused dependencies)
   |  |     +- run exe zxc (program.zig) (+1 more reused dependencies)
   |  +- run test standard-path-posix-resolve 12 pass (12 total) 6ms MaxRSS:1M
   |  |  +- compile test standard-path-posix-resolve ReleaseSafe native success 10s MaxRSS:364M
   |  |     +- run node (cases.zig) cached
   |  |     +- run exe zxc (program.zig) success 8ms
   |  |     |  +- compile exe zxc ReleaseSafe native (+6 more reused dependencies)
   |  |     +- run exe zxc (program.zig) (+1 more reused dependencies)
   |  +- run test standard-path-posix-relative 66 pass (66 total) 7ms MaxRSS:1M
   |  |  +- compile test standard-path-posix-relative ReleaseSafe native success 11s MaxRSS:389M
   |  |     +- run node (cases.zig) cached
   |  |     +- run exe zxc (program.zig) success 10ms
   |  |     |  +- compile exe zxc ReleaseSafe native (+6 more reused dependencies)
   |  |     +- run exe zxc (program.zig) (+1 more reused dependencies)
   |  +- run test standard-path-win32-resolve 13 pass (13 total) 6ms MaxRSS:1M
   |  |  +- compile test standard-path-win32-resolve ReleaseSafe native success 10s MaxRSS:376M
   |  |     +- run node (cases.zig) cached
   |  |     +- run exe zxc (program.zig) success 7ms
   |  |     |  +- compile exe zxc ReleaseSafe native (+6 more reused dependencies)
   |  |     +- run exe zxc (program.zig) (+1 more reused dependencies)
   |  +- run test standard-path-win32-relative 1603 pass (1603 total) 97ms MaxRSS:1M
   |  |  +- compile test standard-path-win32-relative ReleaseSafe native success 11s MaxRSS:425M
   |  |     +- run node (cases.zig) cached
   |  |     +- run exe zxc (program.zig) success 6ms
   |  |     |  +- compile exe zxc ReleaseSafe native (+6 more reused dependencies)
   |  |     +- run exe zxc (program.zig) (+1 more reused dependencies)
   |  +- run test modulus-f32 1681 pass (1681 total) 40ms MaxRSS:1M
   |  |  +- compile test modulus-f32 ReleaseSafe native success 11s MaxRSS:394M
   |  |     +- run node (cases.zig) cached
   |  |     +- run exe zxc (program.zig) success 5ms
   |  |        +- compile exe zxc ReleaseSafe native (+6 more reused dependencies)
   |  +- run test modulus-f64 1681 pass (1681 total) 88ms MaxRSS:1M
   |  |  +- compile test modulus-f64 ReleaseSafe native success 11s MaxRSS:403M
   |  |     +- run node (cases.zig) cached
   |  |     +- run exe zxc (program.zig) success 5ms
   |  |        +- compile exe zxc ReleaseSafe native (+6 more reused dependencies)
   |  +- run test comparison-bool 4 pass (4 total) 5ms MaxRSS:1M
   |  |  +- compile test comparison-bool ReleaseSafe native success 10s MaxRSS:380M
   |  |     +- run node (cases.zig) cached
   |  |     +- run exe zxc (program.zig) success 13ms
   |  |        +- compile exe zxc ReleaseSafe native (+6 more reused dependencies)
   |  +- run test comparison-string_upstream 6 pass (6 total) 3ms MaxRSS:1M
   |  |  +- compile test comparison-string_upstream ReleaseSafe native success 10s MaxRSS:367M
   |  |     +- run node (cases.zig) cached
   |  |     +- run exe zxc (program.zig) success 5ms
   |  |        +- compile exe zxc ReleaseSafe native (+6 more reused dependencies)
   |  +- run test crypto-hmac_sha256-cases 52 pass (52 total) 6ms MaxRSS:1M
   |  |  +- compile test crypto-hmac_sha256-cases ReleaseSafe native success 10s MaxRSS:369M
   |  |     +- run node (cases.zig) cached
   |  |     +- run exe zxc (program.zig) success 7ms
   |  |     |  +- compile exe zxc ReleaseSafe native (+6 more reused dependencies)
   |  |     +- run exe zxc (program.zig) (+1 more reused dependencies)
   |  +- run test crypto-hkdf_sha256-cases 74 pass (74 total) 7ms MaxRSS:1M
   |  |  +- compile test crypto-hkdf_sha256-cases ReleaseSafe native success 10s MaxRSS:377M
   |  |     +- run node (cases.zig) cached
   |  |     +- run exe zxc (program.zig) success 7ms
   |  |     |  +- compile exe zxc ReleaseSafe native (+6 more reused dependencies)
   |  |     +- run exe zxc (program.zig) (+1 more reused dependencies)
   |  +- run test crypto-pbkdf2_sha256-cases 109 pass (109 total) 6ms MaxRSS:1M
   |  |  +- compile test crypto-pbkdf2_sha256-cases ReleaseSafe native success 10s MaxRSS:379M
   |  |     +- run node (cases.zig) cached
   |  |     +- run exe zxc (program.zig) success 15ms
   |  |     |  +- compile exe zxc ReleaseSafe native (+6 more reused dependencies)
   |  |     +- run exe zxc (program.zig) (+1 more reused dependencies)
   |  +- run test crypto-hmac_sha512-cases 52 pass (52 total) 5ms MaxRSS:1M
   |  |  +- compile test crypto-hmac_sha512-cases ReleaseSafe native success 10s MaxRSS:379M
   |  |     +- run node (cases.zig) cached
   |  |     +- run exe zxc (program.zig) success 8ms
   |  |     |  +- compile exe zxc ReleaseSafe native (+6 more reused dependencies)
   |  |     +- run exe zxc (program.zig) (+1 more reused dependencies)
   |  +- run test crypto-hkdf_sha512-cases 74 pass (74 total) 5ms MaxRSS:1M
   |  |  +- compile test crypto-hkdf_sha512-cases ReleaseSafe native success 11s MaxRSS:395M
   |  |     +- run node (cases.zig) cached
   |  |     +- run exe zxc (program.zig) success 9ms
   |  |     |  +- compile exe zxc ReleaseSafe native (+6 more reused dependencies)
   |  |     +- run exe zxc (program.zig) (+1 more reused dependencies)
   |  +- run test crypto-pbkdf2_sha512-cases 109 pass (109 total) 10ms MaxRSS:1M
   |  |  +- compile test crypto-pbkdf2_sha512-cases ReleaseSafe native success 11s MaxRSS:387M
   |  |     +- run node (cases.zig) cached
   |  |     +- run exe zxc (program.zig) success 6ms
   |  |     |  +- compile exe zxc ReleaseSafe native (+6 more reused dependencies)
   |  |     +- run exe zxc (program.zig) (+1 more reused dependencies)
   |  +- run test crypto-aes-128-gcm-encrypt 27 pass (27 total) 5ms MaxRSS:1M
   |  |  +- compile test crypto-aes-128-gcm-encrypt ReleaseSafe native success 10s MaxRSS:377M
   |  |     +- run node (cases.zig) cached
   |  |     +- run exe zxc (program.zig) success 8ms
   |  |     |  +- compile exe zxc ReleaseSafe native (+6 more reused dependencies)
   |  |     +- run exe zxc (program.zig) (+1 more reused dependencies)
   |  +- run test crypto-aes-128-gcm-decrypt 135 pass (135 total) 7ms MaxRSS:1M
   |  |  +- compile test crypto-aes-128-gcm-decrypt ReleaseSafe native success 11s MaxRSS:381M
   |  |     +- run node (cases.zig) cached
   |  |     +- run exe zxc (program.zig) success 9ms
   |  |     |  +- compile exe zxc ReleaseSafe native (+6 more reused dependencies)
   |  |     +- run exe zxc (program.zig) (+1 more reused dependencies)
   |  +- run test crypto-aes-256-gcm-encrypt 27 pass (27 total) 6ms MaxRSS:1M
   |  |  +- compile test crypto-aes-256-gcm-encrypt ReleaseSafe native success 10s MaxRSS:389M
   |  |     +- run node (cases.zig) cached
   |  |     +- run exe zxc (program.zig) success 9ms
   |  |     |  +- compile exe zxc ReleaseSafe native (+6 more reused dependencies)
   |  |     +- run exe zxc (program.zig) (+1 more reused dependencies)
   |  +- run test crypto-aes-256-gcm-decrypt 135 pass (135 total) 12ms MaxRSS:1M
   |  |  +- compile test crypto-aes-256-gcm-decrypt ReleaseSafe native success 11s MaxRSS:404M
   |  |     +- run node (cases.zig) cached
   |  |     +- run exe zxc (program.zig) success 6ms
   |  |     |  +- compile exe zxc ReleaseSafe native (+6 more reused dependencies)
   |  |     +- run exe zxc (program.zig) (+1 more reused dependencies)
   |  +- run test crypto-chacha20-poly1305-encrypt 27 pass (27 total) 5ms MaxRSS:1M
   |  |  +- compile test crypto-chacha20-poly1305-encrypt ReleaseSafe native success 10s MaxRSS:373M
   |  |     +- run node (cases.zig) cached
   |  |     +- run exe zxc (program.zig) success 8ms
   |  |     |  +- compile exe zxc ReleaseSafe native (+6 more reused dependencies)
   |  |     +- run exe zxc (program.zig) (+1 more reused dependencies)
   |  +- run test crypto-chacha20-poly1305-decrypt 135 pass (135 total) 11ms MaxRSS:1M
   |  |  +- compile test crypto-chacha20-poly1305-decrypt ReleaseSafe native success 10s MaxRSS:384M
   |  |     +- run node (cases.zig) cached
   |  |     +- run exe zxc (program.zig) success 5ms
   |  |     |  +- compile exe zxc ReleaseSafe native (+6 more reused dependencies)
   |  |     +- run exe zxc (program.zig) (+1 more reused dependencies)
   |  +- run test crypto-timing_safe_equal 24 pass (24 total) 5ms MaxRSS:1M
   |  |  +- compile test crypto-timing_safe_equal ReleaseSafe native success 10s MaxRSS:375M
   |  |     +- run node (cases.zig) cached
   |  |     +- run exe zxc (program.zig) success 15ms
   |  |     |  +- compile exe zxc ReleaseSafe native (+6 more reused dependencies)
   |  |     +- run exe zxc (program.zig) (+1 more reused dependencies)
   |  +- run test querystring-escape 142 pass (142 total) 10ms MaxRSS:1M
   |  |  +- compile test querystring-escape ReleaseSafe native success 10s MaxRSS:384M
   |  |     +- run node (cases.zig) cached
   |  |     +- run exe zxc (program.zig) success 12ms
   |  |     |  +- compile exe zxc ReleaseSafe native (+6 more reused dependencies)
   |  |     +- run exe zxc (program.zig) (+1 more reused dependencies)
   |  +- run test querystring-unescape 292 pass (292 total) 16ms MaxRSS:1M
   |  |  +- compile test querystring-unescape ReleaseSafe native success 10s MaxRSS:389M
   |  |     +- run node (cases.zig) cached
   |  |     +- run exe zxc (program.zig) success 12ms
   |  |     |  +- compile exe zxc ReleaseSafe native (+6 more reused dependencies)
   |  |     +- run exe zxc (program.zig) (+1 more reused dependencies)
   |  +- run test querystring-parse 23 pass (23 total) 7ms MaxRSS:1M
   |  |  +- compile test querystring-parse ReleaseSafe native success 10s MaxRSS:389M
   |  |     +- run node (cases.zig) cached
   |  |     +- run exe zxc (program.zig) success 6ms
   |  |     |  +- compile exe zxc ReleaseSafe native (+6 more reused dependencies)
   |  |     +- run exe zxc (program.zig) (+1 more reused dependencies)
   |  +- run test querystring-parseWith 35 pass (35 total) 7ms MaxRSS:1M
   |  |  +- compile test querystring-parseWith ReleaseSafe native success 10s MaxRSS:382M
   |  |     +- run node (cases.zig) cached
   |  |     +- run exe zxc (program.zig) success 6ms
   |  |     |  +- compile exe zxc ReleaseSafe native (+6 more reused dependencies)
   |  |     +- run exe zxc (program.zig) (+1 more reused dependencies)
   |  +- run test querystring-stringify 8 pass (8 total) 5ms MaxRSS:1M
   |  |  +- compile test querystring-stringify ReleaseSafe native success 10s MaxRSS:393M
   |  |     +- run node (cases.zig) cached
   |  |     +- run exe zxc (program.zig) success 6ms
   |  |     |  +- compile exe zxc ReleaseSafe native (+6 more reused dependencies)
   |  |     +- run exe zxc (program.zig) (+1 more reused dependencies)
   |  +- run test querystring-stringifyWith 40 pass (40 total) 6ms MaxRSS:1M
   |  |  +- compile test querystring-stringifyWith ReleaseSafe native success 10s MaxRSS:362M
   |  |     +- run node (cases.zig) cached
   |  |     +- run exe zxc (program.zig) success 16ms
   |  |     |  +- compile exe zxc ReleaseSafe native (+6 more reused dependencies)
   |  |     +- run exe zxc (program.zig) (+1 more reused dependencies)
   |  +- run test zlib-gunzip 83 pass (83 total) 16ms MaxRSS:1M
   |  |  +- compile test zlib-gunzip ReleaseSafe native success 11s MaxRSS:407M
   |  |     +- run node (cases.zig) cached
   |  |     +- run exe zxc (program.zig) success 9ms
   |  |     |  +- compile exe zxc ReleaseSafe native (+6 more reused dependencies)
   |  |     +- run exe zxc (program.zig) (+1 more reused dependencies)
   |  +- run test zlib-inflate 76 pass (76 total) 14ms MaxRSS:1M
   |  |  +- compile test zlib-inflate ReleaseSafe native success 11s MaxRSS:404M
   |  |     +- run node (cases.zig) cached
   |  |     +- run exe zxc (program.zig) success 6ms
   |  |     |  +- compile exe zxc ReleaseSafe native (+6 more reused dependencies)
   |  |     +- run exe zxc (program.zig) (+1 more reused dependencies)
   |  +- run test zlib-inflate_raw 72 pass (72 total) 14ms MaxRSS:1M
   |  |  +- compile test zlib-inflate_raw ReleaseSafe native success 11s MaxRSS:413M
   |  |     +- run node (cases.zig) cached
   |  |     +- run exe zxc (program.zig) success 9ms
   |  |     |  +- compile exe zxc ReleaseSafe native (+6 more reused dependencies)
   |  |     +- run exe zxc (program.zig) (+1 more reused dependencies)
   |  +- run test logical_and-source 13 pass (13 total) 5ms MaxRSS:1M
   |  |  +- compile test logical_and-source ReleaseSafe native success 10s MaxRSS:377M
   |  |     +- run node (cases.zig) cached
   |  |     +- run exe zxc (program.zig) success 5ms
   |  |        +- compile exe zxc ReleaseSafe native (+6 more reused dependencies)
   |  +- run test logical_or-source 13 pass (13 total) 4ms MaxRSS:1M
   |  |  +- compile test logical_or-source ReleaseSafe native success 10s MaxRSS:375M
   |  |     +- run node (cases.zig) cached
   |  |     +- run exe zxc (program.zig) success 10ms
   |  |        +- compile exe zxc ReleaseSafe native (+6 more reused dependencies)
   |  +- run test conditional-boolean 14 pass (14 total) 5ms MaxRSS:1M
   |  |  +- compile test conditional-boolean ReleaseSafe native success 10s MaxRSS:380M
   |  |     +- run node (cases.zig) cached
   |  |     +- run exe zxc (program.zig) success 7ms
   |  |        +- compile exe zxc ReleaseSafe native (+6 more reused dependencies)
   |  +- run test conditional-number 4 pass (4 total) 5ms MaxRSS:1M
   |  |  +- compile test conditional-number ReleaseSafe native success 10s MaxRSS:368M
   |  |     +- run node (cases.zig) cached
   |  |     +- run exe zxc (program.zig) success 6ms
   |  |        +- compile exe zxc ReleaseSafe native (+6 more reused dependencies)
   |  +- run test conditional-string 4 pass (4 total) 4ms MaxRSS:1M
   |  |  +- compile test conditional-string ReleaseSafe native success 10s MaxRSS:365M
   |  |     +- run node (cases.zig) cached
   |  |     +- run exe zxc (program.zig) success 11ms
   |  |        +- compile exe zxc ReleaseSafe native (+6 more reused dependencies)
   |  +- run test conditional-optional 4 pass (4 total) 3ms MaxRSS:1M
   |  |  +- compile test conditional-optional ReleaseSafe native success 10s MaxRSS:375M
   |  |     +- run node (cases.zig) cached
   |  |     +- run exe zxc (program.zig) success 7ms
   |  |        +- compile exe zxc ReleaseSafe native (+6 more reused dependencies)
   |  +- run test conditional-coalesce 6 pass (6 total) 4ms MaxRSS:1M
   |  |  +- compile test conditional-coalesce ReleaseSafe native success 10s MaxRSS:368M
   |  |     +- run node (cases.zig) cached
   |  |     +- run exe zxc (program.zig) success 8ms
   |  |        +- compile exe zxc ReleaseSafe native (+6 more reused dependencies)
   |  +- run test coalesce-logical-and 36 pass (36 total) 5ms MaxRSS:1M
   |  |  +- compile test coalesce-logical-and ReleaseSafe native success 10s MaxRSS:380M
   |  |     +- run node (cases.zig) cached
   |  |     +- run exe zxc (program.zig) success 6ms
   |  |        +- compile exe zxc ReleaseSafe native (+6 more reused dependencies)
   |  +- run test coalesce-logical-or 36 pass (36 total) 6ms MaxRSS:1M
   |  |  +- compile test coalesce-logical-or ReleaseSafe native success 10s MaxRSS:380M
   |  |     +- run node (cases.zig) cached
   |  |     +- run exe zxc (program.zig) success 5ms
   |  |        +- compile exe zxc ReleaseSafe native (+6 more reused dependencies)
   |  +- run test coalesce-values-number-direct 6 pass (6 total) 3ms MaxRSS:1M
   |  |  +- compile test coalesce-values-number-direct ReleaseSafe native success 10s MaxRSS:368M
   |  |     +- run node (cases.zig) cached
   |  |     +- run exe zxc (program.zig) success 7ms
   |  |        +- compile exe zxc ReleaseSafe native (+6 more reused dependencies)
   |  +- run test coalesce-values-number-nested 18 pass (18 total) 4ms MaxRSS:1M
   |  |  +- compile test coalesce-values-number-nested ReleaseSafe native success 10s MaxRSS:377M
   |  |     +- run node (cases.zig) cached
   |  |     +- run exe zxc (program.zig) success 7ms
   |  |        +- compile exe zxc ReleaseSafe native (+6 more reused dependencies)
   |  +- run test coalesce-values-number-index 12 pass (12 total) 4ms MaxRSS:1M
   |  |  +- compile test coalesce-values-number-index ReleaseSafe native success 10s MaxRSS:376M
   |  |     +- run node (cases.zig) cached
   |  |     +- run exe zxc (program.zig) success 8ms
   |  |        +- compile exe zxc ReleaseSafe native (+6 more reused dependencies)
   |  +- run test coalesce-values-boolean-direct 6 pass (6 total) 4ms MaxRSS:1M
   |  |  +- compile test coalesce-values-boolean-direct ReleaseSafe native success 10s MaxRSS:370M
   |  |     +- run node (cases.zig) cached
   |  |     +- run exe zxc (program.zig) success 11ms
   |  |        +- compile exe zxc ReleaseSafe native (+6 more reused dependencies)
   |  +- run test coalesce-values-boolean-nested 18 pass (18 total) 5ms MaxRSS:1M
   |  |  +- compile test coalesce-values-boolean-nested ReleaseSafe native success 10s MaxRSS:374M
   |  |     +- run node (cases.zig) cached
   |  |     +- run exe zxc (program.zig) success 18ms
   |  |        +- compile exe zxc ReleaseSafe native (+6 more reused dependencies)
   |  +- run test coalesce-values-boolean-index 12 pass (12 total) 5ms MaxRSS:1M
   |  |  +- compile test coalesce-values-boolean-index ReleaseSafe native success 10s MaxRSS:385M
   |  |     +- run node (cases.zig) cached
   |  |     +- run exe zxc (program.zig) success 6ms
   |  |        +- compile exe zxc ReleaseSafe native (+6 more reused dependencies)
   |  +- run test coalesce-values-string-direct 6 pass (6 total) 3ms MaxRSS:1M
   |  |  +- compile test coalesce-values-string-direct ReleaseSafe native success 10s MaxRSS:379M
   |  |     +- run node (cases.zig) cached
   |  |     +- run exe zxc (program.zig) success 7ms
   |  |        +- compile exe zxc ReleaseSafe native (+6 more reused dependencies)
   |  +- run test coalesce-values-string-nested 18 pass (18 total) 4ms MaxRSS:1M
   |  |  +- compile test coalesce-values-string-nested ReleaseSafe native success 10s MaxRSS:386M
   |  |     +- run node (cases.zig) cached
   |  |     +- run exe zxc (program.zig) success 5ms
   |  |        +- compile exe zxc ReleaseSafe native (+6 more reused dependencies)
   |  +- run test coalesce-values-string-index 12 pass (12 total) 3ms MaxRSS:1M
   |  |  +- compile test coalesce-values-string-index ReleaseSafe native success 10s MaxRSS:365M
   |  |     +- run node (cases.zig) cached
   |  |     +- run exe zxc (program.zig) success 15ms
   |  |        +- compile exe zxc ReleaseSafe native (+6 more reused dependencies)
   |  +- run test coalesce-object-identity 12 pass (12 total) 5ms MaxRSS:1M
   |  |  +- compile test coalesce-object-identity ReleaseSafe native success 10s MaxRSS:371M
   |  |     +- run node (cases.zig) cached
   |  |     +- run exe zxc (program.zig) success 8ms
   |  |        +- compile exe zxc ReleaseSafe native (+6 more reused dependencies)
   |  +- run test match-f32-comparison 1225 pass (1225 total) 28ms MaxRSS:1M
   |  |  +- compile test match-f32-comparison ReleaseSafe native success 11s MaxRSS:398M
   |  |     +- run node (cases.zig) cached
   |  |     +- run exe zxc (program.zig) success 9ms
   |  |        +- compile exe zxc ReleaseSafe native (+6 more reused dependencies)
   |  +- run test match-f32-selection 105 pass (105 total) 4ms MaxRSS:1M
   |  |  +- compile test match-f32-selection ReleaseSafe native success 10s MaxRSS:372M
   |  |     +- run node (cases.zig) cached
   |  |     +- run exe zxc (program.zig) success 6ms
   |  |        +- compile exe zxc ReleaseSafe native (+6 more reused dependencies)
   |  +- run test match-f64-comparison 1225 pass (1225 total) 32ms MaxRSS:1M
   |  |  +- compile test match-f64-comparison ReleaseSafe native success 11s MaxRSS:381M
   |  |     +- run node (cases.zig) cached
   |  |     +- run exe zxc (program.zig) success 9ms
   |  |        +- compile exe zxc ReleaseSafe native (+6 more reused dependencies)
   |  +- run test match-f64-selection 105 pass (105 total) 5ms MaxRSS:1M
   |  |  +- compile test match-f64-selection ReleaseSafe native success 10s MaxRSS:371M
   |  |     +- run node (cases.zig) cached
   |  |     +- run exe zxc (program.zig) success 9ms
   |  |        +- compile exe zxc ReleaseSafe native (+6 more reused dependencies)
   |  +- run test match-scalars-boolean 8 pass (8 total) 5ms MaxRSS:1M
   |  |  +- compile test match-scalars-boolean ReleaseSafe native success 10s MaxRSS:377M
   |  |     +- run node (cases.zig) cached
   |  |     +- run exe zxc (program.zig) success 10ms
   |  |        +- compile exe zxc ReleaseSafe native (+6 more reused dependencies)
   |  +- run test match-scalars-string 729 pass (729 total) 15ms MaxRSS:1M
   |  |  +- compile test match-scalars-string ReleaseSafe native success 9s MaxRSS:372M
   |  |     +- run node (cases.zig) cached
   |  |     +- run exe zxc (program.zig) success 6ms
   |  |        +- compile exe zxc ReleaseSafe native (+6 more reused dependencies)
   |  +- run test match-scalars-enum 27 pass (27 total) 5ms MaxRSS:1M
   |  |  +- compile test match-scalars-enum ReleaseSafe native success 10s MaxRSS:376M
   |  |     +- run node (cases.zig) cached
   |  |     +- run exe zxc (program.zig) success 8ms
   |  |        +- compile exe zxc ReleaseSafe native (+6 more reused dependencies)
   |  +- run test match-scalars-u8 27 pass (27 total) 6ms MaxRSS:1M
   |  |  +- compile test match-scalars-u8 ReleaseSafe native success 10s MaxRSS:379M
   |  |     +- run node (cases.zig) cached
   |  |     +- run exe zxc (program.zig) success 12ms
   |  |        +- compile exe zxc ReleaseSafe native (+6 more reused dependencies)
   |  +- run test match-scalars-u16 27 pass (27 total) 5ms MaxRSS:1M
   |  |  +- compile test match-scalars-u16 ReleaseSafe native success 10s MaxRSS:369M
   |  |     +- run node (cases.zig) cached
   |  |     +- run exe zxc (program.zig) success 5ms
   |  |        +- compile exe zxc ReleaseSafe native (+6 more reused dependencies)
   |  +- run test match-scalars-u32 27 pass (27 total) 4ms MaxRSS:1M
   |  |  +- compile test match-scalars-u32 ReleaseSafe native success 10s MaxRSS:366M
   |  |     +- run node (cases.zig) cached
   |  |     +- run exe zxc (program.zig) success 10ms
   |  |        +- compile exe zxc ReleaseSafe native (+6 more reused dependencies)
   |  +- run test match-scalars-u64 27 pass (27 total) 5ms MaxRSS:1M
   |  |  +- compile test match-scalars-u64 ReleaseSafe native success 10s MaxRSS:412M
   |  |     +- run node (cases.zig) cached
   |  |     +- run exe zxc (program.zig) success 9ms
   |  |        +- compile exe zxc ReleaseSafe native (+6 more reused dependencies)
   |  +- run test match-scalars-i32 27 pass (27 total) 5ms MaxRSS:1M
   |  |  +- compile test match-scalars-i32 ReleaseSafe native success 10s MaxRSS:381M
   |  |     +- run node (cases.zig) cached
   |  |     +- run exe zxc (program.zig) success 17ms
   |  |        +- compile exe zxc ReleaseSafe native (+6 more reused dependencies)
   |  +- run test match-scalars-i64 27 pass (27 total) 4ms MaxRSS:1M
   |  |  +- compile test match-scalars-i64 ReleaseSafe native success 10s MaxRSS:379M
   |  |     +- run node (cases.zig) cached
   |  |     +- run exe zxc (program.zig) success 5ms
   |  |        +- compile exe zxc ReleaseSafe native (+6 more reused dependencies)
   |  +- run test match-default_only 3 pass (3 total) 4ms MaxRSS:1M
   |  |  +- compile test match-default_only ReleaseSafe native success 10s MaxRSS:381M
   |  |     +- run node (cases.zig) cached
   |  |     +- run exe zxc (program.zig) success 6ms
   |  |        +- compile exe zxc ReleaseSafe native (+6 more reused dependencies)
   |  +- run test match-nested 4 pass (4 total) 4ms MaxRSS:1M
   |  |  +- compile test match-nested ReleaseSafe native success 10s MaxRSS:374M
   |  |     +- run node (cases.zig) cached
   |  |     +- run exe zxc (program.zig) success 5ms
   |  |        +- compile exe zxc ReleaseSafe native (+6 more reused dependencies)
   |  +- run test match-object-identity 12 pass (12 total) 4ms MaxRSS:1M
   |  |  +- compile test match-object-identity ReleaseSafe native success 10s MaxRSS:371M
   |  |     +- run node (cases.zig) cached
   |  |     +- run exe zxc (program.zig) success 10ms
   |  |        +- compile exe zxc ReleaseSafe native (+6 more reused dependencies)
   |  +- run test subtraction-names 21 pass (21 total) 5ms MaxRSS:1M
   |  |  +- compile test subtraction-names ReleaseSafe native success 10s MaxRSS:418M
   |  |     +- run node (cases.zig) cached
   |  |     +- run exe zxc (program.zig) success 5ms
   |  |        +- compile exe zxc ReleaseSafe native (+6 more reused dependencies)
   |  +- run test subtraction-whitespace 54 pass (54 total) 5ms MaxRSS:1M
   |  |  +- compile test subtraction-whitespace ReleaseSafe native success 10s MaxRSS:381M
   |  |     +- run node (cases.zig) cached
   |  |     +- run exe zxc (program.zig) success 8ms
   |  |        +- compile exe zxc ReleaseSafe native (+6 more reused dependencies)
   |  +- run test multiplication-whitespace 54 pass (54 total) 4ms MaxRSS:1M
   |  |  +- compile test multiplication-whitespace ReleaseSafe native success 10s MaxRSS:370M
   |  |     +- run node (cases.zig) cached
   |  |     +- run exe zxc (program.zig) success 6ms
   |  |        +- compile exe zxc ReleaseSafe native (+6 more reused dependencies)
   |  +- run test division-whitespace 54 pass (54 total) 4ms MaxRSS:1M
   |  |  +- compile test division-whitespace ReleaseSafe native success 10s MaxRSS:373M
   |  |     +- run node (cases.zig) cached
   |  |     +- run exe zxc (program.zig) success 11ms
   |  |        +- compile exe zxc ReleaseSafe native (+6 more reused dependencies)
   |  +- run test division-source-values 4 pass (4 total) 3ms MaxRSS:1M
   |  |  +- compile test division-source-values ReleaseSafe native success 10s MaxRSS:448M
   |  |     +- run node (cases.zig) cached
   |  |     +- run exe zxc (program.zig) success 5ms
   |  |        +- compile exe zxc ReleaseSafe native (+6 more reused dependencies)
   |  +- run test division-source-lines 1 pass (1 total) 4ms MaxRSS:1M
   |  |  +- compile test division-source-lines ReleaseSafe native success 10s MaxRSS:363M
   |  |     +- run node (cases.zig) cached
   |  |     +- run exe zxc (program.zig) success 6ms
   |  |        +- compile exe zxc ReleaseSafe native (+6 more reused dependencies)
   |  +- run test division-source-identifiers 1 pass (1 total) 4ms MaxRSS:1M
   |  |  +- compile test division-source-identifiers ReleaseSafe native success 10s MaxRSS:367M
   |  |     +- run node (cases.zig) cached
   |  |     +- run exe zxc (program.zig) success 11ms
   |  |        +- compile exe zxc ReleaseSafe native (+6 more reused dependencies)
   |  +- run test addition-explicit-strings 9 pass (9 total) 4ms MaxRSS:1M
   |  |  +- compile test addition-explicit-strings ReleaseSafe native success 10s MaxRSS:374M
   |  |     +- run node (cases.zig) cached
   |  |     +- run exe zxc (program.zig) success 8ms
   |  |        +- compile exe zxc ReleaseSafe native (+6 more reused dependencies)
   |  +- run test addition-whitespace 54 pass (54 total) 5ms MaxRSS:1M
   |  |  +- compile test addition-whitespace ReleaseSafe native success 10s MaxRSS:380M
   |  |     +- run node (cases.zig) cached
   |  |     +- run exe zxc (program.zig) success 8ms
   |  |        +- compile exe zxc ReleaseSafe native (+6 more reused dependencies)
   |  +- run test addition-source-values 4 pass (4 total) 5ms MaxRSS:1M
   |  |  +- compile test addition-source-values ReleaseSafe native success 10s MaxRSS:362M
   |  |     +- run node (cases.zig) cached
   |  |     +- run exe zxc (program.zig) success 7ms
   |  |        +- compile exe zxc ReleaseSafe native (+6 more reused dependencies)
   |  +- run test modulus-source-values 4 pass (4 total) 4ms MaxRSS:1M
   |  |  +- compile test modulus-source-values ReleaseSafe native success 10s MaxRSS:393M
   |  |     +- run node (cases.zig) cached
   |  |     +- run exe zxc (program.zig) success 5ms
   |  |        +- compile exe zxc ReleaseSafe native (+6 more reused dependencies)
   |  +- run test modulus-source-lines 1 pass (1 total) 3ms MaxRSS:1M
   |  |  +- compile test modulus-source-lines ReleaseSafe native success 10s MaxRSS:369M
   |  |     +- run node (cases.zig) cached
   |  |     +- run exe zxc (program.zig) success 12ms
   |  |        +- compile exe zxc ReleaseSafe native (+6 more reused dependencies)
   |  +- run test modulus-whitespace 54 pass (54 total) 4ms MaxRSS:1M
   |  |  +- compile test modulus-whitespace ReleaseSafe native success 10s MaxRSS:366M
   |  |     +- run node (cases.zig) cached
   |  |     +- run exe zxc (program.zig) success 6ms
   |  |        +- compile exe zxc ReleaseSafe native (+6 more reused dependencies)
   |  +- run test comparison-whitespace 216 pass (216 total) 9ms MaxRSS:1M
   |     +- compile test comparison-whitespace ReleaseSafe native success 10s MaxRSS:370M
   |        +- run node (cases.zig) cached
   |        +- run exe zxc (program.zig) success 7ms
   |           +- compile exe zxc ReleaseSafe native (+6 more reused dependencies)
   +- test-safety success
   |  +- install generated to conformance/ReleaseSafe/u8.jsonl success
   |  |  +- run node (results.jsonl) success 95ms
   |  |     +- compile exe integer-safety-u8 ReleaseSafe native success 5s MaxRSS:308M
   |  |        +- run exe zxc (program.zig) success 6ms
   |  |        |  +- compile exe zxc ReleaseSafe native (+6 more reused dependencies)
   |  |        +- run exe standard-types (standard_abi.zig) (+1 more reused dependencies)
   |  +- install generated to conformance/ReleaseSafe/u16.jsonl success
   |  |  +- run node (results.jsonl) success 88ms
   |  |     +- compile exe integer-safety-u16 ReleaseSafe native success 5s MaxRSS:292M
   |  |        +- run exe zxc (program.zig) success 9ms
   |  |        |  +- compile exe zxc ReleaseSafe native (+6 more reused dependencies)
   |  |        +- run exe standard-types (standard_abi.zig) (+1 more reused dependencies)
   |  +- install generated to conformance/ReleaseSafe/u32.jsonl success
   |  |  +- run node (results.jsonl) success 91ms
   |  |     +- compile exe integer-safety-u32 ReleaseSafe native success 5s MaxRSS:364M
   |  |        +- run exe zxc (program.zig) success 9ms
   |  |        |  +- compile exe zxc ReleaseSafe native (+6 more reused dependencies)
   |  |        +- run exe standard-types (standard_abi.zig) (+1 more reused dependencies)
   |  +- install generated to conformance/ReleaseSafe/u64.jsonl success
   |  |  +- run node (results.jsonl) success 92ms
   |  |     +- compile exe integer-safety-u64 ReleaseSafe native success 5s MaxRSS:301M
   |  |        +- run exe zxc (program.zig) success 8ms
   |  |        |  +- compile exe zxc ReleaseSafe native (+6 more reused dependencies)
   |  |        +- run exe standard-types (standard_abi.zig) (+1 more reused dependencies)
   |  +- install generated to conformance/ReleaseSafe/i32.jsonl success
   |  |  +- run node (results.jsonl) success 449ms
   |  |     +- compile exe integer-safety-i32 ReleaseSafe native success 5s MaxRSS:296M
   |  |        +- run exe zxc (program.zig) success 5ms
   |  |        |  +- compile exe zxc ReleaseSafe native (+6 more reused dependencies)
   |  |        +- run exe standard-types (standard_abi.zig) (+1 more reused dependencies)
   |  +- install generated to conformance/ReleaseSafe/i64.jsonl success
   |     +- run node (results.jsonl) success 462ms
   |        +- compile exe integer-safety-i64 ReleaseSafe native success 5s MaxRSS:299M
   |           +- run exe zxc (program.zig) success 4ms
   |           |  +- compile exe zxc ReleaseSafe native (+6 more reused dependencies)
   |           +- run exe standard-types (standard_abi.zig) (+1 more reused dependencies)
   +- test-stores success
   |  +- run test store-transactions 236 pass (236 total) 18ms MaxRSS:1M
   |     +- compile test store-transactions ReleaseSafe native success 10s MaxRSS:378M
   |        +- run node (cases.zig) cached
   |        +- run exe compile-store-context (program.zig) success 2ms
   |           +- compile exe compile-store-context ReleaseSafe native success 12s MaxRSS:485M
   |              +- WriteFile interfaces/0.d.zx (reused)
   +- test-evaluation-order success
   |  +- run test 1 pass (1 total) 3ms MaxRSS:1M
   |  |  +- compile test ReleaseSafe native success 6s MaxRSS:326M
   |  |     +- run exe compile-evaluation-order (program.zig) success 3ms
   |  |     |  +- compile exe compile-evaluation-order ReleaseSafe native success 14s MaxRSS:532M
   |  |     |     +- WriteFile interfaces/0.d.zx (reused)
   |  |     +- run exe compile-evaluation-order (program.zig) (+1 more reused dependencies)
   |  +- run test 16 pass (16 total) 5ms MaxRSS:1M
   |  |  +- compile test ReleaseSafe native success 10s MaxRSS:369M
   |  |     +- run node (logical_test.zig) cached
   |  |     +- run exe compile-evaluation-order (program.zig) success 3ms
   |  |     |  +- compile exe compile-evaluation-order ReleaseSafe native (+1 more reused dependencies)
   |  |     +- run exe compile-evaluation-order (program.zig) (+1 more reused dependencies)
   |  +- run test 16 pass (16 total) 5ms MaxRSS:1M
   |  |  +- compile test ReleaseSafe native success 10s MaxRSS:372M
   |  |     +- run node (logical_test.zig) cached
   |  |     +- run exe compile-evaluation-order (program.zig) success 4ms
   |  |     |  +- compile exe compile-evaluation-order ReleaseSafe native (+1 more reused dependencies)
   |  |     +- run exe compile-evaluation-order (program.zig) (+1 more reused dependencies)
   |  +- run test 16 pass (16 total) 4ms MaxRSS:1M
   |  |  +- compile test ReleaseSafe native success 10s MaxRSS:368M
   |  |     +- run node (logical_test.zig) cached
   |  |     +- run exe compile-evaluation-order (program.zig) success 3ms
   |  |     |  +- compile exe compile-evaluation-order ReleaseSafe native (+1 more reused dependencies)
   |  |     +- run exe compile-evaluation-order (program.zig) (+1 more reused dependencies)
   |  +- run test 16 pass (16 total) 5ms MaxRSS:1M
   |  |  +- compile test ReleaseSafe native success 10s MaxRSS:367M
   |  |     +- run node (logical_test.zig) cached
   |  |     +- run exe compile-evaluation-order (program.zig) success 3ms
   |  |     |  +- compile exe compile-evaluation-order ReleaseSafe native (+1 more reused dependencies)
   |  |     +- run exe compile-evaluation-order (program.zig) (+1 more reused dependencies)
   |  +- run test 16 pass (16 total) 4ms MaxRSS:1M
   |  |  +- compile test ReleaseSafe native success 10s MaxRSS:367M
   |  |     +- run node (logical_test.zig) cached
   |  |     +- run exe compile-evaluation-order (program.zig) success 3ms
   |  |     |  +- compile exe compile-evaluation-order ReleaseSafe native (+1 more reused dependencies)
   |  |     +- run exe compile-evaluation-order (program.zig) (+1 more reused dependencies)
   |  +- run test 16 pass (16 total) 7ms MaxRSS:1M
   |  |  +- compile test ReleaseSafe native success 10s MaxRSS:368M
   |  |     +- run node (logical_test.zig) cached
   |  |     +- run exe compile-evaluation-order (program.zig) success 3ms
   |  |     |  +- compile exe compile-evaluation-order ReleaseSafe native (+1 more reused dependencies)
   |  |     +- run exe compile-evaluation-order (program.zig) (+1 more reused dependencies)
   |  +- run test 16 pass (16 total) 4ms MaxRSS:1M
   |  |  +- compile test ReleaseSafe native success 10s MaxRSS:381M
   |  |     +- run node (logical_test.zig) cached
   |  |     +- run exe compile-evaluation-order (program.zig) success 3ms
   |  |     |  +- compile exe compile-evaluation-order ReleaseSafe native (+1 more reused dependencies)
   |  |     +- run exe compile-evaluation-order (program.zig) (+1 more reused dependencies)
   |  +- run test 16 pass (16 total) 5ms MaxRSS:1M
   |  |  +- compile test ReleaseSafe native success 10s MaxRSS:376M
   |  |     +- run node (logical_test.zig) cached
   |  |     +- run exe compile-evaluation-order (program.zig) success 3ms
   |  |     |  +- compile exe compile-evaluation-order ReleaseSafe native (+1 more reused dependencies)
   |  |     +- run exe compile-evaluation-order (program.zig) (+1 more reused dependencies)
   |  +- run test 8 pass (8 total) 4ms MaxRSS:1M
   |  |  +- compile test ReleaseSafe native success 10s MaxRSS:373M
   |  |     +- run node (logical_test.zig) cached
   |  |     +- run exe compile-evaluation-order (program.zig) success 4ms
   |  |     |  +- compile exe compile-evaluation-order ReleaseSafe native (+1 more reused dependencies)
   |  |     +- run exe compile-evaluation-order (program.zig) (+1 more reused dependencies)
   |  +- run test 8 pass (8 total) 4ms MaxRSS:1M
   |  |  +- compile test ReleaseSafe native success 10s MaxRSS:365M
   |  |     +- run node (logical_test.zig) cached
   |  |     +- run exe compile-evaluation-order (program.zig) success 3ms
   |  |     |  +- compile exe compile-evaluation-order ReleaseSafe native (+1 more reused dependencies)
   |  |     +- run exe compile-evaluation-order (program.zig) (+1 more reused dependencies)
   |  +- run test 8 pass (8 total) 5ms MaxRSS:1M
   |  |  +- compile test ReleaseSafe native success 10s MaxRSS:367M
   |  |     +- run node (logical_test.zig) cached
   |  |     +- run exe compile-evaluation-order (program.zig) success 3ms
   |  |     |  +- compile exe compile-evaluation-order ReleaseSafe native (+1 more reused dependencies)
   |  |     +- run exe compile-evaluation-order (program.zig) (+1 more reused dependencies)
   |  +- run test 4 pass (4 total) 7ms MaxRSS:1M
   |  |  +- compile test ReleaseSafe native success 10s MaxRSS:366M
   |  |     +- run node (logical_test.zig) cached
   |  |     +- run exe compile-evaluation-order (program.zig) success 3ms
   |  |     |  +- compile exe compile-evaluation-order ReleaseSafe native (+1 more reused dependencies)
   |  |     +- run exe compile-evaluation-order (program.zig) (+1 more reused dependencies)
   |  +- run test 4 pass (4 total) 4ms MaxRSS:1M
   |  |  +- compile test ReleaseSafe native success 10s MaxRSS:358M
   |  |     +- run node (logical_test.zig) cached
   |  |     +- run exe compile-evaluation-order (program.zig) success 3ms
   |  |     |  +- compile exe compile-evaluation-order ReleaseSafe native (+1 more reused dependencies)
   |  |     +- run exe compile-evaluation-order (program.zig) (+1 more reused dependencies)
   |  +- run test 4 pass (4 total) 4ms MaxRSS:1M
   |  |  +- compile test ReleaseSafe native success 10s MaxRSS:378M
   |  |     +- run node (logical_test.zig) cached
   |  |     +- run exe compile-evaluation-order (program.zig) success 3ms
   |  |     |  +- compile exe compile-evaluation-order ReleaseSafe native (+1 more reused dependencies)
   |  |     +- run exe compile-evaluation-order (program.zig) (+1 more reused dependencies)
   |  +- run test 12 pass (12 total) 4ms MaxRSS:1M
   |  |  +- compile test ReleaseSafe native success 10s MaxRSS:384M
   |  |     +- run node (logical_test.zig) cached
   |  |     +- run exe compile-evaluation-order (program.zig) success 3ms
   |  |     |  +- compile exe compile-evaluation-order ReleaseSafe native (+1 more reused dependencies)
   |  |     +- run exe compile-evaluation-order (program.zig) (+1 more reused dependencies)
   |  +- run test 12 pass (12 total) 5ms MaxRSS:1M
   |  |  +- compile test ReleaseSafe native success 10s MaxRSS:356M
   |  |     +- run node (logical_test.zig) cached
   |  |     +- run exe compile-evaluation-order (program.zig) success 3ms
   |  |     |  +- compile exe compile-evaluation-order ReleaseSafe native (+1 more reused dependencies)
   |  |     +- run exe compile-evaluation-order (program.zig) (+1 more reused dependencies)
   |  +- run test 64 pass (64 total) 6ms MaxRSS:1M
   |  |  +- compile test ReleaseSafe native success 10s MaxRSS:370M
   |  |     +- run node (logical_test.zig) cached
   |  |     +- run exe compile-evaluation-order (program.zig) success 3ms
   |  |     |  +- compile exe compile-evaluation-order ReleaseSafe native (+1 more reused dependencies)
   |  |     +- run exe compile-evaluation-order (program.zig) (+1 more reused dependencies)
   |  +- run test 432 pass (432 total) 14ms MaxRSS:1M
   |  |  +- compile test ReleaseSafe native success 10s MaxRSS:370M
   |  |     +- run node (logical_test.zig) cached
   |  |     +- run exe compile-evaluation-order (program.zig) success 3ms
   |  |     |  +- compile exe compile-evaluation-order ReleaseSafe native (+1 more reused dependencies)
   |  |     +- run exe compile-evaluation-order (program.zig) (+1 more reused dependencies)
   |  +- run test 144 pass (144 total) 7ms MaxRSS:1M
   |  |  +- compile test ReleaseSafe native success 10s MaxRSS:383M
   |  |     +- run node (logical_test.zig) cached
   |  |     +- run exe compile-evaluation-order (program.zig) success 3ms
   |  |     |  +- compile exe compile-evaluation-order ReleaseSafe native (+1 more reused dependencies)
   |  |     +- run exe compile-evaluation-order (program.zig) (+1 more reused dependencies)
   |  +- run test 64 pass (64 total) 5ms MaxRSS:1M
   |  |  +- compile test ReleaseSafe native success 10s MaxRSS:441M
   |  |     +- run node (logical_test.zig) cached
   |  |     +- run exe compile-evaluation-order (program.zig) success 3ms
   |  |     |  +- compile exe compile-evaluation-order ReleaseSafe native (+1 more reused dependencies)
   |  |     +- run exe compile-evaluation-order (program.zig) (+1 more reused dependencies)
   |  +- run test 48 pass (48 total) 6ms MaxRSS:1M
   |  |  +- compile test ReleaseSafe native success 10s MaxRSS:388M
   |  |     +- run node (logical_test.zig) cached
   |  |     +- run exe compile-evaluation-order (program.zig) success 3ms
   |  |     |  +- compile exe compile-evaluation-order ReleaseSafe native (+1 more reused dependencies)
   |  |     +- run exe compile-evaluation-order (program.zig) (+1 more reused dependencies)
   |  +- run test 12 pass (12 total) 5ms MaxRSS:1M
   |  |  +- compile test ReleaseSafe native success 10s MaxRSS:369M
   |  |     +- run node (logical_test.zig) cached
   |  |     +- run exe compile-evaluation-order (program.zig) success 3ms
   |  |     |  +- compile exe compile-evaluation-order ReleaseSafe native (+1 more reused dependencies)
   |  |     +- run exe compile-evaluation-order (program.zig) (+1 more reused dependencies)
   |  +- run test 16 pass (16 total) 6ms MaxRSS:1M
   |  |  +- compile test ReleaseSafe native success 10s MaxRSS:377M
   |  |     +- run node (logical_test.zig) cached
   |  |     +- run exe compile-evaluation-order (program.zig) success 3ms
   |  |     |  +- compile exe compile-evaluation-order ReleaseSafe native (+1 more reused dependencies)
   |  |     +- run exe compile-evaluation-order (program.zig) (+1 more reused dependencies)
   |  +- run test 16 pass (16 total) 5ms MaxRSS:1M
   |  |  +- compile test ReleaseSafe native success 10s MaxRSS:371M
   |  |     +- run node (logical_test.zig) cached
   |  |     +- run exe compile-evaluation-order (program.zig) success 3ms
   |  |     |  +- compile exe compile-evaluation-order ReleaseSafe native (+1 more reused dependencies)
   |  |     +- run exe compile-evaluation-order (program.zig) (+1 more reused dependencies)
   |  +- run test 16 pass (16 total) 4ms MaxRSS:1M
   |  |  +- compile test ReleaseSafe native success 10s MaxRSS:369M
   |  |     +- run node (logical_test.zig) cached
   |  |     +- run exe compile-evaluation-order (program.zig) success 3ms
   |  |     |  +- compile exe compile-evaluation-order ReleaseSafe native (+1 more reused dependencies)
   |  |     +- run exe compile-evaluation-order (program.zig) (+1 more reused dependencies)
   |  +- run test 16 pass (16 total) 4ms MaxRSS:1M
   |  |  +- compile test ReleaseSafe native success 10s MaxRSS:379M
   |  |     +- run node (logical_test.zig) cached
   |  |     +- run exe compile-evaluation-order (program.zig) success 3ms
   |  |     |  +- compile exe compile-evaluation-order ReleaseSafe native (+1 more reused dependencies)
   |  |     +- run exe compile-evaluation-order (program.zig) (+1 more reused dependencies)
   |  +- run test 16 pass (16 total) 5ms MaxRSS:1M
   |     +- compile test ReleaseSafe native success 9s MaxRSS:368M
   |        +- run node (logical_test.zig) cached
   |        +- run exe compile-evaluation-order (program.zig) success 3ms
   |        |  +- compile exe compile-evaluation-order ReleaseSafe native (+1 more reused dependencies)
   |        +- run exe compile-evaluation-order (program.zig) (+1 more reused dependencies)
   +- test-expression-bindings success
   |  +- run test 40 pass (40 total) 6ms MaxRSS:1M
   |     +- compile test ReleaseSafe native success 13s MaxRSS:443M
   |        +- WriteFile interfaces/0.d.zx (reused)
   +- test-expression-runtime success
   |  +- run test 4 pass (4 total) 3ms MaxRSS:1M
   |  |  +- compile test ReleaseSafe native success 10s MaxRSS:347M
   |  |     +- run exe compile-bound-expression (program.zig) success 4ms
   |  |     |  +- compile exe compile-bound-expression ReleaseSafe native success 15s MaxRSS:476M
   |  |     |     +- WriteFile interfaces/0.d.zx (reused)
   |  |     +- run exe compile-bound-expression (program.zig) (+1 more reused dependencies)
   |  +- run test 3 pass (3 total) 4ms MaxRSS:1M
   |  |  +- compile test ReleaseSafe native success 10s MaxRSS:351M
   |  |     +- run exe compile-bound-expression (program.zig) success 4ms
   |  |     |  +- compile exe compile-bound-expression ReleaseSafe native (+1 more reused dependencies)
   |  |     +- run exe compile-bound-expression (program.zig) (+1 more reused dependencies)
   |  +- run test 2 pass (2 total) 3ms MaxRSS:1M
   |     +- compile test ReleaseSafe native success 9s MaxRSS:346M
   |        +- run exe compile-bound-expression (program.zig) success 4ms
   |        |  +- compile exe compile-bound-expression ReleaseSafe native (+1 more reused dependencies)
   |        +- run exe compile-bound-expression (program.zig) (+1 more reused dependencies)
   +- test-contracts success
   |  +- run test 5 pass (5 total) 4ms MaxRSS:1M
   |  |  +- compile test ReleaseSafe native success 16s MaxRSS:522M
   |  |     +- WriteFile interfaces/0.d.zx (reused)
   |  +- run test 1 pass (1 total) 3ms MaxRSS:1M
   |     +- compile test ReleaseSafe native success 13s MaxRSS:471M
   |        +- WriteFile interfaces/0.d.zx (reused)
   +- test-link-runtime success
   |  +- run test 1 pass (1 total) 3ms MaxRSS:1M
   |  |  +- compile test ReleaseSafe native success 6s MaxRSS:324M
   |  |     +- run exe compile-link-runtime (original.zig) success 4ms
   |  |     |  +- compile exe compile-link-runtime ReleaseSafe native success 14s MaxRSS:527M
   |  |     |     +- WriteFile interfaces/0.d.zx (reused)
   |  |     +- run exe compile-link-runtime (original.zig) (+1 more reused dependencies)
   |  +- run test 3 pass (3 total) 3ms MaxRSS:1M
   |     +- compile test ReleaseSafe native success 6s MaxRSS:315M
   |        +- run exe compile-link-runtime (original.zig) success 4ms
   |        |  +- compile exe compile-link-runtime ReleaseSafe native (+1 more reused dependencies)
   |        +- run exe compile-link-runtime (original.zig) (+1 more reused dependencies)
   +- test-native-runtime success
   |  +- run test native-original 4 pass (4 total) 3ms MaxRSS:1M
   |  |  +- compile test native-original ReleaseSafe native success 8s MaxRSS:341M
   |  |     +- run exe compile-native-runtime (original.zig) success 3ms
   |  |     |  +- compile exe compile-native-runtime ReleaseSafe native success 19s MaxRSS:569M
   |  |     |     +- WriteFile interfaces/0.d.zx (reused)
   |  |     +- run exe compile-native-runtime (original.zig) (+1 more reused dependencies)
   |  +- run test native-linked 4 pass (4 total) 3ms MaxRSS:1M
   |     +- compile test native-linked ReleaseSafe native success 8s MaxRSS:337M
   |        +- run exe compile-native-runtime (original.zig) (+1 more reused dependencies)
   |        +- run exe compile-native-runtime (original.zig) (+1 more reused dependencies)
   +- test-type-merge success
   |  +- run test 6 pass (6 total) 4ms MaxRSS:1M
   |  |  +- compile test ReleaseSafe native success 12s MaxRSS:469M
   |  |     +- WriteFile interfaces/0.d.zx (reused)
   |  +- run test 4 pass (4 total) 3ms MaxRSS:1M
   |  |  +- compile test ReleaseSafe native success 12s MaxRSS:472M
   |  |     +- WriteFile interfaces/0.d.zx (reused)
   |  +- run test 2 pass (2 total) 4ms MaxRSS:1M
   |     +- compile test ReleaseSafe native success 12s MaxRSS:481M
   |        +- WriteFile interfaces/0.d.zx (reused)
   +- test-native-link success
   |  +- run test 4 pass (4 total) 4ms MaxRSS:1M
   |  |  +- compile test ReleaseSafe native success 14s MaxRSS:523M
   |  |     +- WriteFile interfaces/0.d.zx (reused)
   |  +- run test 2 pass (2 total) 7ms MaxRSS:1M
   |     +- compile test ReleaseSafe native success 13s MaxRSS:511M
   |        +- WriteFile interfaces/0.d.zx (reused)
   +- test-artifact-slots success
   |  +- run test 5 pass (5 total) 4ms MaxRSS:1M
   |  |  +- compile test ReleaseSafe native success 14s MaxRSS:509M
   |  |     +- WriteFile interfaces/0.d.zx (reused)
   |  +- run test 2 pass (2 total) 17ms MaxRSS:1M
   |     +- compile test ReleaseSafe native success 17s MaxRSS:506M
   |        +- WriteFile interfaces/0.d.zx (reused)
   +- test-module-generation success
   |  +- run test 3 pass (3 total) 4ms MaxRSS:1M
   |  |  +- compile test ReleaseSafe native success 17s MaxRSS:556M
   |  |     +- WriteFile interfaces/0.d.zx (reused)
   |  +- run test 4 pass (4 total) 4ms MaxRSS:1M
   |  |  +- compile test ReleaseSafe native success 17s MaxRSS:556M
   |  |     +- WriteFile interfaces/0.d.zx (reused)
   |  +- run test 2 pass (2 total) 78ms MaxRSS:1M
   |     +- compile test ReleaseSafe native success 17s MaxRSS:566M
   |        +- WriteFile interfaces/0.d.zx (reused)
   +- test-cache-codec success
   |  +- run test 2 pass (2 total) 6ms MaxRSS:1M
   |  |  +- compile test ReleaseSafe native success 25s MaxRSS:653M
   |  |     +- WriteFile interfaces/0.d.zx (reused)
   |  +- run test 9 pass (9 total) 8ms MaxRSS:1M
   |  |  +- compile test ReleaseSafe native success 22s MaxRSS:633M
   |  |     +- WriteFile interfaces/0.d.zx (reused)
   |  +- run test 2 pass (2 total) 11ms MaxRSS:1M
   |     +- compile test ReleaseSafe native success 22s MaxRSS:603M
   |        +- WriteFile interfaces/0.d.zx (reused)
   +- test-backend-protocol success
   |  +- run test 7 pass (7 total) 5ms MaxRSS:1M
   |  |  +- compile test ReleaseSafe native success 9s MaxRSS:365M
   |  +- run test 14 pass (14 total) 5ms MaxRSS:1M
   |  |  +- compile test ReleaseSafe native success 10s MaxRSS:387M
   |  +- run test 2 pass (2 total) 3ms MaxRSS:1M
   |  |  +- compile test ReleaseSafe native success 10s MaxRSS:368M
   |  +- run test 2 pass (2 total) 4ms MaxRSS:1M
   |  |  +- compile test ReleaseSafe native success 10s MaxRSS:377M
   |  +- run test 9 pass (9 total) 5ms MaxRSS:1M
   |  |  +- compile test ReleaseSafe native success 10s MaxRSS:373M
   |  +- run test 9 pass (9 total) 5ms MaxRSS:1M
   |     +- compile test ReleaseSafe native success 10s MaxRSS:376M
   +- test-backend-publish success
   |  +- run test 8 pass (8 total) 11ms MaxRSS:1M
   |  |  +- compile test ReleaseSafe native success 12s MaxRSS:393M
   |  |     +- WriteFile cli/build/observed.zig success
   |  +- run test 4 pass (4 total) 7ms MaxRSS:1M
   |  |  +- compile test ReleaseSafe native success 13s MaxRSS:434M
   |  |     +- WriteFile cli/build/observed.zig (reused)
   |  +- run test 6 pass (6 total) 16ms MaxRSS:1M
   |     +- compile test ReleaseSafe native success 12s MaxRSS:381M
   |        +- WriteFile cli/build/observed.zig (reused)
   +- test-backend-runtime success
   |  +- run node success 50s
   |     +- compile exe backend-driver ReleaseSafe native success 10s MaxRSS:447M
   |        +- WriteFile cli/build/observed.zig (reused)
   +- test-watch-recovery success
   |  +- run node success 56s
   |     +- compile exe zxc ReleaseSafe native (+6 more reused dependencies)
   +- test-watch-library success
   |  +- run node success 6s
   |     +- compile exe zxc ReleaseSafe native (+6 more reused dependencies)
   +- test-watch-headers success
   |  +- run node success 49s
   |     +- compile exe zxc ReleaseSafe native (+6 more reused dependencies)
   +- test-semantic-cache success
   |  +- run test 5 pass (5 total) 7ms MaxRSS:1M
   |  |  +- compile test ReleaseSafe native success 18s MaxRSS:547M
   |  |     +- WriteFile interfaces/0.d.zx (reused)
   |  +- run test 2 pass (2 total) 70ms MaxRSS:1M
   |     +- compile test ReleaseSafe native success 17s MaxRSS:516M
   |        +- WriteFile interfaces/0.d.zx (reused)
   +- test-link-boundaries success
   |  +- run test 9 pass (9 total) 8ms MaxRSS:1M
   |  |  +- compile test ReleaseSafe native success 13s MaxRSS:507M
   |  |     +- WriteFile interfaces/0.d.zx (reused)
   |  +- run test 5 pass (5 total) 5ms MaxRSS:1M
   |  |  +- compile test ReleaseSafe native success 13s MaxRSS:502M
   |  |     +- WriteFile interfaces/0.d.zx (reused)
   |  +- run test 4 pass (4 total) 13ms MaxRSS:1M
   |     +- compile test ReleaseSafe native success 12s MaxRSS:493M
   |        +- WriteFile interfaces/0.d.zx (reused)
   +- test-module-artifacts success
   |  +- run test 6 pass (6 total) 5ms MaxRSS:1M
   |  |  +- compile test ReleaseSafe native success 12s MaxRSS:462M
   |  |     +- WriteFile interfaces/0.d.zx (reused)
   |  +- run test 6 pass (6 total) 4ms MaxRSS:1M
   |  |  +- compile test ReleaseSafe native success 12s MaxRSS:487M
   |  |     +- WriteFile interfaces/0.d.zx (reused)
   |  +- run test 2 pass (2 total) 22ms MaxRSS:1M
   |     +- compile test ReleaseSafe native success 12s MaxRSS:500M
   |        +- WriteFile interfaces/0.d.zx (reused)
   +- test-nominal-origins transitive failure
   |  +- run test 7 pass, 3 fail (10 total)
   |  |  +- compile test ReleaseSafe native success 16s MaxRSS:521M
   |  |     +- WriteFile interfaces/0.d.zx (reused)
   |  +- run test 1 pass, 1 fail (2 total)
   |     +- compile test ReleaseSafe native success 17s MaxRSS:524M
   |        +- WriteFile interfaces/0.d.zx (reused)
   +- test-module-records success
   |  +- run test 7 pass (7 total) 5ms MaxRSS:1M
   |  |  +- compile test ReleaseSafe native success 17s MaxRSS:520M
   |  |     +- WriteFile interfaces/0.d.zx (reused)
   |  +- run test 3 pass (3 total) 10ms MaxRSS:1M
   |     +- compile test ReleaseSafe native success 17s MaxRSS:521M
   |        +- WriteFile interfaces/0.d.zx (reused)
   +- test-parse-cache success
   |  +- run test 6 pass (6 total) 3ms MaxRSS:1M
   |  |  +- compile test ReleaseSafe native success 7s MaxRSS:388M
   |  |     +- WriteFile interfaces/0.d.zx (reused)
   |  +- run test 6 pass (6 total) 4ms MaxRSS:1M
   |  |  +- compile test ReleaseSafe native success 13s MaxRSS:510M
   |  |     +- WriteFile interfaces/0.d.zx (reused)
   |  +- run test 2 pass (2 total) 15ms MaxRSS:1M
   |     +- compile test ReleaseSafe native success 12s MaxRSS:507M
   |        +- WriteFile interfaces/0.d.zx (reused)
   +- test-native-declarations success
   |  +- run test 4 pass (4 total) 6ms MaxRSS:1M
   |  |  +- compile test ReleaseSafe native success 11s MaxRSS:504M
   |  |     +- WriteFile interfaces/0.d.zx (reused)
   |  +- run test 4 pass (4 total) 4ms MaxRSS:1M
   |  |  +- compile test ReleaseSafe native success 11s MaxRSS:513M
   |  |     +- WriteFile interfaces/0.d.zx (reused)
   |  +- run test 2 pass (2 total) 3ms MaxRSS:1M
   |     +- compile test ReleaseSafe native success 11s MaxRSS:479M
   |        +- WriteFile interfaces/0.d.zx (reused)
   +- test-match-module-types success
   |  +- run test 2 pass (2 total) 3ms MaxRSS:1M
   |  |  +- compile test ReleaseSafe native success 14s MaxRSS:477M
   |  |     +- WriteFile interfaces/0.d.zx (reused)
   |  +- run test 3 pass (3 total) 3ms MaxRSS:1M
   |     +- compile test ReleaseSafe native success 11s MaxRSS:464M
   |        +- WriteFile interfaces/0.d.zx (reused)
   +- test-ownership-contracts success
   |  +- run test 3 pass (3 total) 3ms MaxRSS:1M
   |     +- compile test ReleaseSafe native success 12s MaxRSS:502M
   |        +- WriteFile interfaces/0.d.zx (reused)
   +- test-verification success
   |  +- run node success 650ms
   |     +- compile exe zxc ReleaseSafe native (+6 more reused dependencies)
   +- test-verification-resources success
   |  +- run test 3 pass (3 total) 4ms MaxRSS:1M
   |     +- compile test ReleaseSafe native success 10s MaxRSS:435M
   |        +- WriteFile interfaces/0.d.zx (reused)
   +- test-build-modes success
   |  +- run node success 2m
   +- test-hardware-resources success
   |  +- run test 3 pass (3 total) 9ms MaxRSS:1M
   |  |  +- compile test ReleaseSafe native success 12s MaxRSS:487M
   |  |     +- WriteFile interfaces/0.d.zx (reused)
   |  +- run test 2 pass (2 total) 3ms MaxRSS:1M
   |     +- compile test ReleaseSafe native success 10s MaxRSS:354M
   |        +- WriteFile interfaces/0.d.zx (reused)
   +- test-xml-expression success
   |  +- run test 15 pass (15 total) 4ms MaxRSS:1M
   |     +- compile test ReleaseSafe native success 9s MaxRSS:399M
   |        +- WriteFile interfaces/0.d.zx (reused)
   +- test-rx-text success
   |  +- run test 4 pass (4 total) 4ms MaxRSS:1M
   |  |  +- compile test ReleaseSafe native cached 53ms MaxRSS:21M
   |  +- run test 3 pass (3 total) 5ms MaxRSS:1M
   |  |  +- compile test ReleaseSafe native cached 68ms MaxRSS:21M
   |  +- run test 2 pass (2 total) 16ms MaxRSS:1M
   |  |  +- compile test ReleaseSafe native cached 69ms MaxRSS:21M
   |  +- run test 30 pass (30 total) 6ms MaxRSS:1M
   |  |  +- compile test ReleaseSafe native cached 64ms MaxRSS:21M
   |  +- run test 14 pass (14 total) 5ms MaxRSS:1M
   |  |  +- compile test ReleaseSafe native cached 65ms MaxRSS:21M
   |  +- run test 26 pass (26 total) 5ms MaxRSS:1M
   |  |  +- compile test ReleaseSafe native cached 59ms MaxRSS:21M
   |  +- run test 6 pass (6 total) 5ms MaxRSS:1M
   |  |  +- compile test ReleaseSafe native cached 69ms MaxRSS:21M
   |  +- run test 29 pass (29 total) 6ms MaxRSS:1M
   |  |  +- compile test ReleaseSafe native cached 63ms MaxRSS:21M
   |  +- run test 6 pass (6 total) 4ms MaxRSS:1M
   |     +- compile test ReleaseSafe native cached 67ms MaxRSS:21M
   +- test-rx-cli success
   |  +- run node success 139ms
   |     +- compile exe zxc ReleaseSafe native (+6 more reused dependencies)
   +- test-package-manifest success
   |  +- run node success 438ms
   |  |  +- compile exe zxc ReleaseSafe native (+6 more reused dependencies)
   |  +- run node success 350ms
   |  |  +- compile exe zxc ReleaseSafe native (+6 more reused dependencies)
   |  +- run node success 5s
   |  |  +- compile exe zxc ReleaseSafe native (+6 more reused dependencies)
   |  +- run node success 48s
   |  |  +- compile exe zxc ReleaseSafe native (+6 more reused dependencies)
   |  +- run node success 180ms
   |     +- compile exe zxc ReleaseSafe native (+6 more reused dependencies)
   +- test-package-archive success
   |  +- run test 7 pass (7 total) 9ms MaxRSS:1M
   |  |  +- compile test ReleaseSafe native success 7s MaxRSS:344M
   |  +- run test 18 pass (18 total) 18ms MaxRSS:1M
   |  |  +- compile test ReleaseSafe native success 7s MaxRSS:344M
   |  +- run test 13 pass (13 total) 6ms MaxRSS:1M
   |  |  +- compile test ReleaseSafe native success 7s MaxRSS:329M
   |  +- run node success 65ms
   +- test-package-install success
   |  +- run node success 32s
   |  |  +- compile exe zxc ReleaseSafe native (+6 more reused dependencies)
   |  +- run node success 166ms
   |  |  +- compile exe zxc ReleaseSafe native (+6 more reused dependencies)
   |  +- run node success 25s
   |  |  +- compile exe zxc ReleaseSafe native (+6 more reused dependencies)
   |  +- run node success 25s
   |     +- compile exe zxc ReleaseSafe native (+6 more reused dependencies)
   +- test-package-install-watch success
   |  +- run node success 1m
   |     +- compile exe zxc ReleaseSafe native (+6 more reused dependencies)
   +- test-native-packages success
   |  +- run node success 1m
   |     +- compile exe zxc ReleaseSafe native (+6 more reused dependencies)
   +- test-native-aliases success
   |  +- run node success 1m
   |     +- compile exe zxc ReleaseSafe native (+6 more reused dependencies)
   +- test-package-index success
   |  +- run node success 263ms
   |     +- compile exe zxc ReleaseSafe native (+6 more reused dependencies)
   +- test-package-store success
   |  +- run test 8 pass (8 total) 13ms MaxRSS:1M
   |  |  +- compile test ReleaseSafe native success 20s MaxRSS:884M
   |  +- run test 11 pass (11 total) 24ms MaxRSS:1M
   |  |  +- compile test ReleaseSafe native success 20s MaxRSS:838M
   |  +- run test 2 pass (2 total) 47ms MaxRSS:1M
   |  |  +- compile test ReleaseSafe native success 20s MaxRSS:860M
   |  +- run node (reused)
   +- test-package-http success
   |  +- run node success 145ms
   |  |  +- compile exe package-store-driver ReleaseSafe native success 26s MaxRSS:913M
   |  +- run node success 102ms
   |  |  +- compile exe package-store-driver ReleaseSafe native (reused)
   |  +- run node success 99ms
   |  |  +- compile exe package-store-driver ReleaseSafe native (reused)
   |  +- run node (reused)
   +- test-package-lock-graphs success
   |  +- run test 15 pass (15 total) 5ms MaxRSS:1M
   |  |  +- compile test ReleaseSafe native cached 56ms MaxRSS:21M
   |  +- run test 2 pass (2 total) 5ms MaxRSS:1M
   |  |  +- compile test ReleaseSafe native cached 54ms MaxRSS:21M
   |  +- run test 19 pass (19 total) 4ms MaxRSS:1M
   |     +- compile test ReleaseSafe native cached 58ms MaxRSS:21M
   +- test-package-lock-parsing success
   |  +- run test 20 pass (20 total) 3ms MaxRSS:1M
   |  |  +- compile test ReleaseSafe native cached 49ms MaxRSS:21M
   |  +- run test 7 pass (7 total) 4ms MaxRSS:1M
   |     +- compile test ReleaseSafe native cached 47ms MaxRSS:21M
   +- test-package-index-resources success
   |  +- run test 6 pass (6 total) 7ms MaxRSS:1M
   |     +- compile test ReleaseSafe native cached 57ms MaxRSS:21M
   +- test-json-enum success
   |  +- run node success 13s
   |     +- compile exe zxc ReleaseSafe native (+6 more reused dependencies)
   +- test-json-integer success
   |  +- run node success 13s
   |     +- compile exe zxc ReleaseSafe native (+6 more reused dependencies)
   +- test-app-protocol success
   |  +- run node success 19s
   |     +- compile exe zxc ReleaseSafe native (+6 more reused dependencies)
   +- test-toolchain success
   |  +- run node success 21s
   |     +- compile exe zxc ReleaseSafe native (+6 more reused dependencies)
   +- test-persistent-cache success
   |  +- run node success 1s
   |     +- compile exe zxc ReleaseSafe native (+6 more reused dependencies)
   +- test-generation-runtime success
   |  +- run node success 57s
   |     +- compile exe zxc ReleaseSafe native (+6 more reused dependencies)
   +- test-native-generation success
   |  +- run node success 33s
   |     +- compile exe zxc ReleaseSafe native (+6 more reused dependencies)
   +- test-toolchain-concurrency success
   |  +- run node success 26s
   |     +- compile exe zxc ReleaseSafe native (+6 more reused dependencies)
   +- test-standard-resources success
   |  +- run test 4 pass (4 total) 5ms MaxRSS:1M
   |  |  +- compile test ReleaseSafe native cached 66ms MaxRSS:21M
   |  |     +- run exe standard-types (standard_abi.zig) (+1 more reused dependencies)
   |  +- run test 2 pass (2 total) 4ms MaxRSS:1M
   |  |  +- compile test ReleaseSafe native cached 69ms MaxRSS:21M
   |  |     +- run exe standard-types (standard_abi.zig) (+1 more reused dependencies)
   |  +- run test 9 pass (9 total) 7ms MaxRSS:1M
   |  |  +- compile test ReleaseSafe native cached 66ms MaxRSS:21M
   |  |     +- run exe standard-types (standard_abi.zig) (+1 more reused dependencies)
   |  +- run test 12 pass (12 total) 8ms MaxRSS:1M
   |  |  +- compile test ReleaseSafe native cached 68ms MaxRSS:21M
   |  |     +- run exe standard-types (standard_abi.zig) (+1 more reused dependencies)
   |  +- run test 10 pass (10 total) 7ms MaxRSS:1M
   |     +- compile test ReleaseSafe native cached 68ms MaxRSS:21M
   |        +- run exe standard-types (standard_abi.zig) (+1 more reused dependencies)
   +- test-module-graphs success
   |  +- run test conformance-module-graphs 10446 pass (10446 total) 678ms MaxRSS:6M
   |     +- compile test conformance-module-graphs ReleaseSafe native cached 68ms MaxRSS:21M
   |        +- run node (module_graphs.zig) cached
   +- run node success 193ms
   +- run node success 64ms
   +- run node success 95ms
   +- run node success 71ms
   +- run node success 65ms
   +- run node success 63ms
   +- run node success 66ms
   +- run node success 76ms
   +- run node success 75ms
   +- run node success 66ms
   +- run node success 114ms
   +- run node success 80ms
   +- run node success 69ms
   +- run node success 69ms
   +- run node success 71ms
   +- run node success 67ms
   +- run node success 97ms
   +- run node success 67ms
   +- run node success 62ms
   +- run node success 102ms
   +- run node success 66ms
   +- run node success 94ms
   +- run node success 66ms
   +- run node success 94ms
   +- run node success 60ms
   +- run node success 67ms
   +- run node success 71ms
   +- run node success 104ms
   +- run node success 75ms
   +- run node success 63ms
   +- run node success 66ms
   +- run node success 67ms
   +- run node success 62ms
   +- run node success 99ms
   +- run node success 101ms
   +- run node success 97ms
   +- run node success 65ms
   +- run node success 64ms
   +- run node success 104ms
   +- run node success 77ms
   +- run node success 104ms
   +- run node success 108ms
   +- run node success 62ms
   +- run node success 64ms
   +- run node success 69ms
   +- run node success 76ms
   +- run node success 90ms
   +- run node success 62ms
   +- run node success 91ms
   +- run node success 62ms
   +- run node success 73ms
   +- run node success 69ms
   +- run node success 88ms
   +- run node success 80ms
   +- run node success 90ms
   +- run node success 64ms
   +- run node success 63ms
   +- run node success 64ms
   +- run node success 63ms
   +- run node success 68ms
   +- run node success 67ms
   +- run node success 76ms
   +- run node success 65ms
   +- run node success 83ms
   +- run node success 61ms
   +- run node success 73ms
   +- run node success 64ms
   +- run node success 64ms
   +- run node success 67ms
   +- run node success 71ms
   +- run node success 68ms
   +- run node success 66ms
   +- run node success 421ms
   +- run node success 75ms
   +- run node success 77ms
   +- run node success 104ms
   +- run node success 82ms
   +- run node success 86ms
   +- run node success 111ms
   +- run node success 65ms
   +- run node success 114ms
   +- run node success 123ms
   +- run node success 83ms
   +- run node success 69ms
   +- run node success 66ms
   +- run node success 83ms
   +- run node success 125ms
   +- run node success 72ms
   +- run node success 81ms
   +- run node success 81ms
   +- run node success 63ms
   +- run node success 69ms
   +- run node success 66ms
   +- run node success 64ms
   +- run node success 104ms
   +- run node success 62ms
   +- run node success 76ms
   +- run node success 69ms
   +- run node success 68ms
   +- run node success 94ms
   +- run node success 70ms
   +- run node success 68ms
   +- run node success 88ms
   +- run node success 85ms
   +- run node success 62ms
   +- run node success 73ms
   +- run node success 286ms
   +- run node success 91ms
   +- run node success 2s

error: the following build command failed with exit code 1:
.zig-cache/o/91f20b63ffb09c104698dcab031f75e4/build /Users/xiewendao/.local/share/zig/zig-x86_64-macos-0.16.0/zig /Users/xiewendao/.local/share/zig/zig-x86_64-macos-0.16.0/lib /Users/xiewendao/Documents/MatrixAges/zxc .zig-cache /Users/xiewendao/.cache/zig --seed 0x8dc0af08 -Z2cd48e8c3215288b test --summary all
