node:internal/modules/run_main:107
    triggerUncaughtException(
    ^

AssertionError [ERR_ASSERTION]: flows/store.rx:3:18: name: flow value is not defined in this scope


1 !== 0

    at run (file:///Users/xiewendao/Documents/MatrixAges/zxc/packages/test/tests/rx/attributes/runtime/run_test.ts:23:9)
    at file:///Users/xiewendao/Documents/MatrixAges/zxc/packages/test/tests/rx/attributes/runtime/run_test.ts:34:3
    at ModuleJob.run (node:internal/modules/esm/module_job:430:25)
    at async node:internal/modules/esm/loader:639:26
    at async asyncRunEntryPointWithESMLoader (node:internal/modules/run_main:101:5) {
  generatedMessage: false,
  code: 'ERR_ASSERTION',
  actual: 1,
  expected: 0,
  operator: 'strictEqual',
  diff: 'simple'
}

Node.js v25.8.1
1/6 request_failure_test.test.generated Request first failing setter discards pending data and remains usable...OK
2/6 request_failure_test.test.generated Request later failing setter preserves earlier publication...OK
3/6 request_failure_test.test.generated Request first failure and recovery allocation failures...OK
4/6 request_failure_test.test.generated Request later failure and recovery allocation failures...OK
5/6 request_failure_test.test.generated Request failure before publication releases all temporary memory...OK
6/6 request_failure_test.test.generated Request failure after publication retains committed data until State destruction...OK
All 6 tests passed.
✔ generated Store memory consumer ./packages/test/tests/rx/runtime/store/memory/request_failure_test.zig (ReleaseSafe) (6405.332104ms)
ℹ tests 1
ℹ suites 0
ℹ pass 1
ℹ fail 0
ℹ cancelled 0
ℹ skipped 0
ℹ todo 0
ℹ duration_ms 6408.366817
1/3 readonly_test.test.generated State rejects read only Object publication...OK
2/3 readonly_test.test.generated State multiple Object guard preserves read only and writable values...OK
3/3 readonly_test.test.generated State writable peer remains usable with a read only Object...OK
All 3 tests passed.
✔ generated Store memory consumer ./packages/test/tests/rx/runtime/store/memory/readonly_test.zig (ReleaseSafe) (6064.9625ms)
ℹ tests 1
ℹ suites 0
ℹ pass 1
ℹ fail 0
ℹ cancelled 0
ℹ skipped 0
ℹ todo 0
ℹ duration_ms 6067.814313
test-rx-attribute-runtime
+- run node failure
error: process exited with error code 1
failed command: node ./packages/test/tests/rx/attributes/runtime/run_test.ts ./packages/test/.zig-cache/o/77cfc8f8fccbea1d167e65062b2400d7/zxc ./packages/test/tests/rx/attributes/runtime/fixtures ReleaseSafe

1/4 failure_test.test.generated State first failing setter discards pending data and remains usable...OK
2/4 failure_test.test.generated State later failing setter preserves earlier publication...OK
3/4 failure_test.test.generated State first failure and recovery allocation failures...OK
4/4 failure_test.test.generated State later failure and recovery allocation failures...OK
All 4 tests passed.
✔ generated Store memory consumer ./packages/test/tests/rx/runtime/store/memory/failure_test.zig (ReleaseSafe) (6242.457694ms)
ℹ tests 1
ℹ suites 0
ℹ pass 1
ℹ fail 0
ℹ cancelled 0
ℹ skipped 0
ℹ todo 0
ℹ duration_ms 6245.426728
1/8 request_test.test.generated Request retains published values and outputs after request destruction...OK
2/8 request_test.test.generated Request continuity releases all failed allocations...OK
3/8 request_test.test.generated Request empty commit releases its independent arena...OK
4/8 request_test.test.generated Request rejected multi Object commit releases candidate storage...OK
5/8 request_test.test.generated State destruction releases committed request arenas...OK
6/8 request_test.test.generated Request isolates two live State instances...OK
7/8 request_test.test.generated overlapping Request lifetimes observe current committed slots...OK
8/8 request_test.test.generated Request finite write sequence retains earliest snapshot...OK
All 8 tests passed.
✔ generated Store memory consumer ./packages/test/tests/rx/runtime/store/memory/request_test.zig (ReleaseSafe) (6350.981634ms)
ℹ tests 1
ℹ suites 0
ℹ pass 1
ℹ fail 0
ℹ cancelled 0
ℹ skipped 0
ℹ todo 0
ℹ duration_ms 6354.001663
1/5 state_test.test.generated State continues across top level calls and retains old borrows...OK
2/5 state_test.test.generated State isolates two live application instances...OK
3/5 state_test.test.generated State rejects multiple Object publication before any write...OK
4/5 state_test.test.generated State accepts an empty pending update without replacing values...OK
5/5 state_test.test.generated State initialization and repeated calls release failed allocations...OK
All 5 tests passed.
✔ generated Store memory consumer ./packages/test/tests/rx/runtime/store/memory/state_test.zig (ReleaseSafe) (6175.447168ms)
ℹ tests 1
ℹ suites 0
ℹ pass 1
ℹ fail 0
ℹ cancelled 0
ℹ skipped 0
ℹ todo 0
ℹ duration_ms 6178.429408
1/1 request_registration_test.test.generated Request fails Region registration before publishing either Object...OK
All 1 tests passed.
✔ generated Store memory consumer ./packages/test/tests/rx/runtime/store/memory/request_registration_test.zig (ReleaseSafe) (6244.601942ms)
ℹ tests 1
ℹ suites 0
ℹ pass 1
ℹ fail 0
ℹ cancelled 0
ℹ skipped 0
ℹ todo 0
ℹ duration_ms 6248.863396
1/4 request_readonly_test.test.generated readonly Request executes using its own arena...OK
2/4 request_readonly_test.test.generated readonly Request cleans every allocation failure...OK
3/4 request_readonly_test.test.generated readonly Request releases output storage after each request...OK
4/4 request_readonly_test.test.generated readonly Request rejects publication and releases candidates...OK
All 4 tests passed.
✔ generated Store memory consumer ./packages/test/tests/rx/runtime/store/memory/request_readonly_test.zig (ReleaseSafe) (6386.679674ms)
ℹ tests 1
ℹ suites 0
ℹ pass 1
ℹ fail 0
ℹ cancelled 0
ℹ skipped 0
ℹ todo 0
ℹ duration_ms 6389.522691
1/5 readonly_test.test.readonly Store IO Request combines file bytes and unchanged Store snapshot...OK
2/5 readonly_test.test.readonly Store IO Request releases every failed allocation...OK
3/5 readonly_test.test.readonly Store IO repeated requests release all file buffers after each request...OK
4/5 readonly_test.test.readonly Store IO failed request releases temporary memory without state change...OK
5/5 readonly_test.test.readonly Store Request forwards the supplied host IO without granting publication...OK
All 5 tests passed.
✔ generated Store memory consumer ./packages/test/tests/rx/runtime/store/io/readonly_test.zig (ReleaseSafe) (6326.275785ms)
ℹ tests 1
ℹ suites 0
ℹ pass 1
ℹ fail 0
ℹ cancelled 0
ℹ skipped 0
ℹ todo 0
ℹ duration_ms 6329.228738
1/6 continuity_test.test.Store IO State initializes without a host IO argument...OK
2/6 continuity_test.test.Store IO Request retains file strings and outputs after request destruction...OK
3/6 continuity_test.test.Store IO Request continuity cleans every failed allocation...OK
4/6 continuity_test.test.Store IO State releases all retained file buffers on destruction...OK
5/6 continuity_test.test.Store IO Request finite write sequence retains the first published file...OK
6/6 continuity_test.test.Store IO Request does not publish into another live State...OK
All 6 tests passed.
✔ generated Store memory consumer ./packages/test/tests/rx/runtime/store/io/continuity_test.zig (ReleaseSafe) (6515.113097ms)
ℹ tests 1
ℹ suites 0
ℹ pass 1
ℹ fail 0
ℹ cancelled 0
ℹ skipped 0
ℹ todo 0
ℹ duration_ms 6518.245625
1/6 continuity_test.test.Store IO State initializes without a host IO argument...OK
2/6 continuity_test.test.Store IO Request retains file strings and outputs after request destruction...OK
3/6 continuity_test.test.Store IO Request continuity cleans every failed allocation...OK
4/6 continuity_test.test.Store IO State releases all retained file buffers on destruction...OK
5/6 continuity_test.test.Store IO Request finite write sequence retains the first published file...OK
6/6 continuity_test.test.Store IO Request does not publish into another live State...OK
All 6 tests passed.
✔ generated Store memory consumer ./packages/test/tests/rx/runtime/store/io/continuity_test.zig (ReleaseSafe) (6515.543773ms)
ℹ tests 1
ℹ suites 0
ℹ pass 1
ℹ fail 0
ℹ cancelled 0
ℹ skipped 0
ℹ todo 0
ℹ duration_ms 6518.604545
1/7 failure_test.test.Store IO missing first file prevents publication and permits recovery...OK
2/7 failure_test.test.Store IO first read limit failure prevents publication...OK
3/7 failure_test.test.Store IO first invalid UTF8 prevents publication...OK
4/7 failure_test.test.Store IO missing later file retains the earlier publication...OK
5/7 failure_test.test.Store IO later read limit failure retains the earlier publication...OK
6/7 failure_test.test.Store IO later invalid UTF8 retains the earlier publication...OK
7/7 failure_test.test.Store Request execute forwards its explicit host IO and preserves state on rejection...OK
All 7 tests passed.
✔ generated Store memory consumer ./packages/test/tests/rx/runtime/store/io/failure_test.zig (ReleaseSafe) (6334.760129ms)
ℹ tests 1
ℹ suites 0
ℹ pass 1
ℹ fail 0
ℹ cancelled 0
ℹ skipped 0
ℹ todo 0
ℹ duration_ms 6337.786864
1/4 allocation_test.test.Store IO failure before commit and recovery clean every allocation failure...OK
2/4 allocation_test.test.Store IO failure after commit and recovery clean every allocation failure...OK
3/4 allocation_test.test.Store IO uncommitted error releases its entire request arena...OK
4/4 allocation_test.test.Store IO committed error retains bytes until State and parent arena destruction...OK
All 4 tests passed.
✔ generated Store memory consumer ./packages/test/tests/rx/runtime/store/io/allocation_test.zig (ReleaseSafe) (6488.953115ms)
ℹ tests 1
ℹ suites 0
ℹ pass 1
ℹ fail 0
ℹ cancelled 0
ℹ skipped 0
ℹ todo 0
ℹ duration_ms 6492.016368
1/4 allocation_test.test.Store IO failure before commit and recovery clean every allocation failure...OK
2/4 allocation_test.test.Store IO failure after commit and recovery clean every allocation failure...OK
3/4 allocation_test.test.Store IO uncommitted error releases its entire request arena...OK
4/4 allocation_test.test.Store IO committed error retains bytes until State and parent arena destruction...OK
All 4 tests passed.
✔ generated Store memory consumer ./packages/test/tests/rx/runtime/store/io/allocation_test.zig (ReleaseSafe) (6518.964897ms)
ℹ tests 1
ℹ suites 0
ℹ pass 1
ℹ fail 0
ℹ cancelled 0
ℹ skipped 0
ℹ todo 0
ℹ duration_ms 6522.002335
1/7 failure_test.test.Store IO missing first file prevents publication and permits recovery...OK
2/7 failure_test.test.Store IO first read limit failure prevents publication...OK
3/7 failure_test.test.Store IO first invalid UTF8 prevents publication...OK
4/7 failure_test.test.Store IO missing later file retains the earlier publication...OK
5/7 failure_test.test.Store IO later read limit failure retains the earlier publication...OK
6/7 failure_test.test.Store IO later invalid UTF8 retains the earlier publication...OK
7/7 failure_test.test.Store Request execute forwards its explicit host IO and preserves state on rejection...OK
All 7 tests passed.
✔ generated Store memory consumer ./packages/test/tests/rx/runtime/store/io/failure_test.zig (ReleaseSafe) (6310.684894ms)
ℹ tests 1
ℹ suites 0
ℹ pass 1
ℹ fail 0
ℹ cancelled 0
ℹ skipped 0
ℹ todo 0
ℹ duration_ms 6313.665725
Build Summary: 940/942 steps succeeded (1 failed); 875/875 tests passed
test-rx-attribute-runtime transitive failure
+- run node failure
   +- compile exe zxc ReleaseSafe native cached 63ms MaxRSS:21M
      +- WriteFile cached
      +- compile lib yaml ReleaseSafe native cached 42ms MaxRSS:20M
      +- compile lib yaml ReleaseSafe native (reused)
      +- options cached
      +- run exe bundle-zig (bundle) cached
      |  +- compile exe bundle-zig ReleaseFast native cached 45ms MaxRSS:21M
      |  +- WriteFile bundle_manifest.json cached
      +- WriteFile interfaces/0.d.zx cached
test-rx-runtime success
+- test-rx-store-runtime success
|  +- run test 19 pass (19 total) 3ms MaxRSS:1M
|  |  +- compile test ReleaseSafe native success 6s MaxRSS:322M
|  |     +- run exe compile-rx-dual-store (program.zig) success 4ms
|  |     |  +- compile exe compile-rx-dual-store ReleaseSafe native success 20s MaxRSS:758M
|  |     |     +- WriteFile interfaces/0.d.zx (reused)
|  |     +- run exe compile-rx-dual-store (program.zig) (+1 more reused dependencies)
|  |     +- run exe compile-rx-dual-store (program.zig) (+1 more reused dependencies)
|  |     +- run exe compile-rx-dual-store (program.zig) (+1 more reused dependencies)
|  +- run test 8 pass (8 total) 3ms MaxRSS:1M
|  |  +- compile test ReleaseSafe native success 6s MaxRSS:352M
|  |     +- run exe compile-rx-dual-store (program.zig) success 4ms
|  |     |  +- compile exe compile-rx-dual-store ReleaseSafe native (+1 more reused dependencies)
|  |     +- run exe compile-rx-dual-store (program.zig) (+1 more reused dependencies)
|  |     +- run exe compile-rx-dual-store (program.zig) (+1 more reused dependencies)
|  |     +- run exe compile-rx-dual-store (program.zig) (+1 more reused dependencies)
|  +- run test 6 pass (6 total) 3ms MaxRSS:1M
|  |  +- compile test ReleaseSafe native success 6s MaxRSS:330M
|  |     +- run exe compile-rx-dual-store (program.zig) success 3ms
|  |     |  +- compile exe compile-rx-dual-store ReleaseSafe native (+1 more reused dependencies)
|  |     +- run exe compile-rx-dual-store (program.zig) (+1 more reused dependencies)
|  |     +- run exe compile-rx-dual-store (program.zig) (+1 more reused dependencies)
|  |     +- run exe compile-rx-dual-store (program.zig) (+1 more reused dependencies)
|  +- run test 6 pass (6 total) 2ms MaxRSS:1M
|  |  +- compile test ReleaseSafe native success 6s MaxRSS:359M
|  |     +- run exe compile-rx-dual-store (program.zig) success 3ms
|  |     |  +- compile exe compile-rx-dual-store ReleaseSafe native (+1 more reused dependencies)
|  |     +- run exe compile-rx-dual-store (program.zig) (+1 more reused dependencies)
|  |     +- run exe compile-rx-dual-store (program.zig) (+1 more reused dependencies)
|  |     +- run exe compile-rx-dual-store (program.zig) (+1 more reused dependencies)
|  +- test-rx-memory-state success
|  |  +- run node success 6s
|  |  |  +- run exe compile-rx-dual-store (generated) cached
|  |  |     +- compile exe compile-rx-dual-store ReleaseSafe native (+1 more reused dependencies)
|  |  +- run node success 6s
|  |  |  +- run exe compile-rx-dual-store (generated) success 4ms
|  |  |     +- compile exe compile-rx-dual-store ReleaseSafe native (+1 more reused dependencies)
|  |  +- run node success 6s
|  |  |  +- run exe compile-rx-dual-store (generated) cached
|  |  |     +- compile exe compile-rx-dual-store ReleaseSafe native (+1 more reused dependencies)
|  |  +- run node success 6s
|  |  |  +- run exe compile-rx-dual-store (generated) success 4ms
|  |  |     +- compile exe compile-rx-dual-store ReleaseSafe native (+1 more reused dependencies)
|  |  +- run node success 6s
|  |  |  +- run exe compile-rx-dual-store (generated) success 3ms
|  |  |     +- compile exe compile-rx-dual-store ReleaseSafe native (+1 more reused dependencies)
|  |  +- run node success 6s
|  |  |  +- run exe compile-rx-dual-store (generated) cached
|  |  |     +- compile exe compile-rx-dual-store ReleaseSafe native (+1 more reused dependencies)
|  |  +- run node success 6s
|  |     +- run exe compile-rx-dual-store (generated) success 4ms
|  |        +- compile exe compile-rx-dual-store ReleaseSafe native (+1 more reused dependencies)
|  +- test-rx-store-io success
|     +- run node success 6s
|     |  +- run exe compile-rx-store-io (generated) success 5ms
|     |     +- compile exe compile-rx-store-io ReleaseSafe native success 20s MaxRSS:703M
|     |        +- WriteFile interfaces/0.d.zx (reused)
|     +- run node success 6s
|     |  +- run exe compile-rx-store-io (generated) (+1 more reused dependencies)
|     +- run node success 6s
|     |  +- run exe compile-rx-store-io (generated) (+1 more reused dependencies)
|     +- run node success 6s
|     |  +- run exe compile-rx-store-io (generated) success 4ms
|     |     +- compile exe compile-rx-store-io ReleaseSafe native (+1 more reused dependencies)
|     +- run node success 6s
|     |  +- run exe compile-rx-store-io (generated) (+1 more reused dependencies)
|     +- run node success 6s
|     |  +- run exe compile-rx-store-io (generated) (+1 more reused dependencies)
|     +- run node success 6s
|        +- run exe compile-rx-store-io (generated) success 5ms
|           +- compile exe compile-rx-store-io ReleaseSafe native (+1 more reused dependencies)
+- test-rx-io success
|  +- test-rx-io-runtime success
|  |  +- run test 13 pass (13 total) 10ms MaxRSS:1M
|  |  |  +- compile test ReleaseSafe native success 6s MaxRSS:394M
|  |  |     +- run exe compile-rx-io (program.zig) success 4ms
|  |  |     |  +- compile exe compile-rx-io ReleaseSafe native success 19s MaxRSS:653M
|  |  |     |     +- WriteFile interfaces/0.d.zx (reused)
|  |  |     +- options cached
|  |  |     +- run exe compile-rx-io (program.zig) (+1 more reused dependencies)
|  |  +- run test 13 pass (13 total) 10ms MaxRSS:1M
|  |  |  +- compile test ReleaseSafe native success 6s MaxRSS:387M
|  |  |     +- run exe compile-rx-io (program.zig) success 4ms
|  |  |     |  +- compile exe compile-rx-io ReleaseSafe native (+1 more reused dependencies)
|  |  |     +- options cached
|  |  |     +- run exe compile-rx-io (program.zig) (+1 more reused dependencies)
|  |  +- run test 13 pass (13 total) 10ms MaxRSS:1M
|  |  |  +- compile test ReleaseSafe native success 6s MaxRSS:330M
|  |  |     +- run exe compile-rx-io (program.zig) success 4ms
|  |  |     |  +- compile exe compile-rx-io ReleaseSafe native (+1 more reused dependencies)
|  |  |     +- options cached
|  |  |     +- run exe compile-rx-io (program.zig) (+1 more reused dependencies)
|  |  +- run test 4 pass (4 total) 7ms MaxRSS:1M
|  |  |  +- compile test ReleaseSafe native success 6s MaxRSS:412M
|  |  |     +- run exe compile-rx-io (program.zig) success 4ms
|  |  |     |  +- compile exe compile-rx-io ReleaseSafe native (+1 more reused dependencies)
|  |  |     +- options cached
|  |  |     +- run exe compile-rx-io (program.zig) (+1 more reused dependencies)
|  |  +- run test 3 pass (3 total) 4ms MaxRSS:1M
|  |  |  +- compile test ReleaseSafe native success 6s MaxRSS:309M
|  |  |     +- run exe compile-rx-io (program.zig) success 4ms
|  |  |     |  +- compile exe compile-rx-io ReleaseSafe native (+1 more reused dependencies)
|  |  |     +- options cached
|  |  |     +- run exe compile-rx-io (program.zig) (+1 more reused dependencies)
|  |  +- run test 3 pass (3 total) 5ms MaxRSS:1M
|  |  |  +- compile test ReleaseSafe native success 6s MaxRSS:404M
|  |  |     +- run exe compile-rx-io (program.zig) success 4ms
|  |  |     |  +- compile exe compile-rx-io ReleaseSafe native (+1 more reused dependencies)
|  |  |     +- options cached
|  |  |     +- run exe compile-rx-io (program.zig) (+1 more reused dependencies)
|  |  +- run test 3 pass (3 total) 5ms MaxRSS:1M
|  |  |  +- compile test ReleaseSafe native success 6s MaxRSS:334M
|  |  |     +- run exe compile-rx-io (program.zig) success 4ms
|  |  |     |  +- compile exe compile-rx-io ReleaseSafe native (+1 more reused dependencies)
|  |  |     +- options cached
|  |  |     +- run exe compile-rx-io (program.zig) (+1 more reused dependencies)
|  |  +- run test 2 pass (2 total) 3ms MaxRSS:1M
|  |     +- compile test ReleaseSafe native success 6s MaxRSS:403M
|  |        +- run exe compile-rx-io (program.zig) success 3ms
|  |        |  +- compile exe compile-rx-io ReleaseSafe native (+1 more reused dependencies)
|  |        +- options cached
|  |        +- run exe compile-rx-io (program.zig) (+1 more reused dependencies)
|  +- test-rx-io-library success
|     +- run test 13 pass (13 total) 10ms MaxRSS:1M
|     |  +- compile test ReleaseSafe native success 6s MaxRSS:402M
|     |     +- run exe replay-rx-io-library (program.zig) success 4ms
|     |     |  +- compile exe replay-rx-io-library ReleaseSafe native success 13s MaxRSS:500M
|     |     |  |  +- WriteFile interfaces/0.d.zx (reused)
|     |     |  +- run exe compile-rx-io (workflow.zxlib) cached
|     |     |     +- compile exe compile-rx-io ReleaseSafe native (+1 more reused dependencies)
|     |     +- options cached
|     |     +- run exe replay-rx-io-library (program.zig) (+2 more reused dependencies)
|     +- run test 3 pass (3 total) 3ms MaxRSS:1M
|     |  +- compile test ReleaseSafe native success 6s MaxRSS:410M
|     |     +- run exe replay-rx-io-library (program.zig) success 4ms
|     |     |  +- compile exe replay-rx-io-library ReleaseSafe native (+1 more reused dependencies)
|     |     |  +- run exe compile-rx-io (workflow.zxlib) cached
|     |     |     +- compile exe compile-rx-io ReleaseSafe native (+1 more reused dependencies)
|     |     +- options cached
|     |     +- run exe replay-rx-io-library (program.zig) (+2 more reused dependencies)
|     +- run test 13 pass (13 total) 10ms MaxRSS:1M
|     |  +- compile test ReleaseSafe native success 6s MaxRSS:349M
|     |     +- run exe replay-rx-io-library (program.zig) success 4ms
|     |     |  +- compile exe replay-rx-io-library ReleaseSafe native (+1 more reused dependencies)
|     |     |  +- run exe compile-rx-io (workflow.zxlib) success 5ms
|     |     |     +- compile exe compile-rx-io ReleaseSafe native (+1 more reused dependencies)
|     |     +- options cached
|     |     +- run exe replay-rx-io-library (program.zig) (+2 more reused dependencies)
|     +- run test 3 pass (3 total) 3ms MaxRSS:1M
|     |  +- compile test ReleaseSafe native success 6s MaxRSS:397M
|     |     +- run exe replay-rx-io-library (program.zig) success 4ms
|     |     |  +- compile exe replay-rx-io-library ReleaseSafe native (+1 more reused dependencies)
|     |     |  +- run exe compile-rx-io (workflow.zxlib) cached
|     |     |     +- compile exe compile-rx-io ReleaseSafe native (+1 more reused dependencies)
|     |     +- options cached
|     |     +- run exe replay-rx-io-library (program.zig) (+2 more reused dependencies)
|     +- run test 13 pass (13 total) 10ms MaxRSS:1M
|     |  +- compile test ReleaseSafe native success 6s MaxRSS:343M
|     |     +- run exe replay-rx-io-library (program.zig) success 4ms
|     |     |  +- compile exe replay-rx-io-library ReleaseSafe native (+1 more reused dependencies)
|     |     |  +- run exe consume-rx-io-library (consumer.zxlib) success 5ms
|     |     |     +- compile exe consume-rx-io-library ReleaseSafe native success 20s MaxRSS:655M
|     |     |     |  +- WriteFile interfaces/0.d.zx (reused)
|     |     |     +- run exe compile-rx-io (workflow.zxlib) success 5ms
|     |     |        +- compile exe compile-rx-io ReleaseSafe native (+1 more reused dependencies)
|     |     +- options cached
|     |     +- run exe replay-rx-io-library (program.zig) (+2 more reused dependencies)
|     +- run test 3 pass (3 total) 2ms MaxRSS:1M
|     |  +- compile test ReleaseSafe native success 6s MaxRSS:324M
|     |     +- run exe replay-rx-io-library (program.zig) success 4ms
|     |     |  +- compile exe replay-rx-io-library ReleaseSafe native (+1 more reused dependencies)
|     |     |  +- run exe consume-rx-io-library (consumer.zxlib) cached
|     |     |     +- compile exe consume-rx-io-library ReleaseSafe native (+1 more reused dependencies)
|     |     |     +- run exe compile-rx-io (workflow.zxlib) cached
|     |     |        +- compile exe compile-rx-io ReleaseSafe native (+1 more reused dependencies)
|     |     +- options cached
|     |     +- run exe replay-rx-io-library (program.zig) (+2 more reused dependencies)
|     +- run test 13 pass (13 total) 10ms MaxRSS:1M
|     |  +- compile test ReleaseSafe native success 6s MaxRSS:301M
|     |     +- run exe replay-rx-io-library (program.zig) success 4ms
|     |     |  +- compile exe replay-rx-io-library ReleaseSafe native (+1 more reused dependencies)
|     |     |  +- run exe consume-rx-io-library (consumer.zxlib) success 5ms
|     |     |     +- compile exe consume-rx-io-library ReleaseSafe native (+1 more reused dependencies)
|     |     |     +- run exe compile-rx-io (workflow.zxlib) cached
|     |     |        +- compile exe compile-rx-io ReleaseSafe native (+1 more reused dependencies)
|     |     +- options cached
|     |     +- run exe replay-rx-io-library (program.zig) (+2 more reused dependencies)
|     +- run test 3 pass (3 total) 2ms MaxRSS:1M
|     |  +- compile test ReleaseSafe native success 6s MaxRSS:321M
|     |     +- run exe replay-rx-io-library (program.zig) success 4ms
|     |     |  +- compile exe replay-rx-io-library ReleaseSafe native (+1 more reused dependencies)
|     |     |  +- run exe consume-rx-io-library (consumer.zxlib) success 5ms
|     |     |     +- compile exe consume-rx-io-library ReleaseSafe native (+1 more reused dependencies)
|     |     |     +- run exe compile-rx-io (workflow.zxlib) cached
|     |     |        +- compile exe compile-rx-io ReleaseSafe native (+1 more reused dependencies)
|     |     +- options cached
|     |     +- run exe replay-rx-io-library (program.zig) (+2 more reused dependencies)
|     +- run test 13 pass (13 total) 9ms MaxRSS:1M
|     |  +- compile test ReleaseSafe native success 6s MaxRSS:310M
|     |     +- run exe replay-rx-io-library (program.zig) success 4ms
|     |     |  +- compile exe replay-rx-io-library ReleaseSafe native (+1 more reused dependencies)
|     |     |  +- run exe consume-rx-io-library (consumer.zxlib) success 5ms
|     |     |     +- compile exe consume-rx-io-library ReleaseSafe native (+1 more reused dependencies)
|     |     |     +- run exe compile-rx-io (workflow.zxlib) cached
|     |     |        +- compile exe compile-rx-io ReleaseSafe native (+1 more reused dependencies)
|     |     +- options cached
|     |     +- run exe replay-rx-io-library (program.zig) (+2 more reused dependencies)
|     +- run test 3 pass (3 total) 3ms MaxRSS:1M
|     |  +- compile test ReleaseSafe native success 6s MaxRSS:311M
|     |     +- run exe replay-rx-io-library (program.zig) success 4ms
|     |     |  +- compile exe replay-rx-io-library ReleaseSafe native (+1 more reused dependencies)
|     |     |  +- run exe consume-rx-io-library (consumer.zxlib) success 6ms
|     |     |     +- compile exe consume-rx-io-library ReleaseSafe native (+1 more reused dependencies)
|     |     |     +- run exe compile-rx-io (workflow.zxlib) cached
|     |     |        +- compile exe compile-rx-io ReleaseSafe native (+1 more reused dependencies)
|     |     +- options cached
|     |     +- run exe replay-rx-io-library (program.zig) (+2 more reused dependencies)
|     +- run test 13 pass (13 total) 10ms MaxRSS:1M
|     |  +- compile test ReleaseSafe native success 6s MaxRSS:310M
|     |     +- run exe replay-rx-io-library (program.zig) success 4ms
|     |     |  +- compile exe replay-rx-io-library ReleaseSafe native (+1 more reused dependencies)
|     |     |  +- run exe consume-rx-io-library (consumer.zxlib) success 5ms
|     |     |     +- compile exe consume-rx-io-library ReleaseSafe native (+1 more reused dependencies)
|     |     |     +- run exe compile-rx-io (workflow.zxlib) cached
|     |     |        +- compile exe compile-rx-io ReleaseSafe native (+1 more reused dependencies)
|     |     +- options cached
|     |     +- run exe replay-rx-io-library (program.zig) (+2 more reused dependencies)
|     +- run test 3 pass (3 total) 2ms MaxRSS:1M
|     |  +- compile test ReleaseSafe native success 6s MaxRSS:386M
|     |     +- run exe replay-rx-io-library (program.zig) success 4ms
|     |     |  +- compile exe replay-rx-io-library ReleaseSafe native (+1 more reused dependencies)
|     |     |  +- run exe consume-rx-io-library (consumer.zxlib) success 5ms
|     |     |     +- compile exe consume-rx-io-library ReleaseSafe native (+1 more reused dependencies)
|     |     |     +- run exe compile-rx-io (workflow.zxlib) cached
|     |     |        +- compile exe compile-rx-io ReleaseSafe native (+1 more reused dependencies)
|     |     +- options cached
|     |     +- run exe replay-rx-io-library (program.zig) (+2 more reused dependencies)
|     +- run test 13 pass (13 total) 9ms MaxRSS:1M
|     |  +- compile test ReleaseSafe native success 6s MaxRSS:337M
|     |     +- run exe replay-rx-io-library (program.zig) success 4ms
|     |     |  +- compile exe replay-rx-io-library ReleaseSafe native (+1 more reused dependencies)
|     |     |  +- run exe consume-rx-io-library (republished.zxlib) success 5ms
|     |     |     +- compile exe consume-rx-io-library ReleaseSafe native (+1 more reused dependencies)
|     |     |     +- run exe consume-rx-io-library (consumer.zxlib) cached
|     |     |        +- compile exe consume-rx-io-library ReleaseSafe native (+1 more reused dependencies)
|     |     |        +- run exe compile-rx-io (workflow.zxlib) cached
|     |     |           +- compile exe compile-rx-io ReleaseSafe native (+1 more reused dependencies)
|     |     +- options cached
|     |     +- run exe replay-rx-io-library (program.zig) (+2 more reused dependencies)
|     +- run test 3 pass (3 total) 3ms MaxRSS:1M
|     |  +- compile test ReleaseSafe native success 6s MaxRSS:330M
|     |     +- run exe replay-rx-io-library (program.zig) success 5ms
|     |     |  +- compile exe replay-rx-io-library ReleaseSafe native (+1 more reused dependencies)
|     |     |  +- run exe consume-rx-io-library (republished.zxlib) success 6ms
|     |     |     +- compile exe consume-rx-io-library ReleaseSafe native (+1 more reused dependencies)
|     |     |     +- run exe consume-rx-io-library (consumer.zxlib) success 5ms
|     |     |        +- compile exe consume-rx-io-library ReleaseSafe native (+1 more reused dependencies)
|     |     |        +- run exe compile-rx-io (workflow.zxlib) cached
|     |     |           +- compile exe compile-rx-io ReleaseSafe native (+1 more reused dependencies)
|     |     +- options cached
|     |     +- run exe replay-rx-io-library (program.zig) (+2 more reused dependencies)
|     +- run test 13 pass (13 total) 10ms MaxRSS:1M
|     |  +- compile test ReleaseSafe native success 6s MaxRSS:314M
|     |     +- run exe replay-rx-io-library (program.zig) success 4ms
|     |     |  +- compile exe replay-rx-io-library ReleaseSafe native (+1 more reused dependencies)
|     |     |  +- run exe consume-rx-io-library (republished.zxlib) success 5ms
|     |     |     +- compile exe consume-rx-io-library ReleaseSafe native (+1 more reused dependencies)
|     |     |     +- run exe consume-rx-io-library (consumer.zxlib) cached
|     |     |        +- compile exe consume-rx-io-library ReleaseSafe native (+1 more reused dependencies)
|     |     |        +- run exe compile-rx-io (workflow.zxlib) cached
|     |     |           +- compile exe compile-rx-io ReleaseSafe native (+1 more reused dependencies)
|     |     +- options cached
|     |     +- run exe replay-rx-io-library (program.zig) (+2 more reused dependencies)
|     +- run test 3 pass (3 total) 3ms MaxRSS:1M
|     |  +- compile test ReleaseSafe native success 6s MaxRSS:306M
|     |     +- run exe replay-rx-io-library (program.zig) success 4ms
|     |     |  +- compile exe replay-rx-io-library ReleaseSafe native (+1 more reused dependencies)
|     |     |  +- run exe consume-rx-io-library (republished.zxlib) success 5ms
|     |     |     +- compile exe consume-rx-io-library ReleaseSafe native (+1 more reused dependencies)
|     |     |     +- run exe consume-rx-io-library (consumer.zxlib) cached
|     |     |        +- compile exe consume-rx-io-library ReleaseSafe native (+1 more reused dependencies)
|     |     |        +- run exe compile-rx-io (workflow.zxlib) cached
|     |     |           +- compile exe compile-rx-io ReleaseSafe native (+1 more reused dependencies)
|     |     +- options cached
|     |     +- run exe replay-rx-io-library (program.zig) (+2 more reused dependencies)
|     +- run test 13 pass (13 total) 10ms MaxRSS:1M
|     |  +- compile test ReleaseSafe native success 6s MaxRSS:327M
|     |     +- run exe replay-rx-io-library (program.zig) success 4ms
|     |     |  +- compile exe replay-rx-io-library ReleaseSafe native (+1 more reused dependencies)
|     |     |  +- run exe compile-rx-io (workflow.zxlib) success 4ms
|     |     |     +- compile exe compile-rx-io ReleaseSafe native (+1 more reused dependencies)
|     |     +- options cached
|     |     +- run exe replay-rx-io-library (program.zig) (+2 more reused dependencies)
|     +- run test 3 pass (3 total) 2ms MaxRSS:1M
|     |  +- compile test ReleaseSafe native success 6s MaxRSS:405M
|     |     +- run exe replay-rx-io-library (program.zig) success 4ms
|     |     |  +- compile exe replay-rx-io-library ReleaseSafe native (+1 more reused dependencies)
|     |     |  +- run exe compile-rx-io (workflow.zxlib) cached
|     |     |     +- compile exe compile-rx-io ReleaseSafe native (+1 more reused dependencies)
|     |     +- options cached
|     |     +- run exe replay-rx-io-library (program.zig) (+2 more reused dependencies)
|     +- run test 13 pass (13 total) 10ms MaxRSS:1M
|     |  +- compile test ReleaseSafe native success 6s MaxRSS:382M
|     |     +- run exe replay-rx-io-library (program.zig) success 4ms
|     |     |  +- compile exe replay-rx-io-library ReleaseSafe native (+1 more reused dependencies)
|     |     |  +- run exe compile-rx-io (workflow.zxlib) success 5ms
|     |     |     +- compile exe compile-rx-io ReleaseSafe native (+1 more reused dependencies)
|     |     +- options cached
|     |     +- run exe replay-rx-io-library (program.zig) (+2 more reused dependencies)
|     +- run test 3 pass (3 total) 2ms MaxRSS:1M
|     |  +- compile test ReleaseSafe native success 6s MaxRSS:384M
|     |     +- run exe replay-rx-io-library (program.zig) success 4ms
|     |     |  +- compile exe replay-rx-io-library ReleaseSafe native (+1 more reused dependencies)
|     |     |  +- run exe compile-rx-io (workflow.zxlib) cached
|     |     |     +- compile exe compile-rx-io ReleaseSafe native (+1 more reused dependencies)
|     |     +- options cached
|     |     +- run exe replay-rx-io-library (program.zig) (+2 more reused dependencies)
|     +- run test 13 pass (13 total) 10ms MaxRSS:1M
|     |  +- compile test ReleaseSafe native success 6s MaxRSS:329M
|     |     +- run exe replay-rx-io-library (program.zig) success 4ms
|     |     |  +- compile exe replay-rx-io-library ReleaseSafe native (+1 more reused dependencies)
|     |     |  +- run exe consume-rx-io-library (consumer.zxlib) success 6ms
|     |     |     +- compile exe consume-rx-io-library ReleaseSafe native (+1 more reused dependencies)
|     |     |     +- run exe compile-rx-io (workflow.zxlib) cached
|     |     |        +- compile exe compile-rx-io ReleaseSafe native (+1 more reused dependencies)
|     |     +- options cached
|     |     +- run exe replay-rx-io-library (program.zig) (+2 more reused dependencies)
|     +- run test 3 pass (3 total) 2ms MaxRSS:1M
|     |  +- compile test ReleaseSafe native success 6s MaxRSS:328M
|     |     +- run exe replay-rx-io-library (program.zig) success 5ms
|     |     |  +- compile exe replay-rx-io-library ReleaseSafe native (+1 more reused dependencies)
|     |     |  +- run exe consume-rx-io-library (consumer.zxlib) cached
|     |     |     +- compile exe consume-rx-io-library ReleaseSafe native (+1 more reused dependencies)
|     |     |     +- run exe compile-rx-io (workflow.zxlib) cached
|     |     |        +- compile exe compile-rx-io ReleaseSafe native (+1 more reused dependencies)
|     |     +- options cached
|     |     +- run exe replay-rx-io-library (program.zig) (+2 more reused dependencies)
|     +- run test 13 pass (13 total) 10ms MaxRSS:1M
|     |  +- compile test ReleaseSafe native success 6s MaxRSS:322M
|     |     +- run exe replay-rx-io-library (program.zig) success 4ms
|     |     |  +- compile exe replay-rx-io-library ReleaseSafe native (+1 more reused dependencies)
|     |     |  +- run exe consume-rx-io-library (consumer.zxlib) success 5ms
|     |     |     +- compile exe consume-rx-io-library ReleaseSafe native (+1 more reused dependencies)
|     |     |     +- run exe compile-rx-io (workflow.zxlib) cached
|     |     |        +- compile exe compile-rx-io ReleaseSafe native (+1 more reused dependencies)
|     |     +- options cached
|     |     +- run exe replay-rx-io-library (program.zig) (+2 more reused dependencies)
|     +- run test 3 pass (3 total) 3ms MaxRSS:1M
|     |  +- compile test ReleaseSafe native success 6s MaxRSS:345M
|     |     +- run exe replay-rx-io-library (program.zig) success 4ms
|     |     |  +- compile exe replay-rx-io-library ReleaseSafe native (+1 more reused dependencies)
|     |     |  +- run exe consume-rx-io-library (consumer.zxlib) cached
|     |     |     +- compile exe consume-rx-io-library ReleaseSafe native (+1 more reused dependencies)
|     |     |     +- run exe compile-rx-io (workflow.zxlib) cached
|     |     |        +- compile exe compile-rx-io ReleaseSafe native (+1 more reused dependencies)
|     |     +- options cached
|     |     +- run exe replay-rx-io-library (program.zig) (+2 more reused dependencies)
|     +- run test 13 pass (13 total) 10ms MaxRSS:1M
|     |  +- compile test ReleaseSafe native success 6s MaxRSS:323M
|     |     +- run exe replay-rx-io-library (program.zig) success 4ms
|     |     |  +- compile exe replay-rx-io-library ReleaseSafe native (+1 more reused dependencies)
|     |     |  +- run exe consume-rx-io-library (consumer.zxlib) success 6ms
|     |     |     +- compile exe consume-rx-io-library ReleaseSafe native (+1 more reused dependencies)
|     |     |     +- run exe compile-rx-io (workflow.zxlib) cached
|     |     |        +- compile exe compile-rx-io ReleaseSafe native (+1 more reused dependencies)
|     |     +- options cached
|     |     +- run exe replay-rx-io-library (program.zig) (+2 more reused dependencies)
|     +- run test 3 pass (3 total) 2ms MaxRSS:1M
|     |  +- compile test ReleaseSafe native success 6s MaxRSS:319M
|     |     +- run exe replay-rx-io-library (program.zig) success 4ms
|     |     |  +- compile exe replay-rx-io-library ReleaseSafe native (+1 more reused dependencies)
|     |     |  +- run exe consume-rx-io-library (consumer.zxlib) success 5ms
|     |     |     +- compile exe consume-rx-io-library ReleaseSafe native (+1 more reused dependencies)
|     |     |     +- run exe compile-rx-io (workflow.zxlib) cached
|     |     |        +- compile exe compile-rx-io ReleaseSafe native (+1 more reused dependencies)
|     |     +- options cached
|     |     +- run exe replay-rx-io-library (program.zig) (+2 more reused dependencies)
|     +- run test 13 pass (13 total) 10ms MaxRSS:1M
|     |  +- compile test ReleaseSafe native success 6s MaxRSS:325M
|     |     +- run exe replay-rx-io-library (program.zig) success 4ms
|     |     |  +- compile exe replay-rx-io-library ReleaseSafe native (+1 more reused dependencies)
|     |     |  +- run exe consume-rx-io-library (consumer.zxlib) success 5ms
|     |     |     +- compile exe consume-rx-io-library ReleaseSafe native (+1 more reused dependencies)
|     |     |     +- run exe compile-rx-io (workflow.zxlib) cached
|     |     |        +- compile exe compile-rx-io ReleaseSafe native (+1 more reused dependencies)
|     |     +- options cached
|     |     +- run exe replay-rx-io-library (program.zig) (+2 more reused dependencies)
|     +- run test 3 pass (3 total) 3ms MaxRSS:1M
|     |  +- compile test ReleaseSafe native success 6s MaxRSS:313M
|     |     +- run exe replay-rx-io-library (program.zig) success 4ms
|     |     |  +- compile exe replay-rx-io-library ReleaseSafe native (+1 more reused dependencies)
|     |     |  +- run exe consume-rx-io-library (consumer.zxlib) success 5ms
|     |     |     +- compile exe consume-rx-io-library ReleaseSafe native (+1 more reused dependencies)
|     |     |     +- run exe compile-rx-io (workflow.zxlib) cached
|     |     |        +- compile exe compile-rx-io ReleaseSafe native (+1 more reused dependencies)
|     |     +- options cached
|     |     +- run exe replay-rx-io-library (program.zig) (+2 more reused dependencies)
|     +- run test 13 pass (13 total) 10ms MaxRSS:1M
|     |  +- compile test ReleaseSafe native success 6s MaxRSS:338M
|     |     +- run exe replay-rx-io-library (program.zig) success 4ms
|     |     |  +- compile exe replay-rx-io-library ReleaseSafe native (+1 more reused dependencies)
|     |     |  +- run exe consume-rx-io-library (republished.zxlib) success 6ms
|     |     |     +- compile exe consume-rx-io-library ReleaseSafe native (+1 more reused dependencies)
|     |     |     +- run exe consume-rx-io-library (consumer.zxlib) cached
|     |     |        +- compile exe consume-rx-io-library ReleaseSafe native (+1 more reused dependencies)
|     |     |        +- run exe compile-rx-io (workflow.zxlib) cached
|     |     |           +- compile exe compile-rx-io ReleaseSafe native (+1 more reused dependencies)
|     |     +- options cached
|     |     +- run exe replay-rx-io-library (program.zig) (+2 more reused dependencies)
|     +- run test 3 pass (3 total) 2ms MaxRSS:1M
|     |  +- compile test ReleaseSafe native success 6s MaxRSS:292M
|     |     +- run exe replay-rx-io-library (program.zig) success 4ms
|     |     |  +- compile exe replay-rx-io-library ReleaseSafe native (+1 more reused dependencies)
|     |     |  +- run exe consume-rx-io-library (republished.zxlib) success 6ms
|     |     |     +- compile exe consume-rx-io-library ReleaseSafe native (+1 more reused dependencies)
|     |     |     +- run exe consume-rx-io-library (consumer.zxlib) success 6ms
|     |     |        +- compile exe consume-rx-io-library ReleaseSafe native (+1 more reused dependencies)
|     |     |        +- run exe compile-rx-io (workflow.zxlib) cached
|     |     |           +- compile exe compile-rx-io ReleaseSafe native (+1 more reused dependencies)
|     |     +- options cached
|     |     +- run exe replay-rx-io-library (program.zig) (+2 more reused dependencies)
|     +- run test 13 pass (13 total) 10ms MaxRSS:1M
|     |  +- compile test ReleaseSafe native success 6s MaxRSS:340M
|     |     +- run exe replay-rx-io-library (program.zig) success 4ms
|     |     |  +- compile exe replay-rx-io-library ReleaseSafe native (+1 more reused dependencies)
|     |     |  +- run exe consume-rx-io-library (republished.zxlib) success 6ms
|     |     |     +- compile exe consume-rx-io-library ReleaseSafe native (+1 more reused dependencies)
|     |     |     +- run exe consume-rx-io-library (consumer.zxlib) cached
|     |     |        +- compile exe consume-rx-io-library ReleaseSafe native (+1 more reused dependencies)
|     |     |        +- run exe compile-rx-io (workflow.zxlib) cached
|     |     |           +- compile exe compile-rx-io ReleaseSafe native (+1 more reused dependencies)
|     |     +- options cached
|     |     +- run exe replay-rx-io-library (program.zig) (+2 more reused dependencies)
|     +- run test 3 pass (3 total) 2ms MaxRSS:1M
|     |  +- compile test ReleaseSafe native success 6s MaxRSS:307M
|     |     +- run exe replay-rx-io-library (program.zig) success 4ms
|     |     |  +- compile exe replay-rx-io-library ReleaseSafe native (+1 more reused dependencies)
|     |     |  +- run exe consume-rx-io-library (republished.zxlib) success 6ms
|     |     |     +- compile exe consume-rx-io-library ReleaseSafe native (+1 more reused dependencies)
|     |     |     +- run exe consume-rx-io-library (consumer.zxlib) success 5ms
|     |     |        +- compile exe consume-rx-io-library ReleaseSafe native (+1 more reused dependencies)
|     |     |        +- run exe compile-rx-io (workflow.zxlib) cached
|     |     |           +- compile exe compile-rx-io ReleaseSafe native (+1 more reused dependencies)
|     |     +- options cached
|     |     +- run exe replay-rx-io-library (program.zig) (+2 more reused dependencies)
|     +- run test 13 pass (13 total) 10ms MaxRSS:1M
|     |  +- compile test ReleaseSafe native success 6s MaxRSS:402M
|     |     +- run exe replay-rx-io-library (program.zig) success 4ms
|     |     |  +- compile exe replay-rx-io-library ReleaseSafe native (+1 more reused dependencies)
|     |     |  +- run exe compile-rx-io (workflow.zxlib) cached
|     |     |     +- compile exe compile-rx-io ReleaseSafe native (+1 more reused dependencies)
|     |     +- options cached
|     |     +- run exe replay-rx-io-library (program.zig) (+2 more reused dependencies)
|     +- run test 3 pass (3 total) 2ms MaxRSS:1M
|     |  +- compile test ReleaseSafe native success 6s MaxRSS:318M
|     |     +- run exe replay-rx-io-library (program.zig) success 4ms
|     |     |  +- compile exe replay-rx-io-library ReleaseSafe native (+1 more reused dependencies)
|     |     |  +- run exe compile-rx-io (workflow.zxlib) success 5ms
|     |     |     +- compile exe compile-rx-io ReleaseSafe native (+1 more reused dependencies)
|     |     +- options cached
|     |     +- run exe replay-rx-io-library (program.zig) (+2 more reused dependencies)
|     +- run test 13 pass (13 total) 11ms MaxRSS:1M
|     |  +- compile test ReleaseSafe native success 6s MaxRSS:414M
|     |     +- run exe replay-rx-io-library (program.zig) success 4ms
|     |     |  +- compile exe replay-rx-io-library ReleaseSafe native (+1 more reused dependencies)
|     |     |  +- run exe compile-rx-io (workflow.zxlib) cached
|     |     |     +- compile exe compile-rx-io ReleaseSafe native (+1 more reused dependencies)
|     |     +- options cached
|     |     +- run exe replay-rx-io-library (program.zig) (+2 more reused dependencies)
|     +- run test 3 pass (3 total) 2ms MaxRSS:1M
|     |  +- compile test ReleaseSafe native success 6s MaxRSS:319M
|     |     +- run exe replay-rx-io-library (program.zig) success 5ms
|     |     |  +- compile exe replay-rx-io-library ReleaseSafe native (+1 more reused dependencies)
|     |     |  +- run exe compile-rx-io (workflow.zxlib) success 4ms
|     |     |     +- compile exe compile-rx-io ReleaseSafe native (+1 more reused dependencies)
|     |     +- options cached
|     |     +- run exe replay-rx-io-library (program.zig) (+2 more reused dependencies)
|     +- run test 13 pass (13 total) 10ms MaxRSS:1M
|     |  +- compile test ReleaseSafe native success 6s MaxRSS:329M
|     |     +- run exe replay-rx-io-library (program.zig) success 4ms
|     |     |  +- compile exe replay-rx-io-library ReleaseSafe native (+1 more reused dependencies)
|     |     |  +- run exe consume-rx-io-library (consumer.zxlib) cached
|     |     |     +- compile exe consume-rx-io-library ReleaseSafe native (+1 more reused dependencies)
|     |     |     +- run exe compile-rx-io (workflow.zxlib) cached
|     |     |        +- compile exe compile-rx-io ReleaseSafe native (+1 more reused dependencies)
|     |     +- options cached
|     |     +- run exe replay-rx-io-library (program.zig) (+2 more reused dependencies)
|     +- run test 3 pass (3 total) 2ms MaxRSS:1M
|     |  +- compile test ReleaseSafe native success 6s MaxRSS:319M
|     |     +- run exe replay-rx-io-library (program.zig) success 4ms
|     |     |  +- compile exe replay-rx-io-library ReleaseSafe native (+1 more reused dependencies)
|     |     |  +- run exe consume-rx-io-library (consumer.zxlib) success 5ms
|     |     |     +- compile exe consume-rx-io-library ReleaseSafe native (+1 more reused dependencies)
|     |     |     +- run exe compile-rx-io (workflow.zxlib) cached
|     |     |        +- compile exe compile-rx-io ReleaseSafe native (+1 more reused dependencies)
|     |     +- options cached
|     |     +- run exe replay-rx-io-library (program.zig) (+2 more reused dependencies)
|     +- run test 13 pass (13 total) 9ms MaxRSS:1M
|     |  +- compile test ReleaseSafe native success 6s MaxRSS:310M
|     |     +- run exe replay-rx-io-library (program.zig) success 4ms
|     |     |  +- compile exe replay-rx-io-library ReleaseSafe native (+1 more reused dependencies)
|     |     |  +- run exe consume-rx-io-library (consumer.zxlib) success 5ms
|     |     |     +- compile exe consume-rx-io-library ReleaseSafe native (+1 more reused dependencies)
|     |     |     +- run exe compile-rx-io (workflow.zxlib) cached
|     |     |        +- compile exe compile-rx-io ReleaseSafe native (+1 more reused dependencies)
|     |     +- options cached
|     |     +- run exe replay-rx-io-library (program.zig) (+2 more reused dependencies)
|     +- run test 3 pass (3 total) 2ms MaxRSS:1M
|     |  +- compile test ReleaseSafe native success 6s MaxRSS:320M
|     |     +- run exe replay-rx-io-library (program.zig) success 5ms
|     |     |  +- compile exe replay-rx-io-library ReleaseSafe native (+1 more reused dependencies)
|     |     |  +- run exe consume-rx-io-library (consumer.zxlib) cached
|     |     |     +- compile exe consume-rx-io-library ReleaseSafe native (+1 more reused dependencies)
|     |     |     +- run exe compile-rx-io (workflow.zxlib) cached
|     |     |        +- compile exe compile-rx-io ReleaseSafe native (+1 more reused dependencies)
|     |     +- options cached
|     |     +- run exe replay-rx-io-library (program.zig) (+2 more reused dependencies)
|     +- run test 13 pass (13 total) 9ms MaxRSS:1M
|     |  +- compile test ReleaseSafe native success 6s MaxRSS:307M
|     |     +- run exe replay-rx-io-library (program.zig) success 4ms
|     |     |  +- compile exe replay-rx-io-library ReleaseSafe native (+1 more reused dependencies)
|     |     |  +- run exe consume-rx-io-library (consumer.zxlib) success 6ms
|     |     |     +- compile exe consume-rx-io-library ReleaseSafe native (+1 more reused dependencies)
|     |     |     +- run exe compile-rx-io (workflow.zxlib) cached
|     |     |        +- compile exe compile-rx-io ReleaseSafe native (+1 more reused dependencies)
|     |     +- options cached
|     |     +- run exe replay-rx-io-library (program.zig) (+2 more reused dependencies)
|     +- run test 3 pass (3 total) 2ms MaxRSS:1M
|     |  +- compile test ReleaseSafe native success 6s MaxRSS:310M
|     |     +- run exe replay-rx-io-library (program.zig) success 4ms
|     |     |  +- compile exe replay-rx-io-library ReleaseSafe native (+1 more reused dependencies)
|     |     |  +- run exe consume-rx-io-library (consumer.zxlib) success 6ms
|     |     |     +- compile exe consume-rx-io-library ReleaseSafe native (+1 more reused dependencies)
|     |     |     +- run exe compile-rx-io (workflow.zxlib) cached
|     |     |        +- compile exe compile-rx-io ReleaseSafe native (+1 more reused dependencies)
|     |     +- options cached
|     |     +- run exe replay-rx-io-library (program.zig) (+2 more reused dependencies)
|     +- run test 13 pass (13 total) 10ms MaxRSS:1M
|     |  +- compile test ReleaseSafe native success 6s MaxRSS:334M
|     |     +- run exe replay-rx-io-library (program.zig) success 5ms
|     |     |  +- compile exe replay-rx-io-library ReleaseSafe native (+1 more reused dependencies)
|     |     |  +- run exe consume-rx-io-library (consumer.zxlib) success 6ms
|     |     |     +- compile exe consume-rx-io-library ReleaseSafe native (+1 more reused dependencies)
|     |     |     +- run exe compile-rx-io (workflow.zxlib) cached
|     |     |        +- compile exe compile-rx-io ReleaseSafe native (+1 more reused dependencies)
|     |     +- options cached
|     |     +- run exe replay-rx-io-library (program.zig) (+2 more reused dependencies)
|     +- run test 3 pass (3 total) 3ms MaxRSS:1M
|     |  +- compile test ReleaseSafe native success 6s MaxRSS:325M
|     |     +- run exe replay-rx-io-library (program.zig) success 5ms
|     |     |  +- compile exe replay-rx-io-library ReleaseSafe native (+1 more reused dependencies)
|     |     |  +- run exe consume-rx-io-library (consumer.zxlib) success 6ms
|     |     |     +- compile exe consume-rx-io-library ReleaseSafe native (+1 more reused dependencies)
|     |     |     +- run exe compile-rx-io (workflow.zxlib) cached
|     |     |        +- compile exe compile-rx-io ReleaseSafe native (+1 more reused dependencies)
|     |     +- options cached
|     |     +- run exe replay-rx-io-library (program.zig) (+2 more reused dependencies)
|     +- run test 13 pass (13 total) 10ms MaxRSS:1M
|     |  +- compile test ReleaseSafe native success 6s MaxRSS:326M
|     |     +- run exe replay-rx-io-library (program.zig) success 4ms
|     |     |  +- compile exe replay-rx-io-library ReleaseSafe native (+1 more reused dependencies)
|     |     |  +- run exe consume-rx-io-library (republished.zxlib) success 5ms
|     |     |     +- compile exe consume-rx-io-library ReleaseSafe native (+1 more reused dependencies)
|     |     |     +- run exe consume-rx-io-library (consumer.zxlib) success 5ms
|     |     |        +- compile exe consume-rx-io-library ReleaseSafe native (+1 more reused dependencies)
|     |     |        +- run exe compile-rx-io (workflow.zxlib) cached
|     |     |           +- compile exe compile-rx-io ReleaseSafe native (+1 more reused dependencies)
|     |     +- options cached
|     |     +- run exe replay-rx-io-library (program.zig) (+2 more reused dependencies)
|     +- run test 3 pass (3 total) 2ms MaxRSS:1M
|     |  +- compile test ReleaseSafe native success 6s MaxRSS:300M
|     |     +- run exe replay-rx-io-library (program.zig) success 4ms
|     |     |  +- compile exe replay-rx-io-library ReleaseSafe native (+1 more reused dependencies)
|     |     |  +- run exe consume-rx-io-library (republished.zxlib) success 6ms
|     |     |     +- compile exe consume-rx-io-library ReleaseSafe native (+1 more reused dependencies)
|     |     |     +- run exe consume-rx-io-library (consumer.zxlib) cached
|     |     |        +- compile exe consume-rx-io-library ReleaseSafe native (+1 more reused dependencies)
|     |     |        +- run exe compile-rx-io (workflow.zxlib) cached
|     |     |           +- compile exe compile-rx-io ReleaseSafe native (+1 more reused dependencies)
|     |     +- options cached
|     |     +- run exe replay-rx-io-library (program.zig) (+2 more reused dependencies)
|     +- run test 13 pass (13 total) 10ms MaxRSS:1M
|     |  +- compile test ReleaseSafe native success 6s MaxRSS:302M
|     |     +- run exe replay-rx-io-library (program.zig) success 4ms
|     |     |  +- compile exe replay-rx-io-library ReleaseSafe native (+1 more reused dependencies)
|     |     |  +- run exe consume-rx-io-library (republished.zxlib) success 6ms
|     |     |     +- compile exe consume-rx-io-library ReleaseSafe native (+1 more reused dependencies)
|     |     |     +- run exe consume-rx-io-library (consumer.zxlib) cached
|     |     |        +- compile exe consume-rx-io-library ReleaseSafe native (+1 more reused dependencies)
|     |     |        +- run exe compile-rx-io (workflow.zxlib) cached
|     |     |           +- compile exe compile-rx-io ReleaseSafe native (+1 more reused dependencies)
|     |     +- options cached
|     |     +- run exe replay-rx-io-library (program.zig) (+2 more reused dependencies)
|     +- run test 3 pass (3 total) 3ms MaxRSS:1M
|     |  +- compile test ReleaseSafe native success 6s MaxRSS:309M
|     |     +- run exe replay-rx-io-library (program.zig) success 4ms
|     |     |  +- compile exe replay-rx-io-library ReleaseSafe native (+1 more reused dependencies)
|     |     |  +- run exe consume-rx-io-library (republished.zxlib) success 6ms
|     |     |     +- compile exe consume-rx-io-library ReleaseSafe native (+1 more reused dependencies)
|     |     |     +- run exe consume-rx-io-library (consumer.zxlib) success 5ms
|     |     |        +- compile exe consume-rx-io-library ReleaseSafe native (+1 more reused dependencies)
|     |     |        +- run exe compile-rx-io (workflow.zxlib) cached
|     |     |           +- compile exe compile-rx-io ReleaseSafe native (+1 more reused dependencies)
|     |     +- options cached
|     |     +- run exe replay-rx-io-library (program.zig) (+2 more reused dependencies)
|     +- run test 4 pass (4 total) 5ms MaxRSS:1M
|     |  +- compile test ReleaseSafe native success 6s MaxRSS:414M
|     |     +- run exe replay-rx-io-library (program.zig) success 4ms
|     |     |  +- compile exe replay-rx-io-library ReleaseSafe native (+1 more reused dependencies)
|     |     |  +- run exe compile-rx-io (workflow.zxlib) cached
|     |     |     +- compile exe compile-rx-io ReleaseSafe native (+1 more reused dependencies)
|     |     +- options cached
|     |     +- run exe replay-rx-io-library (program.zig) (+2 more reused dependencies)
|     +- run test 3 pass (3 total) 2ms MaxRSS:1M
|     |  +- compile test ReleaseSafe native success 6s MaxRSS:311M
|     |     +- run exe replay-rx-io-library (program.zig) success 4ms
|     |     |  +- compile exe replay-rx-io-library ReleaseSafe native (+1 more reused dependencies)
|     |     |  +- run exe compile-rx-io (workflow.zxlib) cached
|     |     |     +- compile exe compile-rx-io ReleaseSafe native (+1 more reused dependencies)
|     |     +- options cached
|     |     +- run exe replay-rx-io-library (program.zig) (+2 more reused dependencies)
|     +- run test 4 pass (4 total) 5ms MaxRSS:1M
|     |  +- compile test ReleaseSafe native success 6s MaxRSS:401M
|     |     +- run exe replay-rx-io-library (program.zig) success 4ms
|     |     |  +- compile exe replay-rx-io-library ReleaseSafe native (+1 more reused dependencies)
|     |     |  +- run exe compile-rx-io (workflow.zxlib) cached
|     |     |     +- compile exe compile-rx-io ReleaseSafe native (+1 more reused dependencies)
|     |     +- options cached
|     |     +- run exe replay-rx-io-library (program.zig) (+2 more reused dependencies)
|     +- run test 3 pass (3 total) 3ms MaxRSS:1M
|     |  +- compile test ReleaseSafe native success 6s MaxRSS:331M
|     |     +- run exe replay-rx-io-library (program.zig) success 4ms
|     |     |  +- compile exe replay-rx-io-library ReleaseSafe native (+1 more reused dependencies)
|     |     |  +- run exe compile-rx-io (workflow.zxlib) cached
|     |     |     +- compile exe compile-rx-io ReleaseSafe native (+1 more reused dependencies)
|     |     +- options cached
|     |     +- run exe replay-rx-io-library (program.zig) (+2 more reused dependencies)
|     +- run test 4 pass (4 total) 5ms MaxRSS:1M
|     |  +- compile test ReleaseSafe native success 6s MaxRSS:328M
|     |     +- run exe replay-rx-io-library (program.zig) success 4ms
|     |     |  +- compile exe replay-rx-io-library ReleaseSafe native (+1 more reused dependencies)
|     |     |  +- run exe consume-rx-io-library (consumer.zxlib) cached
|     |     |     +- compile exe consume-rx-io-library ReleaseSafe native (+1 more reused dependencies)
|     |     |     +- run exe compile-rx-io (workflow.zxlib) cached
|     |     |        +- compile exe compile-rx-io ReleaseSafe native (+1 more reused dependencies)
|     |     +- options cached
|     |     +- run exe replay-rx-io-library (program.zig) (+2 more reused dependencies)
|     +- run test 3 pass (3 total) 2ms MaxRSS:1M
|     |  +- compile test ReleaseSafe native success 6s MaxRSS:310M
|     |     +- run exe replay-rx-io-library (program.zig) success 5ms
|     |     |  +- compile exe replay-rx-io-library ReleaseSafe native (+1 more reused dependencies)
|     |     |  +- run exe consume-rx-io-library (consumer.zxlib) cached
|     |     |     +- compile exe consume-rx-io-library ReleaseSafe native (+1 more reused dependencies)
|     |     |     +- run exe compile-rx-io (workflow.zxlib) cached
|     |     |        +- compile exe compile-rx-io ReleaseSafe native (+1 more reused dependencies)
|     |     +- options cached
|     |     +- run exe replay-rx-io-library (program.zig) (+2 more reused dependencies)
|     +- run test 4 pass (4 total) 4ms MaxRSS:1M
|     |  +- compile test ReleaseSafe native success 6s MaxRSS:315M
|     |     +- run exe replay-rx-io-library (program.zig) success 4ms
|     |     |  +- compile exe replay-rx-io-library ReleaseSafe native (+1 more reused dependencies)
|     |     |  +- run exe consume-rx-io-library (consumer.zxlib) cached
|     |     |     +- compile exe consume-rx-io-library ReleaseSafe native (+1 more reused dependencies)
|     |     |     +- run exe compile-rx-io (workflow.zxlib) cached
|     |     |        +- compile exe compile-rx-io ReleaseSafe native (+1 more reused dependencies)
|     |     +- options cached
|     |     +- run exe replay-rx-io-library (program.zig) (+2 more reused dependencies)
|     +- run test 3 pass (3 total) 2ms MaxRSS:1M
|     |  +- compile test ReleaseSafe native success 6s MaxRSS:326M
|     |     +- run exe replay-rx-io-library (program.zig) success 4ms
|     |     |  +- compile exe replay-rx-io-library ReleaseSafe native (+1 more reused dependencies)
|     |     |  +- run exe consume-rx-io-library (consumer.zxlib) success 5ms
|     |     |     +- compile exe consume-rx-io-library ReleaseSafe native (+1 more reused dependencies)
|     |     |     +- run exe compile-rx-io (workflow.zxlib) cached
|     |     |        +- compile exe compile-rx-io ReleaseSafe native (+1 more reused dependencies)
|     |     +- options cached
|     |     +- run exe replay-rx-io-library (program.zig) (+2 more reused dependencies)
|     +- run test 4 pass (4 total) 4ms MaxRSS:1M
|     |  +- compile test ReleaseSafe native success 6s MaxRSS:296M
|     |     +- run exe replay-rx-io-library (program.zig) success 5ms
|     |     |  +- compile exe replay-rx-io-library ReleaseSafe native (+1 more reused dependencies)
|     |     |  +- run exe consume-rx-io-library (consumer.zxlib) success 6ms
|     |     |     +- compile exe consume-rx-io-library ReleaseSafe native (+1 more reused dependencies)
|     |     |     +- run exe compile-rx-io (workflow.zxlib) cached
|     |     |        +- compile exe compile-rx-io ReleaseSafe native (+1 more reused dependencies)
|     |     +- options cached
|     |     +- run exe replay-rx-io-library (program.zig) (+2 more reused dependencies)
|     +- run test 3 pass (3 total) 2ms MaxRSS:1M
|     |  +- compile test ReleaseSafe native success 6s MaxRSS:325M
|     |     +- run exe replay-rx-io-library (program.zig) success 4ms
|     |     |  +- compile exe replay-rx-io-library ReleaseSafe native (+1 more reused dependencies)
|     |     |  +- run exe consume-rx-io-library (consumer.zxlib) success 6ms
|     |     |     +- compile exe consume-rx-io-library ReleaseSafe native (+1 more reused dependencies)
|     |     |     +- run exe compile-rx-io (workflow.zxlib) success 4ms
|     |     |        +- compile exe compile-rx-io ReleaseSafe native (+1 more reused dependencies)
|     |     +- options cached
|     |     +- run exe replay-rx-io-library (program.zig) (+2 more reused dependencies)
|     +- run test 4 pass (4 total) 4ms MaxRSS:1M
|     |  +- compile test ReleaseSafe native success 6s MaxRSS:326M
|     |     +- run exe replay-rx-io-library (program.zig) success 4ms
|     |     |  +- compile exe replay-rx-io-library ReleaseSafe native (+1 more reused dependencies)
|     |     |  +- run exe consume-rx-io-library (consumer.zxlib) success 6ms
|     |     |     +- compile exe consume-rx-io-library ReleaseSafe native (+1 more reused dependencies)
|     |     |     +- run exe compile-rx-io (workflow.zxlib) success 5ms
|     |     |        +- compile exe compile-rx-io ReleaseSafe native (+1 more reused dependencies)
|     |     +- options cached
|     |     +- run exe replay-rx-io-library (program.zig) (+2 more reused dependencies)
|     +- run test 3 pass (3 total) 3ms MaxRSS:1M
|     |  +- compile test ReleaseSafe native success 6s MaxRSS:331M
|     |     +- run exe replay-rx-io-library (program.zig) success 4ms
|     |     |  +- compile exe replay-rx-io-library ReleaseSafe native (+1 more reused dependencies)
|     |     |  +- run exe consume-rx-io-library (consumer.zxlib) success 6ms
|     |     |     +- compile exe consume-rx-io-library ReleaseSafe native (+1 more reused dependencies)
|     |     |     +- run exe compile-rx-io (workflow.zxlib) cached
|     |     |        +- compile exe compile-rx-io ReleaseSafe native (+1 more reused dependencies)
|     |     +- options cached
|     |     +- run exe replay-rx-io-library (program.zig) (+2 more reused dependencies)
|     +- run test 4 pass (4 total) 4ms MaxRSS:1M
|     |  +- compile test ReleaseSafe native success 6s MaxRSS:337M
|     |     +- run exe replay-rx-io-library (program.zig) success 4ms
|     |     |  +- compile exe replay-rx-io-library ReleaseSafe native (+1 more reused dependencies)
|     |     |  +- run exe consume-rx-io-library (republished.zxlib) success 6ms
|     |     |     +- compile exe consume-rx-io-library ReleaseSafe native (+1 more reused dependencies)
|     |     |     +- run exe consume-rx-io-library (consumer.zxlib) success 5ms
|     |     |        +- compile exe consume-rx-io-library ReleaseSafe native (+1 more reused dependencies)
|     |     |        +- run exe compile-rx-io (workflow.zxlib) cached
|     |     |           +- compile exe compile-rx-io ReleaseSafe native (+1 more reused dependencies)
|     |     +- options cached
|     |     +- run exe replay-rx-io-library (program.zig) (+2 more reused dependencies)
|     +- run test 3 pass (3 total) 2ms MaxRSS:1M
|     |  +- compile test ReleaseSafe native success 6s MaxRSS:323M
|     |     +- run exe replay-rx-io-library (program.zig) success 4ms
|     |     |  +- compile exe replay-rx-io-library ReleaseSafe native (+1 more reused dependencies)
|     |     |  +- run exe consume-rx-io-library (republished.zxlib) success 6ms
|     |     |     +- compile exe consume-rx-io-library ReleaseSafe native (+1 more reused dependencies)
|     |     |     +- run exe consume-rx-io-library (consumer.zxlib) success 6ms
|     |     |        +- compile exe consume-rx-io-library ReleaseSafe native (+1 more reused dependencies)
|     |     |        +- run exe compile-rx-io (workflow.zxlib) cached
|     |     |           +- compile exe compile-rx-io ReleaseSafe native (+1 more reused dependencies)
|     |     +- options cached
|     |     +- run exe replay-rx-io-library (program.zig) (+2 more reused dependencies)
|     +- run test 4 pass (4 total) 4ms MaxRSS:1M
|     |  +- compile test ReleaseSafe native success 6s MaxRSS:315M
|     |     +- run exe replay-rx-io-library (program.zig) success 4ms
|     |     |  +- compile exe replay-rx-io-library ReleaseSafe native (+1 more reused dependencies)
|     |     |  +- run exe consume-rx-io-library (republished.zxlib) success 5ms
|     |     |     +- compile exe consume-rx-io-library ReleaseSafe native (+1 more reused dependencies)
|     |     |     +- run exe consume-rx-io-library (consumer.zxlib) success 5ms
|     |     |        +- compile exe consume-rx-io-library ReleaseSafe native (+1 more reused dependencies)
|     |     |        +- run exe compile-rx-io (workflow.zxlib) cached
|     |     |           +- compile exe compile-rx-io ReleaseSafe native (+1 more reused dependencies)
|     |     +- options cached
|     |     +- run exe replay-rx-io-library (program.zig) (+2 more reused dependencies)
|     +- run test 3 pass (3 total) 2ms MaxRSS:1M
|     |  +- compile test ReleaseSafe native success 5s MaxRSS:309M
|     |     +- run exe replay-rx-io-library (program.zig) success 4ms
|     |     |  +- compile exe replay-rx-io-library ReleaseSafe native (+1 more reused dependencies)
|     |     |  +- run exe consume-rx-io-library (republished.zxlib) success 6ms
|     |     |     +- compile exe consume-rx-io-library ReleaseSafe native (+1 more reused dependencies)
|     |     |     +- run exe consume-rx-io-library (consumer.zxlib) cached
|     |     |        +- compile exe consume-rx-io-library ReleaseSafe native (+1 more reused dependencies)
|     |     |        +- run exe compile-rx-io (workflow.zxlib) cached
|     |     |           +- compile exe compile-rx-io ReleaseSafe native (+1 more reused dependencies)
|     |     +- options cached
|     |     +- run exe replay-rx-io-library (program.zig) (+2 more reused dependencies)
|     +- run test 3 pass (3 total) 4ms MaxRSS:1M
|     |  +- compile test ReleaseSafe native success 6s MaxRSS:324M
|     |     +- run exe replay-rx-io-library (program.zig) success 3ms
|     |     |  +- compile exe replay-rx-io-library ReleaseSafe native (+1 more reused dependencies)
|     |     |  +- run exe compile-rx-io (workflow.zxlib) cached
|     |     |     +- compile exe compile-rx-io ReleaseSafe native (+1 more reused dependencies)
|     |     +- options cached
|     |     +- run exe replay-rx-io-library (program.zig) (+2 more reused dependencies)
|     +- run test 3 pass (3 total) 3ms MaxRSS:1M
|     |  +- compile test ReleaseSafe native success 6s MaxRSS:394M
|     |     +- run exe replay-rx-io-library (program.zig) success 4ms
|     |     |  +- compile exe replay-rx-io-library ReleaseSafe native (+1 more reused dependencies)
|     |     |  +- run exe compile-rx-io (workflow.zxlib) cached
|     |     |     +- compile exe compile-rx-io ReleaseSafe native (+1 more reused dependencies)
|     |     +- options cached
|     |     +- run exe replay-rx-io-library (program.zig) (+2 more reused dependencies)
|     +- run test 3 pass (3 total) 4ms MaxRSS:1M
|     |  +- compile test ReleaseSafe native success 6s MaxRSS:374M
|     |     +- run exe replay-rx-io-library (program.zig) success 3ms
|     |     |  +- compile exe replay-rx-io-library ReleaseSafe native (+1 more reused dependencies)
|     |     |  +- run exe compile-rx-io (workflow.zxlib) cached
|     |     |     +- compile exe compile-rx-io ReleaseSafe native (+1 more reused dependencies)
|     |     +- options cached
|     |     +- run exe replay-rx-io-library (program.zig) (+2 more reused dependencies)
|     +- run test 3 pass (3 total) 2ms MaxRSS:1M
|     |  +- compile test ReleaseSafe native success 6s MaxRSS:386M
|     |     +- run exe replay-rx-io-library (program.zig) success 3ms
|     |     |  +- compile exe replay-rx-io-library ReleaseSafe native (+1 more reused dependencies)
|     |     |  +- run exe compile-rx-io (workflow.zxlib) cached
|     |     |     +- compile exe compile-rx-io ReleaseSafe native (+1 more reused dependencies)
|     |     +- options cached
|     |     +- run exe replay-rx-io-library (program.zig) (+2 more reused dependencies)
|     +- run test 3 pass (3 total) 4ms MaxRSS:1M
|     |  +- compile test ReleaseSafe native success 6s MaxRSS:321M
|     |     +- run exe replay-rx-io-library (program.zig) success 3ms
|     |     |  +- compile exe replay-rx-io-library ReleaseSafe native (+1 more reused dependencies)
|     |     |  +- run exe consume-rx-io-library (consumer.zxlib) cached
|     |     |     +- compile exe consume-rx-io-library ReleaseSafe native (+1 more reused dependencies)
|     |     |     +- run exe compile-rx-io (workflow.zxlib) cached
|     |     |        +- compile exe compile-rx-io ReleaseSafe native (+1 more reused dependencies)
|     |     +- options cached
|     |     +- run exe replay-rx-io-library (program.zig) (+2 more reused dependencies)
|     +- run test 3 pass (3 total) 3ms MaxRSS:1M
|     |  +- compile test ReleaseSafe native success 6s MaxRSS:313M
|     |     +- run exe replay-rx-io-library (program.zig) success 3ms
|     |     |  +- compile exe replay-rx-io-library ReleaseSafe native (+1 more reused dependencies)
|     |     |  +- run exe consume-rx-io-library (consumer.zxlib) success 4ms
|     |     |     +- compile exe consume-rx-io-library ReleaseSafe native (+1 more reused dependencies)
|     |     |     +- run exe compile-rx-io (workflow.zxlib) cached
|     |     |        +- compile exe compile-rx-io ReleaseSafe native (+1 more reused dependencies)
|     |     +- options cached
|     |     +- run exe replay-rx-io-library (program.zig) (+2 more reused dependencies)
|     +- run test 3 pass (3 total) 6ms MaxRSS:1M
|     |  +- compile test ReleaseSafe native success 6s MaxRSS:317M
|     |     +- run exe replay-rx-io-library (program.zig) success 3ms
|     |     |  +- compile exe replay-rx-io-library ReleaseSafe native (+1 more reused dependencies)
|     |     |  +- run exe consume-rx-io-library (consumer.zxlib) success 4ms
|     |     |     +- compile exe consume-rx-io-library ReleaseSafe native (+1 more reused dependencies)
|     |     |     +- run exe compile-rx-io (workflow.zxlib) cached
|     |     |        +- compile exe compile-rx-io ReleaseSafe native (+1 more reused dependencies)
|     |     +- options cached
|     |     +- run exe replay-rx-io-library (program.zig) (+2 more reused dependencies)
|     +- run test 3 pass (3 total) 2ms MaxRSS:1M
|     |  +- compile test ReleaseSafe native success 6s MaxRSS:315M
|     |     +- run exe replay-rx-io-library (program.zig) success 3ms
|     |     |  +- compile exe replay-rx-io-library ReleaseSafe native (+1 more reused dependencies)
|     |     |  +- run exe consume-rx-io-library (consumer.zxlib) success 4ms
|     |     |     +- compile exe consume-rx-io-library ReleaseSafe native (+1 more reused dependencies)
|     |     |     +- run exe compile-rx-io (workflow.zxlib) cached
|     |     |        +- compile exe compile-rx-io ReleaseSafe native (+1 more reused dependencies)
|     |     +- options cached
|     |     +- run exe replay-rx-io-library (program.zig) (+2 more reused dependencies)
|     +- run test 3 pass (3 total) 4ms MaxRSS:1M
|     |  +- compile test ReleaseSafe native success 6s MaxRSS:298M
|     |     +- run exe replay-rx-io-library (program.zig) success 3ms
|     |     |  +- compile exe replay-rx-io-library ReleaseSafe native (+1 more reused dependencies)
|     |     |  +- run exe consume-rx-io-library (consumer.zxlib) success 4ms
|     |     |     +- compile exe consume-rx-io-library ReleaseSafe native (+1 more reused dependencies)
|     |     |     +- run exe compile-rx-io (workflow.zxlib) cached
|     |     |        +- compile exe compile-rx-io ReleaseSafe native (+1 more reused dependencies)
|     |     +- options cached
|     |     +- run exe replay-rx-io-library (program.zig) (+2 more reused dependencies)
|     +- run test 3 pass (3 total) 2ms MaxRSS:1M
|     |  +- compile test ReleaseSafe native success 6s MaxRSS:293M
|     |     +- run exe replay-rx-io-library (program.zig) success 3ms
|     |     |  +- compile exe replay-rx-io-library ReleaseSafe native (+1 more reused dependencies)
|     |     |  +- run exe consume-rx-io-library (consumer.zxlib) success 4ms
|     |     |     +- compile exe consume-rx-io-library ReleaseSafe native (+1 more reused dependencies)
|     |     |     +- run exe compile-rx-io (workflow.zxlib) cached
|     |     |        +- compile exe compile-rx-io ReleaseSafe native (+1 more reused dependencies)
|     |     +- options cached
|     |     +- run exe replay-rx-io-library (program.zig) (+2 more reused dependencies)
|     +- run test 3 pass (3 total) 4ms MaxRSS:1M
|     |  +- compile test ReleaseSafe native success 6s MaxRSS:398M
|     |     +- run exe replay-rx-io-library (program.zig) success 3ms
|     |     |  +- compile exe replay-rx-io-library ReleaseSafe native (+1 more reused dependencies)
|     |     |  +- run exe consume-rx-io-library (consumer.zxlib) success 4ms
|     |     |     +- compile exe consume-rx-io-library ReleaseSafe native (+1 more reused dependencies)
|     |     |     +- run exe compile-rx-io (workflow.zxlib) cached
|     |     |        +- compile exe compile-rx-io ReleaseSafe native (+1 more reused dependencies)
|     |     +- options cached
|     |     +- run exe replay-rx-io-library (program.zig) (+2 more reused dependencies)
|     +- run test 3 pass (3 total) 2ms MaxRSS:1M
|     |  +- compile test ReleaseSafe native success 6s MaxRSS:280M
|     |     +- run exe replay-rx-io-library (program.zig) success 3ms
|     |     |  +- compile exe replay-rx-io-library ReleaseSafe native (+1 more reused dependencies)
|     |     |  +- run exe consume-rx-io-library (consumer.zxlib) success 4ms
|     |     |     +- compile exe consume-rx-io-library ReleaseSafe native (+1 more reused dependencies)
|     |     |     +- run exe compile-rx-io (workflow.zxlib) success 5ms
|     |     |        +- compile exe compile-rx-io ReleaseSafe native (+1 more reused dependencies)
|     |     +- options cached
|     |     +- run exe replay-rx-io-library (program.zig) (+2 more reused dependencies)
|     +- run test 3 pass (3 total) 4ms MaxRSS:1M
|     |  +- compile test ReleaseSafe native success 6s MaxRSS:310M
|     |     +- run exe replay-rx-io-library (program.zig) success 3ms
|     |     |  +- compile exe replay-rx-io-library ReleaseSafe native (+1 more reused dependencies)
|     |     |  +- run exe consume-rx-io-library (republished.zxlib) success 4ms
|     |     |     +- compile exe consume-rx-io-library ReleaseSafe native (+1 more reused dependencies)
|     |     |     +- run exe consume-rx-io-library (consumer.zxlib) success 4ms
|     |     |        +- compile exe consume-rx-io-library ReleaseSafe native (+1 more reused dependencies)
|     |     |        +- run exe compile-rx-io (workflow.zxlib) success 4ms
|     |     |           +- compile exe compile-rx-io ReleaseSafe native (+1 more reused dependencies)
|     |     +- options cached
|     |     +- run exe replay-rx-io-library (program.zig) (+2 more reused dependencies)
|     +- run test 3 pass (3 total) 3ms MaxRSS:1M
|     |  +- compile test ReleaseSafe native success 6s MaxRSS:329M
|     |     +- run exe replay-rx-io-library (program.zig) success 3ms
|     |     |  +- compile exe replay-rx-io-library ReleaseSafe native (+1 more reused dependencies)
|     |     |  +- run exe consume-rx-io-library (republished.zxlib) success 4ms
|     |     |     +- compile exe consume-rx-io-library ReleaseSafe native (+1 more reused dependencies)
|     |     |     +- run exe consume-rx-io-library (consumer.zxlib) cached
|     |     |        +- compile exe consume-rx-io-library ReleaseSafe native (+1 more reused dependencies)
|     |     |        +- run exe compile-rx-io (workflow.zxlib) cached
|     |     |           +- compile exe compile-rx-io ReleaseSafe native (+1 more reused dependencies)
|     |     +- options cached
|     |     +- run exe replay-rx-io-library (program.zig) (+2 more reused dependencies)
|     +- run test 3 pass (3 total) 4ms MaxRSS:1M
|     |  +- compile test ReleaseSafe native success 6s MaxRSS:314M
|     |     +- run exe replay-rx-io-library (program.zig) success 3ms
|     |     |  +- compile exe replay-rx-io-library ReleaseSafe native (+1 more reused dependencies)
|     |     |  +- run exe consume-rx-io-library (republished.zxlib) success 4ms
|     |     |     +- compile exe consume-rx-io-library ReleaseSafe native (+1 more reused dependencies)
|     |     |     +- run exe consume-rx-io-library (consumer.zxlib) cached
|     |     |        +- compile exe consume-rx-io-library ReleaseSafe native (+1 more reused dependencies)
|     |     |        +- run exe compile-rx-io (workflow.zxlib) cached
|     |     |           +- compile exe compile-rx-io ReleaseSafe native (+1 more reused dependencies)
|     |     +- options cached
|     |     +- run exe replay-rx-io-library (program.zig) (+2 more reused dependencies)
|     +- run test 3 pass (3 total) 2ms MaxRSS:1M
|     |  +- compile test ReleaseSafe native success 6s MaxRSS:325M
|     |     +- run exe replay-rx-io-library (program.zig) success 3ms
|     |     |  +- compile exe replay-rx-io-library ReleaseSafe native (+1 more reused dependencies)
|     |     |  +- run exe consume-rx-io-library (republished.zxlib) success 4ms
|     |     |     +- compile exe consume-rx-io-library ReleaseSafe native (+1 more reused dependencies)
|     |     |     +- run exe consume-rx-io-library (consumer.zxlib) cached
|     |     |        +- compile exe consume-rx-io-library ReleaseSafe native (+1 more reused dependencies)
|     |     |        +- run exe compile-rx-io (workflow.zxlib) cached
|     |     |           +- compile exe compile-rx-io ReleaseSafe native (+1 more reused dependencies)
|     |     +- options cached
|     |     +- run exe replay-rx-io-library (program.zig) (+2 more reused dependencies)
|     +- run test 3 pass (3 total) 4ms MaxRSS:1M
|     |  +- compile test ReleaseSafe native success 6s MaxRSS:385M
|     |     +- run exe replay-rx-io-library (program.zig) success 3ms
|     |     |  +- compile exe replay-rx-io-library ReleaseSafe native (+1 more reused dependencies)
|     |     |  +- run exe compile-rx-io (workflow.zxlib) cached
|     |     |     +- compile exe compile-rx-io ReleaseSafe native (+1 more reused dependencies)
|     |     +- options cached
|     |     +- run exe replay-rx-io-library (program.zig) (+2 more reused dependencies)
|     +- run test 3 pass (3 total) 2ms MaxRSS:1M
|     |  +- compile test ReleaseSafe native success 6s MaxRSS:316M
|     |     +- run exe replay-rx-io-library (program.zig) success 3ms
|     |     |  +- compile exe replay-rx-io-library ReleaseSafe native (+1 more reused dependencies)
|     |     |  +- run exe compile-rx-io (workflow.zxlib) cached
|     |     |     +- compile exe compile-rx-io ReleaseSafe native (+1 more reused dependencies)
|     |     +- options cached
|     |     +- run exe replay-rx-io-library (program.zig) (+2 more reused dependencies)
|     +- run test 3 pass (3 total) 5ms MaxRSS:1M
|     |  +- compile test ReleaseSafe native success 6s MaxRSS:322M
|     |     +- run exe replay-rx-io-library (program.zig) success 3ms
|     |     |  +- compile exe replay-rx-io-library ReleaseSafe native (+1 more reused dependencies)
|     |     |  +- run exe compile-rx-io (workflow.zxlib) success 4ms
|     |     |     +- compile exe compile-rx-io ReleaseSafe native (+1 more reused dependencies)
|     |     +- options cached
|     |     +- run exe replay-rx-io-library (program.zig) (+2 more reused dependencies)
|     +- run test 3 pass (3 total) 2ms MaxRSS:1M
|     |  +- compile test ReleaseSafe native success 6s MaxRSS:414M
|     |     +- run exe replay-rx-io-library (program.zig) success 3ms
|     |     |  +- compile exe replay-rx-io-library ReleaseSafe native (+1 more reused dependencies)
|     |     |  +- run exe compile-rx-io (workflow.zxlib) cached
|     |     |     +- compile exe compile-rx-io ReleaseSafe native (+1 more reused dependencies)
|     |     +- options cached
|     |     +- run exe replay-rx-io-library (program.zig) (+2 more reused dependencies)
|     +- run test 3 pass (3 total) 5ms MaxRSS:1M
|     |  +- compile test ReleaseSafe native success 6s MaxRSS:310M
|     |     +- run exe replay-rx-io-library (program.zig) success 3ms
|     |     |  +- compile exe replay-rx-io-library ReleaseSafe native (+1 more reused dependencies)
|     |     |  +- run exe consume-rx-io-library (consumer.zxlib) cached
|     |     |     +- compile exe consume-rx-io-library ReleaseSafe native (+1 more reused dependencies)
|     |     |     +- run exe compile-rx-io (workflow.zxlib) cached
|     |     |        +- compile exe compile-rx-io ReleaseSafe native (+1 more reused dependencies)
|     |     +- options cached
|     |     +- run exe replay-rx-io-library (program.zig) (+2 more reused dependencies)
|     +- run test 3 pass (3 total) 3ms MaxRSS:1M
|     |  +- compile test ReleaseSafe native success 6s MaxRSS:336M
|     |     +- run exe replay-rx-io-library (program.zig) success 3ms
|     |     |  +- compile exe replay-rx-io-library ReleaseSafe native (+1 more reused dependencies)
|     |     |  +- run exe consume-rx-io-library (consumer.zxlib) success 4ms
|     |     |     +- compile exe consume-rx-io-library ReleaseSafe native (+1 more reused dependencies)
|     |     |     +- run exe compile-rx-io (workflow.zxlib) cached
|     |     |        +- compile exe compile-rx-io ReleaseSafe native (+1 more reused dependencies)
|     |     +- options cached
|     |     +- run exe replay-rx-io-library (program.zig) (+2 more reused dependencies)
|     +- run test 3 pass (3 total) 5ms MaxRSS:1M
|     |  +- compile test ReleaseSafe native success 6s MaxRSS:346M
|     |     +- run exe replay-rx-io-library (program.zig) success 4ms
|     |     |  +- compile exe replay-rx-io-library ReleaseSafe native (+1 more reused dependencies)
|     |     |  +- run exe consume-rx-io-library (consumer.zxlib) success 4ms
|     |     |     +- compile exe consume-rx-io-library ReleaseSafe native (+1 more reused dependencies)
|     |     |     +- run exe compile-rx-io (workflow.zxlib) cached
|     |     |        +- compile exe compile-rx-io ReleaseSafe native (+1 more reused dependencies)
|     |     +- options cached
|     |     +- run exe replay-rx-io-library (program.zig) (+2 more reused dependencies)
|     +- run test 3 pass (3 total) 2ms MaxRSS:1M
|     |  +- compile test ReleaseSafe native success 6s MaxRSS:313M
|     |     +- run exe replay-rx-io-library (program.zig) success 4ms
|     |     |  +- compile exe replay-rx-io-library ReleaseSafe native (+1 more reused dependencies)
|     |     |  +- run exe consume-rx-io-library (consumer.zxlib) cached
|     |     |     +- compile exe consume-rx-io-library ReleaseSafe native (+1 more reused dependencies)
|     |     |     +- run exe compile-rx-io (workflow.zxlib) cached
|     |     |        +- compile exe compile-rx-io ReleaseSafe native (+1 more reused dependencies)
|     |     +- options cached
|     |     +- run exe replay-rx-io-library (program.zig) (+2 more reused dependencies)
|     +- run test 3 pass (3 total) 5ms MaxRSS:1M
|     |  +- compile test ReleaseSafe native success 6s MaxRSS:316M
|     |     +- run exe replay-rx-io-library (program.zig) success 3ms
|     |     |  +- compile exe replay-rx-io-library ReleaseSafe native (+1 more reused dependencies)
|     |     |  +- run exe consume-rx-io-library (consumer.zxlib) success 5ms
|     |     |     +- compile exe consume-rx-io-library ReleaseSafe native (+1 more reused dependencies)
|     |     |     +- run exe compile-rx-io (workflow.zxlib) cached
|     |     |        +- compile exe compile-rx-io ReleaseSafe native (+1 more reused dependencies)
|     |     +- options cached
|     |     +- run exe replay-rx-io-library (program.zig) (+2 more reused dependencies)
|     +- run test 3 pass (3 total) 2ms MaxRSS:1M
|     |  +- compile test ReleaseSafe native success 6s MaxRSS:329M
|     |     +- run exe replay-rx-io-library (program.zig) success 4ms
|     |     |  +- compile exe replay-rx-io-library ReleaseSafe native (+1 more reused dependencies)
|     |     |  +- run exe consume-rx-io-library (consumer.zxlib) success 4ms
|     |     |     +- compile exe consume-rx-io-library ReleaseSafe native (+1 more reused dependencies)
|     |     |     +- run exe compile-rx-io (workflow.zxlib) cached
|     |     |        +- compile exe compile-rx-io ReleaseSafe native (+1 more reused dependencies)
|     |     +- options cached
|     |     +- run exe replay-rx-io-library (program.zig) (+2 more reused dependencies)
|     +- run test 3 pass (3 total) 5ms MaxRSS:1M
|     |  +- compile test ReleaseSafe native success 6s MaxRSS:293M
|     |     +- run exe replay-rx-io-library (program.zig) success 4ms
|     |     |  +- compile exe replay-rx-io-library ReleaseSafe native (+1 more reused dependencies)
|     |     |  +- run exe consume-rx-io-library (consumer.zxlib) success 5ms
|     |     |     +- compile exe consume-rx-io-library ReleaseSafe native (+1 more reused dependencies)
|     |     |     +- run exe compile-rx-io (workflow.zxlib) cached
|     |     |        +- compile exe compile-rx-io ReleaseSafe native (+1 more reused dependencies)
|     |     +- options cached
|     |     +- run exe replay-rx-io-library (program.zig) (+2 more reused dependencies)
|     +- run test 3 pass (3 total) 3ms MaxRSS:1M
|     |  +- compile test ReleaseSafe native success 6s MaxRSS:307M
|     |     +- run exe replay-rx-io-library (program.zig) success 3ms
|     |     |  +- compile exe replay-rx-io-library ReleaseSafe native (+1 more reused dependencies)
|     |     |  +- run exe consume-rx-io-library (consumer.zxlib) success 4ms
|     |     |     +- compile exe consume-rx-io-library ReleaseSafe native (+1 more reused dependencies)
|     |     |     +- run exe compile-rx-io (workflow.zxlib) cached
|     |     |        +- compile exe compile-rx-io ReleaseSafe native (+1 more reused dependencies)
|     |     +- options cached
|     |     +- run exe replay-rx-io-library (program.zig) (+2 more reused dependencies)
|     +- run test 3 pass (3 total) 5ms MaxRSS:1M
|     |  +- compile test ReleaseSafe native success 6s MaxRSS:329M
|     |     +- run exe replay-rx-io-library (program.zig) success 3ms
|     |     |  +- compile exe replay-rx-io-library ReleaseSafe native (+1 more reused dependencies)
|     |     |  +- run exe consume-rx-io-library (republished.zxlib) success 4ms
|     |     |     +- compile exe consume-rx-io-library ReleaseSafe native (+1 more reused dependencies)
|     |     |     +- run exe consume-rx-io-library (consumer.zxlib) success 4ms
|     |     |        +- compile exe consume-rx-io-library ReleaseSafe native (+1 more reused dependencies)
|     |     |        +- run exe compile-rx-io (workflow.zxlib) success 4ms
|     |     |           +- compile exe compile-rx-io ReleaseSafe native (+1 more reused dependencies)
|     |     +- options cached
|     |     +- run exe replay-rx-io-library (program.zig) (+2 more reused dependencies)
|     +- run test 3 pass (3 total) 2ms MaxRSS:1M
|     |  +- compile test ReleaseSafe native success 6s MaxRSS:311M
|     |     +- run exe replay-rx-io-library (program.zig) success 3ms
|     |     |  +- compile exe replay-rx-io-library ReleaseSafe native (+1 more reused dependencies)
|     |     |  +- run exe consume-rx-io-library (republished.zxlib) success 4ms
|     |     |     +- compile exe consume-rx-io-library ReleaseSafe native (+1 more reused dependencies)
|     |     |     +- run exe consume-rx-io-library (consumer.zxlib) cached
|     |     |        +- compile exe consume-rx-io-library ReleaseSafe native (+1 more reused dependencies)
|     |     |        +- run exe compile-rx-io (workflow.zxlib) cached
|     |     |           +- compile exe compile-rx-io ReleaseSafe native (+1 more reused dependencies)
|     |     +- options cached
|     |     +- run exe replay-rx-io-library (program.zig) (+2 more reused dependencies)
|     +- run test 3 pass (3 total) 5ms MaxRSS:1M
|     |  +- compile test ReleaseSafe native success 6s MaxRSS:385M
|     |     +- run exe replay-rx-io-library (program.zig) success 4ms
|     |     |  +- compile exe replay-rx-io-library ReleaseSafe native (+1 more reused dependencies)
|     |     |  +- run exe consume-rx-io-library (republished.zxlib) success 5ms
|     |     |     +- compile exe consume-rx-io-library ReleaseSafe native (+1 more reused dependencies)
|     |     |     +- run exe consume-rx-io-library (consumer.zxlib) cached
|     |     |        +- compile exe consume-rx-io-library ReleaseSafe native (+1 more reused dependencies)
|     |     |        +- run exe compile-rx-io (workflow.zxlib) cached
|     |     |           +- compile exe compile-rx-io ReleaseSafe native (+1 more reused dependencies)
|     |     +- options cached
|     |     +- run exe replay-rx-io-library (program.zig) (+2 more reused dependencies)
|     +- run test 3 pass (3 total) 2ms MaxRSS:1M
|     |  +- compile test ReleaseSafe native success 6s MaxRSS:318M
|     |     +- run exe replay-rx-io-library (program.zig) success 4ms
|     |     |  +- compile exe replay-rx-io-library ReleaseSafe native (+1 more reused dependencies)
|     |     |  +- run exe consume-rx-io-library (republished.zxlib) success 5ms
|     |     |     +- compile exe consume-rx-io-library ReleaseSafe native (+1 more reused dependencies)
|     |     |     +- run exe consume-rx-io-library (consumer.zxlib) success 5ms
|     |     |        +- compile exe consume-rx-io-library ReleaseSafe native (+1 more reused dependencies)
|     |     |        +- run exe compile-rx-io (workflow.zxlib) cached
|     |     |           +- compile exe compile-rx-io ReleaseSafe native (+1 more reused dependencies)
|     |     +- options cached
|     |     +- run exe replay-rx-io-library (program.zig) (+2 more reused dependencies)
|     +- run test 3 pass (3 total) 5ms MaxRSS:1M
|     |  +- compile test ReleaseSafe native success 6s MaxRSS:408M
|     |     +- run exe replay-rx-io-library (program.zig) success 3ms
|     |     |  +- compile exe replay-rx-io-library ReleaseSafe native (+1 more reused dependencies)
|     |     |  +- run exe compile-rx-io (workflow.zxlib) cached
|     |     |     +- compile exe compile-rx-io ReleaseSafe native (+1 more reused dependencies)
|     |     +- options cached
|     |     +- run exe replay-rx-io-library (program.zig) (+2 more reused dependencies)
|     +- run test 3 pass (3 total) 2ms MaxRSS:1M
|     |  +- compile test ReleaseSafe native success 6s MaxRSS:392M
|     |     +- run exe replay-rx-io-library (program.zig) success 3ms
|     |     |  +- compile exe replay-rx-io-library ReleaseSafe native (+1 more reused dependencies)
|     |     |  +- run exe compile-rx-io (workflow.zxlib) cached
|     |     |     +- compile exe compile-rx-io ReleaseSafe native (+1 more reused dependencies)
|     |     +- options cached
|     |     +- run exe replay-rx-io-library (program.zig) (+2 more reused dependencies)
|     +- run test 3 pass (3 total) 5ms MaxRSS:1M
|     |  +- compile test ReleaseSafe native success 6s MaxRSS:390M
|     |     +- run exe replay-rx-io-library (program.zig) success 4ms
|     |     |  +- compile exe replay-rx-io-library ReleaseSafe native (+1 more reused dependencies)
|     |     |  +- run exe compile-rx-io (workflow.zxlib) cached
|     |     |     +- compile exe compile-rx-io ReleaseSafe native (+1 more reused dependencies)
|     |     +- options cached
|     |     +- run exe replay-rx-io-library (program.zig) (+2 more reused dependencies)
|     +- run test 3 pass (3 total) 2ms MaxRSS:1M
|     |  +- compile test ReleaseSafe native success 6s MaxRSS:335M
|     |     +- run exe replay-rx-io-library (program.zig) success 3ms
|     |     |  +- compile exe replay-rx-io-library ReleaseSafe native (+1 more reused dependencies)
|     |     |  +- run exe compile-rx-io (workflow.zxlib) cached
|     |     |     +- compile exe compile-rx-io ReleaseSafe native (+1 more reused dependencies)
|     |     +- options cached
|     |     +- run exe replay-rx-io-library (program.zig) (+2 more reused dependencies)
|     +- run test 3 pass (3 total) 5ms MaxRSS:1M
|     |  +- compile test ReleaseSafe native success 6s MaxRSS:329M
|     |     +- run exe replay-rx-io-library (program.zig) success 4ms
|     |     |  +- compile exe replay-rx-io-library ReleaseSafe native (+1 more reused dependencies)
|     |     |  +- run exe consume-rx-io-library (consumer.zxlib) success 4ms
|     |     |     +- compile exe consume-rx-io-library ReleaseSafe native (+1 more reused dependencies)
|     |     |     +- run exe compile-rx-io (workflow.zxlib) success 5ms
|     |     |        +- compile exe compile-rx-io ReleaseSafe native (+1 more reused dependencies)
|     |     +- options cached
|     |     +- run exe replay-rx-io-library (program.zig) (+2 more reused dependencies)
|     +- run test 3 pass (3 total) 2ms MaxRSS:1M
|     |  +- compile test ReleaseSafe native success 5s MaxRSS:302M
|     |     +- run exe replay-rx-io-library (program.zig) success 3ms
|     |     |  +- compile exe replay-rx-io-library ReleaseSafe native (+1 more reused dependencies)
|     |     |  +- run exe consume-rx-io-library (consumer.zxlib) cached
|     |     |     +- compile exe consume-rx-io-library ReleaseSafe native (+1 more reused dependencies)
|     |     |     +- run exe compile-rx-io (workflow.zxlib) cached
|     |     |        +- compile exe compile-rx-io ReleaseSafe native (+1 more reused dependencies)
|     |     +- options cached
|     |     +- run exe replay-rx-io-library (program.zig) (+2 more reused dependencies)
|     +- run test 3 pass (3 total) 5ms MaxRSS:1M
|     |  +- compile test ReleaseSafe native success 6s MaxRSS:333M
|     |     +- run exe replay-rx-io-library (program.zig) success 4ms
|     |     |  +- compile exe replay-rx-io-library ReleaseSafe native (+1 more reused dependencies)
|     |     |  +- run exe consume-rx-io-library (consumer.zxlib) cached
|     |     |     +- compile exe consume-rx-io-library ReleaseSafe native (+1 more reused dependencies)
|     |     |     +- run exe compile-rx-io (workflow.zxlib) cached
|     |     |        +- compile exe compile-rx-io ReleaseSafe native (+1 more reused dependencies)
|     |     +- options cached
|     |     +- run exe replay-rx-io-library (program.zig) (+2 more reused dependencies)
|     +- run test 3 pass (3 total) 2ms MaxRSS:1M
|     |  +- compile test ReleaseSafe native success 6s MaxRSS:304M
|     |     +- run exe replay-rx-io-library (program.zig) success 4ms
|     |     |  +- compile exe replay-rx-io-library ReleaseSafe native (+1 more reused dependencies)
|     |     |  +- run exe consume-rx-io-library (consumer.zxlib) cached
|     |     |     +- compile exe consume-rx-io-library ReleaseSafe native (+1 more reused dependencies)
|     |     |     +- run exe compile-rx-io (workflow.zxlib) cached
|     |     |        +- compile exe compile-rx-io ReleaseSafe native (+1 more reused dependencies)
|     |     +- options cached
|     |     +- run exe replay-rx-io-library (program.zig) (+2 more reused dependencies)
|     +- run test 3 pass (3 total) 5ms MaxRSS:1M
|     |  +- compile test ReleaseSafe native success 6s MaxRSS:331M
|     |     +- run exe replay-rx-io-library (program.zig) success 4ms
|     |     |  +- compile exe replay-rx-io-library ReleaseSafe native (+1 more reused dependencies)
|     |     |  +- run exe consume-rx-io-library (consumer.zxlib) success 4ms
|     |     |     +- compile exe consume-rx-io-library ReleaseSafe native (+1 more reused dependencies)
|     |     |     +- run exe compile-rx-io (workflow.zxlib) cached
|     |     |        +- compile exe compile-rx-io ReleaseSafe native (+1 more reused dependencies)
|     |     +- options cached
|     |     +- run exe replay-rx-io-library (program.zig) (+2 more reused dependencies)
|     +- run test 3 pass (3 total) 3ms MaxRSS:1M
|     |  +- compile test ReleaseSafe native success 6s MaxRSS:319M
|     |     +- run exe replay-rx-io-library (program.zig) success 4ms
|     |     |  +- compile exe replay-rx-io-library ReleaseSafe native (+1 more reused dependencies)
|     |     |  +- run exe consume-rx-io-library (consumer.zxlib) success 4ms
|     |     |     +- compile exe consume-rx-io-library ReleaseSafe native (+1 more reused dependencies)
|     |     |     +- run exe compile-rx-io (workflow.zxlib) cached
|     |     |        +- compile exe compile-rx-io ReleaseSafe native (+1 more reused dependencies)
|     |     +- options cached
|     |     +- run exe replay-rx-io-library (program.zig) (+2 more reused dependencies)
|     +- run test 3 pass (3 total) 5ms MaxRSS:1M
|     |  +- compile test ReleaseSafe native success 6s MaxRSS:337M
|     |     +- run exe replay-rx-io-library (program.zig) success 4ms
|     |     |  +- compile exe replay-rx-io-library ReleaseSafe native (+1 more reused dependencies)
|     |     |  +- run exe consume-rx-io-library (consumer.zxlib) success 5ms
|     |     |     +- compile exe consume-rx-io-library ReleaseSafe native (+1 more reused dependencies)
|     |     |     +- run exe compile-rx-io (workflow.zxlib) cached
|     |     |        +- compile exe compile-rx-io ReleaseSafe native (+1 more reused dependencies)
|     |     +- options cached
|     |     +- run exe replay-rx-io-library (program.zig) (+2 more reused dependencies)
|     +- run test 3 pass (3 total) 2ms MaxRSS:1M
|     |  +- compile test ReleaseSafe native success 6s MaxRSS:313M
|     |     +- run exe replay-rx-io-library (program.zig) success 3ms
|     |     |  +- compile exe replay-rx-io-library ReleaseSafe native (+1 more reused dependencies)
|     |     |  +- run exe consume-rx-io-library (consumer.zxlib) success 4ms
|     |     |     +- compile exe consume-rx-io-library ReleaseSafe native (+1 more reused dependencies)
|     |     |     +- run exe compile-rx-io (workflow.zxlib) cached
|     |     |        +- compile exe compile-rx-io ReleaseSafe native (+1 more reused dependencies)
|     |     +- options cached
|     |     +- run exe replay-rx-io-library (program.zig) (+2 more reused dependencies)
|     +- run test 3 pass (3 total) 5ms MaxRSS:1M
|     |  +- compile test ReleaseSafe native success 6s MaxRSS:326M
|     |     +- run exe replay-rx-io-library (program.zig) success 4ms
|     |     |  +- compile exe replay-rx-io-library ReleaseSafe native (+1 more reused dependencies)
|     |     |  +- run exe consume-rx-io-library (republished.zxlib) success 4ms
|     |     |     +- compile exe consume-rx-io-library ReleaseSafe native (+1 more reused dependencies)
|     |     |     +- run exe consume-rx-io-library (consumer.zxlib) cached
|     |     |        +- compile exe consume-rx-io-library ReleaseSafe native (+1 more reused dependencies)
|     |     |        +- run exe compile-rx-io (workflow.zxlib) cached
|     |     |           +- compile exe compile-rx-io ReleaseSafe native (+1 more reused dependencies)
|     |     +- options cached
|     |     +- run exe replay-rx-io-library (program.zig) (+2 more reused dependencies)
|     +- run test 3 pass (3 total) 2ms MaxRSS:1M
|     |  +- compile test ReleaseSafe native success 6s MaxRSS:318M
|     |     +- run exe replay-rx-io-library (program.zig) success 3ms
|     |     |  +- compile exe replay-rx-io-library ReleaseSafe native (+1 more reused dependencies)
|     |     |  +- run exe consume-rx-io-library (republished.zxlib) success 5ms
|     |     |     +- compile exe consume-rx-io-library ReleaseSafe native (+1 more reused dependencies)
|     |     |     +- run exe consume-rx-io-library (consumer.zxlib) success 4ms
|     |     |        +- compile exe consume-rx-io-library ReleaseSafe native (+1 more reused dependencies)
|     |     |        +- run exe compile-rx-io (workflow.zxlib) cached
|     |     |           +- compile exe compile-rx-io ReleaseSafe native (+1 more reused dependencies)
|     |     +- options cached
|     |     +- run exe replay-rx-io-library (program.zig) (+2 more reused dependencies)
|     +- run test 3 pass (3 total) 5ms MaxRSS:1M
|     |  +- compile test ReleaseSafe native success 6s MaxRSS:322M
|     |     +- run exe replay-rx-io-library (program.zig) success 4ms
|     |     |  +- compile exe replay-rx-io-library ReleaseSafe native (+1 more reused dependencies)
|     |     |  +- run exe consume-rx-io-library (republished.zxlib) success 4ms
|     |     |     +- compile exe consume-rx-io-library ReleaseSafe native (+1 more reused dependencies)
|     |     |     +- run exe consume-rx-io-library (consumer.zxlib) success 4ms
|     |     |        +- compile exe consume-rx-io-library ReleaseSafe native (+1 more reused dependencies)
|     |     |        +- run exe compile-rx-io (workflow.zxlib) cached
|     |     |           +- compile exe compile-rx-io ReleaseSafe native (+1 more reused dependencies)
|     |     +- options cached
|     |     +- run exe replay-rx-io-library (program.zig) (+2 more reused dependencies)
|     +- run test 3 pass (3 total) 2ms MaxRSS:1M
|     |  +- compile test ReleaseSafe native success 6s MaxRSS:318M
|     |     +- run exe replay-rx-io-library (program.zig) success 4ms
|     |     |  +- compile exe replay-rx-io-library ReleaseSafe native (+1 more reused dependencies)
|     |     |  +- run exe consume-rx-io-library (republished.zxlib) success 5ms
|     |     |     +- compile exe consume-rx-io-library ReleaseSafe native (+1 more reused dependencies)
|     |     |     +- run exe consume-rx-io-library (consumer.zxlib) success 4ms
|     |     |        +- compile exe consume-rx-io-library ReleaseSafe native (+1 more reused dependencies)
|     |     |        +- run exe compile-rx-io (workflow.zxlib) success 4ms
|     |     |           +- compile exe compile-rx-io ReleaseSafe native (+1 more reused dependencies)
|     |     +- options cached
|     |     +- run exe replay-rx-io-library (program.zig) (+2 more reused dependencies)
|     +- run test 2 pass (2 total) 3ms MaxRSS:1M
|     |  +- compile test ReleaseSafe native success 6s MaxRSS:394M
|     |     +- run exe replay-rx-io-library (program.zig) success 3ms
|     |     |  +- compile exe replay-rx-io-library ReleaseSafe native (+1 more reused dependencies)
|     |     |  +- run exe compile-rx-io (workflow.zxlib) cached
|     |     |     +- compile exe compile-rx-io ReleaseSafe native (+1 more reused dependencies)
|     |     +- options cached
|     |     +- run exe replay-rx-io-library (program.zig) (+2 more reused dependencies)
|     +- run test 3 pass (3 total) 2ms MaxRSS:1M
|     |  +- compile test ReleaseSafe native success 6s MaxRSS:391M
|     |     +- run exe replay-rx-io-library (program.zig) success 3ms
|     |     |  +- compile exe replay-rx-io-library ReleaseSafe native (+1 more reused dependencies)
|     |     |  +- run exe compile-rx-io (workflow.zxlib) cached
|     |     |     +- compile exe compile-rx-io ReleaseSafe native (+1 more reused dependencies)
|     |     +- options cached
|     |     +- run exe replay-rx-io-library (program.zig) (+2 more reused dependencies)
|     +- run test 2 pass (2 total) 3ms MaxRSS:1M
|     |  +- compile test ReleaseSafe native success 6s MaxRSS:330M
|     |     +- run exe replay-rx-io-library (program.zig) success 3ms
|     |     |  +- compile exe replay-rx-io-library ReleaseSafe native (+1 more reused dependencies)
|     |     |  +- run exe compile-rx-io (workflow.zxlib) cached
|     |     |     +- compile exe compile-rx-io ReleaseSafe native (+1 more reused dependencies)
|     |     +- options cached
|     |     +- run exe replay-rx-io-library (program.zig) (+2 more reused dependencies)
|     +- run test 3 pass (3 total) 2ms MaxRSS:1M
|     |  +- compile test ReleaseSafe native success 6s MaxRSS:331M
|     |     +- run exe replay-rx-io-library (program.zig) success 2ms
|     |     |  +- compile exe replay-rx-io-library ReleaseSafe native (+1 more reused dependencies)
|     |     |  +- run exe compile-rx-io (workflow.zxlib) cached
|     |     |     +- compile exe compile-rx-io ReleaseSafe native (+1 more reused dependencies)
|     |     +- options cached
|     |     +- run exe replay-rx-io-library (program.zig) (+2 more reused dependencies)
|     +- run test 2 pass (2 total) 3ms MaxRSS:1M
|     |  +- compile test ReleaseSafe native success 6s MaxRSS:337M
|     |     +- run exe replay-rx-io-library (program.zig) success 3ms
|     |     |  +- compile exe replay-rx-io-library ReleaseSafe native (+1 more reused dependencies)
|     |     |  +- run exe consume-rx-io-library (consumer.zxlib) success 3ms
|     |     |     +- compile exe consume-rx-io-library ReleaseSafe native (+1 more reused dependencies)
|     |     |     +- run exe compile-rx-io (workflow.zxlib) cached
|     |     |        +- compile exe compile-rx-io ReleaseSafe native (+1 more reused dependencies)
|     |     +- options cached
|     |     +- run exe replay-rx-io-library (program.zig) (+2 more reused dependencies)
|     +- run test 3 pass (3 total) 2ms MaxRSS:1M
|     |  +- compile test ReleaseSafe native success 6s MaxRSS:330M
|     |     +- run exe replay-rx-io-library (program.zig) success 3ms
|     |     |  +- compile exe replay-rx-io-library ReleaseSafe native (+1 more reused dependencies)
|     |     |  +- run exe consume-rx-io-library (consumer.zxlib) success 3ms
|     |     |     +- compile exe consume-rx-io-library ReleaseSafe native (+1 more reused dependencies)
|     |     |     +- run exe compile-rx-io (workflow.zxlib) success 4ms
|     |     |        +- compile exe compile-rx-io ReleaseSafe native (+1 more reused dependencies)
|     |     +- options cached
|     |     +- run exe replay-rx-io-library (program.zig) (+2 more reused dependencies)
|     +- run test 2 pass (2 total) 3ms MaxRSS:1M
|     |  +- compile test ReleaseSafe native success 6s MaxRSS:320M
|     |     +- run exe replay-rx-io-library (program.zig) success 3ms
|     |     |  +- compile exe replay-rx-io-library ReleaseSafe native (+1 more reused dependencies)
|     |     |  +- run exe consume-rx-io-library (consumer.zxlib) cached
|     |     |     +- compile exe consume-rx-io-library ReleaseSafe native (+1 more reused dependencies)
|     |     |     +- run exe compile-rx-io (workflow.zxlib) cached
|     |     |        +- compile exe compile-rx-io ReleaseSafe native (+1 more reused dependencies)
|     |     +- options cached
|     |     +- run exe replay-rx-io-library (program.zig) (+2 more reused dependencies)
|     +- run test 3 pass (3 total) 2ms MaxRSS:1M
|     |  +- compile test ReleaseSafe native success 6s MaxRSS:328M
|     |     +- run exe replay-rx-io-library (program.zig) success 3ms
|     |     |  +- compile exe replay-rx-io-library ReleaseSafe native (+1 more reused dependencies)
|     |     |  +- run exe consume-rx-io-library (consumer.zxlib) success 3ms
|     |     |     +- compile exe consume-rx-io-library ReleaseSafe native (+1 more reused dependencies)
|     |     |     +- run exe compile-rx-io (workflow.zxlib) success 5ms
|     |     |        +- compile exe compile-rx-io ReleaseSafe native (+1 more reused dependencies)
|     |     +- options cached
|     |     +- run exe replay-rx-io-library (program.zig) (+2 more reused dependencies)
|     +- run test 2 pass (2 total) 3ms MaxRSS:1M
|     |  +- compile test ReleaseSafe native success 6s MaxRSS:308M
|     |     +- run exe replay-rx-io-library (program.zig) success 3ms
|     |     |  +- compile exe replay-rx-io-library ReleaseSafe native (+1 more reused dependencies)
|     |     |  +- run exe consume-rx-io-library (consumer.zxlib) success 4ms
|     |     |     +- compile exe consume-rx-io-library ReleaseSafe native (+1 more reused dependencies)
|     |     |     +- run exe compile-rx-io (workflow.zxlib) cached
|     |     |        +- compile exe compile-rx-io ReleaseSafe native (+1 more reused dependencies)
|     |     +- options cached
|     |     +- run exe replay-rx-io-library (program.zig) (+2 more reused dependencies)
|     +- run test 3 pass (3 total) 2ms MaxRSS:1M
|     |  +- compile test ReleaseSafe native success 6s MaxRSS:381M
|     |     +- run exe replay-rx-io-library (program.zig) success 3ms
|     |     |  +- compile exe replay-rx-io-library ReleaseSafe native (+1 more reused dependencies)
|     |     |  +- run exe consume-rx-io-library (consumer.zxlib) success 3ms
|     |     |     +- compile exe consume-rx-io-library ReleaseSafe native (+1 more reused dependencies)
|     |     |     +- run exe compile-rx-io (workflow.zxlib) cached
|     |     |        +- compile exe compile-rx-io ReleaseSafe native (+1 more reused dependencies)
|     |     +- options cached
|     |     +- run exe replay-rx-io-library (program.zig) (+2 more reused dependencies)
|     +- run test 2 pass (2 total) 3ms MaxRSS:1M
|     |  +- compile test ReleaseSafe native success 6s MaxRSS:313M
|     |     +- run exe replay-rx-io-library (program.zig) success 3ms
|     |     |  +- compile exe replay-rx-io-library ReleaseSafe native (+1 more reused dependencies)
|     |     |  +- run exe consume-rx-io-library (consumer.zxlib) success 3ms
|     |     |     +- compile exe consume-rx-io-library ReleaseSafe native (+1 more reused dependencies)
|     |     |     +- run exe compile-rx-io (workflow.zxlib) cached
|     |     |        +- compile exe compile-rx-io ReleaseSafe native (+1 more reused dependencies)
|     |     +- options cached
|     |     +- run exe replay-rx-io-library (program.zig) (+2 more reused dependencies)
|     +- run test 3 pass (3 total) 2ms MaxRSS:1M
|     |  +- compile test ReleaseSafe native success 6s MaxRSS:279M
|     |     +- run exe replay-rx-io-library (program.zig) success 3ms
|     |     |  +- compile exe replay-rx-io-library ReleaseSafe native (+1 more reused dependencies)
|     |     |  +- run exe consume-rx-io-library (consumer.zxlib) success 3ms
|     |     |     +- compile exe consume-rx-io-library ReleaseSafe native (+1 more reused dependencies)
|     |     |     +- run exe compile-rx-io (workflow.zxlib) cached
|     |     |        +- compile exe compile-rx-io ReleaseSafe native (+1 more reused dependencies)
|     |     +- options cached
|     |     +- run exe replay-rx-io-library (program.zig) (+2 more reused dependencies)
|     +- run test 2 pass (2 total) 3ms MaxRSS:1M
|     |  +- compile test ReleaseSafe native success 6s MaxRSS:303M
|     |     +- run exe replay-rx-io-library (program.zig) success 3ms
|     |     |  +- compile exe replay-rx-io-library ReleaseSafe native (+1 more reused dependencies)
|     |     |  +- run exe consume-rx-io-library (republished.zxlib) success 4ms
|     |     |     +- compile exe consume-rx-io-library ReleaseSafe native (+1 more reused dependencies)
|     |     |     +- run exe consume-rx-io-library (consumer.zxlib) cached
|     |     |        +- compile exe consume-rx-io-library ReleaseSafe native (+1 more reused dependencies)
|     |     |        +- run exe compile-rx-io (workflow.zxlib) cached
|     |     |           +- compile exe compile-rx-io ReleaseSafe native (+1 more reused dependencies)
|     |     +- options cached
|     |     +- run exe replay-rx-io-library (program.zig) (+2 more reused dependencies)
|     +- run test 3 pass (3 total) 2ms MaxRSS:1M
|     |  +- compile test ReleaseSafe native success 6s MaxRSS:293M
|     |     +- run exe replay-rx-io-library (program.zig) success 3ms
|     |     |  +- compile exe replay-rx-io-library ReleaseSafe native (+1 more reused dependencies)
|     |     |  +- run exe consume-rx-io-library (republished.zxlib) success 4ms
|     |     |     +- compile exe consume-rx-io-library ReleaseSafe native (+1 more reused dependencies)
|     |     |     +- run exe consume-rx-io-library (consumer.zxlib) cached
|     |     |        +- compile exe consume-rx-io-library ReleaseSafe native (+1 more reused dependencies)
|     |     |        +- run exe compile-rx-io (workflow.zxlib) cached
|     |     |           +- compile exe compile-rx-io ReleaseSafe native (+1 more reused dependencies)
|     |     +- options cached
|     |     +- run exe replay-rx-io-library (program.zig) (+2 more reused dependencies)
|     +- run test 2 pass (2 total) 3ms MaxRSS:1M
|     |  +- compile test ReleaseSafe native success 6s MaxRSS:328M
|     |     +- run exe replay-rx-io-library (program.zig) success 3ms
|     |     |  +- compile exe replay-rx-io-library ReleaseSafe native (+1 more reused dependencies)
|     |     |  +- run exe consume-rx-io-library (republished.zxlib) success 4ms
|     |     |     +- compile exe consume-rx-io-library ReleaseSafe native (+1 more reused dependencies)
|     |     |     +- run exe consume-rx-io-library (consumer.zxlib) success 3ms
|     |     |        +- compile exe consume-rx-io-library ReleaseSafe native (+1 more reused dependencies)
|     |     |        +- run exe compile-rx-io (workflow.zxlib) cached
|     |     |           +- compile exe compile-rx-io ReleaseSafe native (+1 more reused dependencies)
|     |     +- options cached
|     |     +- run exe replay-rx-io-library (program.zig) (+2 more reused dependencies)
|     +- run test 3 pass (3 total) 2ms MaxRSS:1M
|        +- compile test ReleaseSafe native success 6s MaxRSS:319M
|           +- run exe replay-rx-io-library (program.zig) success 3ms
|           |  +- compile exe replay-rx-io-library ReleaseSafe native (+1 more reused dependencies)
|           |  +- run exe consume-rx-io-library (republished.zxlib) success 4ms
|           |     +- compile exe consume-rx-io-library ReleaseSafe native (+1 more reused dependencies)
|           |     +- run exe consume-rx-io-library (consumer.zxlib) cached
|           |        +- compile exe consume-rx-io-library ReleaseSafe native (+1 more reused dependencies)
|           |        +- run exe compile-rx-io (workflow.zxlib) cached
|           |           +- compile exe compile-rx-io ReleaseSafe native (+1 more reused dependencies)
|           +- options cached
|           +- run exe replay-rx-io-library (program.zig) (+2 more reused dependencies)
+- run test 5 pass (5 total) 3ms MaxRSS:1M
|  +- compile test ReleaseSafe native success 6s MaxRSS:393M
|     +- run exe compile-rx-module (program.zig) success 3ms
|     |  +- compile exe compile-rx-module ReleaseSafe native success 20s MaxRSS:674M
|     |     +- WriteFile interfaces/0.d.zx (reused)
|     +- run exe compile-rx-module (program.zig) (+1 more reused dependencies)
+- run test 3 pass (3 total) 2ms MaxRSS:1M
|  +- compile test ReleaseSafe native success 6s MaxRSS:383M
|     +- run exe compile-rx-module (program.zig) success 3ms
|     |  +- compile exe compile-rx-module ReleaseSafe native (+1 more reused dependencies)
|     +- run exe compile-rx-module (program.zig) (+1 more reused dependencies)
+- run test 2 pass (2 total) 2ms MaxRSS:1M
|  +- compile test ReleaseSafe native success 6s MaxRSS:384M
|     +- run exe compile-rx-module (program.zig) success 2ms
|     |  +- compile exe compile-rx-module ReleaseSafe native (+1 more reused dependencies)
|     +- run exe compile-rx-module (program.zig) (+1 more reused dependencies)
+- run test 3 pass (3 total) 2ms MaxRSS:1M
|  +- compile test ReleaseSafe native success 6s MaxRSS:397M
|     +- run exe compile-rx-module (program.zig) success 3ms
|     |  +- compile exe compile-rx-module ReleaseSafe native (+1 more reused dependencies)
|     +- run exe compile-rx-module (program.zig) (+1 more reused dependencies)
+- run test 3 pass (3 total) 2ms MaxRSS:1M
|  +- compile test ReleaseSafe native success 6s MaxRSS:387M
|     +- run exe compile-rx-module (program.zig) success 2ms
|     |  +- compile exe compile-rx-module ReleaseSafe native (+1 more reused dependencies)
|     +- run exe compile-rx-module (program.zig) (+1 more reused dependencies)
+- run test 6 pass (6 total) 2ms MaxRSS:1M
|  +- compile test ReleaseSafe native success 6s MaxRSS:387M
|     +- run exe compile-rx-module (program.zig) success 2ms
|     |  +- compile exe compile-rx-module ReleaseSafe native (+1 more reused dependencies)
|     +- run exe compile-rx-module (program.zig) (+1 more reused dependencies)
+- run test 5 pass (5 total) 3ms MaxRSS:1M
|  +- compile test ReleaseSafe native success 6s MaxRSS:392M
|     +- run exe compile-rx-module (program.zig) success 3ms
|     |  +- compile exe compile-rx-module ReleaseSafe native (+1 more reused dependencies)
|     +- run exe compile-rx-module (program.zig) (+1 more reused dependencies)
+- run test 4 pass (4 total) 2ms MaxRSS:1M
|  +- compile test ReleaseSafe native success 6s MaxRSS:401M
|     +- run exe compile-rx-module (program.zig) success 2ms
|     |  +- compile exe compile-rx-module ReleaseSafe native (+1 more reused dependencies)
|     +- run exe compile-rx-module (program.zig) (+1 more reused dependencies)
+- run test 3 pass (3 total) 2ms MaxRSS:1M
|  +- compile test ReleaseSafe native success 6s MaxRSS:390M
|     +- run exe compile-rx-module (program.zig) success 2ms
|     |  +- compile exe compile-rx-module ReleaseSafe native (+1 more reused dependencies)
|     +- run exe compile-rx-module (program.zig) (+1 more reused dependencies)
+- run test 6 pass (6 total) 3ms MaxRSS:1M
|  +- compile test ReleaseSafe native success 6s MaxRSS:396M
|     +- run exe compile-rx-module (program.zig) success 2ms
|     |  +- compile exe compile-rx-module ReleaseSafe native (+1 more reused dependencies)
|     +- run exe compile-rx-module (program.zig) (+1 more reused dependencies)
+- run test 7 pass (7 total) 3ms MaxRSS:1M
|  +- compile test ReleaseSafe native success 6s MaxRSS:368M
|     +- run exe compile-rx-module (program.zig) success 2ms
|     |  +- compile exe compile-rx-module ReleaseSafe native (+1 more reused dependencies)
|     +- run exe compile-rx-module (program.zig) (+1 more reused dependencies)
+- run test 4 pass (4 total) 2ms MaxRSS:1M
|  +- compile test ReleaseSafe native success 6s MaxRSS:314M
|     +- run exe compile-rx-project (program.zig) success 2ms
|     |  +- compile exe compile-rx-project ReleaseSafe native success 20s MaxRSS:705M
|     |     +- WriteFile interfaces/0.d.zx (reused)
|     +- run exe compile-rx-project (program.zig) (+1 more reused dependencies)
+- run test 4 pass (4 total) 2ms MaxRSS:1M
|  +- compile test ReleaseSafe native success 6s MaxRSS:320M
|     +- run exe compile-rx-project (program.zig) success 3ms
|     |  +- compile exe compile-rx-project ReleaseSafe native (+1 more reused dependencies)
|     +- run exe compile-rx-project (program.zig) (+1 more reused dependencies)
+- run test 5 pass (5 total) 2ms MaxRSS:1M
|  +- compile test ReleaseSafe native success 6s MaxRSS:314M
|     +- run exe compile-rx-project (program.zig) success 3ms
|     |  +- compile exe compile-rx-project ReleaseSafe native (+1 more reused dependencies)
|     +- run exe compile-rx-project (program.zig) (+1 more reused dependencies)
+- run test 5 pass (5 total) 2ms MaxRSS:1M
|  +- compile test ReleaseSafe native success 6s MaxRSS:318M
|     +- run exe compile-rx-project (program.zig) success 3ms
|     |  +- compile exe compile-rx-project ReleaseSafe native (+1 more reused dependencies)
|     +- run exe compile-rx-project (program.zig) (+1 more reused dependencies)
+- run test 5 pass (5 total) 3ms MaxRSS:1M
|  +- compile test ReleaseSafe native success 6s MaxRSS:381M
|     +- run exe compile-rx-project (program.zig) success 2ms
|     |  +- compile exe compile-rx-project ReleaseSafe native (+1 more reused dependencies)
|     +- run exe compile-rx-project (program.zig) (+1 more reused dependencies)
+- run test 5 pass (5 total) 2ms MaxRSS:1M
|  +- compile test ReleaseSafe native success 6s MaxRSS:329M
|     +- run exe compile-rx-project (program.zig) success 2ms
|     |  +- compile exe compile-rx-project ReleaseSafe native (+1 more reused dependencies)
|     +- run exe compile-rx-project (program.zig) (+1 more reused dependencies)
+- run test 5 pass (5 total) 3ms MaxRSS:1M
|  +- compile test ReleaseSafe native success 6s MaxRSS:400M
|     +- run exe compile-rx-project (program.zig) success 3ms
|     |  +- compile exe compile-rx-project ReleaseSafe native (+1 more reused dependencies)
|     +- run exe compile-rx-project (program.zig) (+1 more reused dependencies)
+- run test 6 pass (6 total) 2ms MaxRSS:1M
|  +- compile test ReleaseSafe native success 6s MaxRSS:316M
|     +- run exe compile-rx-project (program.zig) success 3ms
|     |  +- compile exe compile-rx-project ReleaseSafe native (+1 more reused dependencies)
|     +- run exe compile-rx-project (program.zig) (+1 more reused dependencies)
+- run test 6 pass (6 total) 2ms MaxRSS:1M
|  +- compile test ReleaseSafe native success 6s MaxRSS:318M
|     +- run exe compile-rx-project (program.zig) success 3ms
|     |  +- compile exe compile-rx-project ReleaseSafe native (+1 more reused dependencies)
|     +- run exe compile-rx-project (program.zig) (+1 more reused dependencies)
+- run test 6 pass (6 total) 3ms MaxRSS:1M
|  +- compile test ReleaseSafe native success 6s MaxRSS:299M
|     +- run exe compile-rx-project (program.zig) success 3ms
|     |  +- compile exe compile-rx-project ReleaseSafe native (+1 more reused dependencies)
|     +- run exe compile-rx-project (program.zig) (+1 more reused dependencies)
+- run test 5 pass (5 total) 3ms MaxRSS:1M
|  +- compile test ReleaseSafe native success 6s MaxRSS:369M
|     +- run exe compile-rx-project (program.zig) success 3ms
|     |  +- compile exe compile-rx-project ReleaseSafe native (+1 more reused dependencies)
|     +- run exe compile-rx-project (program.zig) (+1 more reused dependencies)
+- run test 10 pass (10 total) 2ms MaxRSS:1M
|  +- compile test ReleaseSafe native success 6s MaxRSS:330M
|     +- run exe compile-rx-project (program.zig) success 3ms
|     |  +- compile exe compile-rx-project ReleaseSafe native (+1 more reused dependencies)
|     +- run exe compile-rx-project (program.zig) (+1 more reused dependencies)
+- run test 5 pass (5 total) 2ms MaxRSS:1M
|  +- compile test ReleaseSafe native success 6s MaxRSS:386M
|     +- run exe compile-rx-module (program.zig) success 2ms
|     |  +- compile exe compile-rx-module ReleaseSafe native (+1 more reused dependencies)
|     +- run exe compile-rx-module (program.zig) (+1 more reused dependencies)
+- run test 8 pass (8 total) 2ms MaxRSS:1M
|  +- compile test ReleaseSafe native success 6s MaxRSS:367M
|     +- run exe compile-rx-module (program.zig) success 3ms
|     |  +- compile exe compile-rx-module ReleaseSafe native (+1 more reused dependencies)
|     +- run exe compile-rx-module (program.zig) (+1 more reused dependencies)
+- run test 16 pass (16 total) 3ms MaxRSS:1M
|  +- compile test ReleaseSafe native success 6s MaxRSS:315M
|     +- run exe compile-rx-store (program.zig) success 3ms
|     |  +- compile exe compile-rx-store ReleaseSafe native success 19s MaxRSS:647M
|     |     +- WriteFile interfaces/0.d.zx (reused)
|     +- run exe compile-rx-store (program.zig) (+1 more reused dependencies)
|     +- run exe compile-rx-store (program.zig) (+1 more reused dependencies)
+- run test 16 pass (16 total) 3ms MaxRSS:1M
   +- compile test ReleaseSafe native success 6s MaxRSS:308M
      +- run exe compile-rx-store (program.zig) success 3ms
      |  +- compile exe compile-rx-store ReleaseSafe native (+1 more reused dependencies)
      +- run exe compile-rx-store (program.zig) (+1 more reused dependencies)
      +- run exe compile-rx-store (program.zig) (+1 more reused dependencies)

error: the following build command failed with exit code 1:
packages/test/.zig-cache/o/596531c5035f5cb0a5f0e57a2675ba0e/build /Users/xiewendao/.local/share/zig/zig-x86_64-macos-0.16.0/zig /Users/xiewendao/.local/share/zig/zig-x86_64-macos-0.16.0/lib packages/test packages/test/.zig-cache /Users/xiewendao/.cache/zig --seed 0xef7c4fc6 -Z7ed9b8551aa13c79 test-rx-attribute-runtime test-rx-runtime -Doptimize=ReleaseSafe -j2 --summary all
