1/3 readonly_test.test.generated State rejects read only Object publication...OK
2/3 readonly_test.test.generated State multiple Object guard preserves read only and writable values...OK
3/3 readonly_test.test.generated State writable peer remains usable with a read only Object...OK
All 3 tests passed.
✔ generated Store memory consumer ./packages/test/tests/rx/runtime/store/memory/readonly_test.zig (Debug) (1470.508397ms)
ℹ tests 1
ℹ suites 0
ℹ pass 1
ℹ fail 0
ℹ cancelled 0
ℹ skipped 0
ℹ todo 0
ℹ duration_ms 1473.592568
1/5 state_test.test.generated State continues across top level calls and retains old borrows...OK
2/5 state_test.test.generated State isolates two live application instances...OK
3/5 state_test.test.generated State rejects multiple Object publication before any write...OK
4/5 state_test.test.generated State accepts an empty pending update without replacing values...OK
5/5 state_test.test.generated State initialization and repeated calls release failed allocations...OK
All 5 tests passed.
✔ generated Store memory consumer ./packages/test/tests/rx/runtime/store/memory/state_test.zig (Debug) (1515.98858ms)
ℹ tests 1
ℹ suites 0
ℹ pass 1
ℹ fail 0
ℹ cancelled 0
ℹ skipped 0
ℹ todo 0
ℹ duration_ms 1518.949743
1/4 failure_test.test.generated State first failing setter discards pending data and remains usable...OK
2/4 failure_test.test.generated State later failing setter preserves earlier publication...OK
3/4 failure_test.test.generated State first failure and recovery allocation failures...OK
4/4 failure_test.test.generated State later failure and recovery allocation failures...OK
All 4 tests passed.
✔ generated Store memory consumer ./packages/test/tests/rx/runtime/store/memory/failure_test.zig (Debug) (1516.826556ms)
ℹ tests 1
ℹ suites 0
ℹ pass 1
ℹ fail 0
ℹ cancelled 0
ℹ skipped 0
ℹ todo 0
ℹ duration_ms 1519.827132
1/4 request_readonly_test.test.generated readonly Request executes using its own arena...OK
2/4 request_readonly_test.test.generated readonly Request cleans every allocation failure...OK
3/4 request_readonly_test.test.generated readonly Request releases output storage after each request...OK
4/4 request_readonly_test.test.generated readonly Request rejects publication and releases candidates...OK
All 4 tests passed.
✔ generated Store memory consumer ./packages/test/tests/rx/runtime/store/memory/request_readonly_test.zig (Debug) (1528.122974ms)
ℹ tests 1
ℹ suites 0
ℹ pass 1
ℹ fail 0
ℹ cancelled 0
ℹ skipped 0
ℹ todo 0
ℹ duration_ms 1531.116851
1/8 request_test.test.generated Request retains published values and outputs after request destruction...OK
2/8 request_test.test.generated Request continuity releases all failed allocations...OK
3/8 request_test.test.generated Request empty commit releases its independent arena...OK
4/8 request_test.test.generated Request rejected multi Object commit releases candidate storage...OK
5/8 request_test.test.generated State destruction releases committed request arenas...OK
6/8 request_test.test.generated Request isolates two live State instances...OK
7/8 request_test.test.generated overlapping Request lifetimes observe current committed slots...OK
8/8 request_test.test.generated Request finite write sequence retains earliest snapshot...OK
All 8 tests passed.
✔ generated Store memory consumer ./packages/test/tests/rx/runtime/store/memory/request_test.zig (Debug) (1550.65645ms)
ℹ tests 1
ℹ suites 0
ℹ pass 1
ℹ fail 0
ℹ cancelled 0
ℹ skipped 0
ℹ todo 0
ℹ duration_ms 1553.688962
1/1 request_registration_test.test.generated Request fails Region registration before publishing either Object...OK
All 1 tests passed.
✔ generated Store memory consumer ./packages/test/tests/rx/runtime/store/memory/request_registration_test.zig (Debug) (1468.675805ms)
ℹ tests 1
ℹ suites 0
ℹ pass 1
ℹ fail 0
ℹ cancelled 0
ℹ skipped 0
ℹ todo 0
ℹ duration_ms 1471.700488
1/6 request_failure_test.test.generated Request first failing setter discards pending data and remains usable...OK
2/6 request_failure_test.test.generated Request later failing setter preserves earlier publication...OK
3/6 request_failure_test.test.generated Request first failure and recovery allocation failures...OK
4/6 request_failure_test.test.generated Request later failure and recovery allocation failures...OK
5/6 request_failure_test.test.generated Request failure before publication releases all temporary memory...OK
6/6 request_failure_test.test.generated Request failure after publication retains committed data until State destruction...OK
All 6 tests passed.
✔ generated Store memory consumer ./packages/test/tests/rx/runtime/store/memory/request_failure_test.zig (Debug) (1562.610222ms)
ℹ tests 1
ℹ suites 0
ℹ pass 1
ℹ fail 0
ℹ cancelled 0
ℹ skipped 0
ℹ todo 0
ℹ duration_ms 1565.545825
1/6 continuity_test.test.Store IO State initializes without a host IO argument...OK
2/6 continuity_test.test.Store IO Request retains file strings and outputs after request destruction...OK
3/6 continuity_test.test.Store IO Request continuity cleans every failed allocation...OK
4/6 continuity_test.test.Store IO State releases all retained file buffers on destruction...OK
5/6 continuity_test.test.Store IO Request finite write sequence retains the first published file...OK
6/6 continuity_test.test.Store IO Request does not publish into another live State...OK
All 6 tests passed.
✔ generated Store memory consumer ./packages/test/tests/rx/runtime/store/io/continuity_test.zig (Debug) (1576.666033ms)
ℹ tests 1
ℹ suites 0
ℹ pass 1
ℹ fail 0
ℹ cancelled 0
ℹ skipped 0
ℹ todo 0
ℹ duration_ms 1579.747436
1/7 failure_test.test.Store IO missing first file prevents publication and permits recovery...OK
2/7 failure_test.test.Store IO first read limit failure prevents publication...OK
3/7 failure_test.test.Store IO first invalid UTF8 prevents publication...OK
4/7 failure_test.test.Store IO missing later file retains the earlier publication...OK
5/7 failure_test.test.Store IO later read limit failure retains the earlier publication...OK
6/7 failure_test.test.Store IO later invalid UTF8 retains the earlier publication...OK
7/7 failure_test.test.Store Request execute forwards its explicit host IO and preserves state on rejection...OK
All 7 tests passed.
✔ generated Store memory consumer ./packages/test/tests/rx/runtime/store/io/failure_test.zig (Debug) (1540.051015ms)
ℹ tests 1
ℹ suites 0
ℹ pass 1
ℹ fail 0
ℹ cancelled 0
ℹ skipped 0
ℹ todo 0
ℹ duration_ms 1543.086612
1/4 allocation_test.test.Store IO failure before commit and recovery clean every allocation failure...OK
2/4 allocation_test.test.Store IO failure after commit and recovery clean every allocation failure...OK
3/4 allocation_test.test.Store IO uncommitted error releases its entire request arena...OK
4/4 allocation_test.test.Store IO committed error retains bytes until State and parent arena destruction...OK
All 4 tests passed.
✔ generated Store memory consumer ./packages/test/tests/rx/runtime/store/io/allocation_test.zig (Debug) (1624.539987ms)
ℹ tests 1
ℹ suites 0
ℹ pass 1
ℹ fail 0
ℹ cancelled 0
ℹ skipped 0
ℹ todo 0
ℹ duration_ms 1627.643403
1/5 readonly_test.test.readonly Store IO Request combines file bytes and unchanged Store snapshot...OK
2/5 readonly_test.test.readonly Store IO Request releases every failed allocation...OK
3/5 readonly_test.test.readonly Store IO repeated requests release all file buffers after each request...OK
4/5 readonly_test.test.readonly Store IO failed request releases temporary memory without state change...OK
5/5 readonly_test.test.readonly Store Request forwards the supplied host IO without granting publication...OK
All 5 tests passed.
✔ generated Store memory consumer ./packages/test/tests/rx/runtime/store/io/readonly_test.zig (Debug) (1605.63285ms)
ℹ tests 1
ℹ suites 0
ℹ pass 1
ℹ fail 0
ℹ cancelled 0
ℹ skipped 0
ℹ todo 0
ℹ duration_ms 1608.707233
1/6 continuity_test.test.Store IO State initializes without a host IO argument...OK
2/6 continuity_test.test.Store IO Request retains file strings and outputs after request destruction...OK
3/6 continuity_test.test.Store IO Request continuity cleans every failed allocation...OK
4/6 continuity_test.test.Store IO State releases all retained file buffers on destruction...OK
5/6 continuity_test.test.Store IO Request finite write sequence retains the first published file...OK
6/6 continuity_test.test.Store IO Request does not publish into another live State...OK
All 6 tests passed.
✔ generated Store memory consumer ./packages/test/tests/rx/runtime/store/io/continuity_test.zig (Debug) (1567.3066ms)
ℹ tests 1
ℹ suites 0
ℹ pass 1
ℹ fail 0
ℹ cancelled 0
ℹ skipped 0
ℹ todo 0
ℹ duration_ms 1570.268546
1/7 failure_test.test.Store IO missing first file prevents publication and permits recovery...OK
2/7 failure_test.test.Store IO first read limit failure prevents publication...OK
3/7 failure_test.test.Store IO first invalid UTF8 prevents publication...OK
4/7 failure_test.test.Store IO missing later file retains the earlier publication...OK
5/7 failure_test.test.Store IO later read limit failure retains the earlier publication...OK
6/7 failure_test.test.Store IO later invalid UTF8 retains the earlier publication...OK
7/7 failure_test.test.Store Request execute forwards its explicit host IO and preserves state on rejection...OK
All 7 tests passed.
✔ generated Store memory consumer ./packages/test/tests/rx/runtime/store/io/failure_test.zig (Debug) (1548.293735ms)
ℹ tests 1
ℹ suites 0
ℹ pass 1
ℹ fail 0
ℹ cancelled 0
ℹ skipped 0
ℹ todo 0
ℹ duration_ms 1551.26763
1/4 allocation_test.test.Store IO failure before commit and recovery clean every allocation failure...OK
2/4 allocation_test.test.Store IO failure after commit and recovery clean every allocation failure...OK
3/4 allocation_test.test.Store IO uncommitted error releases its entire request arena...OK
4/4 allocation_test.test.Store IO committed error retains bytes until State and parent arena destruction...OK
All 4 tests passed.
✔ generated Store memory consumer ./packages/test/tests/rx/runtime/store/io/allocation_test.zig (Debug) (1582.191909ms)
ℹ tests 1
ℹ suites 0
ℹ pass 1
ℹ fail 0
ℹ cancelled 0
ℹ skipped 0
ℹ todo 0
ℹ duration_ms 1585.296989
Build Summary: 933/933 steps succeeded; 875/875 tests passed
test-rx-runtime success
+- test-rx-store-runtime success
|  +- run test 19 pass (19 total) 4ms MaxRSS:1M
|  |  +- compile test Debug native success 1s MaxRSS:257M
|  |     +- run exe compile-rx-dual-store (program.zig) success 8ms
|  |     |  +- compile exe compile-rx-dual-store Debug native success 3s MaxRSS:536M
|  |     |     +- WriteFile interfaces/0.d.zx cached
|  |     +- run exe compile-rx-dual-store (program.zig) (+1 more reused dependencies)
|  |     +- run exe compile-rx-dual-store (program.zig) (+1 more reused dependencies)
|  |     +- run exe compile-rx-dual-store (program.zig) (+1 more reused dependencies)
|  +- run test 8 pass (8 total) 3ms MaxRSS:1M
|  |  +- compile test Debug native success 1s MaxRSS:254M
|  |     +- run exe compile-rx-dual-store (program.zig) success 9ms
|  |     |  +- compile exe compile-rx-dual-store Debug native (+1 more reused dependencies)
|  |     +- run exe compile-rx-dual-store (program.zig) (+1 more reused dependencies)
|  |     +- run exe compile-rx-dual-store (program.zig) (+1 more reused dependencies)
|  |     +- run exe compile-rx-dual-store (program.zig) (+1 more reused dependencies)
|  +- run test 6 pass (6 total) 3ms MaxRSS:1M
|  |  +- compile test Debug native success 1s MaxRSS:324M
|  |     +- run exe compile-rx-dual-store (program.zig) success 7ms
|  |     |  +- compile exe compile-rx-dual-store Debug native (+1 more reused dependencies)
|  |     +- run exe compile-rx-dual-store (program.zig) (+1 more reused dependencies)
|  |     +- run exe compile-rx-dual-store (program.zig) (+1 more reused dependencies)
|  |     +- run exe compile-rx-dual-store (program.zig) (+1 more reused dependencies)
|  +- run test 6 pass (6 total) 3ms MaxRSS:1M
|  |  +- compile test Debug native success 1s MaxRSS:257M
|  |     +- run exe compile-rx-dual-store (program.zig) success 6ms
|  |     |  +- compile exe compile-rx-dual-store Debug native (+1 more reused dependencies)
|  |     +- run exe compile-rx-dual-store (program.zig) (+1 more reused dependencies)
|  |     +- run exe compile-rx-dual-store (program.zig) (+1 more reused dependencies)
|  |     +- run exe compile-rx-dual-store (program.zig) (+1 more reused dependencies)
|  +- test-rx-memory-state success
|  |  +- run node success 1s
|  |  |  +- run exe compile-rx-dual-store (generated) success 9ms
|  |  |     +- compile exe compile-rx-dual-store Debug native (+1 more reused dependencies)
|  |  +- run node success 1s
|  |  |  +- run exe compile-rx-dual-store (generated) success 9ms
|  |  |     +- compile exe compile-rx-dual-store Debug native (+1 more reused dependencies)
|  |  +- run node success 1s
|  |  |  +- run exe compile-rx-dual-store (generated) success 7ms
|  |  |     +- compile exe compile-rx-dual-store Debug native (+1 more reused dependencies)
|  |  +- run node success 1s
|  |  |  +- run exe compile-rx-dual-store (generated) cached
|  |  |     +- compile exe compile-rx-dual-store Debug native (+1 more reused dependencies)
|  |  +- run node success 1s
|  |  |  +- run exe compile-rx-dual-store (generated) cached
|  |  |     +- compile exe compile-rx-dual-store Debug native (+1 more reused dependencies)
|  |  +- run node success 1s
|  |  |  +- run exe compile-rx-dual-store (generated) cached
|  |  |     +- compile exe compile-rx-dual-store Debug native (+1 more reused dependencies)
|  |  +- run node success 1s
|  |     +- run exe compile-rx-dual-store (generated) success 7ms
|  |        +- compile exe compile-rx-dual-store Debug native (+1 more reused dependencies)
|  +- test-rx-store-io success
|     +- run node success 1s
|     |  +- run exe compile-rx-store-io (generated) success 9ms
|     |     +- compile exe compile-rx-store-io Debug native success 3s MaxRSS:527M
|     |        +- WriteFile interfaces/0.d.zx (reused)
|     +- run node success 1s
|     |  +- run exe compile-rx-store-io (generated) (+1 more reused dependencies)
|     +- run node success 1s
|     |  +- run exe compile-rx-store-io (generated) (+1 more reused dependencies)
|     +- run node success 1s
|     |  +- run exe compile-rx-store-io (generated) success 8ms
|     |     +- compile exe compile-rx-store-io Debug native (+1 more reused dependencies)
|     +- run node success 1s
|     |  +- run exe compile-rx-store-io (generated) (+1 more reused dependencies)
|     +- run node success 1s
|     |  +- run exe compile-rx-store-io (generated) (+1 more reused dependencies)
|     +- run node success 1s
|        +- run exe compile-rx-store-io (generated) success 8ms
|           +- compile exe compile-rx-store-io Debug native (+1 more reused dependencies)
+- test-rx-io success
|  +- test-rx-io-runtime success
|  |  +- run test 13 pass (13 total) 11ms MaxRSS:1M
|  |  |  +- compile test Debug native success 1s MaxRSS:262M
|  |  |     +- run exe compile-rx-io (program.zig) success 14ms
|  |  |     |  +- compile exe compile-rx-io Debug native success 3s MaxRSS:553M
|  |  |     |     +- WriteFile interfaces/0.d.zx (reused)
|  |  |     +- options cached
|  |  |     +- run exe compile-rx-io (program.zig) (+1 more reused dependencies)
|  |  +- run test 13 pass (13 total) 11ms MaxRSS:1M
|  |  |  +- compile test Debug native success 1s MaxRSS:281M
|  |  |     +- run exe compile-rx-io (program.zig) success 10ms
|  |  |     |  +- compile exe compile-rx-io Debug native (+1 more reused dependencies)
|  |  |     +- options cached
|  |  |     +- run exe compile-rx-io (program.zig) (+1 more reused dependencies)
|  |  +- run test 13 pass (13 total) 11ms MaxRSS:1M
|  |  |  +- compile test Debug native success 1s MaxRSS:268M
|  |  |     +- run exe compile-rx-io (program.zig) success 10ms
|  |  |     |  +- compile exe compile-rx-io Debug native (+1 more reused dependencies)
|  |  |     +- options cached
|  |  |     +- run exe compile-rx-io (program.zig) (+1 more reused dependencies)
|  |  +- run test 4 pass (4 total) 5ms MaxRSS:1M
|  |  |  +- compile test Debug native success 1s MaxRSS:267M
|  |  |     +- run exe compile-rx-io (program.zig) success 10ms
|  |  |     |  +- compile exe compile-rx-io Debug native (+1 more reused dependencies)
|  |  |     +- options cached
|  |  |     +- run exe compile-rx-io (program.zig) (+1 more reused dependencies)
|  |  +- run test 3 pass (3 total) 4ms MaxRSS:1M
|  |  |  +- compile test Debug native success 1s MaxRSS:265M
|  |  |     +- run exe compile-rx-io (program.zig) success 10ms
|  |  |     |  +- compile exe compile-rx-io Debug native (+1 more reused dependencies)
|  |  |     +- options cached
|  |  |     +- run exe compile-rx-io (program.zig) (+1 more reused dependencies)
|  |  +- run test 3 pass (3 total) 5ms MaxRSS:1M
|  |  |  +- compile test Debug native success 1s MaxRSS:275M
|  |  |     +- run exe compile-rx-io (program.zig) success 11ms
|  |  |     |  +- compile exe compile-rx-io Debug native (+1 more reused dependencies)
|  |  |     +- options cached
|  |  |     +- run exe compile-rx-io (program.zig) (+1 more reused dependencies)
|  |  +- run test 3 pass (3 total) 6ms MaxRSS:1M
|  |  |  +- compile test Debug native success 1s MaxRSS:264M
|  |  |     +- run exe compile-rx-io (program.zig) success 8ms
|  |  |     |  +- compile exe compile-rx-io Debug native (+1 more reused dependencies)
|  |  |     +- options cached
|  |  |     +- run exe compile-rx-io (program.zig) (+1 more reused dependencies)
|  |  +- run test 2 pass (2 total) 4ms MaxRSS:1M
|  |     +- compile test Debug native success 1s MaxRSS:262M
|  |        +- run exe compile-rx-io (program.zig) success 9ms
|  |        |  +- compile exe compile-rx-io Debug native (+1 more reused dependencies)
|  |        +- options cached
|  |        +- run exe compile-rx-io (program.zig) (+1 more reused dependencies)
|  +- test-rx-io-library success
|     +- run test 13 pass (13 total) 12ms MaxRSS:1M
|     |  +- compile test Debug native success 1s MaxRSS:279M
|     |     +- run exe replay-rx-io-library (program.zig) success 13ms
|     |     |  +- compile exe replay-rx-io-library Debug native success 2s MaxRSS:402M
|     |     |  |  +- WriteFile interfaces/0.d.zx (reused)
|     |     |  +- run exe compile-rx-io (workflow.zxlib) cached
|     |     |     +- compile exe compile-rx-io Debug native (+1 more reused dependencies)
|     |     +- options cached
|     |     +- run exe replay-rx-io-library (program.zig) (+2 more reused dependencies)
|     +- run test 3 pass (3 total) 3ms MaxRSS:1M
|     |  +- compile test Debug native success 1s MaxRSS:253M
|     |     +- run exe replay-rx-io-library (program.zig) success 13ms
|     |     |  +- compile exe replay-rx-io-library Debug native (+1 more reused dependencies)
|     |     |  +- run exe compile-rx-io (workflow.zxlib) cached
|     |     |     +- compile exe compile-rx-io Debug native (+1 more reused dependencies)
|     |     +- options cached
|     |     +- run exe replay-rx-io-library (program.zig) (+2 more reused dependencies)
|     +- run test 13 pass (13 total) 11ms MaxRSS:1M
|     |  +- compile test Debug native success 1s MaxRSS:277M
|     |     +- run exe replay-rx-io-library (program.zig) success 15ms
|     |     |  +- compile exe replay-rx-io-library Debug native (+1 more reused dependencies)
|     |     |  +- run exe compile-rx-io (workflow.zxlib) success 17ms
|     |     |     +- compile exe compile-rx-io Debug native (+1 more reused dependencies)
|     |     +- options cached
|     |     +- run exe replay-rx-io-library (program.zig) (+2 more reused dependencies)
|     +- run test 3 pass (3 total) 3ms MaxRSS:1M
|     |  +- compile test Debug native success 1s MaxRSS:251M
|     |     +- run exe replay-rx-io-library (program.zig) success 13ms
|     |     |  +- compile exe replay-rx-io-library Debug native (+1 more reused dependencies)
|     |     |  +- run exe compile-rx-io (workflow.zxlib) cached
|     |     |     +- compile exe compile-rx-io Debug native (+1 more reused dependencies)
|     |     +- options cached
|     |     +- run exe replay-rx-io-library (program.zig) (+2 more reused dependencies)
|     +- run test 13 pass (13 total) 15ms MaxRSS:1M
|     |  +- compile test Debug native success 1s MaxRSS:277M
|     |     +- run exe replay-rx-io-library (program.zig) success 13ms
|     |     |  +- compile exe replay-rx-io-library Debug native (+1 more reused dependencies)
|     |     |  +- run exe consume-rx-io-library (consumer.zxlib) cached
|     |     |     +- compile exe consume-rx-io-library Debug native success 3s MaxRSS:534M
|     |     |     |  +- WriteFile interfaces/0.d.zx (reused)
|     |     |     +- run exe compile-rx-io (workflow.zxlib) cached
|     |     |        +- compile exe compile-rx-io Debug native (+1 more reused dependencies)
|     |     +- options cached
|     |     +- run exe replay-rx-io-library (program.zig) (+2 more reused dependencies)
|     +- run test 3 pass (3 total) 3ms MaxRSS:1M
|     |  +- compile test Debug native success 1s MaxRSS:314M
|     |     +- run exe replay-rx-io-library (program.zig) success 13ms
|     |     |  +- compile exe replay-rx-io-library Debug native (+1 more reused dependencies)
|     |     |  +- run exe consume-rx-io-library (consumer.zxlib) cached
|     |     |     +- compile exe consume-rx-io-library Debug native (+1 more reused dependencies)
|     |     |     +- run exe compile-rx-io (workflow.zxlib) cached
|     |     |        +- compile exe compile-rx-io Debug native (+1 more reused dependencies)
|     |     +- options cached
|     |     +- run exe replay-rx-io-library (program.zig) (+2 more reused dependencies)
|     +- run test 13 pass (13 total) 11ms MaxRSS:1M
|     |  +- compile test Debug native success 1s MaxRSS:269M
|     |     +- run exe replay-rx-io-library (program.zig) success 14ms
|     |     |  +- compile exe replay-rx-io-library Debug native (+1 more reused dependencies)
|     |     |  +- run exe consume-rx-io-library (consumer.zxlib) success 19ms
|     |     |     +- compile exe consume-rx-io-library Debug native (+1 more reused dependencies)
|     |     |     +- run exe compile-rx-io (workflow.zxlib) cached
|     |     |        +- compile exe compile-rx-io Debug native (+1 more reused dependencies)
|     |     +- options cached
|     |     +- run exe replay-rx-io-library (program.zig) (+2 more reused dependencies)
|     +- run test 3 pass (3 total) 3ms MaxRSS:1M
|     |  +- compile test Debug native success 1s MaxRSS:319M
|     |     +- run exe replay-rx-io-library (program.zig) success 13ms
|     |     |  +- compile exe replay-rx-io-library Debug native (+1 more reused dependencies)
|     |     |  +- run exe consume-rx-io-library (consumer.zxlib) success 19ms
|     |     |     +- compile exe consume-rx-io-library Debug native (+1 more reused dependencies)
|     |     |     +- run exe compile-rx-io (workflow.zxlib) cached
|     |     |        +- compile exe compile-rx-io Debug native (+1 more reused dependencies)
|     |     +- options cached
|     |     +- run exe replay-rx-io-library (program.zig) (+2 more reused dependencies)
|     +- run test 13 pass (13 total) 11ms MaxRSS:1M
|     |  +- compile test Debug native success 1s MaxRSS:280M
|     |     +- run exe replay-rx-io-library (program.zig) success 13ms
|     |     |  +- compile exe replay-rx-io-library Debug native (+1 more reused dependencies)
|     |     |  +- run exe consume-rx-io-library (consumer.zxlib) success 17ms
|     |     |     +- compile exe consume-rx-io-library Debug native (+1 more reused dependencies)
|     |     |     +- run exe compile-rx-io (workflow.zxlib) cached
|     |     |        +- compile exe compile-rx-io Debug native (+1 more reused dependencies)
|     |     +- options cached
|     |     +- run exe replay-rx-io-library (program.zig) (+2 more reused dependencies)
|     +- run test 3 pass (3 total) 3ms MaxRSS:1M
|     |  +- compile test Debug native success 1s MaxRSS:249M
|     |     +- run exe replay-rx-io-library (program.zig) success 13ms
|     |     |  +- compile exe replay-rx-io-library Debug native (+1 more reused dependencies)
|     |     |  +- run exe consume-rx-io-library (consumer.zxlib) success 17ms
|     |     |     +- compile exe consume-rx-io-library Debug native (+1 more reused dependencies)
|     |     |     +- run exe compile-rx-io (workflow.zxlib) cached
|     |     |        +- compile exe compile-rx-io Debug native (+1 more reused dependencies)
|     |     +- options cached
|     |     +- run exe replay-rx-io-library (program.zig) (+2 more reused dependencies)
|     +- run test 13 pass (13 total) 11ms MaxRSS:1M
|     |  +- compile test Debug native success 1s MaxRSS:258M
|     |     +- run exe replay-rx-io-library (program.zig) success 14ms
|     |     |  +- compile exe replay-rx-io-library Debug native (+1 more reused dependencies)
|     |     |  +- run exe consume-rx-io-library (consumer.zxlib) success 17ms
|     |     |     +- compile exe consume-rx-io-library Debug native (+1 more reused dependencies)
|     |     |     +- run exe compile-rx-io (workflow.zxlib) cached
|     |     |        +- compile exe compile-rx-io Debug native (+1 more reused dependencies)
|     |     +- options cached
|     |     +- run exe replay-rx-io-library (program.zig) (+2 more reused dependencies)
|     +- run test 3 pass (3 total) 3ms MaxRSS:1M
|     |  +- compile test Debug native success 1s MaxRSS:253M
|     |     +- run exe replay-rx-io-library (program.zig) success 13ms
|     |     |  +- compile exe replay-rx-io-library Debug native (+1 more reused dependencies)
|     |     |  +- run exe consume-rx-io-library (consumer.zxlib) success 17ms
|     |     |     +- compile exe consume-rx-io-library Debug native (+1 more reused dependencies)
|     |     |     +- run exe compile-rx-io (workflow.zxlib) cached
|     |     |        +- compile exe compile-rx-io Debug native (+1 more reused dependencies)
|     |     +- options cached
|     |     +- run exe replay-rx-io-library (program.zig) (+2 more reused dependencies)
|     +- run test 13 pass (13 total) 11ms MaxRSS:1M
|     |  +- compile test Debug native success 1s MaxRSS:271M
|     |     +- run exe replay-rx-io-library (program.zig) success 15ms
|     |     |  +- compile exe replay-rx-io-library Debug native (+1 more reused dependencies)
|     |     |  +- run exe consume-rx-io-library (republished.zxlib) success 20ms
|     |     |     +- compile exe consume-rx-io-library Debug native (+1 more reused dependencies)
|     |     |     +- run exe consume-rx-io-library (consumer.zxlib) success 19ms
|     |     |        +- compile exe consume-rx-io-library Debug native (+1 more reused dependencies)
|     |     |        +- run exe compile-rx-io (workflow.zxlib) cached
|     |     |           +- compile exe compile-rx-io Debug native (+1 more reused dependencies)
|     |     +- options cached
|     |     +- run exe replay-rx-io-library (program.zig) (+2 more reused dependencies)
|     +- run test 3 pass (3 total) 2ms MaxRSS:1M
|     |  +- compile test Debug native success 1s MaxRSS:243M
|     |     +- run exe replay-rx-io-library (program.zig) success 15ms
|     |     |  +- compile exe replay-rx-io-library Debug native (+1 more reused dependencies)
|     |     |  +- run exe consume-rx-io-library (republished.zxlib) success 17ms
|     |     |     +- compile exe consume-rx-io-library Debug native (+1 more reused dependencies)
|     |     |     +- run exe consume-rx-io-library (consumer.zxlib) success 19ms
|     |     |        +- compile exe consume-rx-io-library Debug native (+1 more reused dependencies)
|     |     |        +- run exe compile-rx-io (workflow.zxlib) success 17ms
|     |     |           +- compile exe compile-rx-io Debug native (+1 more reused dependencies)
|     |     +- options cached
|     |     +- run exe replay-rx-io-library (program.zig) (+2 more reused dependencies)
|     +- run test 13 pass (13 total) 11ms MaxRSS:1M
|     |  +- compile test Debug native success 1s MaxRSS:273M
|     |     +- run exe replay-rx-io-library (program.zig) success 13ms
|     |     |  +- compile exe replay-rx-io-library Debug native (+1 more reused dependencies)
|     |     |  +- run exe consume-rx-io-library (republished.zxlib) success 17ms
|     |     |     +- compile exe consume-rx-io-library Debug native (+1 more reused dependencies)
|     |     |     +- run exe consume-rx-io-library (consumer.zxlib) cached
|     |     |        +- compile exe consume-rx-io-library Debug native (+1 more reused dependencies)
|     |     |        +- run exe compile-rx-io (workflow.zxlib) cached
|     |     |           +- compile exe compile-rx-io Debug native (+1 more reused dependencies)
|     |     +- options cached
|     |     +- run exe replay-rx-io-library (program.zig) (+2 more reused dependencies)
|     +- run test 3 pass (3 total) 3ms MaxRSS:1M
|     |  +- compile test Debug native success 1s MaxRSS:254M
|     |     +- run exe replay-rx-io-library (program.zig) success 15ms
|     |     |  +- compile exe replay-rx-io-library Debug native (+1 more reused dependencies)
|     |     |  +- run exe consume-rx-io-library (republished.zxlib) success 17ms
|     |     |     +- compile exe consume-rx-io-library Debug native (+1 more reused dependencies)
|     |     |     +- run exe consume-rx-io-library (consumer.zxlib) cached
|     |     |        +- compile exe consume-rx-io-library Debug native (+1 more reused dependencies)
|     |     |        +- run exe compile-rx-io (workflow.zxlib) cached
|     |     |           +- compile exe compile-rx-io Debug native (+1 more reused dependencies)
|     |     +- options cached
|     |     +- run exe replay-rx-io-library (program.zig) (+2 more reused dependencies)
|     +- run test 13 pass (13 total) 11ms MaxRSS:1M
|     |  +- compile test Debug native success 1s MaxRSS:269M
|     |     +- run exe replay-rx-io-library (program.zig) success 15ms
|     |     |  +- compile exe replay-rx-io-library Debug native (+1 more reused dependencies)
|     |     |  +- run exe compile-rx-io (workflow.zxlib) cached
|     |     |     +- compile exe compile-rx-io Debug native (+1 more reused dependencies)
|     |     +- options cached
|     |     +- run exe replay-rx-io-library (program.zig) (+2 more reused dependencies)
|     +- run test 3 pass (3 total) 2ms MaxRSS:1M
|     |  +- compile test Debug native success 1s MaxRSS:245M
|     |     +- run exe replay-rx-io-library (program.zig) success 14ms
|     |     |  +- compile exe replay-rx-io-library Debug native (+1 more reused dependencies)
|     |     |  +- run exe compile-rx-io (workflow.zxlib) cached
|     |     |     +- compile exe compile-rx-io Debug native (+1 more reused dependencies)
|     |     +- options cached
|     |     +- run exe replay-rx-io-library (program.zig) (+2 more reused dependencies)
|     +- run test 13 pass (13 total) 11ms MaxRSS:1M
|     |  +- compile test Debug native success 1s MaxRSS:276M
|     |     +- run exe replay-rx-io-library (program.zig) success 14ms
|     |     |  +- compile exe replay-rx-io-library Debug native (+1 more reused dependencies)
|     |     |  +- run exe compile-rx-io (workflow.zxlib) cached
|     |     |     +- compile exe compile-rx-io Debug native (+1 more reused dependencies)
|     |     +- options cached
|     |     +- run exe replay-rx-io-library (program.zig) (+2 more reused dependencies)
|     +- run test 3 pass (3 total) 3ms MaxRSS:1M
|     |  +- compile test Debug native success 1s MaxRSS:248M
|     |     +- run exe replay-rx-io-library (program.zig) success 13ms
|     |     |  +- compile exe replay-rx-io-library Debug native (+1 more reused dependencies)
|     |     |  +- run exe compile-rx-io (workflow.zxlib) cached
|     |     |     +- compile exe compile-rx-io Debug native (+1 more reused dependencies)
|     |     +- options cached
|     |     +- run exe replay-rx-io-library (program.zig) (+2 more reused dependencies)
|     +- run test 13 pass (13 total) 11ms MaxRSS:1M
|     |  +- compile test Debug native success 1s MaxRSS:259M
|     |     +- run exe replay-rx-io-library (program.zig) success 14ms
|     |     |  +- compile exe replay-rx-io-library Debug native (+1 more reused dependencies)
|     |     |  +- run exe consume-rx-io-library (consumer.zxlib) success 18ms
|     |     |     +- compile exe consume-rx-io-library Debug native (+1 more reused dependencies)
|     |     |     +- run exe compile-rx-io (workflow.zxlib) cached
|     |     |        +- compile exe compile-rx-io Debug native (+1 more reused dependencies)
|     |     +- options cached
|     |     +- run exe replay-rx-io-library (program.zig) (+2 more reused dependencies)
|     +- run test 3 pass (3 total) 3ms MaxRSS:1M
|     |  +- compile test Debug native success 1s MaxRSS:235M
|     |     +- run exe replay-rx-io-library (program.zig) success 15ms
|     |     |  +- compile exe replay-rx-io-library Debug native (+1 more reused dependencies)
|     |     |  +- run exe consume-rx-io-library (consumer.zxlib) cached
|     |     |     +- compile exe consume-rx-io-library Debug native (+1 more reused dependencies)
|     |     |     +- run exe compile-rx-io (workflow.zxlib) cached
|     |     |        +- compile exe compile-rx-io Debug native (+1 more reused dependencies)
|     |     +- options cached
|     |     +- run exe replay-rx-io-library (program.zig) (+2 more reused dependencies)
|     +- run test 13 pass (13 total) 11ms MaxRSS:1M
|     |  +- compile test Debug native success 1s MaxRSS:262M
|     |     +- run exe replay-rx-io-library (program.zig) success 14ms
|     |     |  +- compile exe replay-rx-io-library Debug native (+1 more reused dependencies)
|     |     |  +- run exe consume-rx-io-library (consumer.zxlib) cached
|     |     |     +- compile exe consume-rx-io-library Debug native (+1 more reused dependencies)
|     |     |     +- run exe compile-rx-io (workflow.zxlib) cached
|     |     |        +- compile exe compile-rx-io Debug native (+1 more reused dependencies)
|     |     +- options cached
|     |     +- run exe replay-rx-io-library (program.zig) (+2 more reused dependencies)
|     +- run test 3 pass (3 total) 2ms MaxRSS:1M
|     |  +- compile test Debug native success 1s MaxRSS:242M
|     |     +- run exe replay-rx-io-library (program.zig) success 14ms
|     |     |  +- compile exe replay-rx-io-library Debug native (+1 more reused dependencies)
|     |     |  +- run exe consume-rx-io-library (consumer.zxlib) success 18ms
|     |     |     +- compile exe consume-rx-io-library Debug native (+1 more reused dependencies)
|     |     |     +- run exe compile-rx-io (workflow.zxlib) cached
|     |     |        +- compile exe compile-rx-io Debug native (+1 more reused dependencies)
|     |     +- options cached
|     |     +- run exe replay-rx-io-library (program.zig) (+2 more reused dependencies)
|     +- run test 13 pass (13 total) 11ms MaxRSS:1M
|     |  +- compile test Debug native success 1s MaxRSS:333M
|     |     +- run exe replay-rx-io-library (program.zig) success 14ms
|     |     |  +- compile exe replay-rx-io-library Debug native (+1 more reused dependencies)
|     |     |  +- run exe consume-rx-io-library (consumer.zxlib) success 17ms
|     |     |     +- compile exe consume-rx-io-library Debug native (+1 more reused dependencies)
|     |     |     +- run exe compile-rx-io (workflow.zxlib) cached
|     |     |        +- compile exe compile-rx-io Debug native (+1 more reused dependencies)
|     |     +- options cached
|     |     +- run exe replay-rx-io-library (program.zig) (+2 more reused dependencies)
|     +- run test 3 pass (3 total) 3ms MaxRSS:1M
|     |  +- compile test Debug native success 1s MaxRSS:261M
|     |     +- run exe replay-rx-io-library (program.zig) success 28ms
|     |     |  +- compile exe replay-rx-io-library Debug native (+1 more reused dependencies)
|     |     |  +- run exe consume-rx-io-library (consumer.zxlib) success 17ms
|     |     |     +- compile exe consume-rx-io-library Debug native (+1 more reused dependencies)
|     |     |     +- run exe compile-rx-io (workflow.zxlib) success 14ms
|     |     |        +- compile exe compile-rx-io Debug native (+1 more reused dependencies)
|     |     +- options cached
|     |     +- run exe replay-rx-io-library (program.zig) (+2 more reused dependencies)
|     +- run test 13 pass (13 total) 11ms MaxRSS:1M
|     |  +- compile test Debug native success 1s MaxRSS:272M
|     |     +- run exe replay-rx-io-library (program.zig) success 14ms
|     |     |  +- compile exe replay-rx-io-library Debug native (+1 more reused dependencies)
|     |     |  +- run exe consume-rx-io-library (consumer.zxlib) success 17ms
|     |     |     +- compile exe consume-rx-io-library Debug native (+1 more reused dependencies)
|     |     |     +- run exe compile-rx-io (workflow.zxlib) cached
|     |     |        +- compile exe compile-rx-io Debug native (+1 more reused dependencies)
|     |     +- options cached
|     |     +- run exe replay-rx-io-library (program.zig) (+2 more reused dependencies)
|     +- run test 3 pass (3 total) 3ms MaxRSS:1M
|     |  +- compile test Debug native success 1s MaxRSS:321M
|     |     +- run exe replay-rx-io-library (program.zig) success 20ms
|     |     |  +- compile exe replay-rx-io-library Debug native (+1 more reused dependencies)
|     |     |  +- run exe consume-rx-io-library (consumer.zxlib) success 17ms
|     |     |     +- compile exe consume-rx-io-library Debug native (+1 more reused dependencies)
|     |     |     +- run exe compile-rx-io (workflow.zxlib) cached
|     |     |        +- compile exe compile-rx-io Debug native (+1 more reused dependencies)
|     |     +- options cached
|     |     +- run exe replay-rx-io-library (program.zig) (+2 more reused dependencies)
|     +- run test 13 pass (13 total) 10ms MaxRSS:1M
|     |  +- compile test Debug native success 1s MaxRSS:275M
|     |     +- run exe replay-rx-io-library (program.zig) success 13ms
|     |     |  +- compile exe replay-rx-io-library Debug native (+1 more reused dependencies)
|     |     |  +- run exe consume-rx-io-library (republished.zxlib) success 18ms
|     |     |     +- compile exe consume-rx-io-library Debug native (+1 more reused dependencies)
|     |     |     +- run exe consume-rx-io-library (consumer.zxlib) cached
|     |     |        +- compile exe consume-rx-io-library Debug native (+1 more reused dependencies)
|     |     |        +- run exe compile-rx-io (workflow.zxlib) cached
|     |     |           +- compile exe compile-rx-io Debug native (+1 more reused dependencies)
|     |     +- options cached
|     |     +- run exe replay-rx-io-library (program.zig) (+2 more reused dependencies)
|     +- run test 3 pass (3 total) 2ms MaxRSS:1M
|     |  +- compile test Debug native success 1s MaxRSS:244M
|     |     +- run exe replay-rx-io-library (program.zig) success 15ms
|     |     |  +- compile exe replay-rx-io-library Debug native (+1 more reused dependencies)
|     |     |  +- run exe consume-rx-io-library (republished.zxlib) success 17ms
|     |     |     +- compile exe consume-rx-io-library Debug native (+1 more reused dependencies)
|     |     |     +- run exe consume-rx-io-library (consumer.zxlib) success 19ms
|     |     |        +- compile exe consume-rx-io-library Debug native (+1 more reused dependencies)
|     |     |        +- run exe compile-rx-io (workflow.zxlib) cached
|     |     |           +- compile exe compile-rx-io Debug native (+1 more reused dependencies)
|     |     +- options cached
|     |     +- run exe replay-rx-io-library (program.zig) (+2 more reused dependencies)
|     +- run test 13 pass (13 total) 12ms MaxRSS:1M
|     |  +- compile test Debug native success 1s MaxRSS:275M
|     |     +- run exe replay-rx-io-library (program.zig) success 15ms
|     |     |  +- compile exe replay-rx-io-library Debug native (+1 more reused dependencies)
|     |     |  +- run exe consume-rx-io-library (republished.zxlib) success 17ms
|     |     |     +- compile exe consume-rx-io-library Debug native (+1 more reused dependencies)
|     |     |     +- run exe consume-rx-io-library (consumer.zxlib) success 19ms
|     |     |        +- compile exe consume-rx-io-library Debug native (+1 more reused dependencies)
|     |     |        +- run exe compile-rx-io (workflow.zxlib) success 13ms
|     |     |           +- compile exe compile-rx-io Debug native (+1 more reused dependencies)
|     |     +- options cached
|     |     +- run exe replay-rx-io-library (program.zig) (+2 more reused dependencies)
|     +- run test 3 pass (3 total) 2ms MaxRSS:1M
|     |  +- compile test Debug native success 1s MaxRSS:248M
|     |     +- run exe replay-rx-io-library (program.zig) success 13ms
|     |     |  +- compile exe replay-rx-io-library Debug native (+1 more reused dependencies)
|     |     |  +- run exe consume-rx-io-library (republished.zxlib) success 17ms
|     |     |     +- compile exe consume-rx-io-library Debug native (+1 more reused dependencies)
|     |     |     +- run exe consume-rx-io-library (consumer.zxlib) cached
|     |     |        +- compile exe consume-rx-io-library Debug native (+1 more reused dependencies)
|     |     |        +- run exe compile-rx-io (workflow.zxlib) cached
|     |     |           +- compile exe compile-rx-io Debug native (+1 more reused dependencies)
|     |     +- options cached
|     |     +- run exe replay-rx-io-library (program.zig) (+2 more reused dependencies)
|     +- run test 13 pass (13 total) 11ms MaxRSS:1M
|     |  +- compile test Debug native success 1s MaxRSS:263M
|     |     +- run exe replay-rx-io-library (program.zig) success 14ms
|     |     |  +- compile exe replay-rx-io-library Debug native (+1 more reused dependencies)
|     |     |  +- run exe compile-rx-io (workflow.zxlib) cached
|     |     |     +- compile exe compile-rx-io Debug native (+1 more reused dependencies)
|     |     +- options cached
|     |     +- run exe replay-rx-io-library (program.zig) (+2 more reused dependencies)
|     +- run test 3 pass (3 total) 3ms MaxRSS:1M
|     |  +- compile test Debug native success 1s MaxRSS:251M
|     |     +- run exe replay-rx-io-library (program.zig) success 14ms
|     |     |  +- compile exe replay-rx-io-library Debug native (+1 more reused dependencies)
|     |     |  +- run exe compile-rx-io (workflow.zxlib) cached
|     |     |     +- compile exe compile-rx-io Debug native (+1 more reused dependencies)
|     |     +- options cached
|     |     +- run exe replay-rx-io-library (program.zig) (+2 more reused dependencies)
|     +- run test 13 pass (13 total) 11ms MaxRSS:1M
|     |  +- compile test Debug native success 1s MaxRSS:299M
|     |     +- run exe replay-rx-io-library (program.zig) success 14ms
|     |     |  +- compile exe replay-rx-io-library Debug native (+1 more reused dependencies)
|     |     |  +- run exe compile-rx-io (workflow.zxlib) cached
|     |     |     +- compile exe compile-rx-io Debug native (+1 more reused dependencies)
|     |     +- options cached
|     |     +- run exe replay-rx-io-library (program.zig) (+2 more reused dependencies)
|     +- run test 3 pass (3 total) 2ms MaxRSS:1M
|     |  +- compile test Debug native success 1s MaxRSS:244M
|     |     +- run exe replay-rx-io-library (program.zig) success 13ms
|     |     |  +- compile exe replay-rx-io-library Debug native (+1 more reused dependencies)
|     |     |  +- run exe compile-rx-io (workflow.zxlib) cached
|     |     |     +- compile exe compile-rx-io Debug native (+1 more reused dependencies)
|     |     +- options cached
|     |     +- run exe replay-rx-io-library (program.zig) (+2 more reused dependencies)
|     +- run test 13 pass (13 total) 11ms MaxRSS:1M
|     |  +- compile test Debug native success 1s MaxRSS:265M
|     |     +- run exe replay-rx-io-library (program.zig) success 15ms
|     |     |  +- compile exe replay-rx-io-library Debug native (+1 more reused dependencies)
|     |     |  +- run exe consume-rx-io-library (consumer.zxlib) cached
|     |     |     +- compile exe consume-rx-io-library Debug native (+1 more reused dependencies)
|     |     |     +- run exe compile-rx-io (workflow.zxlib) cached
|     |     |        +- compile exe compile-rx-io Debug native (+1 more reused dependencies)
|     |     +- options cached
|     |     +- run exe replay-rx-io-library (program.zig) (+2 more reused dependencies)
|     +- run test 3 pass (3 total) 3ms MaxRSS:1M
|     |  +- compile test Debug native success 1s MaxRSS:247M
|     |     +- run exe replay-rx-io-library (program.zig) success 15ms
|     |     |  +- compile exe replay-rx-io-library Debug native (+1 more reused dependencies)
|     |     |  +- run exe consume-rx-io-library (consumer.zxlib) cached
|     |     |     +- compile exe consume-rx-io-library Debug native (+1 more reused dependencies)
|     |     |     +- run exe compile-rx-io (workflow.zxlib) cached
|     |     |        +- compile exe compile-rx-io Debug native (+1 more reused dependencies)
|     |     +- options cached
|     |     +- run exe replay-rx-io-library (program.zig) (+2 more reused dependencies)
|     +- run test 13 pass (13 total) 12ms MaxRSS:1M
|     |  +- compile test Debug native success 1s MaxRSS:279M
|     |     +- run exe replay-rx-io-library (program.zig) success 14ms
|     |     |  +- compile exe replay-rx-io-library Debug native (+1 more reused dependencies)
|     |     |  +- run exe consume-rx-io-library (consumer.zxlib) success 23ms
|     |     |     +- compile exe consume-rx-io-library Debug native (+1 more reused dependencies)
|     |     |     +- run exe compile-rx-io (workflow.zxlib) cached
|     |     |        +- compile exe compile-rx-io Debug native (+1 more reused dependencies)
|     |     +- options cached
|     |     +- run exe replay-rx-io-library (program.zig) (+2 more reused dependencies)
|     +- run test 3 pass (3 total) 3ms MaxRSS:1M
|     |  +- compile test Debug native success 1s MaxRSS:246M
|     |     +- run exe replay-rx-io-library (program.zig) success 16ms
|     |     |  +- compile exe replay-rx-io-library Debug native (+1 more reused dependencies)
|     |     |  +- run exe consume-rx-io-library (consumer.zxlib) success 19ms
|     |     |     +- compile exe consume-rx-io-library Debug native (+1 more reused dependencies)
|     |     |     +- run exe compile-rx-io (workflow.zxlib) cached
|     |     |        +- compile exe compile-rx-io Debug native (+1 more reused dependencies)
|     |     +- options cached
|     |     +- run exe replay-rx-io-library (program.zig) (+2 more reused dependencies)
|     +- run test 13 pass (13 total) 11ms MaxRSS:1M
|     |  +- compile test Debug native success 1s MaxRSS:262M
|     |     +- run exe replay-rx-io-library (program.zig) success 14ms
|     |     |  +- compile exe replay-rx-io-library Debug native (+1 more reused dependencies)
|     |     |  +- run exe consume-rx-io-library (consumer.zxlib) success 17ms
|     |     |     +- compile exe consume-rx-io-library Debug native (+1 more reused dependencies)
|     |     |     +- run exe compile-rx-io (workflow.zxlib) cached
|     |     |        +- compile exe compile-rx-io Debug native (+1 more reused dependencies)
|     |     +- options cached
|     |     +- run exe replay-rx-io-library (program.zig) (+2 more reused dependencies)
|     +- run test 3 pass (3 total) 3ms MaxRSS:1M
|     |  +- compile test Debug native success 1s MaxRSS:251M
|     |     +- run exe replay-rx-io-library (program.zig) success 14ms
|     |     |  +- compile exe replay-rx-io-library Debug native (+1 more reused dependencies)
|     |     |  +- run exe consume-rx-io-library (consumer.zxlib) success 17ms
|     |     |     +- compile exe consume-rx-io-library Debug native (+1 more reused dependencies)
|     |     |     +- run exe compile-rx-io (workflow.zxlib) cached
|     |     |        +- compile exe compile-rx-io Debug native (+1 more reused dependencies)
|     |     +- options cached
|     |     +- run exe replay-rx-io-library (program.zig) (+2 more reused dependencies)
|     +- run test 13 pass (13 total) 11ms MaxRSS:1M
|     |  +- compile test Debug native success 1s MaxRSS:345M
|     |     +- run exe replay-rx-io-library (program.zig) success 13ms
|     |     |  +- compile exe replay-rx-io-library Debug native (+1 more reused dependencies)
|     |     |  +- run exe consume-rx-io-library (consumer.zxlib) success 17ms
|     |     |     +- compile exe consume-rx-io-library Debug native (+1 more reused dependencies)
|     |     |     +- run exe compile-rx-io (workflow.zxlib) cached
|     |     |        +- compile exe compile-rx-io Debug native (+1 more reused dependencies)
|     |     +- options cached
|     |     +- run exe replay-rx-io-library (program.zig) (+2 more reused dependencies)
|     +- run test 3 pass (3 total) 2ms MaxRSS:1M
|     |  +- compile test Debug native success 1s MaxRSS:258M
|     |     +- run exe replay-rx-io-library (program.zig) success 14ms
|     |     |  +- compile exe replay-rx-io-library Debug native (+1 more reused dependencies)
|     |     |  +- run exe consume-rx-io-library (consumer.zxlib) success 17ms
|     |     |     +- compile exe consume-rx-io-library Debug native (+1 more reused dependencies)
|     |     |     +- run exe compile-rx-io (workflow.zxlib) success 14ms
|     |     |        +- compile exe compile-rx-io Debug native (+1 more reused dependencies)
|     |     +- options cached
|     |     +- run exe replay-rx-io-library (program.zig) (+2 more reused dependencies)
|     +- run test 13 pass (13 total) 11ms MaxRSS:1M
|     |  +- compile test Debug native success 1s MaxRSS:274M
|     |     +- run exe replay-rx-io-library (program.zig) success 14ms
|     |     |  +- compile exe replay-rx-io-library Debug native (+1 more reused dependencies)
|     |     |  +- run exe consume-rx-io-library (republished.zxlib) success 17ms
|     |     |     +- compile exe consume-rx-io-library Debug native (+1 more reused dependencies)
|     |     |     +- run exe consume-rx-io-library (consumer.zxlib) success 19ms
|     |     |        +- compile exe consume-rx-io-library Debug native (+1 more reused dependencies)
|     |     |        +- run exe compile-rx-io (workflow.zxlib) cached
|     |     |           +- compile exe compile-rx-io Debug native (+1 more reused dependencies)
|     |     +- options cached
|     |     +- run exe replay-rx-io-library (program.zig) (+2 more reused dependencies)
|     +- run test 3 pass (3 total) 3ms MaxRSS:1M
|     |  +- compile test Debug native success 1s MaxRSS:251M
|     |     +- run exe replay-rx-io-library (program.zig) success 14ms
|     |     |  +- compile exe replay-rx-io-library Debug native (+1 more reused dependencies)
|     |     |  +- run exe consume-rx-io-library (republished.zxlib) success 18ms
|     |     |     +- compile exe consume-rx-io-library Debug native (+1 more reused dependencies)
|     |     |     +- run exe consume-rx-io-library (consumer.zxlib) success 19ms
|     |     |        +- compile exe consume-rx-io-library Debug native (+1 more reused dependencies)
|     |     |        +- run exe compile-rx-io (workflow.zxlib) success 13ms
|     |     |           +- compile exe compile-rx-io Debug native (+1 more reused dependencies)
|     |     +- options cached
|     |     +- run exe replay-rx-io-library (program.zig) (+2 more reused dependencies)
|     +- run test 13 pass (13 total) 11ms MaxRSS:1M
|     |  +- compile test Debug native success 1s MaxRSS:267M
|     |     +- run exe replay-rx-io-library (program.zig) success 14ms
|     |     |  +- compile exe replay-rx-io-library Debug native (+1 more reused dependencies)
|     |     |  +- run exe consume-rx-io-library (republished.zxlib) success 17ms
|     |     |     +- compile exe consume-rx-io-library Debug native (+1 more reused dependencies)
|     |     |     +- run exe consume-rx-io-library (consumer.zxlib) cached
|     |     |        +- compile exe consume-rx-io-library Debug native (+1 more reused dependencies)
|     |     |        +- run exe compile-rx-io (workflow.zxlib) cached
|     |     |           +- compile exe compile-rx-io Debug native (+1 more reused dependencies)
|     |     +- options cached
|     |     +- run exe replay-rx-io-library (program.zig) (+2 more reused dependencies)
|     +- run test 3 pass (3 total) 3ms MaxRSS:1M
|     |  +- compile test Debug native success 1s MaxRSS:257M
|     |     +- run exe replay-rx-io-library (program.zig) success 14ms
|     |     |  +- compile exe replay-rx-io-library Debug native (+1 more reused dependencies)
|     |     |  +- run exe consume-rx-io-library (republished.zxlib) success 22ms
|     |     |     +- compile exe consume-rx-io-library Debug native (+1 more reused dependencies)
|     |     |     +- run exe consume-rx-io-library (consumer.zxlib) cached
|     |     |        +- compile exe consume-rx-io-library Debug native (+1 more reused dependencies)
|     |     |        +- run exe compile-rx-io (workflow.zxlib) cached
|     |     |           +- compile exe compile-rx-io Debug native (+1 more reused dependencies)
|     |     +- options cached
|     |     +- run exe replay-rx-io-library (program.zig) (+2 more reused dependencies)
|     +- run test 4 pass (4 total) 5ms MaxRSS:1M
|     |  +- compile test Debug native success 1s MaxRSS:260M
|     |     +- run exe replay-rx-io-library (program.zig) success 13ms
|     |     |  +- compile exe replay-rx-io-library Debug native (+1 more reused dependencies)
|     |     |  +- run exe compile-rx-io (workflow.zxlib) cached
|     |     |     +- compile exe compile-rx-io Debug native (+1 more reused dependencies)
|     |     +- options cached
|     |     +- run exe replay-rx-io-library (program.zig) (+2 more reused dependencies)
|     +- run test 3 pass (3 total) 3ms MaxRSS:1M
|     |  +- compile test Debug native success 1s MaxRSS:244M
|     |     +- run exe replay-rx-io-library (program.zig) success 14ms
|     |     |  +- compile exe replay-rx-io-library Debug native (+1 more reused dependencies)
|     |     |  +- run exe compile-rx-io (workflow.zxlib) cached
|     |     |     +- compile exe compile-rx-io Debug native (+1 more reused dependencies)
|     |     +- options cached
|     |     +- run exe replay-rx-io-library (program.zig) (+2 more reused dependencies)
|     +- run test 4 pass (4 total) 5ms MaxRSS:1M
|     |  +- compile test Debug native success 1s MaxRSS:272M
|     |     +- run exe replay-rx-io-library (program.zig) success 15ms
|     |     |  +- compile exe replay-rx-io-library Debug native (+1 more reused dependencies)
|     |     |  +- run exe compile-rx-io (workflow.zxlib) cached
|     |     |     +- compile exe compile-rx-io Debug native (+1 more reused dependencies)
|     |     +- options cached
|     |     +- run exe replay-rx-io-library (program.zig) (+2 more reused dependencies)
|     +- run test 3 pass (3 total) 3ms MaxRSS:1M
|     |  +- compile test Debug native success 1s MaxRSS:246M
|     |     +- run exe replay-rx-io-library (program.zig) success 14ms
|     |     |  +- compile exe replay-rx-io-library Debug native (+1 more reused dependencies)
|     |     |  +- run exe compile-rx-io (workflow.zxlib) success 14ms
|     |     |     +- compile exe compile-rx-io Debug native (+1 more reused dependencies)
|     |     +- options cached
|     |     +- run exe replay-rx-io-library (program.zig) (+2 more reused dependencies)
|     +- run test 4 pass (4 total) 5ms MaxRSS:1M
|     |  +- compile test Debug native success 1s MaxRSS:262M
|     |     +- run exe replay-rx-io-library (program.zig) success 15ms
|     |     |  +- compile exe replay-rx-io-library Debug native (+1 more reused dependencies)
|     |     |  +- run exe consume-rx-io-library (consumer.zxlib) success 19ms
|     |     |     +- compile exe consume-rx-io-library Debug native (+1 more reused dependencies)
|     |     |     +- run exe compile-rx-io (workflow.zxlib) success 14ms
|     |     |        +- compile exe compile-rx-io Debug native (+1 more reused dependencies)
|     |     +- options cached
|     |     +- run exe replay-rx-io-library (program.zig) (+2 more reused dependencies)
|     +- run test 3 pass (3 total) 3ms MaxRSS:1M
|     |  +- compile test Debug native success 1s MaxRSS:251M
|     |     +- run exe replay-rx-io-library (program.zig) success 14ms
|     |     |  +- compile exe replay-rx-io-library Debug native (+1 more reused dependencies)
|     |     |  +- run exe consume-rx-io-library (consumer.zxlib) success 19ms
|     |     |     +- compile exe consume-rx-io-library Debug native (+1 more reused dependencies)
|     |     |     +- run exe compile-rx-io (workflow.zxlib) cached
|     |     |        +- compile exe compile-rx-io Debug native (+1 more reused dependencies)
|     |     +- options cached
|     |     +- run exe replay-rx-io-library (program.zig) (+2 more reused dependencies)
|     +- run test 4 pass (4 total) 5ms MaxRSS:1M
|     |  +- compile test Debug native success 1s MaxRSS:275M
|     |     +- run exe replay-rx-io-library (program.zig) success 14ms
|     |     |  +- compile exe replay-rx-io-library Debug native (+1 more reused dependencies)
|     |     |  +- run exe consume-rx-io-library (consumer.zxlib) success 19ms
|     |     |     +- compile exe consume-rx-io-library Debug native (+1 more reused dependencies)
|     |     |     +- run exe compile-rx-io (workflow.zxlib) cached
|     |     |        +- compile exe compile-rx-io Debug native (+1 more reused dependencies)
|     |     +- options cached
|     |     +- run exe replay-rx-io-library (program.zig) (+2 more reused dependencies)
|     +- run test 3 pass (3 total) 3ms MaxRSS:1M
|     |  +- compile test Debug native success 1s MaxRSS:254M
|     |     +- run exe replay-rx-io-library (program.zig) success 14ms
|     |     |  +- compile exe replay-rx-io-library Debug native (+1 more reused dependencies)
|     |     |  +- run exe consume-rx-io-library (consumer.zxlib) cached
|     |     |     +- compile exe consume-rx-io-library Debug native (+1 more reused dependencies)
|     |     |     +- run exe compile-rx-io (workflow.zxlib) cached
|     |     |        +- compile exe compile-rx-io Debug native (+1 more reused dependencies)
|     |     +- options cached
|     |     +- run exe replay-rx-io-library (program.zig) (+2 more reused dependencies)
|     +- run test 4 pass (4 total) 5ms MaxRSS:1M
|     |  +- compile test Debug native success 1s MaxRSS:273M
|     |     +- run exe replay-rx-io-library (program.zig) success 15ms
|     |     |  +- compile exe replay-rx-io-library Debug native (+1 more reused dependencies)
|     |     |  +- run exe consume-rx-io-library (consumer.zxlib) success 18ms
|     |     |     +- compile exe consume-rx-io-library Debug native (+1 more reused dependencies)
|     |     |     +- run exe compile-rx-io (workflow.zxlib) cached
|     |     |        +- compile exe compile-rx-io Debug native (+1 more reused dependencies)
|     |     +- options cached
|     |     +- run exe replay-rx-io-library (program.zig) (+2 more reused dependencies)
|     +- run test 3 pass (3 total) 3ms MaxRSS:1M
|     |  +- compile test Debug native success 1s MaxRSS:241M
|     |     +- run exe replay-rx-io-library (program.zig) success 14ms
|     |     |  +- compile exe replay-rx-io-library Debug native (+1 more reused dependencies)
|     |     |  +- run exe consume-rx-io-library (consumer.zxlib) success 18ms
|     |     |     +- compile exe consume-rx-io-library Debug native (+1 more reused dependencies)
|     |     |     +- run exe compile-rx-io (workflow.zxlib) cached
|     |     |        +- compile exe compile-rx-io Debug native (+1 more reused dependencies)
|     |     +- options cached
|     |     +- run exe replay-rx-io-library (program.zig) (+2 more reused dependencies)
|     +- run test 4 pass (4 total) 5ms MaxRSS:1M
|     |  +- compile test Debug native success 1s MaxRSS:261M
|     |     +- run exe replay-rx-io-library (program.zig) success 14ms
|     |     |  +- compile exe replay-rx-io-library Debug native (+1 more reused dependencies)
|     |     |  +- run exe consume-rx-io-library (consumer.zxlib) success 18ms
|     |     |     +- compile exe consume-rx-io-library Debug native (+1 more reused dependencies)
|     |     |     +- run exe compile-rx-io (workflow.zxlib) cached
|     |     |        +- compile exe compile-rx-io Debug native (+1 more reused dependencies)
|     |     +- options cached
|     |     +- run exe replay-rx-io-library (program.zig) (+2 more reused dependencies)
|     +- run test 3 pass (3 total) 3ms MaxRSS:1M
|     |  +- compile test Debug native success 1s MaxRSS:253M
|     |     +- run exe replay-rx-io-library (program.zig) success 14ms
|     |     |  +- compile exe replay-rx-io-library Debug native (+1 more reused dependencies)
|     |     |  +- run exe consume-rx-io-library (consumer.zxlib) success 18ms
|     |     |     +- compile exe consume-rx-io-library Debug native (+1 more reused dependencies)
|     |     |     +- run exe compile-rx-io (workflow.zxlib) cached
|     |     |        +- compile exe compile-rx-io Debug native (+1 more reused dependencies)
|     |     +- options cached
|     |     +- run exe replay-rx-io-library (program.zig) (+2 more reused dependencies)
|     +- run test 4 pass (4 total) 5ms MaxRSS:1M
|     |  +- compile test Debug native success 1s MaxRSS:273M
|     |     +- run exe replay-rx-io-library (program.zig) success 14ms
|     |     |  +- compile exe replay-rx-io-library Debug native (+1 more reused dependencies)
|     |     |  +- run exe consume-rx-io-library (republished.zxlib) success 17ms
|     |     |     +- compile exe consume-rx-io-library Debug native (+1 more reused dependencies)
|     |     |     +- run exe consume-rx-io-library (consumer.zxlib) cached
|     |     |        +- compile exe consume-rx-io-library Debug native (+1 more reused dependencies)
|     |     |        +- run exe compile-rx-io (workflow.zxlib) cached
|     |     |           +- compile exe compile-rx-io Debug native (+1 more reused dependencies)
|     |     +- options cached
|     |     +- run exe replay-rx-io-library (program.zig) (+2 more reused dependencies)
|     +- run test 3 pass (3 total) 2ms MaxRSS:1M
|     |  +- compile test Debug native success 1s MaxRSS:320M
|     |     +- run exe replay-rx-io-library (program.zig) success 14ms
|     |     |  +- compile exe replay-rx-io-library Debug native (+1 more reused dependencies)
|     |     |  +- run exe consume-rx-io-library (republished.zxlib) success 18ms
|     |     |     +- compile exe consume-rx-io-library Debug native (+1 more reused dependencies)
|     |     |     +- run exe consume-rx-io-library (consumer.zxlib) cached
|     |     |        +- compile exe consume-rx-io-library Debug native (+1 more reused dependencies)
|     |     |        +- run exe compile-rx-io (workflow.zxlib) cached
|     |     |           +- compile exe compile-rx-io Debug native (+1 more reused dependencies)
|     |     +- options cached
|     |     +- run exe replay-rx-io-library (program.zig) (+2 more reused dependencies)
|     +- run test 4 pass (4 total) 6ms MaxRSS:1M
|     |  +- compile test Debug native success 1s MaxRSS:259M
|     |     +- run exe replay-rx-io-library (program.zig) success 14ms
|     |     |  +- compile exe replay-rx-io-library Debug native (+1 more reused dependencies)
|     |     |  +- run exe consume-rx-io-library (republished.zxlib) success 18ms
|     |     |     +- compile exe consume-rx-io-library Debug native (+1 more reused dependencies)
|     |     |     +- run exe consume-rx-io-library (consumer.zxlib) cached
|     |     |        +- compile exe consume-rx-io-library Debug native (+1 more reused dependencies)
|     |     |        +- run exe compile-rx-io (workflow.zxlib) cached
|     |     |           +- compile exe compile-rx-io Debug native (+1 more reused dependencies)
|     |     +- options cached
|     |     +- run exe replay-rx-io-library (program.zig) (+2 more reused dependencies)
|     +- run test 3 pass (3 total) 3ms MaxRSS:1M
|     |  +- compile test Debug native success 1s MaxRSS:251M
|     |     +- run exe replay-rx-io-library (program.zig) success 14ms
|     |     |  +- compile exe replay-rx-io-library Debug native (+1 more reused dependencies)
|     |     |  +- run exe consume-rx-io-library (republished.zxlib) success 18ms
|     |     |     +- compile exe consume-rx-io-library Debug native (+1 more reused dependencies)
|     |     |     +- run exe consume-rx-io-library (consumer.zxlib) success 19ms
|     |     |        +- compile exe consume-rx-io-library Debug native (+1 more reused dependencies)
|     |     |        +- run exe compile-rx-io (workflow.zxlib) cached
|     |     |           +- compile exe compile-rx-io Debug native (+1 more reused dependencies)
|     |     +- options cached
|     |     +- run exe replay-rx-io-library (program.zig) (+2 more reused dependencies)
|     +- run test 3 pass (3 total) 4ms MaxRSS:1M
|     |  +- compile test Debug native success 1s MaxRSS:335M
|     |     +- run exe replay-rx-io-library (program.zig) success 8ms
|     |     |  +- compile exe replay-rx-io-library Debug native (+1 more reused dependencies)
|     |     |  +- run exe compile-rx-io (workflow.zxlib) cached
|     |     |     +- compile exe compile-rx-io Debug native (+1 more reused dependencies)
|     |     +- options cached
|     |     +- run exe replay-rx-io-library (program.zig) (+2 more reused dependencies)
|     +- run test 3 pass (3 total) 3ms MaxRSS:1M
|     |  +- compile test Debug native success 1s MaxRSS:245M
|     |     +- run exe replay-rx-io-library (program.zig) success 8ms
|     |     |  +- compile exe replay-rx-io-library Debug native (+1 more reused dependencies)
|     |     |  +- run exe compile-rx-io (workflow.zxlib) cached
|     |     |     +- compile exe compile-rx-io Debug native (+1 more reused dependencies)
|     |     +- options cached
|     |     +- run exe replay-rx-io-library (program.zig) (+2 more reused dependencies)
|     +- run test 3 pass (3 total) 4ms MaxRSS:1M
|     |  +- compile test Debug native success 1s MaxRSS:265M
|     |     +- run exe replay-rx-io-library (program.zig) success 8ms
|     |     |  +- compile exe replay-rx-io-library Debug native (+1 more reused dependencies)
|     |     |  +- run exe compile-rx-io (workflow.zxlib) cached
|     |     |     +- compile exe compile-rx-io Debug native (+1 more reused dependencies)
|     |     +- options cached
|     |     +- run exe replay-rx-io-library (program.zig) (+2 more reused dependencies)
|     +- run test 3 pass (3 total) 2ms MaxRSS:1M
|     |  +- compile test Debug native success 1s MaxRSS:252M
|     |     +- run exe replay-rx-io-library (program.zig) success 8ms
|     |     |  +- compile exe replay-rx-io-library Debug native (+1 more reused dependencies)
|     |     |  +- run exe compile-rx-io (workflow.zxlib) cached
|     |     |     +- compile exe compile-rx-io Debug native (+1 more reused dependencies)
|     |     +- options cached
|     |     +- run exe replay-rx-io-library (program.zig) (+2 more reused dependencies)
|     +- run test 3 pass (3 total) 6ms MaxRSS:1M
|     |  +- compile test Debug native success 1s MaxRSS:252M
|     |     +- run exe replay-rx-io-library (program.zig) success 8ms
|     |     |  +- compile exe replay-rx-io-library Debug native (+1 more reused dependencies)
|     |     |  +- run exe consume-rx-io-library (consumer.zxlib) success 9ms
|     |     |     +- compile exe consume-rx-io-library Debug native (+1 more reused dependencies)
|     |     |     +- run exe compile-rx-io (workflow.zxlib) cached
|     |     |        +- compile exe compile-rx-io Debug native (+1 more reused dependencies)
|     |     +- options cached
|     |     +- run exe replay-rx-io-library (program.zig) (+2 more reused dependencies)
|     +- run test 3 pass (3 total) 3ms MaxRSS:1M
|     |  +- compile test Debug native success 1s MaxRSS:245M
|     |     +- run exe replay-rx-io-library (program.zig) success 8ms
|     |     |  +- compile exe replay-rx-io-library Debug native (+1 more reused dependencies)
|     |     |  +- run exe consume-rx-io-library (consumer.zxlib) success 10ms
|     |     |     +- compile exe consume-rx-io-library Debug native (+1 more reused dependencies)
|     |     |     +- run exe compile-rx-io (workflow.zxlib) cached
|     |     |        +- compile exe compile-rx-io Debug native (+1 more reused dependencies)
|     |     +- options cached
|     |     +- run exe replay-rx-io-library (program.zig) (+2 more reused dependencies)
|     +- run test 3 pass (3 total) 4ms MaxRSS:1M
|     |  +- compile test Debug native success 1s MaxRSS:263M
|     |     +- run exe replay-rx-io-library (program.zig) success 8ms
|     |     |  +- compile exe replay-rx-io-library Debug native (+1 more reused dependencies)
|     |     |  +- run exe consume-rx-io-library (consumer.zxlib) success 9ms
|     |     |     +- compile exe consume-rx-io-library Debug native (+1 more reused dependencies)
|     |     |     +- run exe compile-rx-io (workflow.zxlib) cached
|     |     |        +- compile exe compile-rx-io Debug native (+1 more reused dependencies)
|     |     +- options cached
|     |     +- run exe replay-rx-io-library (program.zig) (+2 more reused dependencies)
|     +- run test 3 pass (3 total) 2ms MaxRSS:1M
|     |  +- compile test Debug native success 1s MaxRSS:253M
|     |     +- run exe replay-rx-io-library (program.zig) success 8ms
|     |     |  +- compile exe replay-rx-io-library Debug native (+1 more reused dependencies)
|     |     |  +- run exe consume-rx-io-library (consumer.zxlib) success 10ms
|     |     |     +- compile exe consume-rx-io-library Debug native (+1 more reused dependencies)
|     |     |     +- run exe compile-rx-io (workflow.zxlib) cached
|     |     |        +- compile exe compile-rx-io Debug native (+1 more reused dependencies)
|     |     +- options cached
|     |     +- run exe replay-rx-io-library (program.zig) (+2 more reused dependencies)
|     +- run test 3 pass (3 total) 5ms MaxRSS:1M
|     |  +- compile test Debug native success 1s MaxRSS:271M
|     |     +- run exe replay-rx-io-library (program.zig) success 8ms
|     |     |  +- compile exe replay-rx-io-library Debug native (+1 more reused dependencies)
|     |     |  +- run exe consume-rx-io-library (consumer.zxlib) success 9ms
|     |     |     +- compile exe consume-rx-io-library Debug native (+1 more reused dependencies)
|     |     |     +- run exe compile-rx-io (workflow.zxlib) cached
|     |     |        +- compile exe compile-rx-io Debug native (+1 more reused dependencies)
|     |     +- options cached
|     |     +- run exe replay-rx-io-library (program.zig) (+2 more reused dependencies)
|     +- run test 3 pass (3 total) 3ms MaxRSS:1M
|     |  +- compile test Debug native success 1s MaxRSS:262M
|     |     +- run exe replay-rx-io-library (program.zig) success 8ms
|     |     |  +- compile exe replay-rx-io-library Debug native (+1 more reused dependencies)
|     |     |  +- run exe consume-rx-io-library (consumer.zxlib) success 9ms
|     |     |     +- compile exe consume-rx-io-library Debug native (+1 more reused dependencies)
|     |     |     +- run exe compile-rx-io (workflow.zxlib) success 13ms
|     |     |        +- compile exe compile-rx-io Debug native (+1 more reused dependencies)
|     |     +- options cached
|     |     +- run exe replay-rx-io-library (program.zig) (+2 more reused dependencies)
|     +- run test 3 pass (3 total) 4ms MaxRSS:1M
|     |  +- compile test Debug native success 1s MaxRSS:269M
|     |     +- run exe replay-rx-io-library (program.zig) success 8ms
|     |     |  +- compile exe replay-rx-io-library Debug native (+1 more reused dependencies)
|     |     |  +- run exe consume-rx-io-library (consumer.zxlib) success 10ms
|     |     |     +- compile exe consume-rx-io-library Debug native (+1 more reused dependencies)
|     |     |     +- run exe compile-rx-io (workflow.zxlib) success 11ms
|     |     |        +- compile exe compile-rx-io Debug native (+1 more reused dependencies)
|     |     +- options cached
|     |     +- run exe replay-rx-io-library (program.zig) (+2 more reused dependencies)
|     +- run test 3 pass (3 total) 3ms MaxRSS:1M
|     |  +- compile test Debug native success 1s MaxRSS:253M
|     |     +- run exe replay-rx-io-library (program.zig) success 8ms
|     |     |  +- compile exe replay-rx-io-library Debug native (+1 more reused dependencies)
|     |     |  +- run exe consume-rx-io-library (consumer.zxlib) success 9ms
|     |     |     +- compile exe consume-rx-io-library Debug native (+1 more reused dependencies)
|     |     |     +- run exe compile-rx-io (workflow.zxlib) cached
|     |     |        +- compile exe compile-rx-io Debug native (+1 more reused dependencies)
|     |     +- options cached
|     |     +- run exe replay-rx-io-library (program.zig) (+2 more reused dependencies)
|     +- run test 3 pass (3 total) 4ms MaxRSS:1M
|     |  +- compile test Debug native success 1s MaxRSS:256M
|     |     +- run exe replay-rx-io-library (program.zig) success 8ms
|     |     |  +- compile exe replay-rx-io-library Debug native (+1 more reused dependencies)
|     |     |  +- run exe consume-rx-io-library (republished.zxlib) success 9ms
|     |     |     +- compile exe consume-rx-io-library Debug native (+1 more reused dependencies)
|     |     |     +- run exe consume-rx-io-library (consumer.zxlib) cached
|     |     |        +- compile exe consume-rx-io-library Debug native (+1 more reused dependencies)
|     |     |        +- run exe compile-rx-io (workflow.zxlib) cached
|     |     |           +- compile exe compile-rx-io Debug native (+1 more reused dependencies)
|     |     +- options cached
|     |     +- run exe replay-rx-io-library (program.zig) (+2 more reused dependencies)
|     +- run test 3 pass (3 total) 2ms MaxRSS:1M
|     |  +- compile test Debug native success 1s MaxRSS:247M
|     |     +- run exe replay-rx-io-library (program.zig) success 8ms
|     |     |  +- compile exe replay-rx-io-library Debug native (+1 more reused dependencies)
|     |     |  +- run exe consume-rx-io-library (republished.zxlib) success 11ms
|     |     |     +- compile exe consume-rx-io-library Debug native (+1 more reused dependencies)
|     |     |     +- run exe consume-rx-io-library (consumer.zxlib) cached
|     |     |        +- compile exe consume-rx-io-library Debug native (+1 more reused dependencies)
|     |     |        +- run exe compile-rx-io (workflow.zxlib) cached
|     |     |           +- compile exe compile-rx-io Debug native (+1 more reused dependencies)
|     |     +- options cached
|     |     +- run exe replay-rx-io-library (program.zig) (+2 more reused dependencies)
|     +- run test 3 pass (3 total) 7ms MaxRSS:1M
|     |  +- compile test Debug native success 1s MaxRSS:261M
|     |     +- run exe replay-rx-io-library (program.zig) success 8ms
|     |     |  +- compile exe replay-rx-io-library Debug native (+1 more reused dependencies)
|     |     |  +- run exe consume-rx-io-library (republished.zxlib) success 9ms
|     |     |     +- compile exe consume-rx-io-library Debug native (+1 more reused dependencies)
|     |     |     +- run exe consume-rx-io-library (consumer.zxlib) cached
|     |     |        +- compile exe consume-rx-io-library Debug native (+1 more reused dependencies)
|     |     |        +- run exe compile-rx-io (workflow.zxlib) cached
|     |     |           +- compile exe compile-rx-io Debug native (+1 more reused dependencies)
|     |     +- options cached
|     |     +- run exe replay-rx-io-library (program.zig) (+2 more reused dependencies)
|     +- run test 3 pass (3 total) 3ms MaxRSS:1M
|     |  +- compile test Debug native success 1s MaxRSS:243M
|     |     +- run exe replay-rx-io-library (program.zig) success 8ms
|     |     |  +- compile exe replay-rx-io-library Debug native (+1 more reused dependencies)
|     |     |  +- run exe consume-rx-io-library (republished.zxlib) success 9ms
|     |     |     +- compile exe consume-rx-io-library Debug native (+1 more reused dependencies)
|     |     |     +- run exe consume-rx-io-library (consumer.zxlib) cached
|     |     |        +- compile exe consume-rx-io-library Debug native (+1 more reused dependencies)
|     |     |        +- run exe compile-rx-io (workflow.zxlib) cached
|     |     |           +- compile exe compile-rx-io Debug native (+1 more reused dependencies)
|     |     +- options cached
|     |     +- run exe replay-rx-io-library (program.zig) (+2 more reused dependencies)
|     +- run test 3 pass (3 total) 6ms MaxRSS:1M
|     |  +- compile test Debug native success 1s MaxRSS:255M
|     |     +- run exe replay-rx-io-library (program.zig) success 10ms
|     |     |  +- compile exe replay-rx-io-library Debug native (+1 more reused dependencies)
|     |     |  +- run exe compile-rx-io (workflow.zxlib) cached
|     |     |     +- compile exe compile-rx-io Debug native (+1 more reused dependencies)
|     |     +- options cached
|     |     +- run exe replay-rx-io-library (program.zig) (+2 more reused dependencies)
|     +- run test 3 pass (3 total) 3ms MaxRSS:1M
|     |  +- compile test Debug native success 1s MaxRSS:243M
|     |     +- run exe replay-rx-io-library (program.zig) success 9ms
|     |     |  +- compile exe replay-rx-io-library Debug native (+1 more reused dependencies)
|     |     |  +- run exe compile-rx-io (workflow.zxlib) cached
|     |     |     +- compile exe compile-rx-io Debug native (+1 more reused dependencies)
|     |     +- options cached
|     |     +- run exe replay-rx-io-library (program.zig) (+2 more reused dependencies)
|     +- run test 3 pass (3 total) 6ms MaxRSS:1M
|     |  +- compile test Debug native success 1s MaxRSS:260M
|     |     +- run exe replay-rx-io-library (program.zig) success 10ms
|     |     |  +- compile exe replay-rx-io-library Debug native (+1 more reused dependencies)
|     |     |  +- run exe compile-rx-io (workflow.zxlib) success 13ms
|     |     |     +- compile exe compile-rx-io Debug native (+1 more reused dependencies)
|     |     +- options cached
|     |     +- run exe replay-rx-io-library (program.zig) (+2 more reused dependencies)
|     +- run test 3 pass (3 total) 3ms MaxRSS:1M
|     |  +- compile test Debug native success 1s MaxRSS:243M
|     |     +- run exe replay-rx-io-library (program.zig) success 9ms
|     |     |  +- compile exe replay-rx-io-library Debug native (+1 more reused dependencies)
|     |     |  +- run exe compile-rx-io (workflow.zxlib) cached
|     |     |     +- compile exe compile-rx-io Debug native (+1 more reused dependencies)
|     |     +- options cached
|     |     +- run exe replay-rx-io-library (program.zig) (+2 more reused dependencies)
|     +- run test 3 pass (3 total) 5ms MaxRSS:1M
|     |  +- compile test Debug native success 1s MaxRSS:285M
|     |     +- run exe replay-rx-io-library (program.zig) success 10ms
|     |     |  +- compile exe replay-rx-io-library Debug native (+1 more reused dependencies)
|     |     |  +- run exe consume-rx-io-library (consumer.zxlib) cached
|     |     |     +- compile exe consume-rx-io-library Debug native (+1 more reused dependencies)
|     |     |     +- run exe compile-rx-io (workflow.zxlib) cached
|     |     |        +- compile exe compile-rx-io Debug native (+1 more reused dependencies)
|     |     +- options cached
|     |     +- run exe replay-rx-io-library (program.zig) (+2 more reused dependencies)
|     +- run test 3 pass (3 total) 3ms MaxRSS:1M
|     |  +- compile test Debug native success 1s MaxRSS:251M
|     |     +- run exe replay-rx-io-library (program.zig) success 10ms
|     |     |  +- compile exe replay-rx-io-library Debug native (+1 more reused dependencies)
|     |     |  +- run exe consume-rx-io-library (consumer.zxlib) success 12ms
|     |     |     +- compile exe consume-rx-io-library Debug native (+1 more reused dependencies)
|     |     |     +- run exe compile-rx-io (workflow.zxlib) success 13ms
|     |     |        +- compile exe compile-rx-io Debug native (+1 more reused dependencies)
|     |     +- options cached
|     |     +- run exe replay-rx-io-library (program.zig) (+2 more reused dependencies)
|     +- run test 3 pass (3 total) 5ms MaxRSS:1M
|     |  +- compile test Debug native success 1s MaxRSS:270M
|     |     +- run exe replay-rx-io-library (program.zig) success 9ms
|     |     |  +- compile exe replay-rx-io-library Debug native (+1 more reused dependencies)
|     |     |  +- run exe consume-rx-io-library (consumer.zxlib) success 12ms
|     |     |     +- compile exe consume-rx-io-library Debug native (+1 more reused dependencies)
|     |     |     +- run exe compile-rx-io (workflow.zxlib) cached
|     |     |        +- compile exe compile-rx-io Debug native (+1 more reused dependencies)
|     |     +- options cached
|     |     +- run exe replay-rx-io-library (program.zig) (+2 more reused dependencies)
|     +- run test 3 pass (3 total) 2ms MaxRSS:1M
|     |  +- compile test Debug native success 1s MaxRSS:247M
|     |     +- run exe replay-rx-io-library (program.zig) success 9ms
|     |     |  +- compile exe replay-rx-io-library Debug native (+1 more reused dependencies)
|     |     |  +- run exe consume-rx-io-library (consumer.zxlib) cached
|     |     |     +- compile exe consume-rx-io-library Debug native (+1 more reused dependencies)
|     |     |     +- run exe compile-rx-io (workflow.zxlib) cached
|     |     |        +- compile exe compile-rx-io Debug native (+1 more reused dependencies)
|     |     +- options cached
|     |     +- run exe replay-rx-io-library (program.zig) (+2 more reused dependencies)
|     +- run test 3 pass (3 total) 5ms MaxRSS:1M
|     |  +- compile test Debug native success 1s MaxRSS:265M
|     |     +- run exe replay-rx-io-library (program.zig) success 10ms
|     |     |  +- compile exe replay-rx-io-library Debug native (+1 more reused dependencies)
|     |     |  +- run exe consume-rx-io-library (consumer.zxlib) success 11ms
|     |     |     +- compile exe consume-rx-io-library Debug native (+1 more reused dependencies)
|     |     |     +- run exe compile-rx-io (workflow.zxlib) cached
|     |     |        +- compile exe compile-rx-io Debug native (+1 more reused dependencies)
|     |     +- options cached
|     |     +- run exe replay-rx-io-library (program.zig) (+2 more reused dependencies)
|     +- run test 3 pass (3 total) 3ms MaxRSS:1M
|     |  +- compile test Debug native success 1s MaxRSS:248M
|     |     +- run exe replay-rx-io-library (program.zig) success 10ms
|     |     |  +- compile exe replay-rx-io-library Debug native (+1 more reused dependencies)
|     |     |  +- run exe consume-rx-io-library (consumer.zxlib) success 12ms
|     |     |     +- compile exe consume-rx-io-library Debug native (+1 more reused dependencies)
|     |     |     +- run exe compile-rx-io (workflow.zxlib) cached
|     |     |        +- compile exe compile-rx-io Debug native (+1 more reused dependencies)
|     |     +- options cached
|     |     +- run exe replay-rx-io-library (program.zig) (+2 more reused dependencies)
|     +- run test 3 pass (3 total) 6ms MaxRSS:1M
|     |  +- compile test Debug native success 1s MaxRSS:340M
|     |     +- run exe replay-rx-io-library (program.zig) success 9ms
|     |     |  +- compile exe replay-rx-io-library Debug native (+1 more reused dependencies)
|     |     |  +- run exe consume-rx-io-library (consumer.zxlib) success 11ms
|     |     |     +- compile exe consume-rx-io-library Debug native (+1 more reused dependencies)
|     |     |     +- run exe compile-rx-io (workflow.zxlib) cached
|     |     |        +- compile exe compile-rx-io Debug native (+1 more reused dependencies)
|     |     +- options cached
|     |     +- run exe replay-rx-io-library (program.zig) (+2 more reused dependencies)
|     +- run test 3 pass (3 total) 3ms MaxRSS:1M
|     |  +- compile test Debug native success 1s MaxRSS:253M
|     |     +- run exe replay-rx-io-library (program.zig) success 9ms
|     |     |  +- compile exe replay-rx-io-library Debug native (+1 more reused dependencies)
|     |     |  +- run exe consume-rx-io-library (consumer.zxlib) success 11ms
|     |     |     +- compile exe consume-rx-io-library Debug native (+1 more reused dependencies)
|     |     |     +- run exe compile-rx-io (workflow.zxlib) cached
|     |     |        +- compile exe compile-rx-io Debug native (+1 more reused dependencies)
|     |     +- options cached
|     |     +- run exe replay-rx-io-library (program.zig) (+2 more reused dependencies)
|     +- run test 3 pass (3 total) 6ms MaxRSS:1M
|     |  +- compile test Debug native success 1s MaxRSS:264M
|     |     +- run exe replay-rx-io-library (program.zig) success 10ms
|     |     |  +- compile exe replay-rx-io-library Debug native (+1 more reused dependencies)
|     |     |  +- run exe consume-rx-io-library (republished.zxlib) success 12ms
|     |     |     +- compile exe consume-rx-io-library Debug native (+1 more reused dependencies)
|     |     |     +- run exe consume-rx-io-library (consumer.zxlib) success 12ms
|     |     |        +- compile exe consume-rx-io-library Debug native (+1 more reused dependencies)
|     |     |        +- run exe compile-rx-io (workflow.zxlib) cached
|     |     |           +- compile exe compile-rx-io Debug native (+1 more reused dependencies)
|     |     +- options cached
|     |     +- run exe replay-rx-io-library (program.zig) (+2 more reused dependencies)
|     +- run test 3 pass (3 total) 3ms MaxRSS:1M
|     |  +- compile test Debug native success 1s MaxRSS:303M
|     |     +- run exe replay-rx-io-library (program.zig) success 10ms
|     |     |  +- compile exe replay-rx-io-library Debug native (+1 more reused dependencies)
|     |     |  +- run exe consume-rx-io-library (republished.zxlib) success 11ms
|     |     |     +- compile exe consume-rx-io-library Debug native (+1 more reused dependencies)
|     |     |     +- run exe consume-rx-io-library (consumer.zxlib) cached
|     |     |        +- compile exe consume-rx-io-library Debug native (+1 more reused dependencies)
|     |     |        +- run exe compile-rx-io (workflow.zxlib) cached
|     |     |           +- compile exe compile-rx-io Debug native (+1 more reused dependencies)
|     |     +- options cached
|     |     +- run exe replay-rx-io-library (program.zig) (+2 more reused dependencies)
|     +- run test 3 pass (3 total) 5ms MaxRSS:1M
|     |  +- compile test Debug native success 1s MaxRSS:270M
|     |     +- run exe replay-rx-io-library (program.zig) success 10ms
|     |     |  +- compile exe replay-rx-io-library Debug native (+1 more reused dependencies)
|     |     |  +- run exe consume-rx-io-library (republished.zxlib) success 11ms
|     |     |     +- compile exe consume-rx-io-library Debug native (+1 more reused dependencies)
|     |     |     +- run exe consume-rx-io-library (consumer.zxlib) cached
|     |     |        +- compile exe consume-rx-io-library Debug native (+1 more reused dependencies)
|     |     |        +- run exe compile-rx-io (workflow.zxlib) cached
|     |     |           +- compile exe compile-rx-io Debug native (+1 more reused dependencies)
|     |     +- options cached
|     |     +- run exe replay-rx-io-library (program.zig) (+2 more reused dependencies)
|     +- run test 3 pass (3 total) 3ms MaxRSS:1M
|     |  +- compile test Debug native success 1s MaxRSS:253M
|     |     +- run exe replay-rx-io-library (program.zig) success 10ms
|     |     |  +- compile exe replay-rx-io-library Debug native (+1 more reused dependencies)
|     |     |  +- run exe consume-rx-io-library (republished.zxlib) success 11ms
|     |     |     +- compile exe consume-rx-io-library Debug native (+1 more reused dependencies)
|     |     |     +- run exe consume-rx-io-library (consumer.zxlib) success 12ms
|     |     |        +- compile exe consume-rx-io-library Debug native (+1 more reused dependencies)
|     |     |        +- run exe compile-rx-io (workflow.zxlib) cached
|     |     |           +- compile exe compile-rx-io Debug native (+1 more reused dependencies)
|     |     +- options cached
|     |     +- run exe replay-rx-io-library (program.zig) (+2 more reused dependencies)
|     +- run test 3 pass (3 total) 6ms MaxRSS:1M
|     |  +- compile test Debug native success 1s MaxRSS:341M
|     |     +- run exe replay-rx-io-library (program.zig) success 10ms
|     |     |  +- compile exe replay-rx-io-library Debug native (+1 more reused dependencies)
|     |     |  +- run exe compile-rx-io (workflow.zxlib) success 9ms
|     |     |     +- compile exe compile-rx-io Debug native (+1 more reused dependencies)
|     |     +- options cached
|     |     +- run exe replay-rx-io-library (program.zig) (+2 more reused dependencies)
|     +- run test 3 pass (3 total) 3ms MaxRSS:1M
|     |  +- compile test Debug native success 1s MaxRSS:244M
|     |     +- run exe replay-rx-io-library (program.zig) success 10ms
|     |     |  +- compile exe replay-rx-io-library Debug native (+1 more reused dependencies)
|     |     |  +- run exe compile-rx-io (workflow.zxlib) cached
|     |     |     +- compile exe compile-rx-io Debug native (+1 more reused dependencies)
|     |     +- options cached
|     |     +- run exe replay-rx-io-library (program.zig) (+2 more reused dependencies)
|     +- run test 3 pass (3 total) 5ms MaxRSS:1M
|     |  +- compile test Debug native success 1s MaxRSS:257M
|     |     +- run exe replay-rx-io-library (program.zig) success 11ms
|     |     |  +- compile exe replay-rx-io-library Debug native (+1 more reused dependencies)
|     |     |  +- run exe compile-rx-io (workflow.zxlib) cached
|     |     |     +- compile exe compile-rx-io Debug native (+1 more reused dependencies)
|     |     +- options cached
|     |     +- run exe replay-rx-io-library (program.zig) (+2 more reused dependencies)
|     +- run test 3 pass (3 total) 3ms MaxRSS:1M
|     |  +- compile test Debug native success 1s MaxRSS:319M
|     |     +- run exe replay-rx-io-library (program.zig) success 10ms
|     |     |  +- compile exe replay-rx-io-library Debug native (+1 more reused dependencies)
|     |     |  +- run exe compile-rx-io (workflow.zxlib) cached
|     |     |     +- compile exe compile-rx-io Debug native (+1 more reused dependencies)
|     |     +- options cached
|     |     +- run exe replay-rx-io-library (program.zig) (+2 more reused dependencies)
|     +- run test 3 pass (3 total) 6ms MaxRSS:1M
|     |  +- compile test Debug native success 1s MaxRSS:265M
|     |     +- run exe replay-rx-io-library (program.zig) success 9ms
|     |     |  +- compile exe replay-rx-io-library Debug native (+1 more reused dependencies)
|     |     |  +- run exe consume-rx-io-library (consumer.zxlib) success 12ms
|     |     |     +- compile exe consume-rx-io-library Debug native (+1 more reused dependencies)
|     |     |     +- run exe compile-rx-io (workflow.zxlib) cached
|     |     |        +- compile exe compile-rx-io Debug native (+1 more reused dependencies)
|     |     +- options cached
|     |     +- run exe replay-rx-io-library (program.zig) (+2 more reused dependencies)
|     +- run test 3 pass (3 total) 3ms MaxRSS:1M
|     |  +- compile test Debug native success 1s MaxRSS:323M
|     |     +- run exe replay-rx-io-library (program.zig) success 10ms
|     |     |  +- compile exe replay-rx-io-library Debug native (+1 more reused dependencies)
|     |     |  +- run exe consume-rx-io-library (consumer.zxlib) success 12ms
|     |     |     +- compile exe consume-rx-io-library Debug native (+1 more reused dependencies)
|     |     |     +- run exe compile-rx-io (workflow.zxlib) cached
|     |     |        +- compile exe compile-rx-io Debug native (+1 more reused dependencies)
|     |     +- options cached
|     |     +- run exe replay-rx-io-library (program.zig) (+2 more reused dependencies)
|     +- run test 3 pass (3 total) 5ms MaxRSS:1M
|     |  +- compile test Debug native success 1s MaxRSS:264M
|     |     +- run exe replay-rx-io-library (program.zig) success 10ms
|     |     |  +- compile exe replay-rx-io-library Debug native (+1 more reused dependencies)
|     |     |  +- run exe consume-rx-io-library (consumer.zxlib) success 19ms
|     |     |     +- compile exe consume-rx-io-library Debug native (+1 more reused dependencies)
|     |     |     +- run exe compile-rx-io (workflow.zxlib) success 10ms
|     |     |        +- compile exe compile-rx-io Debug native (+1 more reused dependencies)
|     |     +- options cached
|     |     +- run exe replay-rx-io-library (program.zig) (+2 more reused dependencies)
|     +- run test 3 pass (3 total) 3ms MaxRSS:1M
|     |  +- compile test Debug native success 1s MaxRSS:326M
|     |     +- run exe replay-rx-io-library (program.zig) success 10ms
|     |     |  +- compile exe replay-rx-io-library Debug native (+1 more reused dependencies)
|     |     |  +- run exe consume-rx-io-library (consumer.zxlib) success 12ms
|     |     |     +- compile exe consume-rx-io-library Debug native (+1 more reused dependencies)
|     |     |     +- run exe compile-rx-io (workflow.zxlib) cached
|     |     |        +- compile exe compile-rx-io Debug native (+1 more reused dependencies)
|     |     +- options cached
|     |     +- run exe replay-rx-io-library (program.zig) (+2 more reused dependencies)
|     +- run test 3 pass (3 total) 6ms MaxRSS:1M
|     |  +- compile test Debug native success 1s MaxRSS:347M
|     |     +- run exe replay-rx-io-library (program.zig) success 10ms
|     |     |  +- compile exe replay-rx-io-library Debug native (+1 more reused dependencies)
|     |     |  +- run exe consume-rx-io-library (consumer.zxlib) success 12ms
|     |     |     +- compile exe consume-rx-io-library Debug native (+1 more reused dependencies)
|     |     |     +- run exe compile-rx-io (workflow.zxlib) cached
|     |     |        +- compile exe compile-rx-io Debug native (+1 more reused dependencies)
|     |     +- options cached
|     |     +- run exe replay-rx-io-library (program.zig) (+2 more reused dependencies)
|     +- run test 3 pass (3 total) 3ms MaxRSS:1M
|     |  +- compile test Debug native success 1s MaxRSS:242M
|     |     +- run exe replay-rx-io-library (program.zig) success 10ms
|     |     |  +- compile exe replay-rx-io-library Debug native (+1 more reused dependencies)
|     |     |  +- run exe consume-rx-io-library (consumer.zxlib) success 11ms
|     |     |     +- compile exe consume-rx-io-library Debug native (+1 more reused dependencies)
|     |     |     +- run exe compile-rx-io (workflow.zxlib) cached
|     |     |        +- compile exe compile-rx-io Debug native (+1 more reused dependencies)
|     |     +- options cached
|     |     +- run exe replay-rx-io-library (program.zig) (+2 more reused dependencies)
|     +- run test 3 pass (3 total) 6ms MaxRSS:1M
|     |  +- compile test Debug native success 1s MaxRSS:271M
|     |     +- run exe replay-rx-io-library (program.zig) success 9ms
|     |     |  +- compile exe replay-rx-io-library Debug native (+1 more reused dependencies)
|     |     |  +- run exe consume-rx-io-library (consumer.zxlib) success 11ms
|     |     |     +- compile exe consume-rx-io-library Debug native (+1 more reused dependencies)
|     |     |     +- run exe compile-rx-io (workflow.zxlib) cached
|     |     |        +- compile exe compile-rx-io Debug native (+1 more reused dependencies)
|     |     +- options cached
|     |     +- run exe replay-rx-io-library (program.zig) (+2 more reused dependencies)
|     +- run test 3 pass (3 total) 3ms MaxRSS:1M
|     |  +- compile test Debug native success 1s MaxRSS:253M
|     |     +- run exe replay-rx-io-library (program.zig) success 10ms
|     |     |  +- compile exe replay-rx-io-library Debug native (+1 more reused dependencies)
|     |     |  +- run exe consume-rx-io-library (consumer.zxlib) success 12ms
|     |     |     +- compile exe consume-rx-io-library Debug native (+1 more reused dependencies)
|     |     |     +- run exe compile-rx-io (workflow.zxlib) cached
|     |     |        +- compile exe compile-rx-io Debug native (+1 more reused dependencies)
|     |     +- options cached
|     |     +- run exe replay-rx-io-library (program.zig) (+2 more reused dependencies)
|     +- run test 3 pass (3 total) 5ms MaxRSS:1M
|     |  +- compile test Debug native success 1s MaxRSS:276M
|     |     +- run exe replay-rx-io-library (program.zig) success 9ms
|     |     |  +- compile exe replay-rx-io-library Debug native (+1 more reused dependencies)
|     |     |  +- run exe consume-rx-io-library (republished.zxlib) success 12ms
|     |     |     +- compile exe consume-rx-io-library Debug native (+1 more reused dependencies)
|     |     |     +- run exe consume-rx-io-library (consumer.zxlib) cached
|     |     |        +- compile exe consume-rx-io-library Debug native (+1 more reused dependencies)
|     |     |        +- run exe compile-rx-io (workflow.zxlib) cached
|     |     |           +- compile exe compile-rx-io Debug native (+1 more reused dependencies)
|     |     +- options cached
|     |     +- run exe replay-rx-io-library (program.zig) (+2 more reused dependencies)
|     +- run test 3 pass (3 total) 3ms MaxRSS:1M
|     |  +- compile test Debug native success 1s MaxRSS:255M
|     |     +- run exe replay-rx-io-library (program.zig) success 9ms
|     |     |  +- compile exe replay-rx-io-library Debug native (+1 more reused dependencies)
|     |     |  +- run exe consume-rx-io-library (republished.zxlib) success 12ms
|     |     |     +- compile exe consume-rx-io-library Debug native (+1 more reused dependencies)
|     |     |     +- run exe consume-rx-io-library (consumer.zxlib) cached
|     |     |        +- compile exe consume-rx-io-library Debug native (+1 more reused dependencies)
|     |     |        +- run exe compile-rx-io (workflow.zxlib) cached
|     |     |           +- compile exe compile-rx-io Debug native (+1 more reused dependencies)
|     |     +- options cached
|     |     +- run exe replay-rx-io-library (program.zig) (+2 more reused dependencies)
|     +- run test 3 pass (3 total) 6ms MaxRSS:1M
|     |  +- compile test Debug native success 1s MaxRSS:332M
|     |     +- run exe replay-rx-io-library (program.zig) success 10ms
|     |     |  +- compile exe replay-rx-io-library Debug native (+1 more reused dependencies)
|     |     |  +- run exe consume-rx-io-library (republished.zxlib) success 12ms
|     |     |     +- compile exe consume-rx-io-library Debug native (+1 more reused dependencies)
|     |     |     +- run exe consume-rx-io-library (consumer.zxlib) cached
|     |     |        +- compile exe consume-rx-io-library Debug native (+1 more reused dependencies)
|     |     |        +- run exe compile-rx-io (workflow.zxlib) cached
|     |     |           +- compile exe compile-rx-io Debug native (+1 more reused dependencies)
|     |     +- options cached
|     |     +- run exe replay-rx-io-library (program.zig) (+2 more reused dependencies)
|     +- run test 3 pass (3 total) 3ms MaxRSS:1M
|     |  +- compile test Debug native success 1s MaxRSS:253M
|     |     +- run exe replay-rx-io-library (program.zig) success 10ms
|     |     |  +- compile exe replay-rx-io-library Debug native (+1 more reused dependencies)
|     |     |  +- run exe consume-rx-io-library (republished.zxlib) success 11ms
|     |     |     +- compile exe consume-rx-io-library Debug native (+1 more reused dependencies)
|     |     |     +- run exe consume-rx-io-library (consumer.zxlib) cached
|     |     |        +- compile exe consume-rx-io-library Debug native (+1 more reused dependencies)
|     |     |        +- run exe compile-rx-io (workflow.zxlib) cached
|     |     |           +- compile exe compile-rx-io Debug native (+1 more reused dependencies)
|     |     +- options cached
|     |     +- run exe replay-rx-io-library (program.zig) (+2 more reused dependencies)
|     +- run test 2 pass (2 total) 3ms MaxRSS:1M
|     |  +- compile test Debug native success 1s MaxRSS:252M
|     |     +- run exe replay-rx-io-library (program.zig) success 6ms
|     |     |  +- compile exe replay-rx-io-library Debug native (+1 more reused dependencies)
|     |     |  +- run exe compile-rx-io (workflow.zxlib) success 10ms
|     |     |     +- compile exe compile-rx-io Debug native (+1 more reused dependencies)
|     |     +- options cached
|     |     +- run exe replay-rx-io-library (program.zig) (+2 more reused dependencies)
|     +- run test 3 pass (3 total) 3ms MaxRSS:1M
|     |  +- compile test Debug native success 1s MaxRSS:242M
|     |     +- run exe replay-rx-io-library (program.zig) success 6ms
|     |     |  +- compile exe replay-rx-io-library Debug native (+1 more reused dependencies)
|     |     |  +- run exe compile-rx-io (workflow.zxlib) cached
|     |     |     +- compile exe compile-rx-io Debug native (+1 more reused dependencies)
|     |     +- options cached
|     |     +- run exe replay-rx-io-library (program.zig) (+2 more reused dependencies)
|     +- run test 2 pass (2 total) 3ms MaxRSS:1M
|     |  +- compile test Debug native success 1s MaxRSS:266M
|     |     +- run exe replay-rx-io-library (program.zig) success 7ms
|     |     |  +- compile exe replay-rx-io-library Debug native (+1 more reused dependencies)
|     |     |  +- run exe compile-rx-io (workflow.zxlib) cached
|     |     |     +- compile exe compile-rx-io Debug native (+1 more reused dependencies)
|     |     +- options cached
|     |     +- run exe replay-rx-io-library (program.zig) (+2 more reused dependencies)
|     +- run test 3 pass (3 total) 3ms MaxRSS:1M
|     |  +- compile test Debug native success 1s MaxRSS:241M
|     |     +- run exe replay-rx-io-library (program.zig) success 7ms
|     |     |  +- compile exe replay-rx-io-library Debug native (+1 more reused dependencies)
|     |     |  +- run exe compile-rx-io (workflow.zxlib) success 20ms
|     |     |     +- compile exe compile-rx-io Debug native (+1 more reused dependencies)
|     |     +- options cached
|     |     +- run exe replay-rx-io-library (program.zig) (+2 more reused dependencies)
|     +- run test 2 pass (2 total) 3ms MaxRSS:1M
|     |  +- compile test Debug native success 1s MaxRSS:270M
|     |     +- run exe replay-rx-io-library (program.zig) success 6ms
|     |     |  +- compile exe replay-rx-io-library Debug native (+1 more reused dependencies)
|     |     |  +- run exe consume-rx-io-library (consumer.zxlib) success 7ms
|     |     |     +- compile exe consume-rx-io-library Debug native (+1 more reused dependencies)
|     |     |     +- run exe compile-rx-io (workflow.zxlib) cached
|     |     |        +- compile exe compile-rx-io Debug native (+1 more reused dependencies)
|     |     +- options cached
|     |     +- run exe replay-rx-io-library (program.zig) (+2 more reused dependencies)
|     +- run test 3 pass (3 total) 3ms MaxRSS:1M
|     |  +- compile test Debug native success 1s MaxRSS:243M
|     |     +- run exe replay-rx-io-library (program.zig) success 6ms
|     |     |  +- compile exe replay-rx-io-library Debug native (+1 more reused dependencies)
|     |     |  +- run exe consume-rx-io-library (consumer.zxlib) cached
|     |     |     +- compile exe consume-rx-io-library Debug native (+1 more reused dependencies)
|     |     |     +- run exe compile-rx-io (workflow.zxlib) cached
|     |     |        +- compile exe compile-rx-io Debug native (+1 more reused dependencies)
|     |     +- options cached
|     |     +- run exe replay-rx-io-library (program.zig) (+2 more reused dependencies)
|     +- run test 2 pass (2 total) 3ms MaxRSS:1M
|     |  +- compile test Debug native success 1s MaxRSS:328M
|     |     +- run exe replay-rx-io-library (program.zig) success 7ms
|     |     |  +- compile exe replay-rx-io-library Debug native (+1 more reused dependencies)
|     |     |  +- run exe consume-rx-io-library (consumer.zxlib) success 7ms
|     |     |     +- compile exe consume-rx-io-library Debug native (+1 more reused dependencies)
|     |     |     +- run exe compile-rx-io (workflow.zxlib) cached
|     |     |        +- compile exe compile-rx-io Debug native (+1 more reused dependencies)
|     |     +- options cached
|     |     +- run exe replay-rx-io-library (program.zig) (+2 more reused dependencies)
|     +- run test 3 pass (3 total) 2ms MaxRSS:1M
|     |  +- compile test Debug native success 1s MaxRSS:252M
|     |     +- run exe replay-rx-io-library (program.zig) success 7ms
|     |     |  +- compile exe replay-rx-io-library Debug native (+1 more reused dependencies)
|     |     |  +- run exe consume-rx-io-library (consumer.zxlib) cached
|     |     |     +- compile exe consume-rx-io-library Debug native (+1 more reused dependencies)
|     |     |     +- run exe compile-rx-io (workflow.zxlib) cached
|     |     |        +- compile exe compile-rx-io Debug native (+1 more reused dependencies)
|     |     +- options cached
|     |     +- run exe replay-rx-io-library (program.zig) (+2 more reused dependencies)
|     +- run test 2 pass (2 total) 3ms MaxRSS:1M
|     |  +- compile test Debug native success 1s MaxRSS:258M
|     |     +- run exe replay-rx-io-library (program.zig) success 6ms
|     |     |  +- compile exe replay-rx-io-library Debug native (+1 more reused dependencies)
|     |     |  +- run exe consume-rx-io-library (consumer.zxlib) success 7ms
|     |     |     +- compile exe consume-rx-io-library Debug native (+1 more reused dependencies)
|     |     |     +- run exe compile-rx-io (workflow.zxlib) cached
|     |     |        +- compile exe compile-rx-io Debug native (+1 more reused dependencies)
|     |     +- options cached
|     |     +- run exe replay-rx-io-library (program.zig) (+2 more reused dependencies)
|     +- run test 3 pass (3 total) 3ms MaxRSS:1M
|     |  +- compile test Debug native success 1s MaxRSS:239M
|     |     +- run exe replay-rx-io-library (program.zig) success 7ms
|     |     |  +- compile exe replay-rx-io-library Debug native (+1 more reused dependencies)
|     |     |  +- run exe consume-rx-io-library (consumer.zxlib) success 7ms
|     |     |     +- compile exe consume-rx-io-library Debug native (+1 more reused dependencies)
|     |     |     +- run exe compile-rx-io (workflow.zxlib) cached
|     |     |        +- compile exe compile-rx-io Debug native (+1 more reused dependencies)
|     |     +- options cached
|     |     +- run exe replay-rx-io-library (program.zig) (+2 more reused dependencies)
|     +- run test 2 pass (2 total) 3ms MaxRSS:1M
|     |  +- compile test Debug native success 1s MaxRSS:258M
|     |     +- run exe replay-rx-io-library (program.zig) success 7ms
|     |     |  +- compile exe replay-rx-io-library Debug native (+1 more reused dependencies)
|     |     |  +- run exe consume-rx-io-library (consumer.zxlib) success 7ms
|     |     |     +- compile exe consume-rx-io-library Debug native (+1 more reused dependencies)
|     |     |     +- run exe compile-rx-io (workflow.zxlib) cached
|     |     |        +- compile exe compile-rx-io Debug native (+1 more reused dependencies)
|     |     +- options cached
|     |     +- run exe replay-rx-io-library (program.zig) (+2 more reused dependencies)
|     +- run test 3 pass (3 total) 3ms MaxRSS:1M
|     |  +- compile test Debug native success 1s MaxRSS:249M
|     |     +- run exe replay-rx-io-library (program.zig) success 6ms
|     |     |  +- compile exe replay-rx-io-library Debug native (+1 more reused dependencies)
|     |     |  +- run exe consume-rx-io-library (consumer.zxlib) success 7ms
|     |     |     +- compile exe consume-rx-io-library Debug native (+1 more reused dependencies)
|     |     |     +- run exe compile-rx-io (workflow.zxlib) cached
|     |     |        +- compile exe compile-rx-io Debug native (+1 more reused dependencies)
|     |     +- options cached
|     |     +- run exe replay-rx-io-library (program.zig) (+2 more reused dependencies)
|     +- run test 2 pass (2 total) 4ms MaxRSS:1M
|     |  +- compile test Debug native success 1s MaxRSS:308M
|     |     +- run exe replay-rx-io-library (program.zig) success 7ms
|     |     |  +- compile exe replay-rx-io-library Debug native (+1 more reused dependencies)
|     |     |  +- run exe consume-rx-io-library (republished.zxlib) success 8ms
|     |     |     +- compile exe consume-rx-io-library Debug native (+1 more reused dependencies)
|     |     |     +- run exe consume-rx-io-library (consumer.zxlib) cached
|     |     |        +- compile exe consume-rx-io-library Debug native (+1 more reused dependencies)
|     |     |        +- run exe compile-rx-io (workflow.zxlib) cached
|     |     |           +- compile exe compile-rx-io Debug native (+1 more reused dependencies)
|     |     +- options cached
|     |     +- run exe replay-rx-io-library (program.zig) (+2 more reused dependencies)
|     +- run test 3 pass (3 total) 3ms MaxRSS:1M
|     |  +- compile test Debug native success 1s MaxRSS:242M
|     |     +- run exe replay-rx-io-library (program.zig) success 6ms
|     |     |  +- compile exe replay-rx-io-library Debug native (+1 more reused dependencies)
|     |     |  +- run exe consume-rx-io-library (republished.zxlib) success 8ms
|     |     |     +- compile exe consume-rx-io-library Debug native (+1 more reused dependencies)
|     |     |     +- run exe consume-rx-io-library (consumer.zxlib) success 8ms
|     |     |        +- compile exe consume-rx-io-library Debug native (+1 more reused dependencies)
|     |     |        +- run exe compile-rx-io (workflow.zxlib) cached
|     |     |           +- compile exe compile-rx-io Debug native (+1 more reused dependencies)
|     |     +- options cached
|     |     +- run exe replay-rx-io-library (program.zig) (+2 more reused dependencies)
|     +- run test 2 pass (2 total) 4ms MaxRSS:1M
|     |  +- compile test Debug native success 1s MaxRSS:263M
|     |     +- run exe replay-rx-io-library (program.zig) success 7ms
|     |     |  +- compile exe replay-rx-io-library Debug native (+1 more reused dependencies)
|     |     |  +- run exe consume-rx-io-library (republished.zxlib) success 7ms
|     |     |     +- compile exe consume-rx-io-library Debug native (+1 more reused dependencies)
|     |     |     +- run exe consume-rx-io-library (consumer.zxlib) cached
|     |     |        +- compile exe consume-rx-io-library Debug native (+1 more reused dependencies)
|     |     |        +- run exe compile-rx-io (workflow.zxlib) cached
|     |     |           +- compile exe compile-rx-io Debug native (+1 more reused dependencies)
|     |     +- options cached
|     |     +- run exe replay-rx-io-library (program.zig) (+2 more reused dependencies)
|     +- run test 3 pass (3 total) 3ms MaxRSS:1M
|        +- compile test Debug native success 1s MaxRSS:239M
|           +- run exe replay-rx-io-library (program.zig) success 6ms
|           |  +- compile exe replay-rx-io-library Debug native (+1 more reused dependencies)
|           |  +- run exe consume-rx-io-library (republished.zxlib) success 8ms
|           |     +- compile exe consume-rx-io-library Debug native (+1 more reused dependencies)
|           |     +- run exe consume-rx-io-library (consumer.zxlib) success 8ms
|           |        +- compile exe consume-rx-io-library Debug native (+1 more reused dependencies)
|           |        +- run exe compile-rx-io (workflow.zxlib) cached
|           |           +- compile exe compile-rx-io Debug native (+1 more reused dependencies)
|           +- options cached
|           +- run exe replay-rx-io-library (program.zig) (+2 more reused dependencies)
+- run test 5 pass (5 total) 3ms MaxRSS:1M
|  +- compile test Debug native success 1s MaxRSS:242M
|     +- run exe compile-rx-module (program.zig) success 5ms
|     |  +- compile exe compile-rx-module Debug native success 3s MaxRSS:513M
|     |     +- WriteFile interfaces/0.d.zx (reused)
|     +- run exe compile-rx-module (program.zig) (+1 more reused dependencies)
+- run test 3 pass (3 total) 3ms MaxRSS:1M
|  +- compile test Debug native success 1s MaxRSS:253M
|     +- run exe compile-rx-module (program.zig) success 4ms
|     |  +- compile exe compile-rx-module Debug native (+1 more reused dependencies)
|     +- run exe compile-rx-module (program.zig) (+1 more reused dependencies)
+- run test 2 pass (2 total) 3ms MaxRSS:1M
|  +- compile test Debug native success 1s MaxRSS:243M
|     +- run exe compile-rx-module (program.zig) success 4ms
|     |  +- compile exe compile-rx-module Debug native (+1 more reused dependencies)
|     +- run exe compile-rx-module (program.zig) (+1 more reused dependencies)
+- run test 3 pass (3 total) 3ms MaxRSS:1M
|  +- compile test Debug native success 1s MaxRSS:244M
|     +- run exe compile-rx-module (program.zig) success 5ms
|     |  +- compile exe compile-rx-module Debug native (+1 more reused dependencies)
|     +- run exe compile-rx-module (program.zig) (+1 more reused dependencies)
+- run test 3 pass (3 total) 3ms MaxRSS:1M
|  +- compile test Debug native success 1s MaxRSS:254M
|     +- run exe compile-rx-module (program.zig) success 5ms
|     |  +- compile exe compile-rx-module Debug native (+1 more reused dependencies)
|     +- run exe compile-rx-module (program.zig) (+1 more reused dependencies)
+- run test 6 pass (6 total) 3ms MaxRSS:1M
|  +- compile test Debug native success 1s MaxRSS:313M
|     +- run exe compile-rx-module (program.zig) success 4ms
|     |  +- compile exe compile-rx-module Debug native (+1 more reused dependencies)
|     +- run exe compile-rx-module (program.zig) (+1 more reused dependencies)
+- run test 5 pass (5 total) 3ms MaxRSS:1M
|  +- compile test Debug native success 1s MaxRSS:247M
|     +- run exe compile-rx-module (program.zig) success 5ms
|     |  +- compile exe compile-rx-module Debug native (+1 more reused dependencies)
|     +- run exe compile-rx-module (program.zig) (+1 more reused dependencies)
+- run test 4 pass (4 total) 3ms MaxRSS:1M
|  +- compile test Debug native success 1s MaxRSS:249M
|     +- run exe compile-rx-module (program.zig) success 4ms
|     |  +- compile exe compile-rx-module Debug native (+1 more reused dependencies)
|     +- run exe compile-rx-module (program.zig) (+1 more reused dependencies)
+- run test 3 pass (3 total) 3ms MaxRSS:1M
|  +- compile test Debug native success 1s MaxRSS:245M
|     +- run exe compile-rx-module (program.zig) success 4ms
|     |  +- compile exe compile-rx-module Debug native (+1 more reused dependencies)
|     +- run exe compile-rx-module (program.zig) (+1 more reused dependencies)
+- run test 6 pass (6 total) 3ms MaxRSS:1M
|  +- compile test Debug native success 1s MaxRSS:241M
|     +- run exe compile-rx-module (program.zig) success 5ms
|     |  +- compile exe compile-rx-module Debug native (+1 more reused dependencies)
|     +- run exe compile-rx-module (program.zig) (+1 more reused dependencies)
+- run test 7 pass (7 total) 3ms MaxRSS:1M
|  +- compile test Debug native success 1s MaxRSS:241M
|     +- run exe compile-rx-module (program.zig) success 4ms
|     |  +- compile exe compile-rx-module Debug native (+1 more reused dependencies)
|     +- run exe compile-rx-module (program.zig) (+1 more reused dependencies)
+- run test 4 pass (4 total) 3ms MaxRSS:1M
|  +- compile test Debug native success 1s MaxRSS:239M
|     +- run exe compile-rx-project (program.zig) success 5ms
|     |  +- compile exe compile-rx-project Debug native success 3s MaxRSS:552M
|     |     +- WriteFile interfaces/0.d.zx (reused)
|     +- run exe compile-rx-project (program.zig) (+1 more reused dependencies)
+- run test 4 pass (4 total) 5ms MaxRSS:1M
|  +- compile test Debug native success 1s MaxRSS:251M
|     +- run exe compile-rx-project (program.zig) success 5ms
|     |  +- compile exe compile-rx-project Debug native (+1 more reused dependencies)
|     +- run exe compile-rx-project (program.zig) (+1 more reused dependencies)
+- run test 5 pass (5 total) 3ms MaxRSS:1M
|  +- compile test Debug native success 1s MaxRSS:244M
|     +- run exe compile-rx-project (program.zig) success 5ms
|     |  +- compile exe compile-rx-project Debug native (+1 more reused dependencies)
|     +- run exe compile-rx-project (program.zig) (+1 more reused dependencies)
+- run test 5 pass (5 total) 3ms MaxRSS:1M
|  +- compile test Debug native success 1s MaxRSS:247M
|     +- run exe compile-rx-project (program.zig) success 5ms
|     |  +- compile exe compile-rx-project Debug native (+1 more reused dependencies)
|     +- run exe compile-rx-project (program.zig) (+1 more reused dependencies)
+- run test 5 pass (5 total) 3ms MaxRSS:1M
|  +- compile test Debug native success 1s MaxRSS:250M
|     +- run exe compile-rx-project (program.zig) success 5ms
|     |  +- compile exe compile-rx-project Debug native (+1 more reused dependencies)
|     +- run exe compile-rx-project (program.zig) (+1 more reused dependencies)
+- run test 5 pass (5 total) 3ms MaxRSS:1M
|  +- compile test Debug native success 1s MaxRSS:258M
|     +- run exe compile-rx-project (program.zig) success 5ms
|     |  +- compile exe compile-rx-project Debug native (+1 more reused dependencies)
|     +- run exe compile-rx-project (program.zig) (+1 more reused dependencies)
+- run test 5 pass (5 total) 3ms MaxRSS:1M
|  +- compile test Debug native success 1s MaxRSS:245M
|     +- run exe compile-rx-project (program.zig) success 5ms
|     |  +- compile exe compile-rx-project Debug native (+1 more reused dependencies)
|     +- run exe compile-rx-project (program.zig) (+1 more reused dependencies)
+- run test 6 pass (6 total) 3ms MaxRSS:1M
|  +- compile test Debug native success 1s MaxRSS:247M
|     +- run exe compile-rx-project (program.zig) success 4ms
|     |  +- compile exe compile-rx-project Debug native (+1 more reused dependencies)
|     +- run exe compile-rx-project (program.zig) (+1 more reused dependencies)
+- run test 6 pass (6 total) 2ms MaxRSS:1M
|  +- compile test Debug native success 1s MaxRSS:247M
|     +- run exe compile-rx-project (program.zig) success 4ms
|     |  +- compile exe compile-rx-project Debug native (+1 more reused dependencies)
|     +- run exe compile-rx-project (program.zig) (+1 more reused dependencies)
+- run test 6 pass (6 total) 3ms MaxRSS:1M
|  +- compile test Debug native success 1s MaxRSS:248M
|     +- run exe compile-rx-project (program.zig) success 5ms
|     |  +- compile exe compile-rx-project Debug native (+1 more reused dependencies)
|     +- run exe compile-rx-project (program.zig) (+1 more reused dependencies)
+- run test 5 pass (5 total) 3ms MaxRSS:1M
|  +- compile test Debug native success 1s MaxRSS:259M
|     +- run exe compile-rx-project (program.zig) success 4ms
|     |  +- compile exe compile-rx-project Debug native (+1 more reused dependencies)
|     +- run exe compile-rx-project (program.zig) (+1 more reused dependencies)
+- run test 10 pass (10 total) 3ms MaxRSS:1M
|  +- compile test Debug native success 1s MaxRSS:251M
|     +- run exe compile-rx-project (program.zig) success 4ms
|     |  +- compile exe compile-rx-project Debug native (+1 more reused dependencies)
|     +- run exe compile-rx-project (program.zig) (+1 more reused dependencies)
+- run test 5 pass (5 total) 3ms MaxRSS:1M
|  +- compile test Debug native success 1s MaxRSS:238M
|     +- run exe compile-rx-module (program.zig) success 4ms
|     |  +- compile exe compile-rx-module Debug native (+1 more reused dependencies)
|     +- run exe compile-rx-module (program.zig) (+1 more reused dependencies)
+- run test 8 pass (8 total) 3ms MaxRSS:1M
|  +- compile test Debug native success 1s MaxRSS:240M
|     +- run exe compile-rx-module (program.zig) success 5ms
|     |  +- compile exe compile-rx-module Debug native (+1 more reused dependencies)
|     +- run exe compile-rx-module (program.zig) (+1 more reused dependencies)
+- run test 16 pass (16 total) 4ms MaxRSS:1M
|  +- compile test Debug native success 1s MaxRSS:252M
|     +- run exe compile-rx-store (program.zig) success 6ms
|     |  +- compile exe compile-rx-store Debug native success 3s MaxRSS:505M
|     |     +- WriteFile interfaces/0.d.zx (reused)
|     +- run exe compile-rx-store (program.zig) (+1 more reused dependencies)
|     +- run exe compile-rx-store (program.zig) (+1 more reused dependencies)
+- run test 16 pass (16 total) 3ms MaxRSS:1M
   +- compile test Debug native success 1s MaxRSS:259M
      +- run exe compile-rx-store (program.zig) success 6ms
      |  +- compile exe compile-rx-store Debug native (+1 more reused dependencies)
      +- run exe compile-rx-store (program.zig) (+1 more reused dependencies)
      +- run exe compile-rx-store (program.zig) (+1 more reused dependencies)
