1/3 readonly_test.test.generated State rejects read only Object publication...OK
2/3 readonly_test.test.generated State multiple Object guard preserves read only and writable values...OK
3/3 readonly_test.test.generated State writable peer remains usable with a read only Object...OK
All 3 tests passed.
✔ generated Store memory consumer ./packages/test/tests/rx/runtime/store/memory/readonly_test.zig (ReleaseSafe) (6243.224242ms)
ℹ tests 1
ℹ suites 0
ℹ pass 1
ℹ fail 0
ℹ cancelled 0
ℹ skipped 0
ℹ todo 0
ℹ duration_ms 6246.272813
1/1 request_registration_test.test.generated Request fails Region registration before publishing either Object...OK
All 1 tests passed.
✔ generated Store memory consumer ./packages/test/tests/rx/runtime/store/memory/request_registration_test.zig (ReleaseSafe) (6128.230727ms)
ℹ tests 1
ℹ suites 0
ℹ pass 1
ℹ fail 0
ℹ cancelled 0
ℹ skipped 0
ℹ todo 0
ℹ duration_ms 6131.167857
1/8 request_test.test.generated Request retains published values and outputs after request destruction...OK
2/8 request_test.test.generated Request continuity releases all failed allocations...OK
3/8 request_test.test.generated Request empty commit releases its independent arena...OK
4/8 request_test.test.generated Request rejected multi Object commit releases candidate storage...OK
5/8 request_test.test.generated State destruction releases committed request arenas...OK
6/8 request_test.test.generated Request isolates two live State instances...OK
7/8 request_test.test.generated overlapping Request lifetimes observe current committed slots...OK
8/8 request_test.test.generated Request finite write sequence retains earliest snapshot...OK
All 8 tests passed.
✔ generated Store memory consumer ./packages/test/tests/rx/runtime/store/memory/request_test.zig (ReleaseSafe) (6486.247237ms)
ℹ tests 1
ℹ suites 0
ℹ pass 1
ℹ fail 0
ℹ cancelled 0
ℹ skipped 0
ℹ todo 0
ℹ duration_ms 6489.229929
1/6 request_failure_test.test.generated Request first failing setter discards pending data and remains usable...OK
2/6 request_failure_test.test.generated Request later failing setter preserves earlier publication...OK
3/6 request_failure_test.test.generated Request first failure and recovery allocation failures...OK
4/6 request_failure_test.test.generated Request later failure and recovery allocation failures...OK
5/6 request_failure_test.test.generated Request failure before publication releases all temporary memory...OK
6/6 request_failure_test.test.generated Request failure after publication retains committed data until State destruction...OK
All 6 tests passed.
✔ generated Store memory consumer ./packages/test/tests/rx/runtime/store/memory/request_failure_test.zig (ReleaseSafe) (6607.199918ms)
ℹ tests 1
ℹ suites 0
ℹ pass 1
ℹ fail 0
ℹ cancelled 0
ℹ skipped 0
ℹ todo 0
ℹ duration_ms 6610.294797
1/4 request_readonly_test.test.generated readonly Request executes using its own arena...OK
2/4 request_readonly_test.test.generated readonly Request cleans every allocation failure...OK
3/4 request_readonly_test.test.generated readonly Request releases output storage after each request...OK
4/4 request_readonly_test.test.generated readonly Request rejects publication and releases candidates...OK
All 4 tests passed.
✔ generated Store memory consumer ./packages/test/tests/rx/runtime/store/memory/request_readonly_test.zig (ReleaseSafe) (6489.630233ms)
ℹ tests 1
ℹ suites 0
ℹ pass 1
ℹ fail 0
ℹ cancelled 0
ℹ skipped 0
ℹ todo 0
ℹ duration_ms 6492.664992
1/5 state_test.test.generated State continues across top level calls and retains old borrows...OK
2/5 state_test.test.generated State isolates two live application instances...OK
3/5 state_test.test.generated State rejects multiple Object publication before any write...OK
4/5 state_test.test.generated State accepts an empty pending update without replacing values...OK
5/5 state_test.test.generated State initialization and repeated calls release failed allocations...OK
All 5 tests passed.
✔ generated Store memory consumer ./packages/test/tests/rx/runtime/store/memory/state_test.zig (ReleaseSafe) (6211.096363ms)
ℹ tests 1
ℹ suites 0
ℹ pass 1
ℹ fail 0
ℹ cancelled 0
ℹ skipped 0
ℹ todo 0
ℹ duration_ms 6214.090689
1/4 failure_test.test.generated State first failing setter discards pending data and remains usable...OK
2/4 failure_test.test.generated State later failing setter preserves earlier publication...OK
3/4 failure_test.test.generated State first failure and recovery allocation failures...OK
4/4 failure_test.test.generated State later failure and recovery allocation failures...OK
All 4 tests passed.
✔ generated Store memory consumer ./packages/test/tests/rx/runtime/store/memory/failure_test.zig (ReleaseSafe) (6300.645364ms)
ℹ tests 1
ℹ suites 0
ℹ pass 1
ℹ fail 0
ℹ cancelled 0
ℹ skipped 0
ℹ todo 0
ℹ duration_ms 6304.669854
1/7 failure_test.test.Store IO missing first file prevents publication and permits recovery...OK
2/7 failure_test.test.Store IO first read limit failure prevents publication...OK
3/7 failure_test.test.Store IO first invalid UTF8 prevents publication...OK
4/7 failure_test.test.Store IO missing later file retains the earlier publication...OK
5/7 failure_test.test.Store IO later read limit failure retains the earlier publication...OK
6/7 failure_test.test.Store IO later invalid UTF8 retains the earlier publication...OK
7/7 failure_test.test.Store Request execute forwards its explicit host IO and preserves state on rejection...OK
All 7 tests passed.
✔ generated Store memory consumer ./packages/test/tests/rx/runtime/store/io/failure_test.zig (ReleaseSafe) (55.114815ms)
ℹ tests 1
ℹ suites 0
ℹ pass 1
ℹ fail 0
ℹ cancelled 0
ℹ skipped 0
ℹ todo 0
ℹ duration_ms 58.161041
1/7 failure_test.test.Store IO missing first file prevents publication and permits recovery...OK
2/7 failure_test.test.Store IO first read limit failure prevents publication...OK
3/7 failure_test.test.Store IO first invalid UTF8 prevents publication...OK
4/7 failure_test.test.Store IO missing later file retains the earlier publication...OK
5/7 failure_test.test.Store IO later read limit failure retains the earlier publication...OK
6/7 failure_test.test.Store IO later invalid UTF8 retains the earlier publication...OK
7/7 failure_test.test.Store Request execute forwards its explicit host IO and preserves state on rejection...OK
All 7 tests passed.
✔ generated Store memory consumer ./packages/test/tests/rx/runtime/store/io/failure_test.zig (ReleaseSafe) (54.036464ms)
ℹ tests 1
ℹ suites 0
ℹ pass 1
ℹ fail 0
ℹ cancelled 0
ℹ skipped 0
ℹ todo 0
ℹ duration_ms 57.145229
1/6 continuity_test.test.Store IO State initializes without a host IO argument...OK
2/6 continuity_test.test.Store IO Request retains file strings and outputs after request destruction...OK
3/6 continuity_test.test.Store IO Request continuity cleans every failed allocation...OK
4/6 continuity_test.test.Store IO State releases all retained file buffers on destruction...OK
5/6 continuity_test.test.Store IO Request finite write sequence retains the first published file...OK
6/6 continuity_test.test.Store IO Request does not publish into another live State...OK
All 6 tests passed.
✔ generated Store memory consumer ./packages/test/tests/rx/runtime/store/io/continuity_test.zig (ReleaseSafe) (58.93735ms)
ℹ tests 1
ℹ suites 0
ℹ pass 1
ℹ fail 0
ℹ cancelled 0
ℹ skipped 0
ℹ todo 0
ℹ duration_ms 61.771306
1/4 allocation_test.test.Store IO failure before commit and recovery clean every allocation failure...OK
2/4 allocation_test.test.Store IO failure after commit and recovery clean every allocation failure...OK
3/4 allocation_test.test.Store IO uncommitted error releases its entire request arena...OK
4/4 allocation_test.test.Store IO committed error retains bytes until State and parent arena destruction...OK
All 4 tests passed.
✔ generated Store memory consumer ./packages/test/tests/rx/runtime/store/io/allocation_test.zig (ReleaseSafe) (56.347493ms)
ℹ tests 1
ℹ suites 0
ℹ pass 1
ℹ fail 0
ℹ cancelled 0
ℹ skipped 0
ℹ todo 0
ℹ duration_ms 59.382464
1/4 allocation_test.test.Store IO failure before commit and recovery clean every allocation failure...OK
2/4 allocation_test.test.Store IO failure after commit and recovery clean every allocation failure...OK
3/4 allocation_test.test.Store IO uncommitted error releases its entire request arena...OK
4/4 allocation_test.test.Store IO committed error retains bytes until State and parent arena destruction...OK
All 4 tests passed.
✔ generated Store memory consumer ./packages/test/tests/rx/runtime/store/io/allocation_test.zig (ReleaseSafe) (58.086865ms)
ℹ tests 1
ℹ suites 0
ℹ pass 1
ℹ fail 0
ℹ cancelled 0
ℹ skipped 0
ℹ todo 0
ℹ duration_ms 61.140634
1/6 continuity_test.test.Store IO State initializes without a host IO argument...OK
2/6 continuity_test.test.Store IO Request retains file strings and outputs after request destruction...OK
3/6 continuity_test.test.Store IO Request continuity cleans every failed allocation...OK
4/6 continuity_test.test.Store IO State releases all retained file buffers on destruction...OK
5/6 continuity_test.test.Store IO Request finite write sequence retains the first published file...OK
6/6 continuity_test.test.Store IO Request does not publish into another live State...OK
All 6 tests passed.
✔ generated Store memory consumer ./packages/test/tests/rx/runtime/store/io/continuity_test.zig (ReleaseSafe) (61.261875ms)
ℹ tests 1
ℹ suites 0
ℹ pass 1
ℹ fail 0
ℹ cancelled 0
ℹ skipped 0
ℹ todo 0
ℹ duration_ms 64.104765
1/5 readonly_test.test.readonly Store IO Request combines file bytes and unchanged Store snapshot...OK
2/5 readonly_test.test.readonly Store IO Request releases every failed allocation...OK
3/5 readonly_test.test.readonly Store IO repeated requests release all file buffers after each request...OK
4/5 readonly_test.test.readonly Store IO failed request releases temporary memory without state change...OK
5/5 readonly_test.test.readonly Store Request forwards the supplied host IO without granting publication...OK
All 5 tests passed.
✔ generated Store memory consumer ./packages/test/tests/rx/runtime/store/io/readonly_test.zig (ReleaseSafe) (51.804593ms)
ℹ tests 1
ℹ suites 0
ℹ pass 1
ℹ fail 0
ℹ cancelled 0
ℹ skipped 0
ℹ todo 0
ℹ duration_ms 54.768659
Build Summary: 933/933 steps succeeded; 875/875 tests passed
test-rx-runtime success
+- test-rx-store-runtime success
|  +- run test 19 pass (19 total) 3ms MaxRSS:1M
|  |  +- compile test ReleaseSafe native success 6s MaxRSS:316M
|  |     +- run exe compile-rx-dual-store (program.zig) success 3ms
|  |     |  +- compile exe compile-rx-dual-store ReleaseSafe native success 20s MaxRSS:692M
|  |     |     +- WriteFile interfaces/0.d.zx cached
|  |     +- run exe compile-rx-dual-store (program.zig) (+1 more reused dependencies)
|  |     +- run exe compile-rx-dual-store (program.zig) (+1 more reused dependencies)
|  |     +- run exe compile-rx-dual-store (program.zig) (+1 more reused dependencies)
|  +- run test 8 pass (8 total) 2ms MaxRSS:1M
|  |  +- compile test ReleaseSafe native success 6s MaxRSS:318M
|  |     +- run exe compile-rx-dual-store (program.zig) success 4ms
|  |     |  +- compile exe compile-rx-dual-store ReleaseSafe native (+1 more reused dependencies)
|  |     +- run exe compile-rx-dual-store (program.zig) (+1 more reused dependencies)
|  |     +- run exe compile-rx-dual-store (program.zig) (+1 more reused dependencies)
|  |     +- run exe compile-rx-dual-store (program.zig) (+1 more reused dependencies)
|  +- run test 6 pass (6 total) 2ms MaxRSS:1M
|  |  +- compile test ReleaseSafe native success 6s MaxRSS:323M
|  |     +- run exe compile-rx-dual-store (program.zig) success 3ms
|  |     |  +- compile exe compile-rx-dual-store ReleaseSafe native (+1 more reused dependencies)
|  |     +- run exe compile-rx-dual-store (program.zig) (+1 more reused dependencies)
|  |     +- run exe compile-rx-dual-store (program.zig) (+1 more reused dependencies)
|  |     +- run exe compile-rx-dual-store (program.zig) (+1 more reused dependencies)
|  +- run test 6 pass (6 total) 2ms MaxRSS:1M
|  |  +- compile test ReleaseSafe native success 6s MaxRSS:318M
|  |     +- run exe compile-rx-dual-store (program.zig) success 3ms
|  |     |  +- compile exe compile-rx-dual-store ReleaseSafe native (+1 more reused dependencies)
|  |     +- run exe compile-rx-dual-store (program.zig) (+1 more reused dependencies)
|  |     +- run exe compile-rx-dual-store (program.zig) (+1 more reused dependencies)
|  |     +- run exe compile-rx-dual-store (program.zig) (+1 more reused dependencies)
|  +- test-rx-memory-state success
|  |  +- run node success 6s
|  |  |  +- run exe compile-rx-dual-store (generated) cached
|  |  |     +- compile exe compile-rx-dual-store ReleaseSafe native (+1 more reused dependencies)
|  |  +- run node success 6s
|  |  |  +- run exe compile-rx-dual-store (generated) success 4ms
|  |  |     +- compile exe compile-rx-dual-store ReleaseSafe native (+1 more reused dependencies)
|  |  +- run node success 6s
|  |  |  +- run exe compile-rx-dual-store (generated) cached
|  |  |     +- compile exe compile-rx-dual-store ReleaseSafe native (+1 more reused dependencies)
|  |  +- run node success 6s
|  |  |  +- run exe compile-rx-dual-store (generated) cached
|  |  |     +- compile exe compile-rx-dual-store ReleaseSafe native (+1 more reused dependencies)
|  |  +- run node success 6s
|  |  |  +- run exe compile-rx-dual-store (generated) success 3ms
|  |  |     +- compile exe compile-rx-dual-store ReleaseSafe native (+1 more reused dependencies)
|  |  +- run node success 6s
|  |  |  +- run exe compile-rx-dual-store (generated) success 4ms
|  |  |     +- compile exe compile-rx-dual-store ReleaseSafe native (+1 more reused dependencies)
|  |  +- run node success 6s
|  |     +- run exe compile-rx-dual-store (generated) success 3ms
|  |        +- compile exe compile-rx-dual-store ReleaseSafe native (+1 more reused dependencies)
|  +- test-rx-store-io success
|     +- run node success 121ms
|     |  +- run exe compile-rx-store-io (generated) cached
|     |     +- compile exe compile-rx-store-io ReleaseSafe native cached 48ms MaxRSS:21M
|     |        +- WriteFile interfaces/0.d.zx (reused)
|     +- run node success 118ms
|     |  +- run exe compile-rx-store-io (generated) (+1 more reused dependencies)
|     +- run node success 120ms
|     |  +- run exe compile-rx-store-io (generated) (+1 more reused dependencies)
|     +- run node success 123ms
|     |  +- run exe compile-rx-store-io (generated) cached
|     |     +- compile exe compile-rx-store-io ReleaseSafe native (+1 more reused dependencies)
|     +- run node success 113ms
|     |  +- run exe compile-rx-store-io (generated) (+1 more reused dependencies)
|     +- run node success 119ms
|     |  +- run exe compile-rx-store-io (generated) (+1 more reused dependencies)
|     +- run node success 116ms
|        +- run exe compile-rx-store-io (generated) cached
|           +- compile exe compile-rx-store-io ReleaseSafe native (+1 more reused dependencies)
+- test-rx-io success
|  +- test-rx-io-runtime success
|  |  +- run test 13 pass (13 total) 9ms MaxRSS:1M
|  |  |  +- compile test ReleaseSafe native cached 47ms MaxRSS:21M
|  |  |     +- run exe compile-rx-io (program.zig) cached
|  |  |     |  +- compile exe compile-rx-io ReleaseSafe native cached 49ms MaxRSS:21M
|  |  |     |     +- WriteFile interfaces/0.d.zx (reused)
|  |  |     +- options cached
|  |  |     +- run exe compile-rx-io (program.zig) (+1 more reused dependencies)
|  |  +- run test 13 pass (13 total) 9ms MaxRSS:1M
|  |  |  +- compile test ReleaseSafe native cached 43ms MaxRSS:21M
|  |  |     +- run exe compile-rx-io (program.zig) cached
|  |  |     |  +- compile exe compile-rx-io ReleaseSafe native (+1 more reused dependencies)
|  |  |     +- options cached
|  |  |     +- run exe compile-rx-io (program.zig) (+1 more reused dependencies)
|  |  +- run test 13 pass (13 total) 9ms MaxRSS:1M
|  |  |  +- compile test ReleaseSafe native cached 48ms MaxRSS:21M
|  |  |     +- run exe compile-rx-io (program.zig) cached
|  |  |     |  +- compile exe compile-rx-io ReleaseSafe native (+1 more reused dependencies)
|  |  |     +- options cached
|  |  |     +- run exe compile-rx-io (program.zig) (+1 more reused dependencies)
|  |  +- run test 4 pass (4 total) 4ms MaxRSS:1M
|  |  |  +- compile test ReleaseSafe native cached 44ms MaxRSS:21M
|  |  |     +- run exe compile-rx-io (program.zig) cached
|  |  |     |  +- compile exe compile-rx-io ReleaseSafe native (+1 more reused dependencies)
|  |  |     +- options cached
|  |  |     +- run exe compile-rx-io (program.zig) (+1 more reused dependencies)
|  |  +- run test 3 pass (3 total) 3ms MaxRSS:1M
|  |  |  +- compile test ReleaseSafe native cached 48ms MaxRSS:21M
|  |  |     +- run exe compile-rx-io (program.zig) cached
|  |  |     |  +- compile exe compile-rx-io ReleaseSafe native (+1 more reused dependencies)
|  |  |     +- options cached
|  |  |     +- run exe compile-rx-io (program.zig) (+1 more reused dependencies)
|  |  +- run test 3 pass (3 total) 4ms MaxRSS:1M
|  |  |  +- compile test ReleaseSafe native cached 44ms MaxRSS:21M
|  |  |     +- run exe compile-rx-io (program.zig) cached
|  |  |     |  +- compile exe compile-rx-io ReleaseSafe native (+1 more reused dependencies)
|  |  |     +- options cached
|  |  |     +- run exe compile-rx-io (program.zig) (+1 more reused dependencies)
|  |  +- run test 3 pass (3 total) 5ms MaxRSS:1M
|  |  |  +- compile test ReleaseSafe native cached 48ms MaxRSS:21M
|  |  |     +- run exe compile-rx-io (program.zig) cached
|  |  |     |  +- compile exe compile-rx-io ReleaseSafe native (+1 more reused dependencies)
|  |  |     +- options cached
|  |  |     +- run exe compile-rx-io (program.zig) (+1 more reused dependencies)
|  |  +- run test 2 pass (2 total) 3ms MaxRSS:1M
|  |     +- compile test ReleaseSafe native cached 43ms MaxRSS:21M
|  |        +- run exe compile-rx-io (program.zig) cached
|  |        |  +- compile exe compile-rx-io ReleaseSafe native (+1 more reused dependencies)
|  |        +- options cached
|  |        +- run exe compile-rx-io (program.zig) (+1 more reused dependencies)
|  +- test-rx-io-library success
|     +- run test 13 pass (13 total) 9ms MaxRSS:1M
|     |  +- compile test ReleaseSafe native cached 43ms MaxRSS:21M
|     |     +- run exe replay-rx-io-library (program.zig) cached
|     |     |  +- compile exe replay-rx-io-library ReleaseSafe native cached 46ms MaxRSS:21M
|     |     |  |  +- WriteFile interfaces/0.d.zx (reused)
|     |     |  +- run exe compile-rx-io (workflow.zxlib) cached
|     |     |     +- compile exe compile-rx-io ReleaseSafe native (+1 more reused dependencies)
|     |     +- options cached
|     |     +- run exe replay-rx-io-library (program.zig) (+2 more reused dependencies)
|     +- run test 3 pass (3 total) 2ms MaxRSS:1M
|     |  +- compile test ReleaseSafe native cached 46ms MaxRSS:21M
|     |     +- run exe replay-rx-io-library (program.zig) cached
|     |     |  +- compile exe replay-rx-io-library ReleaseSafe native (+1 more reused dependencies)
|     |     |  +- run exe compile-rx-io (workflow.zxlib) cached
|     |     |     +- compile exe compile-rx-io ReleaseSafe native (+1 more reused dependencies)
|     |     +- options cached
|     |     +- run exe replay-rx-io-library (program.zig) (+2 more reused dependencies)
|     +- run test 13 pass (13 total) 9ms MaxRSS:1M
|     |  +- compile test ReleaseSafe native cached 43ms MaxRSS:21M
|     |     +- run exe replay-rx-io-library (program.zig) cached
|     |     |  +- compile exe replay-rx-io-library ReleaseSafe native (+1 more reused dependencies)
|     |     |  +- run exe compile-rx-io (workflow.zxlib) cached
|     |     |     +- compile exe compile-rx-io ReleaseSafe native (+1 more reused dependencies)
|     |     +- options cached
|     |     +- run exe replay-rx-io-library (program.zig) (+2 more reused dependencies)
|     +- run test 3 pass (3 total) 2ms MaxRSS:1M
|     |  +- compile test ReleaseSafe native cached 48ms MaxRSS:21M
|     |     +- run exe replay-rx-io-library (program.zig) cached
|     |     |  +- compile exe replay-rx-io-library ReleaseSafe native (+1 more reused dependencies)
|     |     |  +- run exe compile-rx-io (workflow.zxlib) cached
|     |     |     +- compile exe compile-rx-io ReleaseSafe native (+1 more reused dependencies)
|     |     +- options cached
|     |     +- run exe replay-rx-io-library (program.zig) (+2 more reused dependencies)
|     +- run test 13 pass (13 total) 9ms MaxRSS:1M
|     |  +- compile test ReleaseSafe native cached 46ms MaxRSS:21M
|     |     +- run exe replay-rx-io-library (program.zig) cached
|     |     |  +- compile exe replay-rx-io-library ReleaseSafe native (+1 more reused dependencies)
|     |     |  +- run exe consume-rx-io-library (consumer.zxlib) cached
|     |     |     +- compile exe consume-rx-io-library ReleaseSafe native cached 49ms MaxRSS:21M
|     |     |     |  +- WriteFile interfaces/0.d.zx (reused)
|     |     |     +- run exe compile-rx-io (workflow.zxlib) cached
|     |     |        +- compile exe compile-rx-io ReleaseSafe native (+1 more reused dependencies)
|     |     +- options cached
|     |     +- run exe replay-rx-io-library (program.zig) (+2 more reused dependencies)
|     +- run test 3 pass (3 total) 2ms MaxRSS:1M
|     |  +- compile test ReleaseSafe native cached 48ms MaxRSS:21M
|     |     +- run exe replay-rx-io-library (program.zig) cached
|     |     |  +- compile exe replay-rx-io-library ReleaseSafe native (+1 more reused dependencies)
|     |     |  +- run exe consume-rx-io-library (consumer.zxlib) cached
|     |     |     +- compile exe consume-rx-io-library ReleaseSafe native (+1 more reused dependencies)
|     |     |     +- run exe compile-rx-io (workflow.zxlib) cached
|     |     |        +- compile exe compile-rx-io ReleaseSafe native (+1 more reused dependencies)
|     |     +- options cached
|     |     +- run exe replay-rx-io-library (program.zig) (+2 more reused dependencies)
|     +- run test 13 pass (13 total) 9ms MaxRSS:1M
|     |  +- compile test ReleaseSafe native cached 44ms MaxRSS:21M
|     |     +- run exe replay-rx-io-library (program.zig) cached
|     |     |  +- compile exe replay-rx-io-library ReleaseSafe native (+1 more reused dependencies)
|     |     |  +- run exe consume-rx-io-library (consumer.zxlib) cached
|     |     |     +- compile exe consume-rx-io-library ReleaseSafe native (+1 more reused dependencies)
|     |     |     +- run exe compile-rx-io (workflow.zxlib) cached
|     |     |        +- compile exe compile-rx-io ReleaseSafe native (+1 more reused dependencies)
|     |     +- options cached
|     |     +- run exe replay-rx-io-library (program.zig) (+2 more reused dependencies)
|     +- run test 3 pass (3 total) 2ms MaxRSS:1M
|     |  +- compile test ReleaseSafe native cached 46ms MaxRSS:21M
|     |     +- run exe replay-rx-io-library (program.zig) cached
|     |     |  +- compile exe replay-rx-io-library ReleaseSafe native (+1 more reused dependencies)
|     |     |  +- run exe consume-rx-io-library (consumer.zxlib) cached
|     |     |     +- compile exe consume-rx-io-library ReleaseSafe native (+1 more reused dependencies)
|     |     |     +- run exe compile-rx-io (workflow.zxlib) cached
|     |     |        +- compile exe compile-rx-io ReleaseSafe native (+1 more reused dependencies)
|     |     +- options cached
|     |     +- run exe replay-rx-io-library (program.zig) (+2 more reused dependencies)
|     +- run test 13 pass (13 total) 9ms MaxRSS:1M
|     |  +- compile test ReleaseSafe native cached 44ms MaxRSS:21M
|     |     +- run exe replay-rx-io-library (program.zig) cached
|     |     |  +- compile exe replay-rx-io-library ReleaseSafe native (+1 more reused dependencies)
|     |     |  +- run exe consume-rx-io-library (consumer.zxlib) cached
|     |     |     +- compile exe consume-rx-io-library ReleaseSafe native (+1 more reused dependencies)
|     |     |     +- run exe compile-rx-io (workflow.zxlib) cached
|     |     |        +- compile exe compile-rx-io ReleaseSafe native (+1 more reused dependencies)
|     |     +- options cached
|     |     +- run exe replay-rx-io-library (program.zig) (+2 more reused dependencies)
|     +- run test 3 pass (3 total) 2ms MaxRSS:1M
|     |  +- compile test ReleaseSafe native cached 44ms MaxRSS:21M
|     |     +- run exe replay-rx-io-library (program.zig) cached
|     |     |  +- compile exe replay-rx-io-library ReleaseSafe native (+1 more reused dependencies)
|     |     |  +- run exe consume-rx-io-library (consumer.zxlib) cached
|     |     |     +- compile exe consume-rx-io-library ReleaseSafe native (+1 more reused dependencies)
|     |     |     +- run exe compile-rx-io (workflow.zxlib) cached
|     |     |        +- compile exe compile-rx-io ReleaseSafe native (+1 more reused dependencies)
|     |     +- options cached
|     |     +- run exe replay-rx-io-library (program.zig) (+2 more reused dependencies)
|     +- run test 13 pass (13 total) 9ms MaxRSS:1M
|     |  +- compile test ReleaseSafe native cached 47ms MaxRSS:21M
|     |     +- run exe replay-rx-io-library (program.zig) cached
|     |     |  +- compile exe replay-rx-io-library ReleaseSafe native (+1 more reused dependencies)
|     |     |  +- run exe consume-rx-io-library (consumer.zxlib) cached
|     |     |     +- compile exe consume-rx-io-library ReleaseSafe native (+1 more reused dependencies)
|     |     |     +- run exe compile-rx-io (workflow.zxlib) cached
|     |     |        +- compile exe compile-rx-io ReleaseSafe native (+1 more reused dependencies)
|     |     +- options cached
|     |     +- run exe replay-rx-io-library (program.zig) (+2 more reused dependencies)
|     +- run test 3 pass (3 total) 2ms MaxRSS:1M
|     |  +- compile test ReleaseSafe native cached 44ms MaxRSS:21M
|     |     +- run exe replay-rx-io-library (program.zig) cached
|     |     |  +- compile exe replay-rx-io-library ReleaseSafe native (+1 more reused dependencies)
|     |     |  +- run exe consume-rx-io-library (consumer.zxlib) cached
|     |     |     +- compile exe consume-rx-io-library ReleaseSafe native (+1 more reused dependencies)
|     |     |     +- run exe compile-rx-io (workflow.zxlib) cached
|     |     |        +- compile exe compile-rx-io ReleaseSafe native (+1 more reused dependencies)
|     |     +- options cached
|     |     +- run exe replay-rx-io-library (program.zig) (+2 more reused dependencies)
|     +- run test 13 pass (13 total) 10ms MaxRSS:1M
|     |  +- compile test ReleaseSafe native cached 45ms MaxRSS:21M
|     |     +- run exe replay-rx-io-library (program.zig) cached
|     |     |  +- compile exe replay-rx-io-library ReleaseSafe native (+1 more reused dependencies)
|     |     |  +- run exe consume-rx-io-library (republished.zxlib) cached
|     |     |     +- compile exe consume-rx-io-library ReleaseSafe native (+1 more reused dependencies)
|     |     |     +- run exe consume-rx-io-library (consumer.zxlib) cached
|     |     |        +- compile exe consume-rx-io-library ReleaseSafe native (+1 more reused dependencies)
|     |     |        +- run exe compile-rx-io (workflow.zxlib) cached
|     |     |           +- compile exe compile-rx-io ReleaseSafe native (+1 more reused dependencies)
|     |     +- options cached
|     |     +- run exe replay-rx-io-library (program.zig) (+2 more reused dependencies)
|     +- run test 3 pass (3 total) 2ms MaxRSS:1M
|     |  +- compile test ReleaseSafe native cached 45ms MaxRSS:21M
|     |     +- run exe replay-rx-io-library (program.zig) cached
|     |     |  +- compile exe replay-rx-io-library ReleaseSafe native (+1 more reused dependencies)
|     |     |  +- run exe consume-rx-io-library (republished.zxlib) cached
|     |     |     +- compile exe consume-rx-io-library ReleaseSafe native (+1 more reused dependencies)
|     |     |     +- run exe consume-rx-io-library (consumer.zxlib) cached
|     |     |        +- compile exe consume-rx-io-library ReleaseSafe native (+1 more reused dependencies)
|     |     |        +- run exe compile-rx-io (workflow.zxlib) cached
|     |     |           +- compile exe compile-rx-io ReleaseSafe native (+1 more reused dependencies)
|     |     +- options cached
|     |     +- run exe replay-rx-io-library (program.zig) (+2 more reused dependencies)
|     +- run test 13 pass (13 total) 10ms MaxRSS:1M
|     |  +- compile test ReleaseSafe native cached 44ms MaxRSS:21M
|     |     +- run exe replay-rx-io-library (program.zig) cached
|     |     |  +- compile exe replay-rx-io-library ReleaseSafe native (+1 more reused dependencies)
|     |     |  +- run exe consume-rx-io-library (republished.zxlib) cached
|     |     |     +- compile exe consume-rx-io-library ReleaseSafe native (+1 more reused dependencies)
|     |     |     +- run exe consume-rx-io-library (consumer.zxlib) cached
|     |     |        +- compile exe consume-rx-io-library ReleaseSafe native (+1 more reused dependencies)
|     |     |        +- run exe compile-rx-io (workflow.zxlib) cached
|     |     |           +- compile exe compile-rx-io ReleaseSafe native (+1 more reused dependencies)
|     |     +- options cached
|     |     +- run exe replay-rx-io-library (program.zig) (+2 more reused dependencies)
|     +- run test 3 pass (3 total) 2ms MaxRSS:1M
|     |  +- compile test ReleaseSafe native cached 44ms MaxRSS:21M
|     |     +- run exe replay-rx-io-library (program.zig) cached
|     |     |  +- compile exe replay-rx-io-library ReleaseSafe native (+1 more reused dependencies)
|     |     |  +- run exe consume-rx-io-library (republished.zxlib) cached
|     |     |     +- compile exe consume-rx-io-library ReleaseSafe native (+1 more reused dependencies)
|     |     |     +- run exe consume-rx-io-library (consumer.zxlib) cached
|     |     |        +- compile exe consume-rx-io-library ReleaseSafe native (+1 more reused dependencies)
|     |     |        +- run exe compile-rx-io (workflow.zxlib) cached
|     |     |           +- compile exe compile-rx-io ReleaseSafe native (+1 more reused dependencies)
|     |     +- options cached
|     |     +- run exe replay-rx-io-library (program.zig) (+2 more reused dependencies)
|     +- run test 13 pass (13 total) 10ms MaxRSS:1M
|     |  +- compile test ReleaseSafe native cached 48ms MaxRSS:21M
|     |     +- run exe replay-rx-io-library (program.zig) cached
|     |     |  +- compile exe replay-rx-io-library ReleaseSafe native (+1 more reused dependencies)
|     |     |  +- run exe compile-rx-io (workflow.zxlib) cached
|     |     |     +- compile exe compile-rx-io ReleaseSafe native (+1 more reused dependencies)
|     |     +- options cached
|     |     +- run exe replay-rx-io-library (program.zig) (+2 more reused dependencies)
|     +- run test 3 pass (3 total) 2ms MaxRSS:1M
|     |  +- compile test ReleaseSafe native cached 42ms MaxRSS:21M
|     |     +- run exe replay-rx-io-library (program.zig) cached
|     |     |  +- compile exe replay-rx-io-library ReleaseSafe native (+1 more reused dependencies)
|     |     |  +- run exe compile-rx-io (workflow.zxlib) cached
|     |     |     +- compile exe compile-rx-io ReleaseSafe native (+1 more reused dependencies)
|     |     +- options cached
|     |     +- run exe replay-rx-io-library (program.zig) (+2 more reused dependencies)
|     +- run test 13 pass (13 total) 9ms MaxRSS:1M
|     |  +- compile test ReleaseSafe native cached 49ms MaxRSS:21M
|     |     +- run exe replay-rx-io-library (program.zig) cached
|     |     |  +- compile exe replay-rx-io-library ReleaseSafe native (+1 more reused dependencies)
|     |     |  +- run exe compile-rx-io (workflow.zxlib) cached
|     |     |     +- compile exe compile-rx-io ReleaseSafe native (+1 more reused dependencies)
|     |     +- options cached
|     |     +- run exe replay-rx-io-library (program.zig) (+2 more reused dependencies)
|     +- run test 3 pass (3 total) 2ms MaxRSS:1M
|     |  +- compile test ReleaseSafe native cached 48ms MaxRSS:21M
|     |     +- run exe replay-rx-io-library (program.zig) cached
|     |     |  +- compile exe replay-rx-io-library ReleaseSafe native (+1 more reused dependencies)
|     |     |  +- run exe compile-rx-io (workflow.zxlib) cached
|     |     |     +- compile exe compile-rx-io ReleaseSafe native (+1 more reused dependencies)
|     |     +- options cached
|     |     +- run exe replay-rx-io-library (program.zig) (+2 more reused dependencies)
|     +- run test 13 pass (13 total) 9ms MaxRSS:1M
|     |  +- compile test ReleaseSafe native cached 47ms MaxRSS:21M
|     |     +- run exe replay-rx-io-library (program.zig) cached
|     |     |  +- compile exe replay-rx-io-library ReleaseSafe native (+1 more reused dependencies)
|     |     |  +- run exe consume-rx-io-library (consumer.zxlib) cached
|     |     |     +- compile exe consume-rx-io-library ReleaseSafe native (+1 more reused dependencies)
|     |     |     +- run exe compile-rx-io (workflow.zxlib) cached
|     |     |        +- compile exe compile-rx-io ReleaseSafe native (+1 more reused dependencies)
|     |     +- options cached
|     |     +- run exe replay-rx-io-library (program.zig) (+2 more reused dependencies)
|     +- run test 3 pass (3 total) 2ms MaxRSS:1M
|     |  +- compile test ReleaseSafe native cached 42ms MaxRSS:21M
|     |     +- run exe replay-rx-io-library (program.zig) cached
|     |     |  +- compile exe replay-rx-io-library ReleaseSafe native (+1 more reused dependencies)
|     |     |  +- run exe consume-rx-io-library (consumer.zxlib) cached
|     |     |     +- compile exe consume-rx-io-library ReleaseSafe native (+1 more reused dependencies)
|     |     |     +- run exe compile-rx-io (workflow.zxlib) cached
|     |     |        +- compile exe compile-rx-io ReleaseSafe native (+1 more reused dependencies)
|     |     +- options cached
|     |     +- run exe replay-rx-io-library (program.zig) (+2 more reused dependencies)
|     +- run test 13 pass (13 total) 21ms MaxRSS:1M
|     |  +- compile test ReleaseSafe native cached 45ms MaxRSS:21M
|     |     +- run exe replay-rx-io-library (program.zig) cached
|     |     |  +- compile exe replay-rx-io-library ReleaseSafe native (+1 more reused dependencies)
|     |     |  +- run exe consume-rx-io-library (consumer.zxlib) cached
|     |     |     +- compile exe consume-rx-io-library ReleaseSafe native (+1 more reused dependencies)
|     |     |     +- run exe compile-rx-io (workflow.zxlib) cached
|     |     |        +- compile exe compile-rx-io ReleaseSafe native (+1 more reused dependencies)
|     |     +- options cached
|     |     +- run exe replay-rx-io-library (program.zig) (+2 more reused dependencies)
|     +- run test 3 pass (3 total) 2ms MaxRSS:1M
|     |  +- compile test ReleaseSafe native cached 45ms MaxRSS:21M
|     |     +- run exe replay-rx-io-library (program.zig) cached
|     |     |  +- compile exe replay-rx-io-library ReleaseSafe native (+1 more reused dependencies)
|     |     |  +- run exe consume-rx-io-library (consumer.zxlib) cached
|     |     |     +- compile exe consume-rx-io-library ReleaseSafe native (+1 more reused dependencies)
|     |     |     +- run exe compile-rx-io (workflow.zxlib) cached
|     |     |        +- compile exe compile-rx-io ReleaseSafe native (+1 more reused dependencies)
|     |     +- options cached
|     |     +- run exe replay-rx-io-library (program.zig) (+2 more reused dependencies)
|     +- run test 13 pass (13 total) 11ms MaxRSS:1M
|     |  +- compile test ReleaseSafe native cached 47ms MaxRSS:21M
|     |     +- run exe replay-rx-io-library (program.zig) cached
|     |     |  +- compile exe replay-rx-io-library ReleaseSafe native (+1 more reused dependencies)
|     |     |  +- run exe consume-rx-io-library (consumer.zxlib) cached
|     |     |     +- compile exe consume-rx-io-library ReleaseSafe native (+1 more reused dependencies)
|     |     |     +- run exe compile-rx-io (workflow.zxlib) cached
|     |     |        +- compile exe compile-rx-io ReleaseSafe native (+1 more reused dependencies)
|     |     +- options cached
|     |     +- run exe replay-rx-io-library (program.zig) (+2 more reused dependencies)
|     +- run test 3 pass (3 total) 2ms MaxRSS:1M
|     |  +- compile test ReleaseSafe native cached 45ms MaxRSS:21M
|     |     +- run exe replay-rx-io-library (program.zig) cached
|     |     |  +- compile exe replay-rx-io-library ReleaseSafe native (+1 more reused dependencies)
|     |     |  +- run exe consume-rx-io-library (consumer.zxlib) cached
|     |     |     +- compile exe consume-rx-io-library ReleaseSafe native (+1 more reused dependencies)
|     |     |     +- run exe compile-rx-io (workflow.zxlib) cached
|     |     |        +- compile exe compile-rx-io ReleaseSafe native (+1 more reused dependencies)
|     |     +- options cached
|     |     +- run exe replay-rx-io-library (program.zig) (+2 more reused dependencies)
|     +- run test 13 pass (13 total) 9ms MaxRSS:1M
|     |  +- compile test ReleaseSafe native cached 48ms MaxRSS:21M
|     |     +- run exe replay-rx-io-library (program.zig) cached
|     |     |  +- compile exe replay-rx-io-library ReleaseSafe native (+1 more reused dependencies)
|     |     |  +- run exe consume-rx-io-library (consumer.zxlib) cached
|     |     |     +- compile exe consume-rx-io-library ReleaseSafe native (+1 more reused dependencies)
|     |     |     +- run exe compile-rx-io (workflow.zxlib) cached
|     |     |        +- compile exe compile-rx-io ReleaseSafe native (+1 more reused dependencies)
|     |     +- options cached
|     |     +- run exe replay-rx-io-library (program.zig) (+2 more reused dependencies)
|     +- run test 3 pass (3 total) 2ms MaxRSS:1M
|     |  +- compile test ReleaseSafe native cached 42ms MaxRSS:21M
|     |     +- run exe replay-rx-io-library (program.zig) cached
|     |     |  +- compile exe replay-rx-io-library ReleaseSafe native (+1 more reused dependencies)
|     |     |  +- run exe consume-rx-io-library (consumer.zxlib) cached
|     |     |     +- compile exe consume-rx-io-library ReleaseSafe native (+1 more reused dependencies)
|     |     |     +- run exe compile-rx-io (workflow.zxlib) cached
|     |     |        +- compile exe compile-rx-io ReleaseSafe native (+1 more reused dependencies)
|     |     +- options cached
|     |     +- run exe replay-rx-io-library (program.zig) (+2 more reused dependencies)
|     +- run test 13 pass (13 total) 9ms MaxRSS:1M
|     |  +- compile test ReleaseSafe native cached 46ms MaxRSS:21M
|     |     +- run exe replay-rx-io-library (program.zig) cached
|     |     |  +- compile exe replay-rx-io-library ReleaseSafe native (+1 more reused dependencies)
|     |     |  +- run exe consume-rx-io-library (republished.zxlib) cached
|     |     |     +- compile exe consume-rx-io-library ReleaseSafe native (+1 more reused dependencies)
|     |     |     +- run exe consume-rx-io-library (consumer.zxlib) cached
|     |     |        +- compile exe consume-rx-io-library ReleaseSafe native (+1 more reused dependencies)
|     |     |        +- run exe compile-rx-io (workflow.zxlib) cached
|     |     |           +- compile exe compile-rx-io ReleaseSafe native (+1 more reused dependencies)
|     |     +- options cached
|     |     +- run exe replay-rx-io-library (program.zig) (+2 more reused dependencies)
|     +- run test 3 pass (3 total) 2ms MaxRSS:1M
|     |  +- compile test ReleaseSafe native cached 44ms MaxRSS:21M
|     |     +- run exe replay-rx-io-library (program.zig) cached
|     |     |  +- compile exe replay-rx-io-library ReleaseSafe native (+1 more reused dependencies)
|     |     |  +- run exe consume-rx-io-library (republished.zxlib) cached
|     |     |     +- compile exe consume-rx-io-library ReleaseSafe native (+1 more reused dependencies)
|     |     |     +- run exe consume-rx-io-library (consumer.zxlib) cached
|     |     |        +- compile exe consume-rx-io-library ReleaseSafe native (+1 more reused dependencies)
|     |     |        +- run exe compile-rx-io (workflow.zxlib) cached
|     |     |           +- compile exe compile-rx-io ReleaseSafe native (+1 more reused dependencies)
|     |     +- options cached
|     |     +- run exe replay-rx-io-library (program.zig) (+2 more reused dependencies)
|     +- run test 13 pass (13 total) 9ms MaxRSS:1M
|     |  +- compile test ReleaseSafe native cached 44ms MaxRSS:21M
|     |     +- run exe replay-rx-io-library (program.zig) cached
|     |     |  +- compile exe replay-rx-io-library ReleaseSafe native (+1 more reused dependencies)
|     |     |  +- run exe consume-rx-io-library (republished.zxlib) cached
|     |     |     +- compile exe consume-rx-io-library ReleaseSafe native (+1 more reused dependencies)
|     |     |     +- run exe consume-rx-io-library (consumer.zxlib) cached
|     |     |        +- compile exe consume-rx-io-library ReleaseSafe native (+1 more reused dependencies)
|     |     |        +- run exe compile-rx-io (workflow.zxlib) cached
|     |     |           +- compile exe compile-rx-io ReleaseSafe native (+1 more reused dependencies)
|     |     +- options cached
|     |     +- run exe replay-rx-io-library (program.zig) (+2 more reused dependencies)
|     +- run test 3 pass (3 total) 2ms MaxRSS:1M
|     |  +- compile test ReleaseSafe native cached 47ms MaxRSS:21M
|     |     +- run exe replay-rx-io-library (program.zig) cached
|     |     |  +- compile exe replay-rx-io-library ReleaseSafe native (+1 more reused dependencies)
|     |     |  +- run exe consume-rx-io-library (republished.zxlib) cached
|     |     |     +- compile exe consume-rx-io-library ReleaseSafe native (+1 more reused dependencies)
|     |     |     +- run exe consume-rx-io-library (consumer.zxlib) cached
|     |     |        +- compile exe consume-rx-io-library ReleaseSafe native (+1 more reused dependencies)
|     |     |        +- run exe compile-rx-io (workflow.zxlib) cached
|     |     |           +- compile exe compile-rx-io ReleaseSafe native (+1 more reused dependencies)
|     |     +- options cached
|     |     +- run exe replay-rx-io-library (program.zig) (+2 more reused dependencies)
|     +- run test 13 pass (13 total) 10ms MaxRSS:1M
|     |  +- compile test ReleaseSafe native cached 43ms MaxRSS:21M
|     |     +- run exe replay-rx-io-library (program.zig) cached
|     |     |  +- compile exe replay-rx-io-library ReleaseSafe native (+1 more reused dependencies)
|     |     |  +- run exe compile-rx-io (workflow.zxlib) cached
|     |     |     +- compile exe compile-rx-io ReleaseSafe native (+1 more reused dependencies)
|     |     +- options cached
|     |     +- run exe replay-rx-io-library (program.zig) (+2 more reused dependencies)
|     +- run test 3 pass (3 total) 2ms MaxRSS:1M
|     |  +- compile test ReleaseSafe native cached 46ms MaxRSS:21M
|     |     +- run exe replay-rx-io-library (program.zig) cached
|     |     |  +- compile exe replay-rx-io-library ReleaseSafe native (+1 more reused dependencies)
|     |     |  +- run exe compile-rx-io (workflow.zxlib) cached
|     |     |     +- compile exe compile-rx-io ReleaseSafe native (+1 more reused dependencies)
|     |     +- options cached
|     |     +- run exe replay-rx-io-library (program.zig) (+2 more reused dependencies)
|     +- run test 13 pass (13 total) 9ms MaxRSS:1M
|     |  +- compile test ReleaseSafe native cached 44ms MaxRSS:21M
|     |     +- run exe replay-rx-io-library (program.zig) cached
|     |     |  +- compile exe replay-rx-io-library ReleaseSafe native (+1 more reused dependencies)
|     |     |  +- run exe compile-rx-io (workflow.zxlib) cached
|     |     |     +- compile exe compile-rx-io ReleaseSafe native (+1 more reused dependencies)
|     |     +- options cached
|     |     +- run exe replay-rx-io-library (program.zig) (+2 more reused dependencies)
|     +- run test 3 pass (3 total) 2ms MaxRSS:1M
|     |  +- compile test ReleaseSafe native cached 45ms MaxRSS:21M
|     |     +- run exe replay-rx-io-library (program.zig) cached
|     |     |  +- compile exe replay-rx-io-library ReleaseSafe native (+1 more reused dependencies)
|     |     |  +- run exe compile-rx-io (workflow.zxlib) cached
|     |     |     +- compile exe compile-rx-io ReleaseSafe native (+1 more reused dependencies)
|     |     +- options cached
|     |     +- run exe replay-rx-io-library (program.zig) (+2 more reused dependencies)
|     +- run test 13 pass (13 total) 9ms MaxRSS:1M
|     |  +- compile test ReleaseSafe native cached 44ms MaxRSS:21M
|     |     +- run exe replay-rx-io-library (program.zig) cached
|     |     |  +- compile exe replay-rx-io-library ReleaseSafe native (+1 more reused dependencies)
|     |     |  +- run exe consume-rx-io-library (consumer.zxlib) cached
|     |     |     +- compile exe consume-rx-io-library ReleaseSafe native (+1 more reused dependencies)
|     |     |     +- run exe compile-rx-io (workflow.zxlib) cached
|     |     |        +- compile exe compile-rx-io ReleaseSafe native (+1 more reused dependencies)
|     |     +- options cached
|     |     +- run exe replay-rx-io-library (program.zig) (+2 more reused dependencies)
|     +- run test 3 pass (3 total) 2ms MaxRSS:1M
|     |  +- compile test ReleaseSafe native cached 45ms MaxRSS:21M
|     |     +- run exe replay-rx-io-library (program.zig) cached
|     |     |  +- compile exe replay-rx-io-library ReleaseSafe native (+1 more reused dependencies)
|     |     |  +- run exe consume-rx-io-library (consumer.zxlib) cached
|     |     |     +- compile exe consume-rx-io-library ReleaseSafe native (+1 more reused dependencies)
|     |     |     +- run exe compile-rx-io (workflow.zxlib) cached
|     |     |        +- compile exe compile-rx-io ReleaseSafe native (+1 more reused dependencies)
|     |     +- options cached
|     |     +- run exe replay-rx-io-library (program.zig) (+2 more reused dependencies)
|     +- run test 13 pass (13 total) 9ms MaxRSS:1M
|     |  +- compile test ReleaseSafe native cached 44ms MaxRSS:21M
|     |     +- run exe replay-rx-io-library (program.zig) cached
|     |     |  +- compile exe replay-rx-io-library ReleaseSafe native (+1 more reused dependencies)
|     |     |  +- run exe consume-rx-io-library (consumer.zxlib) cached
|     |     |     +- compile exe consume-rx-io-library ReleaseSafe native (+1 more reused dependencies)
|     |     |     +- run exe compile-rx-io (workflow.zxlib) cached
|     |     |        +- compile exe compile-rx-io ReleaseSafe native (+1 more reused dependencies)
|     |     +- options cached
|     |     +- run exe replay-rx-io-library (program.zig) (+2 more reused dependencies)
|     +- run test 3 pass (3 total) 2ms MaxRSS:1M
|     |  +- compile test ReleaseSafe native cached 48ms MaxRSS:21M
|     |     +- run exe replay-rx-io-library (program.zig) cached
|     |     |  +- compile exe replay-rx-io-library ReleaseSafe native (+1 more reused dependencies)
|     |     |  +- run exe consume-rx-io-library (consumer.zxlib) cached
|     |     |     +- compile exe consume-rx-io-library ReleaseSafe native (+1 more reused dependencies)
|     |     |     +- run exe compile-rx-io (workflow.zxlib) cached
|     |     |        +- compile exe compile-rx-io ReleaseSafe native (+1 more reused dependencies)
|     |     +- options cached
|     |     +- run exe replay-rx-io-library (program.zig) (+2 more reused dependencies)
|     +- run test 13 pass (13 total) 9ms MaxRSS:1M
|     |  +- compile test ReleaseSafe native cached 47ms MaxRSS:21M
|     |     +- run exe replay-rx-io-library (program.zig) cached
|     |     |  +- compile exe replay-rx-io-library ReleaseSafe native (+1 more reused dependencies)
|     |     |  +- run exe consume-rx-io-library (consumer.zxlib) cached
|     |     |     +- compile exe consume-rx-io-library ReleaseSafe native (+1 more reused dependencies)
|     |     |     +- run exe compile-rx-io (workflow.zxlib) cached
|     |     |        +- compile exe compile-rx-io ReleaseSafe native (+1 more reused dependencies)
|     |     +- options cached
|     |     +- run exe replay-rx-io-library (program.zig) (+2 more reused dependencies)
|     +- run test 3 pass (3 total) 2ms MaxRSS:1M
|     |  +- compile test ReleaseSafe native cached 41ms MaxRSS:21M
|     |     +- run exe replay-rx-io-library (program.zig) cached
|     |     |  +- compile exe replay-rx-io-library ReleaseSafe native (+1 more reused dependencies)
|     |     |  +- run exe consume-rx-io-library (consumer.zxlib) cached
|     |     |     +- compile exe consume-rx-io-library ReleaseSafe native (+1 more reused dependencies)
|     |     |     +- run exe compile-rx-io (workflow.zxlib) cached
|     |     |        +- compile exe compile-rx-io ReleaseSafe native (+1 more reused dependencies)
|     |     +- options cached
|     |     +- run exe replay-rx-io-library (program.zig) (+2 more reused dependencies)
|     +- run test 13 pass (13 total) 9ms MaxRSS:1M
|     |  +- compile test ReleaseSafe native cached 42ms MaxRSS:21M
|     |     +- run exe replay-rx-io-library (program.zig) cached
|     |     |  +- compile exe replay-rx-io-library ReleaseSafe native (+1 more reused dependencies)
|     |     |  +- run exe consume-rx-io-library (consumer.zxlib) cached
|     |     |     +- compile exe consume-rx-io-library ReleaseSafe native (+1 more reused dependencies)
|     |     |     +- run exe compile-rx-io (workflow.zxlib) cached
|     |     |        +- compile exe compile-rx-io ReleaseSafe native (+1 more reused dependencies)
|     |     +- options cached
|     |     +- run exe replay-rx-io-library (program.zig) (+2 more reused dependencies)
|     +- run test 3 pass (3 total) 2ms MaxRSS:1M
|     |  +- compile test ReleaseSafe native cached 47ms MaxRSS:21M
|     |     +- run exe replay-rx-io-library (program.zig) cached
|     |     |  +- compile exe replay-rx-io-library ReleaseSafe native (+1 more reused dependencies)
|     |     |  +- run exe consume-rx-io-library (consumer.zxlib) cached
|     |     |     +- compile exe consume-rx-io-library ReleaseSafe native (+1 more reused dependencies)
|     |     |     +- run exe compile-rx-io (workflow.zxlib) cached
|     |     |        +- compile exe compile-rx-io ReleaseSafe native (+1 more reused dependencies)
|     |     +- options cached
|     |     +- run exe replay-rx-io-library (program.zig) (+2 more reused dependencies)
|     +- run test 13 pass (13 total) 9ms MaxRSS:1M
|     |  +- compile test ReleaseSafe native cached 44ms MaxRSS:21M
|     |     +- run exe replay-rx-io-library (program.zig) cached
|     |     |  +- compile exe replay-rx-io-library ReleaseSafe native (+1 more reused dependencies)
|     |     |  +- run exe consume-rx-io-library (republished.zxlib) cached
|     |     |     +- compile exe consume-rx-io-library ReleaseSafe native (+1 more reused dependencies)
|     |     |     +- run exe consume-rx-io-library (consumer.zxlib) cached
|     |     |        +- compile exe consume-rx-io-library ReleaseSafe native (+1 more reused dependencies)
|     |     |        +- run exe compile-rx-io (workflow.zxlib) cached
|     |     |           +- compile exe compile-rx-io ReleaseSafe native (+1 more reused dependencies)
|     |     +- options cached
|     |     +- run exe replay-rx-io-library (program.zig) (+2 more reused dependencies)
|     +- run test 3 pass (3 total) 2ms MaxRSS:1M
|     |  +- compile test ReleaseSafe native cached 41ms MaxRSS:21M
|     |     +- run exe replay-rx-io-library (program.zig) cached
|     |     |  +- compile exe replay-rx-io-library ReleaseSafe native (+1 more reused dependencies)
|     |     |  +- run exe consume-rx-io-library (republished.zxlib) cached
|     |     |     +- compile exe consume-rx-io-library ReleaseSafe native (+1 more reused dependencies)
|     |     |     +- run exe consume-rx-io-library (consumer.zxlib) cached
|     |     |        +- compile exe consume-rx-io-library ReleaseSafe native (+1 more reused dependencies)
|     |     |        +- run exe compile-rx-io (workflow.zxlib) cached
|     |     |           +- compile exe compile-rx-io ReleaseSafe native (+1 more reused dependencies)
|     |     +- options cached
|     |     +- run exe replay-rx-io-library (program.zig) (+2 more reused dependencies)
|     +- run test 13 pass (13 total) 9ms MaxRSS:1M
|     |  +- compile test ReleaseSafe native cached 41ms MaxRSS:21M
|     |     +- run exe replay-rx-io-library (program.zig) cached
|     |     |  +- compile exe replay-rx-io-library ReleaseSafe native (+1 more reused dependencies)
|     |     |  +- run exe consume-rx-io-library (republished.zxlib) cached
|     |     |     +- compile exe consume-rx-io-library ReleaseSafe native (+1 more reused dependencies)
|     |     |     +- run exe consume-rx-io-library (consumer.zxlib) cached
|     |     |        +- compile exe consume-rx-io-library ReleaseSafe native (+1 more reused dependencies)
|     |     |        +- run exe compile-rx-io (workflow.zxlib) cached
|     |     |           +- compile exe compile-rx-io ReleaseSafe native (+1 more reused dependencies)
|     |     +- options cached
|     |     +- run exe replay-rx-io-library (program.zig) (+2 more reused dependencies)
|     +- run test 3 pass (3 total) 2ms MaxRSS:1M
|     |  +- compile test ReleaseSafe native cached 45ms MaxRSS:21M
|     |     +- run exe replay-rx-io-library (program.zig) cached
|     |     |  +- compile exe replay-rx-io-library ReleaseSafe native (+1 more reused dependencies)
|     |     |  +- run exe consume-rx-io-library (republished.zxlib) cached
|     |     |     +- compile exe consume-rx-io-library ReleaseSafe native (+1 more reused dependencies)
|     |     |     +- run exe consume-rx-io-library (consumer.zxlib) cached
|     |     |        +- compile exe consume-rx-io-library ReleaseSafe native (+1 more reused dependencies)
|     |     |        +- run exe compile-rx-io (workflow.zxlib) cached
|     |     |           +- compile exe compile-rx-io ReleaseSafe native (+1 more reused dependencies)
|     |     +- options cached
|     |     +- run exe replay-rx-io-library (program.zig) (+2 more reused dependencies)
|     +- run test 4 pass (4 total) 5ms MaxRSS:1M
|     |  +- compile test ReleaseSafe native cached 45ms MaxRSS:21M
|     |     +- run exe replay-rx-io-library (program.zig) cached
|     |     |  +- compile exe replay-rx-io-library ReleaseSafe native (+1 more reused dependencies)
|     |     |  +- run exe compile-rx-io (workflow.zxlib) cached
|     |     |     +- compile exe compile-rx-io ReleaseSafe native (+1 more reused dependencies)
|     |     +- options cached
|     |     +- run exe replay-rx-io-library (program.zig) (+2 more reused dependencies)
|     +- run test 3 pass (3 total) 2ms MaxRSS:1M
|     |  +- compile test ReleaseSafe native cached 42ms MaxRSS:21M
|     |     +- run exe replay-rx-io-library (program.zig) cached
|     |     |  +- compile exe replay-rx-io-library ReleaseSafe native (+1 more reused dependencies)
|     |     |  +- run exe compile-rx-io (workflow.zxlib) cached
|     |     |     +- compile exe compile-rx-io ReleaseSafe native (+1 more reused dependencies)
|     |     +- options cached
|     |     +- run exe replay-rx-io-library (program.zig) (+2 more reused dependencies)
|     +- run test 4 pass (4 total) 4ms MaxRSS:1M
|     |  +- compile test ReleaseSafe native cached 46ms MaxRSS:21M
|     |     +- run exe replay-rx-io-library (program.zig) cached
|     |     |  +- compile exe replay-rx-io-library ReleaseSafe native (+1 more reused dependencies)
|     |     |  +- run exe compile-rx-io (workflow.zxlib) cached
|     |     |     +- compile exe compile-rx-io ReleaseSafe native (+1 more reused dependencies)
|     |     +- options cached
|     |     +- run exe replay-rx-io-library (program.zig) (+2 more reused dependencies)
|     +- run test 3 pass (3 total) 2ms MaxRSS:1M
|     |  +- compile test ReleaseSafe native cached 48ms MaxRSS:21M
|     |     +- run exe replay-rx-io-library (program.zig) cached
|     |     |  +- compile exe replay-rx-io-library ReleaseSafe native (+1 more reused dependencies)
|     |     |  +- run exe compile-rx-io (workflow.zxlib) cached
|     |     |     +- compile exe compile-rx-io ReleaseSafe native (+1 more reused dependencies)
|     |     +- options cached
|     |     +- run exe replay-rx-io-library (program.zig) (+2 more reused dependencies)
|     +- run test 4 pass (4 total) 4ms MaxRSS:1M
|     |  +- compile test ReleaseSafe native cached 48ms MaxRSS:21M
|     |     +- run exe replay-rx-io-library (program.zig) cached
|     |     |  +- compile exe replay-rx-io-library ReleaseSafe native (+1 more reused dependencies)
|     |     |  +- run exe consume-rx-io-library (consumer.zxlib) cached
|     |     |     +- compile exe consume-rx-io-library ReleaseSafe native (+1 more reused dependencies)
|     |     |     +- run exe compile-rx-io (workflow.zxlib) cached
|     |     |        +- compile exe compile-rx-io ReleaseSafe native (+1 more reused dependencies)
|     |     +- options cached
|     |     +- run exe replay-rx-io-library (program.zig) (+2 more reused dependencies)
|     +- run test 3 pass (3 total) 2ms MaxRSS:1M
|     |  +- compile test ReleaseSafe native cached 44ms MaxRSS:21M
|     |     +- run exe replay-rx-io-library (program.zig) cached
|     |     |  +- compile exe replay-rx-io-library ReleaseSafe native (+1 more reused dependencies)
|     |     |  +- run exe consume-rx-io-library (consumer.zxlib) cached
|     |     |     +- compile exe consume-rx-io-library ReleaseSafe native (+1 more reused dependencies)
|     |     |     +- run exe compile-rx-io (workflow.zxlib) cached
|     |     |        +- compile exe compile-rx-io ReleaseSafe native (+1 more reused dependencies)
|     |     +- options cached
|     |     +- run exe replay-rx-io-library (program.zig) (+2 more reused dependencies)
|     +- run test 4 pass (4 total) 4ms MaxRSS:1M
|     |  +- compile test ReleaseSafe native cached 44ms MaxRSS:21M
|     |     +- run exe replay-rx-io-library (program.zig) cached
|     |     |  +- compile exe replay-rx-io-library ReleaseSafe native (+1 more reused dependencies)
|     |     |  +- run exe consume-rx-io-library (consumer.zxlib) cached
|     |     |     +- compile exe consume-rx-io-library ReleaseSafe native (+1 more reused dependencies)
|     |     |     +- run exe compile-rx-io (workflow.zxlib) cached
|     |     |        +- compile exe compile-rx-io ReleaseSafe native (+1 more reused dependencies)
|     |     +- options cached
|     |     +- run exe replay-rx-io-library (program.zig) (+2 more reused dependencies)
|     +- run test 3 pass (3 total) 2ms MaxRSS:1M
|     |  +- compile test ReleaseSafe native cached 47ms MaxRSS:21M
|     |     +- run exe replay-rx-io-library (program.zig) cached
|     |     |  +- compile exe replay-rx-io-library ReleaseSafe native (+1 more reused dependencies)
|     |     |  +- run exe consume-rx-io-library (consumer.zxlib) cached
|     |     |     +- compile exe consume-rx-io-library ReleaseSafe native (+1 more reused dependencies)
|     |     |     +- run exe compile-rx-io (workflow.zxlib) cached
|     |     |        +- compile exe compile-rx-io ReleaseSafe native (+1 more reused dependencies)
|     |     +- options cached
|     |     +- run exe replay-rx-io-library (program.zig) (+2 more reused dependencies)
|     +- run test 4 pass (4 total) 5ms MaxRSS:1M
|     |  +- compile test ReleaseSafe native cached 45ms MaxRSS:21M
|     |     +- run exe replay-rx-io-library (program.zig) cached
|     |     |  +- compile exe replay-rx-io-library ReleaseSafe native (+1 more reused dependencies)
|     |     |  +- run exe consume-rx-io-library (consumer.zxlib) cached
|     |     |     +- compile exe consume-rx-io-library ReleaseSafe native (+1 more reused dependencies)
|     |     |     +- run exe compile-rx-io (workflow.zxlib) cached
|     |     |        +- compile exe compile-rx-io ReleaseSafe native (+1 more reused dependencies)
|     |     +- options cached
|     |     +- run exe replay-rx-io-library (program.zig) (+2 more reused dependencies)
|     +- run test 3 pass (3 total) 2ms MaxRSS:1M
|     |  +- compile test ReleaseSafe native cached 44ms MaxRSS:21M
|     |     +- run exe replay-rx-io-library (program.zig) cached
|     |     |  +- compile exe replay-rx-io-library ReleaseSafe native (+1 more reused dependencies)
|     |     |  +- run exe consume-rx-io-library (consumer.zxlib) cached
|     |     |     +- compile exe consume-rx-io-library ReleaseSafe native (+1 more reused dependencies)
|     |     |     +- run exe compile-rx-io (workflow.zxlib) cached
|     |     |        +- compile exe compile-rx-io ReleaseSafe native (+1 more reused dependencies)
|     |     +- options cached
|     |     +- run exe replay-rx-io-library (program.zig) (+2 more reused dependencies)
|     +- run test 4 pass (4 total) 5ms MaxRSS:1M
|     |  +- compile test ReleaseSafe native cached 47ms MaxRSS:21M
|     |     +- run exe replay-rx-io-library (program.zig) cached
|     |     |  +- compile exe replay-rx-io-library ReleaseSafe native (+1 more reused dependencies)
|     |     |  +- run exe consume-rx-io-library (consumer.zxlib) cached
|     |     |     +- compile exe consume-rx-io-library ReleaseSafe native (+1 more reused dependencies)
|     |     |     +- run exe compile-rx-io (workflow.zxlib) cached
|     |     |        +- compile exe compile-rx-io ReleaseSafe native (+1 more reused dependencies)
|     |     +- options cached
|     |     +- run exe replay-rx-io-library (program.zig) (+2 more reused dependencies)
|     +- run test 3 pass (3 total) 2ms MaxRSS:1M
|     |  +- compile test ReleaseSafe native cached 45ms MaxRSS:21M
|     |     +- run exe replay-rx-io-library (program.zig) cached
|     |     |  +- compile exe replay-rx-io-library ReleaseSafe native (+1 more reused dependencies)
|     |     |  +- run exe consume-rx-io-library (consumer.zxlib) cached
|     |     |     +- compile exe consume-rx-io-library ReleaseSafe native (+1 more reused dependencies)
|     |     |     +- run exe compile-rx-io (workflow.zxlib) cached
|     |     |        +- compile exe compile-rx-io ReleaseSafe native (+1 more reused dependencies)
|     |     +- options cached
|     |     +- run exe replay-rx-io-library (program.zig) (+2 more reused dependencies)
|     +- run test 4 pass (4 total) 4ms MaxRSS:1M
|     |  +- compile test ReleaseSafe native cached 45ms MaxRSS:21M
|     |     +- run exe replay-rx-io-library (program.zig) cached
|     |     |  +- compile exe replay-rx-io-library ReleaseSafe native (+1 more reused dependencies)
|     |     |  +- run exe consume-rx-io-library (republished.zxlib) cached
|     |     |     +- compile exe consume-rx-io-library ReleaseSafe native (+1 more reused dependencies)
|     |     |     +- run exe consume-rx-io-library (consumer.zxlib) cached
|     |     |        +- compile exe consume-rx-io-library ReleaseSafe native (+1 more reused dependencies)
|     |     |        +- run exe compile-rx-io (workflow.zxlib) cached
|     |     |           +- compile exe compile-rx-io ReleaseSafe native (+1 more reused dependencies)
|     |     +- options cached
|     |     +- run exe replay-rx-io-library (program.zig) (+2 more reused dependencies)
|     +- run test 3 pass (3 total) 2ms MaxRSS:1M
|     |  +- compile test ReleaseSafe native cached 43ms MaxRSS:21M
|     |     +- run exe replay-rx-io-library (program.zig) cached
|     |     |  +- compile exe replay-rx-io-library ReleaseSafe native (+1 more reused dependencies)
|     |     |  +- run exe consume-rx-io-library (republished.zxlib) cached
|     |     |     +- compile exe consume-rx-io-library ReleaseSafe native (+1 more reused dependencies)
|     |     |     +- run exe consume-rx-io-library (consumer.zxlib) cached
|     |     |        +- compile exe consume-rx-io-library ReleaseSafe native (+1 more reused dependencies)
|     |     |        +- run exe compile-rx-io (workflow.zxlib) cached
|     |     |           +- compile exe compile-rx-io ReleaseSafe native (+1 more reused dependencies)
|     |     +- options cached
|     |     +- run exe replay-rx-io-library (program.zig) (+2 more reused dependencies)
|     +- run test 4 pass (4 total) 4ms MaxRSS:1M
|     |  +- compile test ReleaseSafe native cached 45ms MaxRSS:21M
|     |     +- run exe replay-rx-io-library (program.zig) cached
|     |     |  +- compile exe replay-rx-io-library ReleaseSafe native (+1 more reused dependencies)
|     |     |  +- run exe consume-rx-io-library (republished.zxlib) cached
|     |     |     +- compile exe consume-rx-io-library ReleaseSafe native (+1 more reused dependencies)
|     |     |     +- run exe consume-rx-io-library (consumer.zxlib) cached
|     |     |        +- compile exe consume-rx-io-library ReleaseSafe native (+1 more reused dependencies)
|     |     |        +- run exe compile-rx-io (workflow.zxlib) cached
|     |     |           +- compile exe compile-rx-io ReleaseSafe native (+1 more reused dependencies)
|     |     +- options cached
|     |     +- run exe replay-rx-io-library (program.zig) (+2 more reused dependencies)
|     +- run test 3 pass (3 total) 2ms MaxRSS:1M
|     |  +- compile test ReleaseSafe native cached 44ms MaxRSS:21M
|     |     +- run exe replay-rx-io-library (program.zig) cached
|     |     |  +- compile exe replay-rx-io-library ReleaseSafe native (+1 more reused dependencies)
|     |     |  +- run exe consume-rx-io-library (republished.zxlib) cached
|     |     |     +- compile exe consume-rx-io-library ReleaseSafe native (+1 more reused dependencies)
|     |     |     +- run exe consume-rx-io-library (consumer.zxlib) cached
|     |     |        +- compile exe consume-rx-io-library ReleaseSafe native (+1 more reused dependencies)
|     |     |        +- run exe compile-rx-io (workflow.zxlib) cached
|     |     |           +- compile exe compile-rx-io ReleaseSafe native (+1 more reused dependencies)
|     |     +- options cached
|     |     +- run exe replay-rx-io-library (program.zig) (+2 more reused dependencies)
|     +- run test 3 pass (3 total) 3ms MaxRSS:1M
|     |  +- compile test ReleaseSafe native cached 45ms MaxRSS:21M
|     |     +- run exe replay-rx-io-library (program.zig) cached
|     |     |  +- compile exe replay-rx-io-library ReleaseSafe native (+1 more reused dependencies)
|     |     |  +- run exe compile-rx-io (workflow.zxlib) cached
|     |     |     +- compile exe compile-rx-io ReleaseSafe native (+1 more reused dependencies)
|     |     +- options cached
|     |     +- run exe replay-rx-io-library (program.zig) (+2 more reused dependencies)
|     +- run test 3 pass (3 total) 2ms MaxRSS:1M
|     |  +- compile test ReleaseSafe native cached 45ms MaxRSS:21M
|     |     +- run exe replay-rx-io-library (program.zig) cached
|     |     |  +- compile exe replay-rx-io-library ReleaseSafe native (+1 more reused dependencies)
|     |     |  +- run exe compile-rx-io (workflow.zxlib) cached
|     |     |     +- compile exe compile-rx-io ReleaseSafe native (+1 more reused dependencies)
|     |     +- options cached
|     |     +- run exe replay-rx-io-library (program.zig) (+2 more reused dependencies)
|     +- run test 3 pass (3 total) 4ms MaxRSS:1M
|     |  +- compile test ReleaseSafe native cached 48ms MaxRSS:21M
|     |     +- run exe replay-rx-io-library (program.zig) cached
|     |     |  +- compile exe replay-rx-io-library ReleaseSafe native (+1 more reused dependencies)
|     |     |  +- run exe compile-rx-io (workflow.zxlib) cached
|     |     |     +- compile exe compile-rx-io ReleaseSafe native (+1 more reused dependencies)
|     |     +- options cached
|     |     +- run exe replay-rx-io-library (program.zig) (+2 more reused dependencies)
|     +- run test 3 pass (3 total) 2ms MaxRSS:1M
|     |  +- compile test ReleaseSafe native cached 45ms MaxRSS:21M
|     |     +- run exe replay-rx-io-library (program.zig) cached
|     |     |  +- compile exe replay-rx-io-library ReleaseSafe native (+1 more reused dependencies)
|     |     |  +- run exe compile-rx-io (workflow.zxlib) cached
|     |     |     +- compile exe compile-rx-io ReleaseSafe native (+1 more reused dependencies)
|     |     +- options cached
|     |     +- run exe replay-rx-io-library (program.zig) (+2 more reused dependencies)
|     +- run test 3 pass (3 total) 3ms MaxRSS:1M
|     |  +- compile test ReleaseSafe native cached 46ms MaxRSS:21M
|     |     +- run exe replay-rx-io-library (program.zig) cached
|     |     |  +- compile exe replay-rx-io-library ReleaseSafe native (+1 more reused dependencies)
|     |     |  +- run exe consume-rx-io-library (consumer.zxlib) cached
|     |     |     +- compile exe consume-rx-io-library ReleaseSafe native (+1 more reused dependencies)
|     |     |     +- run exe compile-rx-io (workflow.zxlib) cached
|     |     |        +- compile exe compile-rx-io ReleaseSafe native (+1 more reused dependencies)
|     |     +- options cached
|     |     +- run exe replay-rx-io-library (program.zig) (+2 more reused dependencies)
|     +- run test 3 pass (3 total) 2ms MaxRSS:1M
|     |  +- compile test ReleaseSafe native cached 45ms MaxRSS:21M
|     |     +- run exe replay-rx-io-library (program.zig) cached
|     |     |  +- compile exe replay-rx-io-library ReleaseSafe native (+1 more reused dependencies)
|     |     |  +- run exe consume-rx-io-library (consumer.zxlib) cached
|     |     |     +- compile exe consume-rx-io-library ReleaseSafe native (+1 more reused dependencies)
|     |     |     +- run exe compile-rx-io (workflow.zxlib) cached
|     |     |        +- compile exe compile-rx-io ReleaseSafe native (+1 more reused dependencies)
|     |     +- options cached
|     |     +- run exe replay-rx-io-library (program.zig) (+2 more reused dependencies)
|     +- run test 3 pass (3 total) 3ms MaxRSS:1M
|     |  +- compile test ReleaseSafe native cached 46ms MaxRSS:21M
|     |     +- run exe replay-rx-io-library (program.zig) cached
|     |     |  +- compile exe replay-rx-io-library ReleaseSafe native (+1 more reused dependencies)
|     |     |  +- run exe consume-rx-io-library (consumer.zxlib) cached
|     |     |     +- compile exe consume-rx-io-library ReleaseSafe native (+1 more reused dependencies)
|     |     |     +- run exe compile-rx-io (workflow.zxlib) cached
|     |     |        +- compile exe compile-rx-io ReleaseSafe native (+1 more reused dependencies)
|     |     +- options cached
|     |     +- run exe replay-rx-io-library (program.zig) (+2 more reused dependencies)
|     +- run test 3 pass (3 total) 2ms MaxRSS:1M
|     |  +- compile test ReleaseSafe native cached 48ms MaxRSS:21M
|     |     +- run exe replay-rx-io-library (program.zig) cached
|     |     |  +- compile exe replay-rx-io-library ReleaseSafe native (+1 more reused dependencies)
|     |     |  +- run exe consume-rx-io-library (consumer.zxlib) cached
|     |     |     +- compile exe consume-rx-io-library ReleaseSafe native (+1 more reused dependencies)
|     |     |     +- run exe compile-rx-io (workflow.zxlib) cached
|     |     |        +- compile exe compile-rx-io ReleaseSafe native (+1 more reused dependencies)
|     |     +- options cached
|     |     +- run exe replay-rx-io-library (program.zig) (+2 more reused dependencies)
|     +- run test 3 pass (3 total) 4ms MaxRSS:1M
|     |  +- compile test ReleaseSafe native cached 41ms MaxRSS:21M
|     |     +- run exe replay-rx-io-library (program.zig) cached
|     |     |  +- compile exe replay-rx-io-library ReleaseSafe native (+1 more reused dependencies)
|     |     |  +- run exe consume-rx-io-library (consumer.zxlib) cached
|     |     |     +- compile exe consume-rx-io-library ReleaseSafe native (+1 more reused dependencies)
|     |     |     +- run exe compile-rx-io (workflow.zxlib) cached
|     |     |        +- compile exe compile-rx-io ReleaseSafe native (+1 more reused dependencies)
|     |     +- options cached
|     |     +- run exe replay-rx-io-library (program.zig) (+2 more reused dependencies)
|     +- run test 3 pass (3 total) 2ms MaxRSS:1M
|     |  +- compile test ReleaseSafe native cached 46ms MaxRSS:21M
|     |     +- run exe replay-rx-io-library (program.zig) cached
|     |     |  +- compile exe replay-rx-io-library ReleaseSafe native (+1 more reused dependencies)
|     |     |  +- run exe consume-rx-io-library (consumer.zxlib) cached
|     |     |     +- compile exe consume-rx-io-library ReleaseSafe native (+1 more reused dependencies)
|     |     |     +- run exe compile-rx-io (workflow.zxlib) cached
|     |     |        +- compile exe compile-rx-io ReleaseSafe native (+1 more reused dependencies)
|     |     +- options cached
|     |     +- run exe replay-rx-io-library (program.zig) (+2 more reused dependencies)
|     +- run test 3 pass (3 total) 3ms MaxRSS:1M
|     |  +- compile test ReleaseSafe native cached 45ms MaxRSS:21M
|     |     +- run exe replay-rx-io-library (program.zig) cached
|     |     |  +- compile exe replay-rx-io-library ReleaseSafe native (+1 more reused dependencies)
|     |     |  +- run exe consume-rx-io-library (consumer.zxlib) cached
|     |     |     +- compile exe consume-rx-io-library ReleaseSafe native (+1 more reused dependencies)
|     |     |     +- run exe compile-rx-io (workflow.zxlib) cached
|     |     |        +- compile exe compile-rx-io ReleaseSafe native (+1 more reused dependencies)
|     |     +- options cached
|     |     +- run exe replay-rx-io-library (program.zig) (+2 more reused dependencies)
|     +- run test 3 pass (3 total) 2ms MaxRSS:1M
|     |  +- compile test ReleaseSafe native cached 48ms MaxRSS:21M
|     |     +- run exe replay-rx-io-library (program.zig) cached
|     |     |  +- compile exe replay-rx-io-library ReleaseSafe native (+1 more reused dependencies)
|     |     |  +- run exe consume-rx-io-library (consumer.zxlib) cached
|     |     |     +- compile exe consume-rx-io-library ReleaseSafe native (+1 more reused dependencies)
|     |     |     +- run exe compile-rx-io (workflow.zxlib) cached
|     |     |        +- compile exe compile-rx-io ReleaseSafe native (+1 more reused dependencies)
|     |     +- options cached
|     |     +- run exe replay-rx-io-library (program.zig) (+2 more reused dependencies)
|     +- run test 3 pass (3 total) 3ms MaxRSS:1M
|     |  +- compile test ReleaseSafe native cached 48ms MaxRSS:21M
|     |     +- run exe replay-rx-io-library (program.zig) cached
|     |     |  +- compile exe replay-rx-io-library ReleaseSafe native (+1 more reused dependencies)
|     |     |  +- run exe consume-rx-io-library (republished.zxlib) cached
|     |     |     +- compile exe consume-rx-io-library ReleaseSafe native (+1 more reused dependencies)
|     |     |     +- run exe consume-rx-io-library (consumer.zxlib) cached
|     |     |        +- compile exe consume-rx-io-library ReleaseSafe native (+1 more reused dependencies)
|     |     |        +- run exe compile-rx-io (workflow.zxlib) cached
|     |     |           +- compile exe compile-rx-io ReleaseSafe native (+1 more reused dependencies)
|     |     +- options cached
|     |     +- run exe replay-rx-io-library (program.zig) (+2 more reused dependencies)
|     +- run test 3 pass (3 total) 2ms MaxRSS:1M
|     |  +- compile test ReleaseSafe native cached 46ms MaxRSS:21M
|     |     +- run exe replay-rx-io-library (program.zig) cached
|     |     |  +- compile exe replay-rx-io-library ReleaseSafe native (+1 more reused dependencies)
|     |     |  +- run exe consume-rx-io-library (republished.zxlib) cached
|     |     |     +- compile exe consume-rx-io-library ReleaseSafe native (+1 more reused dependencies)
|     |     |     +- run exe consume-rx-io-library (consumer.zxlib) cached
|     |     |        +- compile exe consume-rx-io-library ReleaseSafe native (+1 more reused dependencies)
|     |     |        +- run exe compile-rx-io (workflow.zxlib) cached
|     |     |           +- compile exe compile-rx-io ReleaseSafe native (+1 more reused dependencies)
|     |     +- options cached
|     |     +- run exe replay-rx-io-library (program.zig) (+2 more reused dependencies)
|     +- run test 3 pass (3 total) 3ms MaxRSS:1M
|     |  +- compile test ReleaseSafe native cached 41ms MaxRSS:21M
|     |     +- run exe replay-rx-io-library (program.zig) cached
|     |     |  +- compile exe replay-rx-io-library ReleaseSafe native (+1 more reused dependencies)
|     |     |  +- run exe consume-rx-io-library (republished.zxlib) cached
|     |     |     +- compile exe consume-rx-io-library ReleaseSafe native (+1 more reused dependencies)
|     |     |     +- run exe consume-rx-io-library (consumer.zxlib) cached
|     |     |        +- compile exe consume-rx-io-library ReleaseSafe native (+1 more reused dependencies)
|     |     |        +- run exe compile-rx-io (workflow.zxlib) cached
|     |     |           +- compile exe compile-rx-io ReleaseSafe native (+1 more reused dependencies)
|     |     +- options cached
|     |     +- run exe replay-rx-io-library (program.zig) (+2 more reused dependencies)
|     +- run test 3 pass (3 total) 2ms MaxRSS:1M
|     |  +- compile test ReleaseSafe native cached 46ms MaxRSS:21M
|     |     +- run exe replay-rx-io-library (program.zig) cached
|     |     |  +- compile exe replay-rx-io-library ReleaseSafe native (+1 more reused dependencies)
|     |     |  +- run exe consume-rx-io-library (republished.zxlib) cached
|     |     |     +- compile exe consume-rx-io-library ReleaseSafe native (+1 more reused dependencies)
|     |     |     +- run exe consume-rx-io-library (consumer.zxlib) cached
|     |     |        +- compile exe consume-rx-io-library ReleaseSafe native (+1 more reused dependencies)
|     |     |        +- run exe compile-rx-io (workflow.zxlib) cached
|     |     |           +- compile exe compile-rx-io ReleaseSafe native (+1 more reused dependencies)
|     |     +- options cached
|     |     +- run exe replay-rx-io-library (program.zig) (+2 more reused dependencies)
|     +- run test 3 pass (3 total) 4ms MaxRSS:1M
|     |  +- compile test ReleaseSafe native cached 43ms MaxRSS:21M
|     |     +- run exe replay-rx-io-library (program.zig) cached
|     |     |  +- compile exe replay-rx-io-library ReleaseSafe native (+1 more reused dependencies)
|     |     |  +- run exe compile-rx-io (workflow.zxlib) cached
|     |     |     +- compile exe compile-rx-io ReleaseSafe native (+1 more reused dependencies)
|     |     +- options cached
|     |     +- run exe replay-rx-io-library (program.zig) (+2 more reused dependencies)
|     +- run test 3 pass (3 total) 2ms MaxRSS:1M
|     |  +- compile test ReleaseSafe native cached 48ms MaxRSS:21M
|     |     +- run exe replay-rx-io-library (program.zig) cached
|     |     |  +- compile exe replay-rx-io-library ReleaseSafe native (+1 more reused dependencies)
|     |     |  +- run exe compile-rx-io (workflow.zxlib) cached
|     |     |     +- compile exe compile-rx-io ReleaseSafe native (+1 more reused dependencies)
|     |     +- options cached
|     |     +- run exe replay-rx-io-library (program.zig) (+2 more reused dependencies)
|     +- run test 3 pass (3 total) 4ms MaxRSS:1M
|     |  +- compile test ReleaseSafe native cached 48ms MaxRSS:21M
|     |     +- run exe replay-rx-io-library (program.zig) cached
|     |     |  +- compile exe replay-rx-io-library ReleaseSafe native (+1 more reused dependencies)
|     |     |  +- run exe compile-rx-io (workflow.zxlib) cached
|     |     |     +- compile exe compile-rx-io ReleaseSafe native (+1 more reused dependencies)
|     |     +- options cached
|     |     +- run exe replay-rx-io-library (program.zig) (+2 more reused dependencies)
|     +- run test 3 pass (3 total) 2ms MaxRSS:1M
|     |  +- compile test ReleaseSafe native cached 48ms MaxRSS:21M
|     |     +- run exe replay-rx-io-library (program.zig) cached
|     |     |  +- compile exe replay-rx-io-library ReleaseSafe native (+1 more reused dependencies)
|     |     |  +- run exe compile-rx-io (workflow.zxlib) cached
|     |     |     +- compile exe compile-rx-io ReleaseSafe native (+1 more reused dependencies)
|     |     +- options cached
|     |     +- run exe replay-rx-io-library (program.zig) (+2 more reused dependencies)
|     +- run test 3 pass (3 total) 4ms MaxRSS:1M
|     |  +- compile test ReleaseSafe native cached 44ms MaxRSS:21M
|     |     +- run exe replay-rx-io-library (program.zig) cached
|     |     |  +- compile exe replay-rx-io-library ReleaseSafe native (+1 more reused dependencies)
|     |     |  +- run exe consume-rx-io-library (consumer.zxlib) cached
|     |     |     +- compile exe consume-rx-io-library ReleaseSafe native (+1 more reused dependencies)
|     |     |     +- run exe compile-rx-io (workflow.zxlib) cached
|     |     |        +- compile exe compile-rx-io ReleaseSafe native (+1 more reused dependencies)
|     |     +- options cached
|     |     +- run exe replay-rx-io-library (program.zig) (+2 more reused dependencies)
|     +- run test 3 pass (3 total) 2ms MaxRSS:1M
|     |  +- compile test ReleaseSafe native cached 48ms MaxRSS:21M
|     |     +- run exe replay-rx-io-library (program.zig) cached
|     |     |  +- compile exe replay-rx-io-library ReleaseSafe native (+1 more reused dependencies)
|     |     |  +- run exe consume-rx-io-library (consumer.zxlib) cached
|     |     |     +- compile exe consume-rx-io-library ReleaseSafe native (+1 more reused dependencies)
|     |     |     +- run exe compile-rx-io (workflow.zxlib) cached
|     |     |        +- compile exe compile-rx-io ReleaseSafe native (+1 more reused dependencies)
|     |     +- options cached
|     |     +- run exe replay-rx-io-library (program.zig) (+2 more reused dependencies)
|     +- run test 3 pass (3 total) 4ms MaxRSS:1M
|     |  +- compile test ReleaseSafe native cached 48ms MaxRSS:21M
|     |     +- run exe replay-rx-io-library (program.zig) cached
|     |     |  +- compile exe replay-rx-io-library ReleaseSafe native (+1 more reused dependencies)
|     |     |  +- run exe consume-rx-io-library (consumer.zxlib) cached
|     |     |     +- compile exe consume-rx-io-library ReleaseSafe native (+1 more reused dependencies)
|     |     |     +- run exe compile-rx-io (workflow.zxlib) cached
|     |     |        +- compile exe compile-rx-io ReleaseSafe native (+1 more reused dependencies)
|     |     +- options cached
|     |     +- run exe replay-rx-io-library (program.zig) (+2 more reused dependencies)
|     +- run test 3 pass (3 total) 2ms MaxRSS:1M
|     |  +- compile test ReleaseSafe native cached 48ms MaxRSS:21M
|     |     +- run exe replay-rx-io-library (program.zig) cached
|     |     |  +- compile exe replay-rx-io-library ReleaseSafe native (+1 more reused dependencies)
|     |     |  +- run exe consume-rx-io-library (consumer.zxlib) cached
|     |     |     +- compile exe consume-rx-io-library ReleaseSafe native (+1 more reused dependencies)
|     |     |     +- run exe compile-rx-io (workflow.zxlib) cached
|     |     |        +- compile exe compile-rx-io ReleaseSafe native (+1 more reused dependencies)
|     |     +- options cached
|     |     +- run exe replay-rx-io-library (program.zig) (+2 more reused dependencies)
|     +- run test 3 pass (3 total) 5ms MaxRSS:1M
|     |  +- compile test ReleaseSafe native cached 48ms MaxRSS:21M
|     |     +- run exe replay-rx-io-library (program.zig) cached
|     |     |  +- compile exe replay-rx-io-library ReleaseSafe native (+1 more reused dependencies)
|     |     |  +- run exe consume-rx-io-library (consumer.zxlib) cached
|     |     |     +- compile exe consume-rx-io-library ReleaseSafe native (+1 more reused dependencies)
|     |     |     +- run exe compile-rx-io (workflow.zxlib) cached
|     |     |        +- compile exe compile-rx-io ReleaseSafe native (+1 more reused dependencies)
|     |     +- options cached
|     |     +- run exe replay-rx-io-library (program.zig) (+2 more reused dependencies)
|     +- run test 3 pass (3 total) 2ms MaxRSS:1M
|     |  +- compile test ReleaseSafe native cached 45ms MaxRSS:21M
|     |     +- run exe replay-rx-io-library (program.zig) cached
|     |     |  +- compile exe replay-rx-io-library ReleaseSafe native (+1 more reused dependencies)
|     |     |  +- run exe consume-rx-io-library (consumer.zxlib) cached
|     |     |     +- compile exe consume-rx-io-library ReleaseSafe native (+1 more reused dependencies)
|     |     |     +- run exe compile-rx-io (workflow.zxlib) cached
|     |     |        +- compile exe compile-rx-io ReleaseSafe native (+1 more reused dependencies)
|     |     +- options cached
|     |     +- run exe replay-rx-io-library (program.zig) (+2 more reused dependencies)
|     +- run test 3 pass (3 total) 5ms MaxRSS:1M
|     |  +- compile test ReleaseSafe native cached 45ms MaxRSS:21M
|     |     +- run exe replay-rx-io-library (program.zig) cached
|     |     |  +- compile exe replay-rx-io-library ReleaseSafe native (+1 more reused dependencies)
|     |     |  +- run exe consume-rx-io-library (consumer.zxlib) cached
|     |     |     +- compile exe consume-rx-io-library ReleaseSafe native (+1 more reused dependencies)
|     |     |     +- run exe compile-rx-io (workflow.zxlib) cached
|     |     |        +- compile exe compile-rx-io ReleaseSafe native (+1 more reused dependencies)
|     |     +- options cached
|     |     +- run exe replay-rx-io-library (program.zig) (+2 more reused dependencies)
|     +- run test 3 pass (3 total) 2ms MaxRSS:1M
|     |  +- compile test ReleaseSafe native cached 43ms MaxRSS:21M
|     |     +- run exe replay-rx-io-library (program.zig) cached
|     |     |  +- compile exe replay-rx-io-library ReleaseSafe native (+1 more reused dependencies)
|     |     |  +- run exe consume-rx-io-library (consumer.zxlib) cached
|     |     |     +- compile exe consume-rx-io-library ReleaseSafe native (+1 more reused dependencies)
|     |     |     +- run exe compile-rx-io (workflow.zxlib) cached
|     |     |        +- compile exe compile-rx-io ReleaseSafe native (+1 more reused dependencies)
|     |     +- options cached
|     |     +- run exe replay-rx-io-library (program.zig) (+2 more reused dependencies)
|     +- run test 3 pass (3 total) 4ms MaxRSS:1M
|     |  +- compile test ReleaseSafe native cached 42ms MaxRSS:21M
|     |     +- run exe replay-rx-io-library (program.zig) cached
|     |     |  +- compile exe replay-rx-io-library ReleaseSafe native (+1 more reused dependencies)
|     |     |  +- run exe consume-rx-io-library (republished.zxlib) cached
|     |     |     +- compile exe consume-rx-io-library ReleaseSafe native (+1 more reused dependencies)
|     |     |     +- run exe consume-rx-io-library (consumer.zxlib) cached
|     |     |        +- compile exe consume-rx-io-library ReleaseSafe native (+1 more reused dependencies)
|     |     |        +- run exe compile-rx-io (workflow.zxlib) cached
|     |     |           +- compile exe compile-rx-io ReleaseSafe native (+1 more reused dependencies)
|     |     +- options cached
|     |     +- run exe replay-rx-io-library (program.zig) (+2 more reused dependencies)
|     +- run test 3 pass (3 total) 2ms MaxRSS:1M
|     |  +- compile test ReleaseSafe native cached 41ms MaxRSS:21M
|     |     +- run exe replay-rx-io-library (program.zig) cached
|     |     |  +- compile exe replay-rx-io-library ReleaseSafe native (+1 more reused dependencies)
|     |     |  +- run exe consume-rx-io-library (republished.zxlib) cached
|     |     |     +- compile exe consume-rx-io-library ReleaseSafe native (+1 more reused dependencies)
|     |     |     +- run exe consume-rx-io-library (consumer.zxlib) cached
|     |     |        +- compile exe consume-rx-io-library ReleaseSafe native (+1 more reused dependencies)
|     |     |        +- run exe compile-rx-io (workflow.zxlib) cached
|     |     |           +- compile exe compile-rx-io ReleaseSafe native (+1 more reused dependencies)
|     |     +- options cached
|     |     +- run exe replay-rx-io-library (program.zig) (+2 more reused dependencies)
|     +- run test 3 pass (3 total) 5ms MaxRSS:1M
|     |  +- compile test ReleaseSafe native cached 44ms MaxRSS:21M
|     |     +- run exe replay-rx-io-library (program.zig) cached
|     |     |  +- compile exe replay-rx-io-library ReleaseSafe native (+1 more reused dependencies)
|     |     |  +- run exe consume-rx-io-library (republished.zxlib) cached
|     |     |     +- compile exe consume-rx-io-library ReleaseSafe native (+1 more reused dependencies)
|     |     |     +- run exe consume-rx-io-library (consumer.zxlib) cached
|     |     |        +- compile exe consume-rx-io-library ReleaseSafe native (+1 more reused dependencies)
|     |     |        +- run exe compile-rx-io (workflow.zxlib) cached
|     |     |           +- compile exe compile-rx-io ReleaseSafe native (+1 more reused dependencies)
|     |     +- options cached
|     |     +- run exe replay-rx-io-library (program.zig) (+2 more reused dependencies)
|     +- run test 3 pass (3 total) 2ms MaxRSS:1M
|     |  +- compile test ReleaseSafe native cached 45ms MaxRSS:21M
|     |     +- run exe replay-rx-io-library (program.zig) cached
|     |     |  +- compile exe replay-rx-io-library ReleaseSafe native (+1 more reused dependencies)
|     |     |  +- run exe consume-rx-io-library (republished.zxlib) cached
|     |     |     +- compile exe consume-rx-io-library ReleaseSafe native (+1 more reused dependencies)
|     |     |     +- run exe consume-rx-io-library (consumer.zxlib) cached
|     |     |        +- compile exe consume-rx-io-library ReleaseSafe native (+1 more reused dependencies)
|     |     |        +- run exe compile-rx-io (workflow.zxlib) cached
|     |     |           +- compile exe compile-rx-io ReleaseSafe native (+1 more reused dependencies)
|     |     +- options cached
|     |     +- run exe replay-rx-io-library (program.zig) (+2 more reused dependencies)
|     +- run test 3 pass (3 total) 4ms MaxRSS:1M
|     |  +- compile test ReleaseSafe native cached 47ms MaxRSS:21M
|     |     +- run exe replay-rx-io-library (program.zig) cached
|     |     |  +- compile exe replay-rx-io-library ReleaseSafe native (+1 more reused dependencies)
|     |     |  +- run exe compile-rx-io (workflow.zxlib) cached
|     |     |     +- compile exe compile-rx-io ReleaseSafe native (+1 more reused dependencies)
|     |     +- options cached
|     |     +- run exe replay-rx-io-library (program.zig) (+2 more reused dependencies)
|     +- run test 3 pass (3 total) 2ms MaxRSS:1M
|     |  +- compile test ReleaseSafe native cached 47ms MaxRSS:21M
|     |     +- run exe replay-rx-io-library (program.zig) cached
|     |     |  +- compile exe replay-rx-io-library ReleaseSafe native (+1 more reused dependencies)
|     |     |  +- run exe compile-rx-io (workflow.zxlib) cached
|     |     |     +- compile exe compile-rx-io ReleaseSafe native (+1 more reused dependencies)
|     |     +- options cached
|     |     +- run exe replay-rx-io-library (program.zig) (+2 more reused dependencies)
|     +- run test 3 pass (3 total) 4ms MaxRSS:1M
|     |  +- compile test ReleaseSafe native cached 45ms MaxRSS:21M
|     |     +- run exe replay-rx-io-library (program.zig) cached
|     |     |  +- compile exe replay-rx-io-library ReleaseSafe native (+1 more reused dependencies)
|     |     |  +- run exe compile-rx-io (workflow.zxlib) cached
|     |     |     +- compile exe compile-rx-io ReleaseSafe native (+1 more reused dependencies)
|     |     +- options cached
|     |     +- run exe replay-rx-io-library (program.zig) (+2 more reused dependencies)
|     +- run test 3 pass (3 total) 2ms MaxRSS:1M
|     |  +- compile test ReleaseSafe native cached 45ms MaxRSS:21M
|     |     +- run exe replay-rx-io-library (program.zig) cached
|     |     |  +- compile exe replay-rx-io-library ReleaseSafe native (+1 more reused dependencies)
|     |     |  +- run exe compile-rx-io (workflow.zxlib) cached
|     |     |     +- compile exe compile-rx-io ReleaseSafe native (+1 more reused dependencies)
|     |     +- options cached
|     |     +- run exe replay-rx-io-library (program.zig) (+2 more reused dependencies)
|     +- run test 3 pass (3 total) 4ms MaxRSS:1M
|     |  +- compile test ReleaseSafe native cached 47ms MaxRSS:21M
|     |     +- run exe replay-rx-io-library (program.zig) cached
|     |     |  +- compile exe replay-rx-io-library ReleaseSafe native (+1 more reused dependencies)
|     |     |  +- run exe consume-rx-io-library (consumer.zxlib) cached
|     |     |     +- compile exe consume-rx-io-library ReleaseSafe native (+1 more reused dependencies)
|     |     |     +- run exe compile-rx-io (workflow.zxlib) cached
|     |     |        +- compile exe compile-rx-io ReleaseSafe native (+1 more reused dependencies)
|     |     +- options cached
|     |     +- run exe replay-rx-io-library (program.zig) (+2 more reused dependencies)
|     +- run test 3 pass (3 total) 2ms MaxRSS:1M
|     |  +- compile test ReleaseSafe native cached 43ms MaxRSS:21M
|     |     +- run exe replay-rx-io-library (program.zig) cached
|     |     |  +- compile exe replay-rx-io-library ReleaseSafe native (+1 more reused dependencies)
|     |     |  +- run exe consume-rx-io-library (consumer.zxlib) cached
|     |     |     +- compile exe consume-rx-io-library ReleaseSafe native (+1 more reused dependencies)
|     |     |     +- run exe compile-rx-io (workflow.zxlib) cached
|     |     |        +- compile exe compile-rx-io ReleaseSafe native (+1 more reused dependencies)
|     |     +- options cached
|     |     +- run exe replay-rx-io-library (program.zig) (+2 more reused dependencies)
|     +- run test 3 pass (3 total) 5ms MaxRSS:1M
|     |  +- compile test ReleaseSafe native cached 44ms MaxRSS:21M
|     |     +- run exe replay-rx-io-library (program.zig) cached
|     |     |  +- compile exe replay-rx-io-library ReleaseSafe native (+1 more reused dependencies)
|     |     |  +- run exe consume-rx-io-library (consumer.zxlib) cached
|     |     |     +- compile exe consume-rx-io-library ReleaseSafe native (+1 more reused dependencies)
|     |     |     +- run exe compile-rx-io (workflow.zxlib) cached
|     |     |        +- compile exe compile-rx-io ReleaseSafe native (+1 more reused dependencies)
|     |     +- options cached
|     |     +- run exe replay-rx-io-library (program.zig) (+2 more reused dependencies)
|     +- run test 3 pass (3 total) 2ms MaxRSS:1M
|     |  +- compile test ReleaseSafe native cached 44ms MaxRSS:21M
|     |     +- run exe replay-rx-io-library (program.zig) cached
|     |     |  +- compile exe replay-rx-io-library ReleaseSafe native (+1 more reused dependencies)
|     |     |  +- run exe consume-rx-io-library (consumer.zxlib) cached
|     |     |     +- compile exe consume-rx-io-library ReleaseSafe native (+1 more reused dependencies)
|     |     |     +- run exe compile-rx-io (workflow.zxlib) cached
|     |     |        +- compile exe compile-rx-io ReleaseSafe native (+1 more reused dependencies)
|     |     +- options cached
|     |     +- run exe replay-rx-io-library (program.zig) (+2 more reused dependencies)
|     +- run test 3 pass (3 total) 4ms MaxRSS:1M
|     |  +- compile test ReleaseSafe native cached 45ms MaxRSS:21M
|     |     +- run exe replay-rx-io-library (program.zig) cached
|     |     |  +- compile exe replay-rx-io-library ReleaseSafe native (+1 more reused dependencies)
|     |     |  +- run exe consume-rx-io-library (consumer.zxlib) cached
|     |     |     +- compile exe consume-rx-io-library ReleaseSafe native (+1 more reused dependencies)
|     |     |     +- run exe compile-rx-io (workflow.zxlib) cached
|     |     |        +- compile exe compile-rx-io ReleaseSafe native (+1 more reused dependencies)
|     |     +- options cached
|     |     +- run exe replay-rx-io-library (program.zig) (+2 more reused dependencies)
|     +- run test 3 pass (3 total) 2ms MaxRSS:1M
|     |  +- compile test ReleaseSafe native cached 47ms MaxRSS:21M
|     |     +- run exe replay-rx-io-library (program.zig) cached
|     |     |  +- compile exe replay-rx-io-library ReleaseSafe native (+1 more reused dependencies)
|     |     |  +- run exe consume-rx-io-library (consumer.zxlib) cached
|     |     |     +- compile exe consume-rx-io-library ReleaseSafe native (+1 more reused dependencies)
|     |     |     +- run exe compile-rx-io (workflow.zxlib) cached
|     |     |        +- compile exe compile-rx-io ReleaseSafe native (+1 more reused dependencies)
|     |     +- options cached
|     |     +- run exe replay-rx-io-library (program.zig) (+2 more reused dependencies)
|     +- run test 3 pass (3 total) 4ms MaxRSS:1M
|     |  +- compile test ReleaseSafe native cached 48ms MaxRSS:21M
|     |     +- run exe replay-rx-io-library (program.zig) cached
|     |     |  +- compile exe replay-rx-io-library ReleaseSafe native (+1 more reused dependencies)
|     |     |  +- run exe consume-rx-io-library (consumer.zxlib) cached
|     |     |     +- compile exe consume-rx-io-library ReleaseSafe native (+1 more reused dependencies)
|     |     |     +- run exe compile-rx-io (workflow.zxlib) cached
|     |     |        +- compile exe compile-rx-io ReleaseSafe native (+1 more reused dependencies)
|     |     +- options cached
|     |     +- run exe replay-rx-io-library (program.zig) (+2 more reused dependencies)
|     +- run test 3 pass (3 total) 2ms MaxRSS:1M
|     |  +- compile test ReleaseSafe native cached 47ms MaxRSS:21M
|     |     +- run exe replay-rx-io-library (program.zig) cached
|     |     |  +- compile exe replay-rx-io-library ReleaseSafe native (+1 more reused dependencies)
|     |     |  +- run exe consume-rx-io-library (consumer.zxlib) cached
|     |     |     +- compile exe consume-rx-io-library ReleaseSafe native (+1 more reused dependencies)
|     |     |     +- run exe compile-rx-io (workflow.zxlib) cached
|     |     |        +- compile exe compile-rx-io ReleaseSafe native (+1 more reused dependencies)
|     |     +- options cached
|     |     +- run exe replay-rx-io-library (program.zig) (+2 more reused dependencies)
|     +- run test 3 pass (3 total) 5ms MaxRSS:1M
|     |  +- compile test ReleaseSafe native cached 44ms MaxRSS:21M
|     |     +- run exe replay-rx-io-library (program.zig) cached
|     |     |  +- compile exe replay-rx-io-library ReleaseSafe native (+1 more reused dependencies)
|     |     |  +- run exe consume-rx-io-library (republished.zxlib) cached
|     |     |     +- compile exe consume-rx-io-library ReleaseSafe native (+1 more reused dependencies)
|     |     |     +- run exe consume-rx-io-library (consumer.zxlib) cached
|     |     |        +- compile exe consume-rx-io-library ReleaseSafe native (+1 more reused dependencies)
|     |     |        +- run exe compile-rx-io (workflow.zxlib) cached
|     |     |           +- compile exe compile-rx-io ReleaseSafe native (+1 more reused dependencies)
|     |     +- options cached
|     |     +- run exe replay-rx-io-library (program.zig) (+2 more reused dependencies)
|     +- run test 3 pass (3 total) 2ms MaxRSS:1M
|     |  +- compile test ReleaseSafe native cached 48ms MaxRSS:21M
|     |     +- run exe replay-rx-io-library (program.zig) cached
|     |     |  +- compile exe replay-rx-io-library ReleaseSafe native (+1 more reused dependencies)
|     |     |  +- run exe consume-rx-io-library (republished.zxlib) cached
|     |     |     +- compile exe consume-rx-io-library ReleaseSafe native (+1 more reused dependencies)
|     |     |     +- run exe consume-rx-io-library (consumer.zxlib) cached
|     |     |        +- compile exe consume-rx-io-library ReleaseSafe native (+1 more reused dependencies)
|     |     |        +- run exe compile-rx-io (workflow.zxlib) cached
|     |     |           +- compile exe compile-rx-io ReleaseSafe native (+1 more reused dependencies)
|     |     +- options cached
|     |     +- run exe replay-rx-io-library (program.zig) (+2 more reused dependencies)
|     +- run test 3 pass (3 total) 4ms MaxRSS:1M
|     |  +- compile test ReleaseSafe native cached 48ms MaxRSS:21M
|     |     +- run exe replay-rx-io-library (program.zig) cached
|     |     |  +- compile exe replay-rx-io-library ReleaseSafe native (+1 more reused dependencies)
|     |     |  +- run exe consume-rx-io-library (republished.zxlib) cached
|     |     |     +- compile exe consume-rx-io-library ReleaseSafe native (+1 more reused dependencies)
|     |     |     +- run exe consume-rx-io-library (consumer.zxlib) cached
|     |     |        +- compile exe consume-rx-io-library ReleaseSafe native (+1 more reused dependencies)
|     |     |        +- run exe compile-rx-io (workflow.zxlib) cached
|     |     |           +- compile exe compile-rx-io ReleaseSafe native (+1 more reused dependencies)
|     |     +- options cached
|     |     +- run exe replay-rx-io-library (program.zig) (+2 more reused dependencies)
|     +- run test 3 pass (3 total) 2ms MaxRSS:1M
|     |  +- compile test ReleaseSafe native cached 48ms MaxRSS:21M
|     |     +- run exe replay-rx-io-library (program.zig) cached
|     |     |  +- compile exe replay-rx-io-library ReleaseSafe native (+1 more reused dependencies)
|     |     |  +- run exe consume-rx-io-library (republished.zxlib) cached
|     |     |     +- compile exe consume-rx-io-library ReleaseSafe native (+1 more reused dependencies)
|     |     |     +- run exe consume-rx-io-library (consumer.zxlib) cached
|     |     |        +- compile exe consume-rx-io-library ReleaseSafe native (+1 more reused dependencies)
|     |     |        +- run exe compile-rx-io (workflow.zxlib) cached
|     |     |           +- compile exe compile-rx-io ReleaseSafe native (+1 more reused dependencies)
|     |     +- options cached
|     |     +- run exe replay-rx-io-library (program.zig) (+2 more reused dependencies)
|     +- run test 2 pass (2 total) 3ms MaxRSS:1M
|     |  +- compile test ReleaseSafe native cached 45ms MaxRSS:21M
|     |     +- run exe replay-rx-io-library (program.zig) cached
|     |     |  +- compile exe replay-rx-io-library ReleaseSafe native (+1 more reused dependencies)
|     |     |  +- run exe compile-rx-io (workflow.zxlib) cached
|     |     |     +- compile exe compile-rx-io ReleaseSafe native (+1 more reused dependencies)
|     |     +- options cached
|     |     +- run exe replay-rx-io-library (program.zig) (+2 more reused dependencies)
|     +- run test 3 pass (3 total) 2ms MaxRSS:1M
|     |  +- compile test ReleaseSafe native cached 48ms MaxRSS:21M
|     |     +- run exe replay-rx-io-library (program.zig) cached
|     |     |  +- compile exe replay-rx-io-library ReleaseSafe native (+1 more reused dependencies)
|     |     |  +- run exe compile-rx-io (workflow.zxlib) cached
|     |     |     +- compile exe compile-rx-io ReleaseSafe native (+1 more reused dependencies)
|     |     +- options cached
|     |     +- run exe replay-rx-io-library (program.zig) (+2 more reused dependencies)
|     +- run test 2 pass (2 total) 2ms MaxRSS:1M
|     |  +- compile test ReleaseSafe native cached 43ms MaxRSS:21M
|     |     +- run exe replay-rx-io-library (program.zig) cached
|     |     |  +- compile exe replay-rx-io-library ReleaseSafe native (+1 more reused dependencies)
|     |     |  +- run exe compile-rx-io (workflow.zxlib) cached
|     |     |     +- compile exe compile-rx-io ReleaseSafe native (+1 more reused dependencies)
|     |     +- options cached
|     |     +- run exe replay-rx-io-library (program.zig) (+2 more reused dependencies)
|     +- run test 3 pass (3 total) 2ms MaxRSS:1M
|     |  +- compile test ReleaseSafe native cached 48ms MaxRSS:21M
|     |     +- run exe replay-rx-io-library (program.zig) cached
|     |     |  +- compile exe replay-rx-io-library ReleaseSafe native (+1 more reused dependencies)
|     |     |  +- run exe compile-rx-io (workflow.zxlib) cached
|     |     |     +- compile exe compile-rx-io ReleaseSafe native (+1 more reused dependencies)
|     |     +- options cached
|     |     +- run exe replay-rx-io-library (program.zig) (+2 more reused dependencies)
|     +- run test 2 pass (2 total) 2ms MaxRSS:1M
|     |  +- compile test ReleaseSafe native cached 46ms MaxRSS:21M
|     |     +- run exe replay-rx-io-library (program.zig) cached
|     |     |  +- compile exe replay-rx-io-library ReleaseSafe native (+1 more reused dependencies)
|     |     |  +- run exe consume-rx-io-library (consumer.zxlib) cached
|     |     |     +- compile exe consume-rx-io-library ReleaseSafe native (+1 more reused dependencies)
|     |     |     +- run exe compile-rx-io (workflow.zxlib) cached
|     |     |        +- compile exe compile-rx-io ReleaseSafe native (+1 more reused dependencies)
|     |     +- options cached
|     |     +- run exe replay-rx-io-library (program.zig) (+2 more reused dependencies)
|     +- run test 3 pass (3 total) 2ms MaxRSS:1M
|     |  +- compile test ReleaseSafe native cached 46ms MaxRSS:21M
|     |     +- run exe replay-rx-io-library (program.zig) cached
|     |     |  +- compile exe replay-rx-io-library ReleaseSafe native (+1 more reused dependencies)
|     |     |  +- run exe consume-rx-io-library (consumer.zxlib) cached
|     |     |     +- compile exe consume-rx-io-library ReleaseSafe native (+1 more reused dependencies)
|     |     |     +- run exe compile-rx-io (workflow.zxlib) cached
|     |     |        +- compile exe compile-rx-io ReleaseSafe native (+1 more reused dependencies)
|     |     +- options cached
|     |     +- run exe replay-rx-io-library (program.zig) (+2 more reused dependencies)
|     +- run test 2 pass (2 total) 2ms MaxRSS:1M
|     |  +- compile test ReleaseSafe native cached 48ms MaxRSS:21M
|     |     +- run exe replay-rx-io-library (program.zig) cached
|     |     |  +- compile exe replay-rx-io-library ReleaseSafe native (+1 more reused dependencies)
|     |     |  +- run exe consume-rx-io-library (consumer.zxlib) cached
|     |     |     +- compile exe consume-rx-io-library ReleaseSafe native (+1 more reused dependencies)
|     |     |     +- run exe compile-rx-io (workflow.zxlib) cached
|     |     |        +- compile exe compile-rx-io ReleaseSafe native (+1 more reused dependencies)
|     |     +- options cached
|     |     +- run exe replay-rx-io-library (program.zig) (+2 more reused dependencies)
|     +- run test 3 pass (3 total) 2ms MaxRSS:1M
|     |  +- compile test ReleaseSafe native cached 48ms MaxRSS:21M
|     |     +- run exe replay-rx-io-library (program.zig) cached
|     |     |  +- compile exe replay-rx-io-library ReleaseSafe native (+1 more reused dependencies)
|     |     |  +- run exe consume-rx-io-library (consumer.zxlib) cached
|     |     |     +- compile exe consume-rx-io-library ReleaseSafe native (+1 more reused dependencies)
|     |     |     +- run exe compile-rx-io (workflow.zxlib) cached
|     |     |        +- compile exe compile-rx-io ReleaseSafe native (+1 more reused dependencies)
|     |     +- options cached
|     |     +- run exe replay-rx-io-library (program.zig) (+2 more reused dependencies)
|     +- run test 2 pass (2 total) 3ms MaxRSS:1M
|     |  +- compile test ReleaseSafe native cached 44ms MaxRSS:21M
|     |     +- run exe replay-rx-io-library (program.zig) cached
|     |     |  +- compile exe replay-rx-io-library ReleaseSafe native (+1 more reused dependencies)
|     |     |  +- run exe consume-rx-io-library (consumer.zxlib) cached
|     |     |     +- compile exe consume-rx-io-library ReleaseSafe native (+1 more reused dependencies)
|     |     |     +- run exe compile-rx-io (workflow.zxlib) cached
|     |     |        +- compile exe compile-rx-io ReleaseSafe native (+1 more reused dependencies)
|     |     +- options cached
|     |     +- run exe replay-rx-io-library (program.zig) (+2 more reused dependencies)
|     +- run test 3 pass (3 total) 2ms MaxRSS:1M
|     |  +- compile test ReleaseSafe native cached 47ms MaxRSS:21M
|     |     +- run exe replay-rx-io-library (program.zig) cached
|     |     |  +- compile exe replay-rx-io-library ReleaseSafe native (+1 more reused dependencies)
|     |     |  +- run exe consume-rx-io-library (consumer.zxlib) cached
|     |     |     +- compile exe consume-rx-io-library ReleaseSafe native (+1 more reused dependencies)
|     |     |     +- run exe compile-rx-io (workflow.zxlib) cached
|     |     |        +- compile exe compile-rx-io ReleaseSafe native (+1 more reused dependencies)
|     |     +- options cached
|     |     +- run exe replay-rx-io-library (program.zig) (+2 more reused dependencies)
|     +- run test 2 pass (2 total) 3ms MaxRSS:1M
|     |  +- compile test ReleaseSafe native cached 48ms MaxRSS:21M
|     |     +- run exe replay-rx-io-library (program.zig) cached
|     |     |  +- compile exe replay-rx-io-library ReleaseSafe native (+1 more reused dependencies)
|     |     |  +- run exe consume-rx-io-library (consumer.zxlib) cached
|     |     |     +- compile exe consume-rx-io-library ReleaseSafe native (+1 more reused dependencies)
|     |     |     +- run exe compile-rx-io (workflow.zxlib) cached
|     |     |        +- compile exe compile-rx-io ReleaseSafe native (+1 more reused dependencies)
|     |     +- options cached
|     |     +- run exe replay-rx-io-library (program.zig) (+2 more reused dependencies)
|     +- run test 3 pass (3 total) 2ms MaxRSS:1M
|     |  +- compile test ReleaseSafe native cached 46ms MaxRSS:21M
|     |     +- run exe replay-rx-io-library (program.zig) cached
|     |     |  +- compile exe replay-rx-io-library ReleaseSafe native (+1 more reused dependencies)
|     |     |  +- run exe consume-rx-io-library (consumer.zxlib) cached
|     |     |     +- compile exe consume-rx-io-library ReleaseSafe native (+1 more reused dependencies)
|     |     |     +- run exe compile-rx-io (workflow.zxlib) cached
|     |     |        +- compile exe compile-rx-io ReleaseSafe native (+1 more reused dependencies)
|     |     +- options cached
|     |     +- run exe replay-rx-io-library (program.zig) (+2 more reused dependencies)
|     +- run test 2 pass (2 total) 2ms MaxRSS:1M
|     |  +- compile test ReleaseSafe native cached 44ms MaxRSS:21M
|     |     +- run exe replay-rx-io-library (program.zig) cached
|     |     |  +- compile exe replay-rx-io-library ReleaseSafe native (+1 more reused dependencies)
|     |     |  +- run exe consume-rx-io-library (republished.zxlib) cached
|     |     |     +- compile exe consume-rx-io-library ReleaseSafe native (+1 more reused dependencies)
|     |     |     +- run exe consume-rx-io-library (consumer.zxlib) cached
|     |     |        +- compile exe consume-rx-io-library ReleaseSafe native (+1 more reused dependencies)
|     |     |        +- run exe compile-rx-io (workflow.zxlib) cached
|     |     |           +- compile exe compile-rx-io ReleaseSafe native (+1 more reused dependencies)
|     |     +- options cached
|     |     +- run exe replay-rx-io-library (program.zig) (+2 more reused dependencies)
|     +- run test 3 pass (3 total) 2ms MaxRSS:1M
|     |  +- compile test ReleaseSafe native cached 46ms MaxRSS:21M
|     |     +- run exe replay-rx-io-library (program.zig) cached
|     |     |  +- compile exe replay-rx-io-library ReleaseSafe native (+1 more reused dependencies)
|     |     |  +- run exe consume-rx-io-library (republished.zxlib) cached
|     |     |     +- compile exe consume-rx-io-library ReleaseSafe native (+1 more reused dependencies)
|     |     |     +- run exe consume-rx-io-library (consumer.zxlib) cached
|     |     |        +- compile exe consume-rx-io-library ReleaseSafe native (+1 more reused dependencies)
|     |     |        +- run exe compile-rx-io (workflow.zxlib) cached
|     |     |           +- compile exe compile-rx-io ReleaseSafe native (+1 more reused dependencies)
|     |     +- options cached
|     |     +- run exe replay-rx-io-library (program.zig) (+2 more reused dependencies)
|     +- run test 2 pass (2 total) 2ms MaxRSS:1M
|     |  +- compile test ReleaseSafe native cached 45ms MaxRSS:21M
|     |     +- run exe replay-rx-io-library (program.zig) cached
|     |     |  +- compile exe replay-rx-io-library ReleaseSafe native (+1 more reused dependencies)
|     |     |  +- run exe consume-rx-io-library (republished.zxlib) cached
|     |     |     +- compile exe consume-rx-io-library ReleaseSafe native (+1 more reused dependencies)
|     |     |     +- run exe consume-rx-io-library (consumer.zxlib) cached
|     |     |        +- compile exe consume-rx-io-library ReleaseSafe native (+1 more reused dependencies)
|     |     |        +- run exe compile-rx-io (workflow.zxlib) cached
|     |     |           +- compile exe compile-rx-io ReleaseSafe native (+1 more reused dependencies)
|     |     +- options cached
|     |     +- run exe replay-rx-io-library (program.zig) (+2 more reused dependencies)
|     +- run test 3 pass (3 total) 2ms MaxRSS:1M
|        +- compile test ReleaseSafe native cached 46ms MaxRSS:21M
|           +- run exe replay-rx-io-library (program.zig) cached
|           |  +- compile exe replay-rx-io-library ReleaseSafe native (+1 more reused dependencies)
|           |  +- run exe consume-rx-io-library (republished.zxlib) cached
|           |     +- compile exe consume-rx-io-library ReleaseSafe native (+1 more reused dependencies)
|           |     +- run exe consume-rx-io-library (consumer.zxlib) cached
|           |        +- compile exe consume-rx-io-library ReleaseSafe native (+1 more reused dependencies)
|           |        +- run exe compile-rx-io (workflow.zxlib) cached
|           |           +- compile exe compile-rx-io ReleaseSafe native (+1 more reused dependencies)
|           +- options cached
|           +- run exe replay-rx-io-library (program.zig) (+2 more reused dependencies)
+- run test 5 pass (5 total) 2ms MaxRSS:1M
|  +- compile test ReleaseSafe native success 6s MaxRSS:320M
|     +- run exe compile-rx-module (program.zig) success 2ms
|     |  +- compile exe compile-rx-module ReleaseSafe native success 19s MaxRSS:635M
|     |     +- WriteFile interfaces/0.d.zx (reused)
|     +- run exe compile-rx-module (program.zig) (+1 more reused dependencies)
+- run test 3 pass (3 total) 2ms MaxRSS:1M
|  +- compile test ReleaseSafe native success 5s MaxRSS:301M
|     +- run exe compile-rx-module (program.zig) success 2ms
|     |  +- compile exe compile-rx-module ReleaseSafe native (+1 more reused dependencies)
|     +- run exe compile-rx-module (program.zig) (+1 more reused dependencies)
+- run test 2 pass (2 total) 4ms MaxRSS:1M
|  +- compile test ReleaseSafe native success 6s MaxRSS:320M
|     +- run exe compile-rx-module (program.zig) success 4ms
|     |  +- compile exe compile-rx-module ReleaseSafe native (+1 more reused dependencies)
|     +- run exe compile-rx-module (program.zig) (+1 more reused dependencies)
+- run test 3 pass (3 total) 2ms MaxRSS:1M
|  +- compile test ReleaseSafe native success 6s MaxRSS:304M
|     +- run exe compile-rx-module (program.zig) success 2ms
|     |  +- compile exe compile-rx-module ReleaseSafe native (+1 more reused dependencies)
|     +- run exe compile-rx-module (program.zig) (+1 more reused dependencies)
+- run test 3 pass (3 total) 2ms MaxRSS:1M
|  +- compile test ReleaseSafe native success 6s MaxRSS:301M
|     +- run exe compile-rx-module (program.zig) success 3ms
|     |  +- compile exe compile-rx-module ReleaseSafe native (+1 more reused dependencies)
|     +- run exe compile-rx-module (program.zig) (+1 more reused dependencies)
+- run test 6 pass (6 total) 3ms MaxRSS:1M
|  +- compile test ReleaseSafe native success 6s MaxRSS:314M
|     +- run exe compile-rx-module (program.zig) success 2ms
|     |  +- compile exe compile-rx-module ReleaseSafe native (+1 more reused dependencies)
|     +- run exe compile-rx-module (program.zig) (+1 more reused dependencies)
+- run test 5 pass (5 total) 2ms MaxRSS:1M
|  +- compile test ReleaseSafe native success 6s MaxRSS:338M
|     +- run exe compile-rx-module (program.zig) success 3ms
|     |  +- compile exe compile-rx-module ReleaseSafe native (+1 more reused dependencies)
|     +- run exe compile-rx-module (program.zig) (+1 more reused dependencies)
+- run test 4 pass (4 total) 2ms MaxRSS:1M
|  +- compile test ReleaseSafe native success 6s MaxRSS:312M
|     +- run exe compile-rx-module (program.zig) success 3ms
|     |  +- compile exe compile-rx-module ReleaseSafe native (+1 more reused dependencies)
|     +- run exe compile-rx-module (program.zig) (+1 more reused dependencies)
+- run test 3 pass (3 total) 2ms MaxRSS:1M
|  +- compile test ReleaseSafe native success 6s MaxRSS:317M
|     +- run exe compile-rx-module (program.zig) success 3ms
|     |  +- compile exe compile-rx-module ReleaseSafe native (+1 more reused dependencies)
|     +- run exe compile-rx-module (program.zig) (+1 more reused dependencies)
+- run test 6 pass (6 total) 3ms MaxRSS:1M
|  +- compile test ReleaseSafe native success 6s MaxRSS:305M
|     +- run exe compile-rx-module (program.zig) success 2ms
|     |  +- compile exe compile-rx-module ReleaseSafe native (+1 more reused dependencies)
|     +- run exe compile-rx-module (program.zig) (+1 more reused dependencies)
+- run test 7 pass (7 total) 2ms MaxRSS:1M
|  +- compile test ReleaseSafe native success 5s MaxRSS:317M
|     +- run exe compile-rx-module (program.zig) success 2ms
|     |  +- compile exe compile-rx-module ReleaseSafe native (+1 more reused dependencies)
|     +- run exe compile-rx-module (program.zig) (+1 more reused dependencies)
+- run test 4 pass (4 total) 2ms MaxRSS:1M
|  +- compile test ReleaseSafe native success 6s MaxRSS:292M
|     +- run exe compile-rx-project (program.zig) success 3ms
|     |  +- compile exe compile-rx-project ReleaseSafe native success 19s MaxRSS:656M
|     |     +- WriteFile interfaces/0.d.zx (reused)
|     +- run exe compile-rx-project (program.zig) (+1 more reused dependencies)
+- run test 4 pass (4 total) 2ms MaxRSS:1M
|  +- compile test ReleaseSafe native success 6s MaxRSS:285M
|     +- run exe compile-rx-project (program.zig) success 2ms
|     |  +- compile exe compile-rx-project ReleaseSafe native (+1 more reused dependencies)
|     +- run exe compile-rx-project (program.zig) (+1 more reused dependencies)
+- run test 5 pass (5 total) 3ms MaxRSS:1M
|  +- compile test ReleaseSafe native success 6s MaxRSS:335M
|     +- run exe compile-rx-project (program.zig) success 3ms
|     |  +- compile exe compile-rx-project ReleaseSafe native (+1 more reused dependencies)
|     +- run exe compile-rx-project (program.zig) (+1 more reused dependencies)
+- run test 5 pass (5 total) 2ms MaxRSS:1M
|  +- compile test ReleaseSafe native success 6s MaxRSS:288M
|     +- run exe compile-rx-project (program.zig) success 3ms
|     |  +- compile exe compile-rx-project ReleaseSafe native (+1 more reused dependencies)
|     +- run exe compile-rx-project (program.zig) (+1 more reused dependencies)
+- run test 5 pass (5 total) 3ms MaxRSS:1M
|  +- compile test ReleaseSafe native success 6s MaxRSS:293M
|     +- run exe compile-rx-project (program.zig) success 2ms
|     |  +- compile exe compile-rx-project ReleaseSafe native (+1 more reused dependencies)
|     +- run exe compile-rx-project (program.zig) (+1 more reused dependencies)
+- run test 5 pass (5 total) 3ms MaxRSS:1M
|  +- compile test ReleaseSafe native success 6s MaxRSS:320M
|     +- run exe compile-rx-project (program.zig) success 4ms
|     |  +- compile exe compile-rx-project ReleaseSafe native (+1 more reused dependencies)
|     +- run exe compile-rx-project (program.zig) (+1 more reused dependencies)
+- run test 5 pass (5 total) 3ms MaxRSS:1M
|  +- compile test ReleaseSafe native success 6s MaxRSS:311M
|     +- run exe compile-rx-project (program.zig) success 3ms
|     |  +- compile exe compile-rx-project ReleaseSafe native (+1 more reused dependencies)
|     +- run exe compile-rx-project (program.zig) (+1 more reused dependencies)
+- run test 6 pass (6 total) 2ms MaxRSS:1M
|  +- compile test ReleaseSafe native success 6s MaxRSS:306M
|     +- run exe compile-rx-project (program.zig) success 2ms
|     |  +- compile exe compile-rx-project ReleaseSafe native (+1 more reused dependencies)
|     +- run exe compile-rx-project (program.zig) (+1 more reused dependencies)
+- run test 6 pass (6 total) 3ms MaxRSS:1M
|  +- compile test ReleaseSafe native success 6s MaxRSS:318M
|     +- run exe compile-rx-project (program.zig) success 2ms
|     |  +- compile exe compile-rx-project ReleaseSafe native (+1 more reused dependencies)
|     +- run exe compile-rx-project (program.zig) (+1 more reused dependencies)
+- run test 6 pass (6 total) 3ms MaxRSS:1M
|  +- compile test ReleaseSafe native success 6s MaxRSS:305M
|     +- run exe compile-rx-project (program.zig) success 2ms
|     |  +- compile exe compile-rx-project ReleaseSafe native (+1 more reused dependencies)
|     +- run exe compile-rx-project (program.zig) (+1 more reused dependencies)
+- run test 5 pass (5 total) 2ms MaxRSS:1M
|  +- compile test ReleaseSafe native success 6s MaxRSS:392M
|     +- run exe compile-rx-project (program.zig) success 2ms
|     |  +- compile exe compile-rx-project ReleaseSafe native (+1 more reused dependencies)
|     +- run exe compile-rx-project (program.zig) (+1 more reused dependencies)
+- run test 10 pass (10 total) 2ms MaxRSS:1M
|  +- compile test ReleaseSafe native success 6s MaxRSS:294M
|     +- run exe compile-rx-project (program.zig) success 3ms
|     |  +- compile exe compile-rx-project ReleaseSafe native (+1 more reused dependencies)
|     +- run exe compile-rx-project (program.zig) (+1 more reused dependencies)
+- run test 5 pass (5 total) 2ms MaxRSS:1M
|  +- compile test ReleaseSafe native success 6s MaxRSS:284M
|     +- run exe compile-rx-module (program.zig) success 3ms
|     |  +- compile exe compile-rx-module ReleaseSafe native (+1 more reused dependencies)
|     +- run exe compile-rx-module (program.zig) (+1 more reused dependencies)
+- run test 8 pass (8 total) 3ms MaxRSS:1M
|  +- compile test ReleaseSafe native success 6s MaxRSS:309M
|     +- run exe compile-rx-module (program.zig) success 3ms
|     |  +- compile exe compile-rx-module ReleaseSafe native (+1 more reused dependencies)
|     +- run exe compile-rx-module (program.zig) (+1 more reused dependencies)
+- run test 16 pass (16 total) 2ms MaxRSS:1M
|  +- compile test ReleaseSafe native cached 46ms MaxRSS:21M
|     +- run exe compile-rx-store (program.zig) cached
|     |  +- compile exe compile-rx-store ReleaseSafe native cached 51ms MaxRSS:21M
|     |     +- WriteFile interfaces/0.d.zx (reused)
|     +- run exe compile-rx-store (program.zig) (+1 more reused dependencies)
|     +- run exe compile-rx-store (program.zig) (+1 more reused dependencies)
+- run test 16 pass (16 total) 2ms MaxRSS:1M
   +- compile test ReleaseSafe native cached 47ms MaxRSS:21M
      +- run exe compile-rx-store (program.zig) cached
      |  +- compile exe compile-rx-store ReleaseSafe native (+1 more reused dependencies)
      +- run exe compile-rx-store (program.zig) (+1 more reused dependencies)
      +- run exe compile-rx-store (program.zig) (+1 more reused dependencies)
