Build Summary: 70/70 steps succeeded; 273/273 tests passed
test-nominal-origins success
+- run test 10 pass (10 total) 25ms MaxRSS:11M
|  +- compile test debug native success 12s MaxRSS:1G
|     +- WriteFile interfaces/0.d.zx cached
|     |  +- run exe standard-catalog (catalog.zig) cached
|     |     +- compile exe standard-catalog fast native cached 51ms MaxRSS:21M
|     |     +- WriteFile catalog.json cached
|     +- options cached
|     +- run exe generate-parser (parser.zig) success 1m
|     |  +- compile exe generate-parser debug native cached 48ms MaxRSS:21M
|     |     +- options cached
|     |     +- WriteFile interfaces/0.d.zx cached
|     |     |  +- run exe standard-catalog (catalog.zig) cached
|     |     |     +- compile exe standard-catalog fast native cached 46ms MaxRSS:21M
|     |     |     +- WriteFile catalog.json cached
|     |     +- options cached
|     +- run exe generate-parser (parser.zig) (+1 more reused dependencies)
|     +- run exe generate-parser (parser.zig) (+1 more reused dependencies)
|     +- run exe generate-parser (parser.zig) (+1 more reused dependencies)
|     +- run exe generate-parser (parser.zig) (+1 more reused dependencies)
|     +- run exe generate-parser (parser.zig) (+1 more reused dependencies)
|     +- run exe generate-parser (parser.zig) (+1 more reused dependencies)
|     +- run exe generate-parser (parser.zig) (+1 more reused dependencies)
|     +- run exe generate-parser (parser.zig) (+1 more reused dependencies)
|     +- run exe generate-parser (parser.zig) (+1 more reused dependencies)
|     +- run exe generate-parser (parser.zig) (+1 more reused dependencies)
|     +- run exe generate-parser (parser.zig) (+1 more reused dependencies)
|     +- run exe generate-parser (parser.zig) (+1 more reused dependencies)
|     +- run exe generate-parser (parser.zig) (+1 more reused dependencies)
|     +- run exe generate-parser (parser.zig) (+1 more reused dependencies)
|     +- run exe generate-parser (parser.zig) (+1 more reused dependencies)
|     +- run exe generate-parser (parser.zig) (+1 more reused dependencies)
|     +- run exe generate-parser (parser.zig) (+1 more reused dependencies)
|     +- run exe generate-parser (parser.zig) (+1 more reused dependencies)
|     +- run exe generate-parser (parser.zig) (+1 more reused dependencies)
|     +- run exe generate-parser (parser.zig) (+1 more reused dependencies)
|     +- run exe generate-parser (parser.zig) (+1 more reused dependencies)
|     +- run exe generate-parser (parser.zig) (+1 more reused dependencies)
|     +- run exe generate-parser (parser.zig) (+1 more reused dependencies)
|     +- run exe generate-parser (parser.zig) (+1 more reused dependencies)
|     +- run exe generate-parser (parser.zig) (+1 more reused dependencies)
|     +- run exe generate-parser (parser.zig) (+1 more reused dependencies)
|     +- run exe generate-parser (parser.zig) (+1 more reused dependencies)
|     +- run exe generate-parser (parser.zig) (+1 more reused dependencies)
|     +- run exe generate-parser (parser.zig) (+1 more reused dependencies)
|     +- run exe generate-parser (parser.zig) (+1 more reused dependencies)
|     +- run exe generate-parser (parser.zig) (+1 more reused dependencies)
|     +- run exe generate-parser (parser.zig) (+1 more reused dependencies)
|     +- run exe generate-parser (parser.zig) (+1 more reused dependencies)
|     +- run exe generate-parser (parser.zig) (+1 more reused dependencies)
|     +- run exe generate-parser (parser.zig) (+1 more reused dependencies)
|     +- run exe generate-lexer (lexer.zig) cached
|     |  +- compile exe generate-lexer debug native cached 46ms MaxRSS:21M
|     |     +- WriteFile interfaces/0.d.zx cached
|     |     |  +- run exe standard-catalog (catalog.zig) cached
|     |     |     +- compile exe standard-catalog fast native cached 44ms MaxRSS:21M
|     |     |     +- WriteFile catalog.json cached
|     |     +- options cached
|     +- run exe generate-parser (parser.zig) (+1 more reused dependencies)
|     +- run exe generate-parser (parser.zig) (+1 more reused dependencies)
|     +- run exe generate-parser (parser.zig) (+1 more reused dependencies)
|     +- run exe generate-parser (parser.zig) (+1 more reused dependencies)
|     +- run exe generate-parser (parser.zig) (+1 more reused dependencies)
|     +- run exe generate-parser (parser.zig) (+1 more reused dependencies)
|     +- run exe generate-parser (parser.zig) (+1 more reused dependencies)
|     +- run exe generate-parser (parser.zig) (+1 more reused dependencies)
|     +- run exe generate-parser (parser.zig) (+1 more reused dependencies)
|     +- run exe generate-parser (parser.zig) (+1 more reused dependencies)
|     +- run exe generate-parser (parser.zig) (+1 more reused dependencies)
|     +- run exe generate-parser (parser.zig) (+1 more reused dependencies)
|     +- run exe generate-parser (parser.zig) (+1 more reused dependencies)
|     +- run exe generate-parser (parser.zig) (+1 more reused dependencies)
|     +- run exe generate-parser (parser.zig) (+1 more reused dependencies)
|     +- run exe generate-parser (parser.zig) (+1 more reused dependencies)
|     +- run exe generate-parser (parser.zig) (+1 more reused dependencies)
|     +- run exe generate-parser (parser.zig) (+1 more reused dependencies)
|     +- run exe generate-parser (parser.zig) (+1 more reused dependencies)
|     +- run exe generate-parser (parser.zig) (+1 more reused dependencies)
|     +- run exe generate-parser (parser.zig) (+1 more reused dependencies)
|     +- run exe generate-parser (parser.zig) (+1 more reused dependencies)
|     +- run exe generate-parser (parser.zig) (+1 more reused dependencies)
|     +- run exe generate-parser (parser.zig) (+1 more reused dependencies)
|     +- run exe generate-parser (parser.zig) (+1 more reused dependencies)
|     +- run exe generate-parser (parser.zig) (+1 more reused dependencies)
|     +- run exe generate-parser (parser.zig) (+1 more reused dependencies)
|     +- run exe generate-parser (parser.zig) (+1 more reused dependencies)
|     +- run exe generate-parser (parser.zig) (+1 more reused dependencies)
|     +- run exe generate-parser (parser.zig) (+1 more reused dependencies)
|     +- run exe generate-parser (parser.zig) (+1 more reused dependencies)
+- run test 2 pass (2 total) 74ms MaxRSS:11M
   +- compile test debug native success 13s MaxRSS:1G
      +- WriteFile interfaces/0.d.zx (+1 more reused dependencies)
      +- options (reused)
      +- run exe generate-parser (parser.zig) (+1 more reused dependencies)
      +- run exe generate-parser (parser.zig) (+1 more reused dependencies)
      +- run exe generate-parser (parser.zig) (+1 more reused dependencies)
      +- run exe generate-parser (parser.zig) (+1 more reused dependencies)
      +- run exe generate-parser (parser.zig) (+1 more reused dependencies)
      +- run exe generate-parser (parser.zig) (+1 more reused dependencies)
      +- run exe generate-parser (parser.zig) (+1 more reused dependencies)
      +- run exe generate-parser (parser.zig) (+1 more reused dependencies)
      +- run exe generate-parser (parser.zig) (+1 more reused dependencies)
      +- run exe generate-parser (parser.zig) (+1 more reused dependencies)
      +- run exe generate-parser (parser.zig) (+1 more reused dependencies)
      +- run exe generate-parser (parser.zig) (+1 more reused dependencies)
      +- run exe generate-parser (parser.zig) (+1 more reused dependencies)
      +- run exe generate-parser (parser.zig) (+1 more reused dependencies)
      +- run exe generate-parser (parser.zig) (+1 more reused dependencies)
      +- run exe generate-parser (parser.zig) (+1 more reused dependencies)
      +- run exe generate-parser (parser.zig) (+1 more reused dependencies)
      +- run exe generate-parser (parser.zig) (+1 more reused dependencies)
      +- run exe generate-parser (parser.zig) (+1 more reused dependencies)
      +- run exe generate-parser (parser.zig) (+1 more reused dependencies)
      +- run exe generate-parser (parser.zig) (+1 more reused dependencies)
      +- run exe generate-parser (parser.zig) (+1 more reused dependencies)
      +- run exe generate-parser (parser.zig) (+1 more reused dependencies)
      +- run exe generate-parser (parser.zig) (+1 more reused dependencies)
      +- run exe generate-parser (parser.zig) (+1 more reused dependencies)
      +- run exe generate-parser (parser.zig) (+1 more reused dependencies)
      +- run exe generate-parser (parser.zig) (+1 more reused dependencies)
      +- run exe generate-parser (parser.zig) (+1 more reused dependencies)
      +- run exe generate-parser (parser.zig) (+1 more reused dependencies)
      +- run exe generate-parser (parser.zig) (+1 more reused dependencies)
      +- run exe generate-parser (parser.zig) (+1 more reused dependencies)
      +- run exe generate-parser (parser.zig) (+1 more reused dependencies)
      +- run exe generate-parser (parser.zig) (+1 more reused dependencies)
      +- run exe generate-parser (parser.zig) (+1 more reused dependencies)
      +- run exe generate-parser (parser.zig) (+1 more reused dependencies)
      +- run exe generate-parser (parser.zig) (+1 more reused dependencies)
      +- run exe generate-lexer (lexer.zig) (+1 more reused dependencies)
      +- run exe generate-parser (parser.zig) (+1 more reused dependencies)
      +- run exe generate-parser (parser.zig) (+1 more reused dependencies)
      +- run exe generate-parser (parser.zig) (+1 more reused dependencies)
      +- run exe generate-parser (parser.zig) (+1 more reused dependencies)
      +- run exe generate-parser (parser.zig) (+1 more reused dependencies)
      +- run exe generate-parser (parser.zig) (+1 more reused dependencies)
      +- run exe generate-parser (parser.zig) (+1 more reused dependencies)
      +- run exe generate-parser (parser.zig) (+1 more reused dependencies)
      +- run exe generate-parser (parser.zig) (+1 more reused dependencies)
      +- run exe generate-parser (parser.zig) (+1 more reused dependencies)
      +- run exe generate-parser (parser.zig) (+1 more reused dependencies)
      +- run exe generate-parser (parser.zig) (+1 more reused dependencies)
      +- run exe generate-parser (parser.zig) (+1 more reused dependencies)
      +- run exe generate-parser (parser.zig) (+1 more reused dependencies)
      +- run exe generate-parser (parser.zig) (+1 more reused dependencies)
      +- run exe generate-parser (parser.zig) (+1 more reused dependencies)
      +- run exe generate-parser (parser.zig) (+1 more reused dependencies)
      +- run exe generate-parser (parser.zig) (+1 more reused dependencies)
      +- run exe generate-parser (parser.zig) (+1 more reused dependencies)
      +- run exe generate-parser (parser.zig) (+1 more reused dependencies)
      +- run exe generate-parser (parser.zig) (+1 more reused dependencies)
      +- run exe generate-parser (parser.zig) (+1 more reused dependencies)
      +- run exe generate-parser (parser.zig) (+1 more reused dependencies)
      +- run exe generate-parser (parser.zig) (+1 more reused dependencies)
      +- run exe generate-parser (parser.zig) (+1 more reused dependencies)
      +- run exe generate-parser (parser.zig) (+1 more reused dependencies)
      +- run exe generate-parser (parser.zig) (+1 more reused dependencies)
      +- run exe generate-parser (parser.zig) (+1 more reused dependencies)
      +- run exe generate-parser (parser.zig) (+1 more reused dependencies)
      +- run exe generate-parser (parser.zig) (+1 more reused dependencies)
      +- run exe generate-parser (parser.zig) (+1 more reused dependencies)
test-type-merge success
+- run test 6 pass (6 total) 13ms MaxRSS:5M
|  +- compile test debug native success 13s MaxRSS:1G
|     +- WriteFile interfaces/0.d.zx (+1 more reused dependencies)
|     +- options (reused)
|     +- run exe generate-parser (parser.zig) (+1 more reused dependencies)
|     +- run exe generate-parser (parser.zig) (+1 more reused dependencies)
|     +- run exe generate-parser (parser.zig) (+1 more reused dependencies)
|     +- run exe generate-parser (parser.zig) (+1 more reused dependencies)
|     +- run exe generate-parser (parser.zig) (+1 more reused dependencies)
|     +- run exe generate-parser (parser.zig) (+1 more reused dependencies)
|     +- run exe generate-parser (parser.zig) (+1 more reused dependencies)
|     +- run exe generate-parser (parser.zig) (+1 more reused dependencies)
|     +- run exe generate-parser (parser.zig) (+1 more reused dependencies)
|     +- run exe generate-parser (parser.zig) (+1 more reused dependencies)
|     +- run exe generate-parser (parser.zig) (+1 more reused dependencies)
|     +- run exe generate-parser (parser.zig) (+1 more reused dependencies)
|     +- run exe generate-parser (parser.zig) (+1 more reused dependencies)
|     +- run exe generate-parser (parser.zig) (+1 more reused dependencies)
|     +- run exe generate-parser (parser.zig) (+1 more reused dependencies)
|     +- run exe generate-parser (parser.zig) (+1 more reused dependencies)
|     +- run exe generate-parser (parser.zig) (+1 more reused dependencies)
|     +- run exe generate-parser (parser.zig) (+1 more reused dependencies)
|     +- run exe generate-parser (parser.zig) (+1 more reused dependencies)
|     +- run exe generate-parser (parser.zig) (+1 more reused dependencies)
|     +- run exe generate-parser (parser.zig) (+1 more reused dependencies)
|     +- run exe generate-parser (parser.zig) (+1 more reused dependencies)
|     +- run exe generate-parser (parser.zig) (+1 more reused dependencies)
|     +- run exe generate-parser (parser.zig) (+1 more reused dependencies)
|     +- run exe generate-parser (parser.zig) (+1 more reused dependencies)
|     +- run exe generate-parser (parser.zig) (+1 more reused dependencies)
|     +- run exe generate-parser (parser.zig) (+1 more reused dependencies)
|     +- run exe generate-parser (parser.zig) (+1 more reused dependencies)
|     +- run exe generate-parser (parser.zig) (+1 more reused dependencies)
|     +- run exe generate-parser (parser.zig) (+1 more reused dependencies)
|     +- run exe generate-parser (parser.zig) (+1 more reused dependencies)
|     +- run exe generate-parser (parser.zig) (+1 more reused dependencies)
|     +- run exe generate-parser (parser.zig) (+1 more reused dependencies)
|     +- run exe generate-parser (parser.zig) (+1 more reused dependencies)
|     +- run exe generate-parser (parser.zig) (+1 more reused dependencies)
|     +- run exe generate-parser (parser.zig) (+1 more reused dependencies)
|     +- run exe generate-lexer (lexer.zig) (+1 more reused dependencies)
|     +- run exe generate-parser (parser.zig) (+1 more reused dependencies)
|     +- run exe generate-parser (parser.zig) (+1 more reused dependencies)
|     +- run exe generate-parser (parser.zig) (+1 more reused dependencies)
|     +- run exe generate-parser (parser.zig) (+1 more reused dependencies)
|     +- run exe generate-parser (parser.zig) (+1 more reused dependencies)
|     +- run exe generate-parser (parser.zig) (+1 more reused dependencies)
|     +- run exe generate-parser (parser.zig) (+1 more reused dependencies)
|     +- run exe generate-parser (parser.zig) (+1 more reused dependencies)
|     +- run exe generate-parser (parser.zig) (+1 more reused dependencies)
|     +- run exe generate-parser (parser.zig) (+1 more reused dependencies)
|     +- run exe generate-parser (parser.zig) (+1 more reused dependencies)
|     +- run exe generate-parser (parser.zig) (+1 more reused dependencies)
|     +- run exe generate-parser (parser.zig) (+1 more reused dependencies)
|     +- run exe generate-parser (parser.zig) (+1 more reused dependencies)
|     +- run exe generate-parser (parser.zig) (+1 more reused dependencies)
|     +- run exe generate-parser (parser.zig) (+1 more reused dependencies)
|     +- run exe generate-parser (parser.zig) (+1 more reused dependencies)
|     +- run exe generate-parser (parser.zig) (+1 more reused dependencies)
|     +- run exe generate-parser (parser.zig) (+1 more reused dependencies)
|     +- run exe generate-parser (parser.zig) (+1 more reused dependencies)
|     +- run exe generate-parser (parser.zig) (+1 more reused dependencies)
|     +- run exe generate-parser (parser.zig) (+1 more reused dependencies)
|     +- run exe generate-parser (parser.zig) (+1 more reused dependencies)
|     +- run exe generate-parser (parser.zig) (+1 more reused dependencies)
|     +- run exe generate-parser (parser.zig) (+1 more reused dependencies)
|     +- run exe generate-parser (parser.zig) (+1 more reused dependencies)
|     +- run exe generate-parser (parser.zig) (+1 more reused dependencies)
|     +- run exe generate-parser (parser.zig) (+1 more reused dependencies)
|     +- run exe generate-parser (parser.zig) (+1 more reused dependencies)
|     +- run exe generate-parser (parser.zig) (+1 more reused dependencies)
|     +- run exe generate-parser (parser.zig) (+1 more reused dependencies)
+- run test 4 pass (4 total) 7ms MaxRSS:5M
|  +- compile test debug native success 13s MaxRSS:1G
|     +- WriteFile interfaces/0.d.zx (+1 more reused dependencies)
|     +- options (reused)
|     +- run exe generate-parser (parser.zig) (+1 more reused dependencies)
|     +- run exe generate-parser (parser.zig) (+1 more reused dependencies)
|     +- run exe generate-parser (parser.zig) (+1 more reused dependencies)
|     +- run exe generate-parser (parser.zig) (+1 more reused dependencies)
|     +- run exe generate-parser (parser.zig) (+1 more reused dependencies)
|     +- run exe generate-parser (parser.zig) (+1 more reused dependencies)
|     +- run exe generate-parser (parser.zig) (+1 more reused dependencies)
|     +- run exe generate-parser (parser.zig) (+1 more reused dependencies)
|     +- run exe generate-parser (parser.zig) (+1 more reused dependencies)
|     +- run exe generate-parser (parser.zig) (+1 more reused dependencies)
|     +- run exe generate-parser (parser.zig) (+1 more reused dependencies)
|     +- run exe generate-parser (parser.zig) (+1 more reused dependencies)
|     +- run exe generate-parser (parser.zig) (+1 more reused dependencies)
|     +- run exe generate-parser (parser.zig) (+1 more reused dependencies)
|     +- run exe generate-parser (parser.zig) (+1 more reused dependencies)
|     +- run exe generate-parser (parser.zig) (+1 more reused dependencies)
|     +- run exe generate-parser (parser.zig) (+1 more reused dependencies)
|     +- run exe generate-parser (parser.zig) (+1 more reused dependencies)
|     +- run exe generate-parser (parser.zig) (+1 more reused dependencies)
|     +- run exe generate-parser (parser.zig) (+1 more reused dependencies)
|     +- run exe generate-parser (parser.zig) (+1 more reused dependencies)
|     +- run exe generate-parser (parser.zig) (+1 more reused dependencies)
|     +- run exe generate-parser (parser.zig) (+1 more reused dependencies)
|     +- run exe generate-parser (parser.zig) (+1 more reused dependencies)
|     +- run exe generate-parser (parser.zig) (+1 more reused dependencies)
|     +- run exe generate-parser (parser.zig) (+1 more reused dependencies)
|     +- run exe generate-parser (parser.zig) (+1 more reused dependencies)
|     +- run exe generate-parser (parser.zig) (+1 more reused dependencies)
|     +- run exe generate-parser (parser.zig) (+1 more reused dependencies)
|     +- run exe generate-parser (parser.zig) (+1 more reused dependencies)
|     +- run exe generate-parser (parser.zig) (+1 more reused dependencies)
|     +- run exe generate-parser (parser.zig) (+1 more reused dependencies)
|     +- run exe generate-parser (parser.zig) (+1 more reused dependencies)
|     +- run exe generate-parser (parser.zig) (+1 more reused dependencies)
|     +- run exe generate-parser (parser.zig) (+1 more reused dependencies)
|     +- run exe generate-parser (parser.zig) (+1 more reused dependencies)
|     +- run exe generate-lexer (lexer.zig) (+1 more reused dependencies)
|     +- run exe generate-parser (parser.zig) (+1 more reused dependencies)
|     +- run exe generate-parser (parser.zig) (+1 more reused dependencies)
|     +- run exe generate-parser (parser.zig) (+1 more reused dependencies)
|     +- run exe generate-parser (parser.zig) (+1 more reused dependencies)
|     +- run exe generate-parser (parser.zig) (+1 more reused dependencies)
|     +- run exe generate-parser (parser.zig) (+1 more reused dependencies)
|     +- run exe generate-parser (parser.zig) (+1 more reused dependencies)
|     +- run exe generate-parser (parser.zig) (+1 more reused dependencies)
|     +- run exe generate-parser (parser.zig) (+1 more reused dependencies)
|     +- run exe generate-parser (parser.zig) (+1 more reused dependencies)
|     +- run exe generate-parser (parser.zig) (+1 more reused dependencies)
|     +- run exe generate-parser (parser.zig) (+1 more reused dependencies)
|     +- run exe generate-parser (parser.zig) (+1 more reused dependencies)
|     +- run exe generate-parser (parser.zig) (+1 more reused dependencies)
|     +- run exe generate-parser (parser.zig) (+1 more reused dependencies)
|     +- run exe generate-parser (parser.zig) (+1 more reused dependencies)
|     +- run exe generate-parser (parser.zig) (+1 more reused dependencies)
|     +- run exe generate-parser (parser.zig) (+1 more reused dependencies)
|     +- run exe generate-parser (parser.zig) (+1 more reused dependencies)
|     +- run exe generate-parser (parser.zig) (+1 more reused dependencies)
|     +- run exe generate-parser (parser.zig) (+1 more reused dependencies)
|     +- run exe generate-parser (parser.zig) (+1 more reused dependencies)
|     +- run exe generate-parser (parser.zig) (+1 more reused dependencies)
|     +- run exe generate-parser (parser.zig) (+1 more reused dependencies)
|     +- run exe generate-parser (parser.zig) (+1 more reused dependencies)
|     +- run exe generate-parser (parser.zig) (+1 more reused dependencies)
|     +- run exe generate-parser (parser.zig) (+1 more reused dependencies)
|     +- run exe generate-parser (parser.zig) (+1 more reused dependencies)
|     +- run exe generate-parser (parser.zig) (+1 more reused dependencies)
|     +- run exe generate-parser (parser.zig) (+1 more reused dependencies)
|     +- run exe generate-parser (parser.zig) (+1 more reused dependencies)
+- run test 2 pass (2 total) 22ms MaxRSS:5M
|  +- compile test debug native success 13s MaxRSS:1G
|     +- WriteFile interfaces/0.d.zx (+1 more reused dependencies)
|     +- options (reused)
|     +- run exe generate-parser (parser.zig) (+1 more reused dependencies)
|     +- run exe generate-parser (parser.zig) (+1 more reused dependencies)
|     +- run exe generate-parser (parser.zig) (+1 more reused dependencies)
|     +- run exe generate-parser (parser.zig) (+1 more reused dependencies)
|     +- run exe generate-parser (parser.zig) (+1 more reused dependencies)
|     +- run exe generate-parser (parser.zig) (+1 more reused dependencies)
|     +- run exe generate-parser (parser.zig) (+1 more reused dependencies)
|     +- run exe generate-parser (parser.zig) (+1 more reused dependencies)
|     +- run exe generate-parser (parser.zig) (+1 more reused dependencies)
|     +- run exe generate-parser (parser.zig) (+1 more reused dependencies)
|     +- run exe generate-parser (parser.zig) (+1 more reused dependencies)
|     +- run exe generate-parser (parser.zig) (+1 more reused dependencies)
|     +- run exe generate-parser (parser.zig) (+1 more reused dependencies)
|     +- run exe generate-parser (parser.zig) (+1 more reused dependencies)
|     +- run exe generate-parser (parser.zig) (+1 more reused dependencies)
|     +- run exe generate-parser (parser.zig) (+1 more reused dependencies)
|     +- run exe generate-parser (parser.zig) (+1 more reused dependencies)
|     +- run exe generate-parser (parser.zig) (+1 more reused dependencies)
|     +- run exe generate-parser (parser.zig) (+1 more reused dependencies)
|     +- run exe generate-parser (parser.zig) (+1 more reused dependencies)
|     +- run exe generate-parser (parser.zig) (+1 more reused dependencies)
|     +- run exe generate-parser (parser.zig) (+1 more reused dependencies)
|     +- run exe generate-parser (parser.zig) (+1 more reused dependencies)
|     +- run exe generate-parser (parser.zig) (+1 more reused dependencies)
|     +- run exe generate-parser (parser.zig) (+1 more reused dependencies)
|     +- run exe generate-parser (parser.zig) (+1 more reused dependencies)
|     +- run exe generate-parser (parser.zig) (+1 more reused dependencies)
|     +- run exe generate-parser (parser.zig) (+1 more reused dependencies)
|     +- run exe generate-parser (parser.zig) (+1 more reused dependencies)
|     +- run exe generate-parser (parser.zig) (+1 more reused dependencies)
|     +- run exe generate-parser (parser.zig) (+1 more reused dependencies)
|     +- run exe generate-parser (parser.zig) (+1 more reused dependencies)
|     +- run exe generate-parser (parser.zig) (+1 more reused dependencies)
|     +- run exe generate-parser (parser.zig) (+1 more reused dependencies)
|     +- run exe generate-parser (parser.zig) (+1 more reused dependencies)
|     +- run exe generate-parser (parser.zig) (+1 more reused dependencies)
|     +- run exe generate-lexer (lexer.zig) (+1 more reused dependencies)
|     +- run exe generate-parser (parser.zig) (+1 more reused dependencies)
|     +- run exe generate-parser (parser.zig) (+1 more reused dependencies)
|     +- run exe generate-parser (parser.zig) (+1 more reused dependencies)
|     +- run exe generate-parser (parser.zig) (+1 more reused dependencies)
|     +- run exe generate-parser (parser.zig) (+1 more reused dependencies)
|     +- run exe generate-parser (parser.zig) (+1 more reused dependencies)
|     +- run exe generate-parser (parser.zig) (+1 more reused dependencies)
|     +- run exe generate-parser (parser.zig) (+1 more reused dependencies)
|     +- run exe generate-parser (parser.zig) (+1 more reused dependencies)
|     +- run exe generate-parser (parser.zig) (+1 more reused dependencies)
|     +- run exe generate-parser (parser.zig) (+1 more reused dependencies)
|     +- run exe generate-parser (parser.zig) (+1 more reused dependencies)
|     +- run exe generate-parser (parser.zig) (+1 more reused dependencies)
|     +- run exe generate-parser (parser.zig) (+1 more reused dependencies)
|     +- run exe generate-parser (parser.zig) (+1 more reused dependencies)
|     +- run exe generate-parser (parser.zig) (+1 more reused dependencies)
|     +- run exe generate-parser (parser.zig) (+1 more reused dependencies)
|     +- run exe generate-parser (parser.zig) (+1 more reused dependencies)
|     +- run exe generate-parser (parser.zig) (+1 more reused dependencies)
|     +- run exe generate-parser (parser.zig) (+1 more reused dependencies)
|     +- run exe generate-parser (parser.zig) (+1 more reused dependencies)
|     +- run exe generate-parser (parser.zig) (+1 more reused dependencies)
|     +- run exe generate-parser (parser.zig) (+1 more reused dependencies)
|     +- run exe generate-parser (parser.zig) (+1 more reused dependencies)
|     +- run exe generate-parser (parser.zig) (+1 more reused dependencies)
|     +- run exe generate-parser (parser.zig) (+1 more reused dependencies)
|     +- run exe generate-parser (parser.zig) (+1 more reused dependencies)
|     +- run exe generate-parser (parser.zig) (+1 more reused dependencies)
|     +- run exe generate-parser (parser.zig) (+1 more reused dependencies)
|     +- run exe generate-parser (parser.zig) (+1 more reused dependencies)
|     +- run exe generate-parser (parser.zig) (+1 more reused dependencies)
+- run test 2 pass (2 total) 4ms MaxRSS:1M
|  +- compile test debug native success 1s MaxRSS:344M
|     +- WriteFile interfaces/0.d.zx (+1 more reused dependencies)
|     +- options (reused)
|     +- run exe generate-parser (parser.zig) (+1 more reused dependencies)
|     +- run exe generate-parser (parser.zig) (+1 more reused dependencies)
|     +- run exe generate-parser (parser.zig) (+1 more reused dependencies)
|     +- run exe generate-parser (parser.zig) (+1 more reused dependencies)
|     +- run exe generate-parser (parser.zig) (+1 more reused dependencies)
|     +- run exe generate-parser (parser.zig) (+1 more reused dependencies)
|     +- run exe generate-parser (parser.zig) (+1 more reused dependencies)
|     +- run exe generate-parser (parser.zig) (+1 more reused dependencies)
|     +- run exe generate-parser (parser.zig) (+1 more reused dependencies)
|     +- run exe generate-parser (parser.zig) (+1 more reused dependencies)
|     +- run exe generate-parser (parser.zig) (+1 more reused dependencies)
|     +- run exe generate-parser (parser.zig) (+1 more reused dependencies)
|     +- run exe generate-parser (parser.zig) (+1 more reused dependencies)
|     +- run exe generate-parser (parser.zig) (+1 more reused dependencies)
|     +- run exe generate-parser (parser.zig) (+1 more reused dependencies)
|     +- run exe generate-parser (parser.zig) (+1 more reused dependencies)
|     +- run exe generate-parser (parser.zig) (+1 more reused dependencies)
|     +- run exe generate-parser (parser.zig) (+1 more reused dependencies)
|     +- run exe generate-parser (parser.zig) (+1 more reused dependencies)
|     +- run exe generate-parser (parser.zig) (+1 more reused dependencies)
|     +- run exe generate-parser (parser.zig) (+1 more reused dependencies)
|     +- run exe generate-parser (parser.zig) (+1 more reused dependencies)
|     +- run exe generate-parser (parser.zig) (+1 more reused dependencies)
|     +- run exe generate-parser (parser.zig) (+1 more reused dependencies)
|     +- run exe generate-parser (parser.zig) (+1 more reused dependencies)
|     +- run exe generate-parser (parser.zig) (+1 more reused dependencies)
|     +- run exe generate-parser (parser.zig) (+1 more reused dependencies)
|     +- run exe generate-parser (parser.zig) (+1 more reused dependencies)
|     +- run exe generate-parser (parser.zig) (+1 more reused dependencies)
|     +- run exe generate-parser (parser.zig) (+1 more reused dependencies)
|     +- run exe generate-parser (parser.zig) (+1 more reused dependencies)
|     +- run exe generate-parser (parser.zig) (+1 more reused dependencies)
|     +- run exe generate-parser (parser.zig) (+1 more reused dependencies)
|     +- run exe generate-parser (parser.zig) (+1 more reused dependencies)
|     +- run exe generate-parser (parser.zig) (+1 more reused dependencies)
|     +- run exe generate-parser (parser.zig) (+1 more reused dependencies)
|     +- run exe generate-lexer (lexer.zig) (+1 more reused dependencies)
|     +- run exe generate-parser (parser.zig) (+1 more reused dependencies)
|     +- run exe generate-parser (parser.zig) (+1 more reused dependencies)
|     +- run exe generate-parser (parser.zig) (+1 more reused dependencies)
|     +- run exe generate-parser (parser.zig) (+1 more reused dependencies)
|     +- run exe generate-parser (parser.zig) (+1 more reused dependencies)
|     +- run exe generate-parser (parser.zig) (+1 more reused dependencies)
|     +- run exe generate-parser (parser.zig) (+1 more reused dependencies)
|     +- run exe generate-parser (parser.zig) (+1 more reused dependencies)
|     +- run exe generate-parser (parser.zig) (+1 more reused dependencies)
|     +- run exe generate-parser (parser.zig) (+1 more reused dependencies)
|     +- run exe generate-parser (parser.zig) (+1 more reused dependencies)
|     +- run exe generate-parser (parser.zig) (+1 more reused dependencies)
|     +- run exe generate-parser (parser.zig) (+1 more reused dependencies)
|     +- run exe generate-parser (parser.zig) (+1 more reused dependencies)
|     +- run exe generate-parser (parser.zig) (+1 more reused dependencies)
|     +- run exe generate-parser (parser.zig) (+1 more reused dependencies)
|     +- run exe generate-parser (parser.zig) (+1 more reused dependencies)
|     +- run exe generate-parser (parser.zig) (+1 more reused dependencies)
|     +- run exe generate-parser (parser.zig) (+1 more reused dependencies)
|     +- run exe generate-parser (parser.zig) (+1 more reused dependencies)
|     +- run exe generate-parser (parser.zig) (+1 more reused dependencies)
|     +- run exe generate-parser (parser.zig) (+1 more reused dependencies)
|     +- run exe generate-parser (parser.zig) (+1 more reused dependencies)
|     +- run exe generate-parser (parser.zig) (+1 more reused dependencies)
|     +- run exe generate-parser (parser.zig) (+1 more reused dependencies)
|     +- run exe generate-parser (parser.zig) (+1 more reused dependencies)
|     +- run exe generate-parser (parser.zig) (+1 more reused dependencies)
|     +- run exe generate-parser (parser.zig) (+1 more reused dependencies)
|     +- run exe generate-parser (parser.zig) (+1 more reused dependencies)
|     +- run exe generate-parser (parser.zig) (+1 more reused dependencies)
|     +- run exe generate-parser (parser.zig) (+1 more reused dependencies)
+- run test 4 pass (4 total) 10ms MaxRSS:2M
|  +- compile test debug native success 5s MaxRSS:835M
|     +- WriteFile interfaces/0.d.zx (+1 more reused dependencies)
|     +- options (reused)
|     +- run exe generate-parser (parser.zig) (+1 more reused dependencies)
|     +- run exe generate-parser (parser.zig) (+1 more reused dependencies)
|     +- run exe generate-parser (parser.zig) (+1 more reused dependencies)
|     +- run exe generate-parser (parser.zig) (+1 more reused dependencies)
|     +- run exe generate-parser (parser.zig) (+1 more reused dependencies)
|     +- run exe generate-parser (parser.zig) (+1 more reused dependencies)
|     +- run exe generate-parser (parser.zig) (+1 more reused dependencies)
|     +- run exe generate-parser (parser.zig) (+1 more reused dependencies)
|     +- run exe generate-parser (parser.zig) (+1 more reused dependencies)
|     +- run exe generate-parser (parser.zig) (+1 more reused dependencies)
|     +- run exe generate-parser (parser.zig) (+1 more reused dependencies)
|     +- run exe generate-parser (parser.zig) (+1 more reused dependencies)
|     +- run exe generate-parser (parser.zig) (+1 more reused dependencies)
|     +- run exe generate-parser (parser.zig) (+1 more reused dependencies)
|     +- run exe generate-parser (parser.zig) (+1 more reused dependencies)
|     +- run exe generate-parser (parser.zig) (+1 more reused dependencies)
|     +- run exe generate-parser (parser.zig) (+1 more reused dependencies)
|     +- run exe generate-parser (parser.zig) (+1 more reused dependencies)
|     +- run exe generate-parser (parser.zig) (+1 more reused dependencies)
|     +- run exe generate-parser (parser.zig) (+1 more reused dependencies)
|     +- run exe generate-parser (parser.zig) (+1 more reused dependencies)
|     +- run exe generate-parser (parser.zig) (+1 more reused dependencies)
|     +- run exe generate-parser (parser.zig) (+1 more reused dependencies)
|     +- run exe generate-parser (parser.zig) (+1 more reused dependencies)
|     +- run exe generate-parser (parser.zig) (+1 more reused dependencies)
|     +- run exe generate-parser (parser.zig) (+1 more reused dependencies)
|     +- run exe generate-parser (parser.zig) (+1 more reused dependencies)
|     +- run exe generate-parser (parser.zig) (+1 more reused dependencies)
|     +- run exe generate-parser (parser.zig) (+1 more reused dependencies)
|     +- run exe generate-parser (parser.zig) (+1 more reused dependencies)
|     +- run exe generate-parser (parser.zig) (+1 more reused dependencies)
|     +- run exe generate-parser (parser.zig) (+1 more reused dependencies)
|     +- run exe generate-parser (parser.zig) (+1 more reused dependencies)
|     +- run exe generate-parser (parser.zig) (+1 more reused dependencies)
|     +- run exe generate-parser (parser.zig) (+1 more reused dependencies)
|     +- run exe generate-parser (parser.zig) (+1 more reused dependencies)
|     +- run exe generate-lexer (lexer.zig) (+1 more reused dependencies)
|     +- run exe generate-parser (parser.zig) (+1 more reused dependencies)
|     +- run exe generate-parser (parser.zig) (+1 more reused dependencies)
|     +- run exe generate-parser (parser.zig) (+1 more reused dependencies)
|     +- run exe generate-parser (parser.zig) (+1 more reused dependencies)
|     +- run exe generate-parser (parser.zig) (+1 more reused dependencies)
|     +- run exe generate-parser (parser.zig) (+1 more reused dependencies)
|     +- run exe generate-parser (parser.zig) (+1 more reused dependencies)
|     +- run exe generate-parser (parser.zig) (+1 more reused dependencies)
|     +- run exe generate-parser (parser.zig) (+1 more reused dependencies)
|     +- run exe generate-parser (parser.zig) (+1 more reused dependencies)
|     +- run exe generate-parser (parser.zig) (+1 more reused dependencies)
|     +- run exe generate-parser (parser.zig) (+1 more reused dependencies)
|     +- run exe generate-parser (parser.zig) (+1 more reused dependencies)
|     +- run exe generate-parser (parser.zig) (+1 more reused dependencies)
|     +- run exe generate-parser (parser.zig) (+1 more reused dependencies)
|     +- run exe generate-parser (parser.zig) (+1 more reused dependencies)
|     +- run exe generate-parser (parser.zig) (+1 more reused dependencies)
|     +- run exe generate-parser (parser.zig) (+1 more reused dependencies)
|     +- run exe generate-parser (parser.zig) (+1 more reused dependencies)
|     +- run exe generate-parser (parser.zig) (+1 more reused dependencies)
|     +- run exe generate-parser (parser.zig) (+1 more reused dependencies)
|     +- run exe generate-parser (parser.zig) (+1 more reused dependencies)
|     +- run exe generate-parser (parser.zig) (+1 more reused dependencies)
|     +- run exe generate-parser (parser.zig) (+1 more reused dependencies)
|     +- run exe generate-parser (parser.zig) (+1 more reused dependencies)
|     +- run exe generate-parser (parser.zig) (+1 more reused dependencies)
|     +- run exe generate-parser (parser.zig) (+1 more reused dependencies)
|     +- run exe generate-parser (parser.zig) (+1 more reused dependencies)
|     +- run exe generate-parser (parser.zig) (+1 more reused dependencies)
|     +- run exe generate-parser (parser.zig) (+1 more reused dependencies)
|     +- run exe generate-parser (parser.zig) (+1 more reused dependencies)
+- run test 20 pass (20 total) 5ms MaxRSS:2M
|  +- compile test debug native success 5s MaxRSS:916M
|     +- WriteFile interfaces/0.d.zx (+1 more reused dependencies)
|     +- options (reused)
|     +- run exe generate-parser (parser.zig) (+1 more reused dependencies)
|     +- run exe generate-parser (parser.zig) (+1 more reused dependencies)
|     +- run exe generate-parser (parser.zig) (+1 more reused dependencies)
|     +- run exe generate-parser (parser.zig) (+1 more reused dependencies)
|     +- run exe generate-parser (parser.zig) (+1 more reused dependencies)
|     +- run exe generate-parser (parser.zig) (+1 more reused dependencies)
|     +- run exe generate-parser (parser.zig) (+1 more reused dependencies)
|     +- run exe generate-parser (parser.zig) (+1 more reused dependencies)
|     +- run exe generate-parser (parser.zig) (+1 more reused dependencies)
|     +- run exe generate-parser (parser.zig) (+1 more reused dependencies)
|     +- run exe generate-parser (parser.zig) (+1 more reused dependencies)
|     +- run exe generate-parser (parser.zig) (+1 more reused dependencies)
|     +- run exe generate-parser (parser.zig) (+1 more reused dependencies)
|     +- run exe generate-parser (parser.zig) (+1 more reused dependencies)
|     +- run exe generate-parser (parser.zig) (+1 more reused dependencies)
|     +- run exe generate-parser (parser.zig) (+1 more reused dependencies)
|     +- run exe generate-parser (parser.zig) (+1 more reused dependencies)
|     +- run exe generate-parser (parser.zig) (+1 more reused dependencies)
|     +- run exe generate-parser (parser.zig) (+1 more reused dependencies)
|     +- run exe generate-parser (parser.zig) (+1 more reused dependencies)
|     +- run exe generate-parser (parser.zig) (+1 more reused dependencies)
|     +- run exe generate-parser (parser.zig) (+1 more reused dependencies)
|     +- run exe generate-parser (parser.zig) (+1 more reused dependencies)
|     +- run exe generate-parser (parser.zig) (+1 more reused dependencies)
|     +- run exe generate-parser (parser.zig) (+1 more reused dependencies)
|     +- run exe generate-parser (parser.zig) (+1 more reused dependencies)
|     +- run exe generate-parser (parser.zig) (+1 more reused dependencies)
|     +- run exe generate-parser (parser.zig) (+1 more reused dependencies)
|     +- run exe generate-parser (parser.zig) (+1 more reused dependencies)
|     +- run exe generate-parser (parser.zig) (+1 more reused dependencies)
|     +- run exe generate-parser (parser.zig) (+1 more reused dependencies)
|     +- run exe generate-parser (parser.zig) (+1 more reused dependencies)
|     +- run exe generate-parser (parser.zig) (+1 more reused dependencies)
|     +- run exe generate-parser (parser.zig) (+1 more reused dependencies)
|     +- run exe generate-parser (parser.zig) (+1 more reused dependencies)
|     +- run exe generate-parser (parser.zig) (+1 more reused dependencies)
|     +- run exe generate-lexer (lexer.zig) (+1 more reused dependencies)
|     +- run exe generate-parser (parser.zig) (+1 more reused dependencies)
|     +- run exe generate-parser (parser.zig) (+1 more reused dependencies)
|     +- run exe generate-parser (parser.zig) (+1 more reused dependencies)
|     +- run exe generate-parser (parser.zig) (+1 more reused dependencies)
|     +- run exe generate-parser (parser.zig) (+1 more reused dependencies)
|     +- run exe generate-parser (parser.zig) (+1 more reused dependencies)
|     +- run exe generate-parser (parser.zig) (+1 more reused dependencies)
|     +- run exe generate-parser (parser.zig) (+1 more reused dependencies)
|     +- run exe generate-parser (parser.zig) (+1 more reused dependencies)
|     +- run exe generate-parser (parser.zig) (+1 more reused dependencies)
|     +- run exe generate-parser (parser.zig) (+1 more reused dependencies)
|     +- run exe generate-parser (parser.zig) (+1 more reused dependencies)
|     +- run exe generate-parser (parser.zig) (+1 more reused dependencies)
|     +- run exe generate-parser (parser.zig) (+1 more reused dependencies)
|     +- run exe generate-parser (parser.zig) (+1 more reused dependencies)
|     +- run exe generate-parser (parser.zig) (+1 more reused dependencies)
|     +- run exe generate-parser (parser.zig) (+1 more reused dependencies)
|     +- run exe generate-parser (parser.zig) (+1 more reused dependencies)
|     +- run exe generate-parser (parser.zig) (+1 more reused dependencies)
|     +- run exe generate-parser (parser.zig) (+1 more reused dependencies)
|     +- run exe generate-parser (parser.zig) (+1 more reused dependencies)
|     +- run exe generate-parser (parser.zig) (+1 more reused dependencies)
|     +- run exe generate-parser (parser.zig) (+1 more reused dependencies)
|     +- run exe generate-parser (parser.zig) (+1 more reused dependencies)
|     +- run exe generate-parser (parser.zig) (+1 more reused dependencies)
|     +- run exe generate-parser (parser.zig) (+1 more reused dependencies)
|     +- run exe generate-parser (parser.zig) (+1 more reused dependencies)
|     +- run exe generate-parser (parser.zig) (+1 more reused dependencies)
|     +- run exe generate-parser (parser.zig) (+1 more reused dependencies)
|     +- run exe generate-parser (parser.zig) (+1 more reused dependencies)
|     +- run exe generate-parser (parser.zig) (+1 more reused dependencies)
+- run test 8 pass (8 total) 3ms MaxRSS:2M
|  +- compile test debug native success 5s MaxRSS:831M
|     +- WriteFile interfaces/0.d.zx (+1 more reused dependencies)
|     +- options (reused)
|     +- run exe generate-parser (parser.zig) (+1 more reused dependencies)
|     +- run exe generate-parser (parser.zig) (+1 more reused dependencies)
|     +- run exe generate-parser (parser.zig) (+1 more reused dependencies)
|     +- run exe generate-parser (parser.zig) (+1 more reused dependencies)
|     +- run exe generate-parser (parser.zig) (+1 more reused dependencies)
|     +- run exe generate-parser (parser.zig) (+1 more reused dependencies)
|     +- run exe generate-parser (parser.zig) (+1 more reused dependencies)
|     +- run exe generate-parser (parser.zig) (+1 more reused dependencies)
|     +- run exe generate-parser (parser.zig) (+1 more reused dependencies)
|     +- run exe generate-parser (parser.zig) (+1 more reused dependencies)
|     +- run exe generate-parser (parser.zig) (+1 more reused dependencies)
|     +- run exe generate-parser (parser.zig) (+1 more reused dependencies)
|     +- run exe generate-parser (parser.zig) (+1 more reused dependencies)
|     +- run exe generate-parser (parser.zig) (+1 more reused dependencies)
|     +- run exe generate-parser (parser.zig) (+1 more reused dependencies)
|     +- run exe generate-parser (parser.zig) (+1 more reused dependencies)
|     +- run exe generate-parser (parser.zig) (+1 more reused dependencies)
|     +- run exe generate-parser (parser.zig) (+1 more reused dependencies)
|     +- run exe generate-parser (parser.zig) (+1 more reused dependencies)
|     +- run exe generate-parser (parser.zig) (+1 more reused dependencies)
|     +- run exe generate-parser (parser.zig) (+1 more reused dependencies)
|     +- run exe generate-parser (parser.zig) (+1 more reused dependencies)
|     +- run exe generate-parser (parser.zig) (+1 more reused dependencies)
|     +- run exe generate-parser (parser.zig) (+1 more reused dependencies)
|     +- run exe generate-parser (parser.zig) (+1 more reused dependencies)
|     +- run exe generate-parser (parser.zig) (+1 more reused dependencies)
|     +- run exe generate-parser (parser.zig) (+1 more reused dependencies)
|     +- run exe generate-parser (parser.zig) (+1 more reused dependencies)
|     +- run exe generate-parser (parser.zig) (+1 more reused dependencies)
|     +- run exe generate-parser (parser.zig) (+1 more reused dependencies)
|     +- run exe generate-parser (parser.zig) (+1 more reused dependencies)
|     +- run exe generate-parser (parser.zig) (+1 more reused dependencies)
|     +- run exe generate-parser (parser.zig) (+1 more reused dependencies)
|     +- run exe generate-parser (parser.zig) (+1 more reused dependencies)
|     +- run exe generate-parser (parser.zig) (+1 more reused dependencies)
|     +- run exe generate-parser (parser.zig) (+1 more reused dependencies)
|     +- run exe generate-lexer (lexer.zig) (+1 more reused dependencies)
|     +- run exe generate-parser (parser.zig) (+1 more reused dependencies)
|     +- run exe generate-parser (parser.zig) (+1 more reused dependencies)
|     +- run exe generate-parser (parser.zig) (+1 more reused dependencies)
|     +- run exe generate-parser (parser.zig) (+1 more reused dependencies)
|     +- run exe generate-parser (parser.zig) (+1 more reused dependencies)
|     +- run exe generate-parser (parser.zig) (+1 more reused dependencies)
|     +- run exe generate-parser (parser.zig) (+1 more reused dependencies)
|     +- run exe generate-parser (parser.zig) (+1 more reused dependencies)
|     +- run exe generate-parser (parser.zig) (+1 more reused dependencies)
|     +- run exe generate-parser (parser.zig) (+1 more reused dependencies)
|     +- run exe generate-parser (parser.zig) (+1 more reused dependencies)
|     +- run exe generate-parser (parser.zig) (+1 more reused dependencies)
|     +- run exe generate-parser (parser.zig) (+1 more reused dependencies)
|     +- run exe generate-parser (parser.zig) (+1 more reused dependencies)
|     +- run exe generate-parser (parser.zig) (+1 more reused dependencies)
|     +- run exe generate-parser (parser.zig) (+1 more reused dependencies)
|     +- run exe generate-parser (parser.zig) (+1 more reused dependencies)
|     +- run exe generate-parser (parser.zig) (+1 more reused dependencies)
|     +- run exe generate-parser (parser.zig) (+1 more reused dependencies)
|     +- run exe generate-parser (parser.zig) (+1 more reused dependencies)
|     +- run exe generate-parser (parser.zig) (+1 more reused dependencies)
|     +- run exe generate-parser (parser.zig) (+1 more reused dependencies)
|     +- run exe generate-parser (parser.zig) (+1 more reused dependencies)
|     +- run exe generate-parser (parser.zig) (+1 more reused dependencies)
|     +- run exe generate-parser (parser.zig) (+1 more reused dependencies)
|     +- run exe generate-parser (parser.zig) (+1 more reused dependencies)
|     +- run exe generate-parser (parser.zig) (+1 more reused dependencies)
|     +- run exe generate-parser (parser.zig) (+1 more reused dependencies)
|     +- run exe generate-parser (parser.zig) (+1 more reused dependencies)
|     +- run exe generate-parser (parser.zig) (+1 more reused dependencies)
|     +- run exe generate-parser (parser.zig) (+1 more reused dependencies)
+- run test 10 pass (10 total) 3ms MaxRSS:1M
|  +- compile test debug native success 1s MaxRSS:355M
|     +- WriteFile interfaces/0.d.zx (+1 more reused dependencies)
|     +- options (reused)
|     +- run exe generate-parser (parser.zig) (+1 more reused dependencies)
|     +- run exe generate-parser (parser.zig) (+1 more reused dependencies)
|     +- run exe generate-parser (parser.zig) (+1 more reused dependencies)
|     +- run exe generate-parser (parser.zig) (+1 more reused dependencies)
|     +- run exe generate-parser (parser.zig) (+1 more reused dependencies)
|     +- run exe generate-parser (parser.zig) (+1 more reused dependencies)
|     +- run exe generate-parser (parser.zig) (+1 more reused dependencies)
|     +- run exe generate-parser (parser.zig) (+1 more reused dependencies)
|     +- run exe generate-parser (parser.zig) (+1 more reused dependencies)
|     +- run exe generate-parser (parser.zig) (+1 more reused dependencies)
|     +- run exe generate-parser (parser.zig) (+1 more reused dependencies)
|     +- run exe generate-parser (parser.zig) (+1 more reused dependencies)
|     +- run exe generate-parser (parser.zig) (+1 more reused dependencies)
|     +- run exe generate-parser (parser.zig) (+1 more reused dependencies)
|     +- run exe generate-parser (parser.zig) (+1 more reused dependencies)
|     +- run exe generate-parser (parser.zig) (+1 more reused dependencies)
|     +- run exe generate-parser (parser.zig) (+1 more reused dependencies)
|     +- run exe generate-parser (parser.zig) (+1 more reused dependencies)
|     +- run exe generate-parser (parser.zig) (+1 more reused dependencies)
|     +- run exe generate-parser (parser.zig) (+1 more reused dependencies)
|     +- run exe generate-parser (parser.zig) (+1 more reused dependencies)
|     +- run exe generate-parser (parser.zig) (+1 more reused dependencies)
|     +- run exe generate-parser (parser.zig) (+1 more reused dependencies)
|     +- run exe generate-parser (parser.zig) (+1 more reused dependencies)
|     +- run exe generate-parser (parser.zig) (+1 more reused dependencies)
|     +- run exe generate-parser (parser.zig) (+1 more reused dependencies)
|     +- run exe generate-parser (parser.zig) (+1 more reused dependencies)
|     +- run exe generate-parser (parser.zig) (+1 more reused dependencies)
|     +- run exe generate-parser (parser.zig) (+1 more reused dependencies)
|     +- run exe generate-parser (parser.zig) (+1 more reused dependencies)
|     +- run exe generate-parser (parser.zig) (+1 more reused dependencies)
|     +- run exe generate-parser (parser.zig) (+1 more reused dependencies)
|     +- run exe generate-parser (parser.zig) (+1 more reused dependencies)
|     +- run exe generate-parser (parser.zig) (+1 more reused dependencies)
|     +- run exe generate-parser (parser.zig) (+1 more reused dependencies)
|     +- run exe generate-parser (parser.zig) (+1 more reused dependencies)
|     +- run exe generate-lexer (lexer.zig) (+1 more reused dependencies)
|     +- run exe generate-parser (parser.zig) (+1 more reused dependencies)
|     +- run exe generate-parser (parser.zig) (+1 more reused dependencies)
|     +- run exe generate-parser (parser.zig) (+1 more reused dependencies)
|     +- run exe generate-parser (parser.zig) (+1 more reused dependencies)
|     +- run exe generate-parser (parser.zig) (+1 more reused dependencies)
|     +- run exe generate-parser (parser.zig) (+1 more reused dependencies)
|     +- run exe generate-parser (parser.zig) (+1 more reused dependencies)
|     +- run exe generate-parser (parser.zig) (+1 more reused dependencies)
|     +- run exe generate-parser (parser.zig) (+1 more reused dependencies)
|     +- run exe generate-parser (parser.zig) (+1 more reused dependencies)
|     +- run exe generate-parser (parser.zig) (+1 more reused dependencies)
|     +- run exe generate-parser (parser.zig) (+1 more reused dependencies)
|     +- run exe generate-parser (parser.zig) (+1 more reused dependencies)
|     +- run exe generate-parser (parser.zig) (+1 more reused dependencies)
|     +- run exe generate-parser (parser.zig) (+1 more reused dependencies)
|     +- run exe generate-parser (parser.zig) (+1 more reused dependencies)
|     +- run exe generate-parser (parser.zig) (+1 more reused dependencies)
|     +- run exe generate-parser (parser.zig) (+1 more reused dependencies)
|     +- run exe generate-parser (parser.zig) (+1 more reused dependencies)
|     +- run exe generate-parser (parser.zig) (+1 more reused dependencies)
|     +- run exe generate-parser (parser.zig) (+1 more reused dependencies)
|     +- run exe generate-parser (parser.zig) (+1 more reused dependencies)
|     +- run exe generate-parser (parser.zig) (+1 more reused dependencies)
|     +- run exe generate-parser (parser.zig) (+1 more reused dependencies)
|     +- run exe generate-parser (parser.zig) (+1 more reused dependencies)
|     +- run exe generate-parser (parser.zig) (+1 more reused dependencies)
|     +- run exe generate-parser (parser.zig) (+1 more reused dependencies)
|     +- run exe generate-parser (parser.zig) (+1 more reused dependencies)
|     +- run exe generate-parser (parser.zig) (+1 more reused dependencies)
|     +- run exe generate-parser (parser.zig) (+1 more reused dependencies)
|     +- run exe generate-parser (parser.zig) (+1 more reused dependencies)
+- run test 15 pass (15 total) 8ms MaxRSS:2M
|  +- compile test debug native success 5s MaxRSS:839M
|     +- WriteFile interfaces/0.d.zx (+1 more reused dependencies)
|     +- options (reused)
|     +- run exe generate-parser (parser.zig) (+1 more reused dependencies)
|     +- run exe generate-parser (parser.zig) (+1 more reused dependencies)
|     +- run exe generate-parser (parser.zig) (+1 more reused dependencies)
|     +- run exe generate-parser (parser.zig) (+1 more reused dependencies)
|     +- run exe generate-parser (parser.zig) (+1 more reused dependencies)
|     +- run exe generate-parser (parser.zig) (+1 more reused dependencies)
|     +- run exe generate-parser (parser.zig) (+1 more reused dependencies)
|     +- run exe generate-parser (parser.zig) (+1 more reused dependencies)
|     +- run exe generate-parser (parser.zig) (+1 more reused dependencies)
|     +- run exe generate-parser (parser.zig) (+1 more reused dependencies)
|     +- run exe generate-parser (parser.zig) (+1 more reused dependencies)
|     +- run exe generate-parser (parser.zig) (+1 more reused dependencies)
|     +- run exe generate-parser (parser.zig) (+1 more reused dependencies)
|     +- run exe generate-parser (parser.zig) (+1 more reused dependencies)
|     +- run exe generate-parser (parser.zig) (+1 more reused dependencies)
|     +- run exe generate-parser (parser.zig) (+1 more reused dependencies)
|     +- run exe generate-parser (parser.zig) (+1 more reused dependencies)
|     +- run exe generate-parser (parser.zig) (+1 more reused dependencies)
|     +- run exe generate-parser (parser.zig) (+1 more reused dependencies)
|     +- run exe generate-parser (parser.zig) (+1 more reused dependencies)
|     +- run exe generate-parser (parser.zig) (+1 more reused dependencies)
|     +- run exe generate-parser (parser.zig) (+1 more reused dependencies)
|     +- run exe generate-parser (parser.zig) (+1 more reused dependencies)
|     +- run exe generate-parser (parser.zig) (+1 more reused dependencies)
|     +- run exe generate-parser (parser.zig) (+1 more reused dependencies)
|     +- run exe generate-parser (parser.zig) (+1 more reused dependencies)
|     +- run exe generate-parser (parser.zig) (+1 more reused dependencies)
|     +- run exe generate-parser (parser.zig) (+1 more reused dependencies)
|     +- run exe generate-parser (parser.zig) (+1 more reused dependencies)
|     +- run exe generate-parser (parser.zig) (+1 more reused dependencies)
|     +- run exe generate-parser (parser.zig) (+1 more reused dependencies)
|     +- run exe generate-parser (parser.zig) (+1 more reused dependencies)
|     +- run exe generate-parser (parser.zig) (+1 more reused dependencies)
|     +- run exe generate-parser (parser.zig) (+1 more reused dependencies)
|     +- run exe generate-parser (parser.zig) (+1 more reused dependencies)
|     +- run exe generate-parser (parser.zig) (+1 more reused dependencies)
|     +- run exe generate-lexer (lexer.zig) (+1 more reused dependencies)
|     +- run exe generate-parser (parser.zig) (+1 more reused dependencies)
|     +- run exe generate-parser (parser.zig) (+1 more reused dependencies)
|     +- run exe generate-parser (parser.zig) (+1 more reused dependencies)
|     +- run exe generate-parser (parser.zig) (+1 more reused dependencies)
|     +- run exe generate-parser (parser.zig) (+1 more reused dependencies)
|     +- run exe generate-parser (parser.zig) (+1 more reused dependencies)
|     +- run exe generate-parser (parser.zig) (+1 more reused dependencies)
|     +- run exe generate-parser (parser.zig) (+1 more reused dependencies)
|     +- run exe generate-parser (parser.zig) (+1 more reused dependencies)
|     +- run exe generate-parser (parser.zig) (+1 more reused dependencies)
|     +- run exe generate-parser (parser.zig) (+1 more reused dependencies)
|     +- run exe generate-parser (parser.zig) (+1 more reused dependencies)
|     +- run exe generate-parser (parser.zig) (+1 more reused dependencies)
|     +- run exe generate-parser (parser.zig) (+1 more reused dependencies)
|     +- run exe generate-parser (parser.zig) (+1 more reused dependencies)
|     +- run exe generate-parser (parser.zig) (+1 more reused dependencies)
|     +- run exe generate-parser (parser.zig) (+1 more reused dependencies)
|     +- run exe generate-parser (parser.zig) (+1 more reused dependencies)
|     +- run exe generate-parser (parser.zig) (+1 more reused dependencies)
|     +- run exe generate-parser (parser.zig) (+1 more reused dependencies)
|     +- run exe generate-parser (parser.zig) (+1 more reused dependencies)
|     +- run exe generate-parser (parser.zig) (+1 more reused dependencies)
|     +- run exe generate-parser (parser.zig) (+1 more reused dependencies)
|     +- run exe generate-parser (parser.zig) (+1 more reused dependencies)
|     +- run exe generate-parser (parser.zig) (+1 more reused dependencies)
|     +- run exe generate-parser (parser.zig) (+1 more reused dependencies)
|     +- run exe generate-parser (parser.zig) (+1 more reused dependencies)
|     +- run exe generate-parser (parser.zig) (+1 more reused dependencies)
|     +- run exe generate-parser (parser.zig) (+1 more reused dependencies)
|     +- run exe generate-parser (parser.zig) (+1 more reused dependencies)
|     +- run exe generate-parser (parser.zig) (+1 more reused dependencies)
+- run test 15 pass (15 total) 8ms MaxRSS:2M
|  +- compile test debug native success 5s MaxRSS:907M
|     +- WriteFile interfaces/0.d.zx (+1 more reused dependencies)
|     +- options (reused)
|     +- run exe generate-parser (parser.zig) (+1 more reused dependencies)
|     +- run exe generate-parser (parser.zig) (+1 more reused dependencies)
|     +- run exe generate-parser (parser.zig) (+1 more reused dependencies)
|     +- run exe generate-parser (parser.zig) (+1 more reused dependencies)
|     +- run exe generate-parser (parser.zig) (+1 more reused dependencies)
|     +- run exe generate-parser (parser.zig) (+1 more reused dependencies)
|     +- run exe generate-parser (parser.zig) (+1 more reused dependencies)
|     +- run exe generate-parser (parser.zig) (+1 more reused dependencies)
|     +- run exe generate-parser (parser.zig) (+1 more reused dependencies)
|     +- run exe generate-parser (parser.zig) (+1 more reused dependencies)
|     +- run exe generate-parser (parser.zig) (+1 more reused dependencies)
|     +- run exe generate-parser (parser.zig) (+1 more reused dependencies)
|     +- run exe generate-parser (parser.zig) (+1 more reused dependencies)
|     +- run exe generate-parser (parser.zig) (+1 more reused dependencies)
|     +- run exe generate-parser (parser.zig) (+1 more reused dependencies)
|     +- run exe generate-parser (parser.zig) (+1 more reused dependencies)
|     +- run exe generate-parser (parser.zig) (+1 more reused dependencies)
|     +- run exe generate-parser (parser.zig) (+1 more reused dependencies)
|     +- run exe generate-parser (parser.zig) (+1 more reused dependencies)
|     +- run exe generate-parser (parser.zig) (+1 more reused dependencies)
|     +- run exe generate-parser (parser.zig) (+1 more reused dependencies)
|     +- run exe generate-parser (parser.zig) (+1 more reused dependencies)
|     +- run exe generate-parser (parser.zig) (+1 more reused dependencies)
|     +- run exe generate-parser (parser.zig) (+1 more reused dependencies)
|     +- run exe generate-parser (parser.zig) (+1 more reused dependencies)
|     +- run exe generate-parser (parser.zig) (+1 more reused dependencies)
|     +- run exe generate-parser (parser.zig) (+1 more reused dependencies)
|     +- run exe generate-parser (parser.zig) (+1 more reused dependencies)
|     +- run exe generate-parser (parser.zig) (+1 more reused dependencies)
|     +- run exe generate-parser (parser.zig) (+1 more reused dependencies)
|     +- run exe generate-parser (parser.zig) (+1 more reused dependencies)
|     +- run exe generate-parser (parser.zig) (+1 more reused dependencies)
|     +- run exe generate-parser (parser.zig) (+1 more reused dependencies)
|     +- run exe generate-parser (parser.zig) (+1 more reused dependencies)
|     +- run exe generate-parser (parser.zig) (+1 more reused dependencies)
|     +- run exe generate-parser (parser.zig) (+1 more reused dependencies)
|     +- run exe generate-lexer (lexer.zig) (+1 more reused dependencies)
|     +- run exe generate-parser (parser.zig) (+1 more reused dependencies)
|     +- run exe generate-parser (parser.zig) (+1 more reused dependencies)
|     +- run exe generate-parser (parser.zig) (+1 more reused dependencies)
|     +- run exe generate-parser (parser.zig) (+1 more reused dependencies)
|     +- run exe generate-parser (parser.zig) (+1 more reused dependencies)
|     +- run exe generate-parser (parser.zig) (+1 more reused dependencies)
|     +- run exe generate-parser (parser.zig) (+1 more reused dependencies)
|     +- run exe generate-parser (parser.zig) (+1 more reused dependencies)
|     +- run exe generate-parser (parser.zig) (+1 more reused dependencies)
|     +- run exe generate-parser (parser.zig) (+1 more reused dependencies)
|     +- run exe generate-parser (parser.zig) (+1 more reused dependencies)
|     +- run exe generate-parser (parser.zig) (+1 more reused dependencies)
|     +- run exe generate-parser (parser.zig) (+1 more reused dependencies)
|     +- run exe generate-parser (parser.zig) (+1 more reused dependencies)
|     +- run exe generate-parser (parser.zig) (+1 more reused dependencies)
|     +- run exe generate-parser (parser.zig) (+1 more reused dependencies)
|     +- run exe generate-parser (parser.zig) (+1 more reused dependencies)
|     +- run exe generate-parser (parser.zig) (+1 more reused dependencies)
|     +- run exe generate-parser (parser.zig) (+1 more reused dependencies)
|     +- run exe generate-parser (parser.zig) (+1 more reused dependencies)
|     +- run exe generate-parser (parser.zig) (+1 more reused dependencies)
|     +- run exe generate-parser (parser.zig) (+1 more reused dependencies)
|     +- run exe generate-parser (parser.zig) (+1 more reused dependencies)
|     +- run exe generate-parser (parser.zig) (+1 more reused dependencies)
|     +- run exe generate-parser (parser.zig) (+1 more reused dependencies)
|     +- run exe generate-parser (parser.zig) (+1 more reused dependencies)
|     +- run exe generate-parser (parser.zig) (+1 more reused dependencies)
|     +- run exe generate-parser (parser.zig) (+1 more reused dependencies)
|     +- run exe generate-parser (parser.zig) (+1 more reused dependencies)
|     +- run exe generate-parser (parser.zig) (+1 more reused dependencies)
|     +- run exe generate-parser (parser.zig) (+1 more reused dependencies)
+- run test 5 pass (5 total) 4ms MaxRSS:2M
|  +- compile test debug native success 5s MaxRSS:860M
|     +- WriteFile interfaces/0.d.zx (+1 more reused dependencies)
|     +- options (reused)
|     +- run exe generate-parser (parser.zig) (+1 more reused dependencies)
|     +- run exe generate-parser (parser.zig) (+1 more reused dependencies)
|     +- run exe generate-parser (parser.zig) (+1 more reused dependencies)
|     +- run exe generate-parser (parser.zig) (+1 more reused dependencies)
|     +- run exe generate-parser (parser.zig) (+1 more reused dependencies)
|     +- run exe generate-parser (parser.zig) (+1 more reused dependencies)
|     +- run exe generate-parser (parser.zig) (+1 more reused dependencies)
|     +- run exe generate-parser (parser.zig) (+1 more reused dependencies)
|     +- run exe generate-parser (parser.zig) (+1 more reused dependencies)
|     +- run exe generate-parser (parser.zig) (+1 more reused dependencies)
|     +- run exe generate-parser (parser.zig) (+1 more reused dependencies)
|     +- run exe generate-parser (parser.zig) (+1 more reused dependencies)
|     +- run exe generate-parser (parser.zig) (+1 more reused dependencies)
|     +- run exe generate-parser (parser.zig) (+1 more reused dependencies)
|     +- run exe generate-parser (parser.zig) (+1 more reused dependencies)
|     +- run exe generate-parser (parser.zig) (+1 more reused dependencies)
|     +- run exe generate-parser (parser.zig) (+1 more reused dependencies)
|     +- run exe generate-parser (parser.zig) (+1 more reused dependencies)
|     +- run exe generate-parser (parser.zig) (+1 more reused dependencies)
|     +- run exe generate-parser (parser.zig) (+1 more reused dependencies)
|     +- run exe generate-parser (parser.zig) (+1 more reused dependencies)
|     +- run exe generate-parser (parser.zig) (+1 more reused dependencies)
|     +- run exe generate-parser (parser.zig) (+1 more reused dependencies)
|     +- run exe generate-parser (parser.zig) (+1 more reused dependencies)
|     +- run exe generate-parser (parser.zig) (+1 more reused dependencies)
|     +- run exe generate-parser (parser.zig) (+1 more reused dependencies)
|     +- run exe generate-parser (parser.zig) (+1 more reused dependencies)
|     +- run exe generate-parser (parser.zig) (+1 more reused dependencies)
|     +- run exe generate-parser (parser.zig) (+1 more reused dependencies)
|     +- run exe generate-parser (parser.zig) (+1 more reused dependencies)
|     +- run exe generate-parser (parser.zig) (+1 more reused dependencies)
|     +- run exe generate-parser (parser.zig) (+1 more reused dependencies)
|     +- run exe generate-parser (parser.zig) (+1 more reused dependencies)
|     +- run exe generate-parser (parser.zig) (+1 more reused dependencies)
|     +- run exe generate-parser (parser.zig) (+1 more reused dependencies)
|     +- run exe generate-parser (parser.zig) (+1 more reused dependencies)
|     +- run exe generate-lexer (lexer.zig) (+1 more reused dependencies)
|     +- run exe generate-parser (parser.zig) (+1 more reused dependencies)
|     +- run exe generate-parser (parser.zig) (+1 more reused dependencies)
|     +- run exe generate-parser (parser.zig) (+1 more reused dependencies)
|     +- run exe generate-parser (parser.zig) (+1 more reused dependencies)
|     +- run exe generate-parser (parser.zig) (+1 more reused dependencies)
|     +- run exe generate-parser (parser.zig) (+1 more reused dependencies)
|     +- run exe generate-parser (parser.zig) (+1 more reused dependencies)
|     +- run exe generate-parser (parser.zig) (+1 more reused dependencies)
|     +- run exe generate-parser (parser.zig) (+1 more reused dependencies)
|     +- run exe generate-parser (parser.zig) (+1 more reused dependencies)
|     +- run exe generate-parser (parser.zig) (+1 more reused dependencies)
|     +- run exe generate-parser (parser.zig) (+1 more reused dependencies)
|     +- run exe generate-parser (parser.zig) (+1 more reused dependencies)
|     +- run exe generate-parser (parser.zig) (+1 more reused dependencies)
|     +- run exe generate-parser (parser.zig) (+1 more reused dependencies)
|     +- run exe generate-parser (parser.zig) (+1 more reused dependencies)
|     +- run exe generate-parser (parser.zig) (+1 more reused dependencies)
|     +- run exe generate-parser (parser.zig) (+1 more reused dependencies)
|     +- run exe generate-parser (parser.zig) (+1 more reused dependencies)
|     +- run exe generate-parser (parser.zig) (+1 more reused dependencies)
|     +- run exe generate-parser (parser.zig) (+1 more reused dependencies)
|     +- run exe generate-parser (parser.zig) (+1 more reused dependencies)
|     +- run exe generate-parser (parser.zig) (+1 more reused dependencies)
|     +- run exe generate-parser (parser.zig) (+1 more reused dependencies)
|     +- run exe generate-parser (parser.zig) (+1 more reused dependencies)
|     +- run exe generate-parser (parser.zig) (+1 more reused dependencies)
|     +- run exe generate-parser (parser.zig) (+1 more reused dependencies)
|     +- run exe generate-parser (parser.zig) (+1 more reused dependencies)
|     +- run exe generate-parser (parser.zig) (+1 more reused dependencies)
|     +- run exe generate-parser (parser.zig) (+1 more reused dependencies)
|     +- run exe generate-parser (parser.zig) (+1 more reused dependencies)
+- run test 3 pass (3 total) 8ms MaxRSS:2M
   +- compile test debug native success 5s MaxRSS:822M
      +- WriteFile interfaces/0.d.zx (+1 more reused dependencies)
      +- options (reused)
      +- run exe generate-parser (parser.zig) (+1 more reused dependencies)
      +- run exe generate-parser (parser.zig) (+1 more reused dependencies)
      +- run exe generate-parser (parser.zig) (+1 more reused dependencies)
      +- run exe generate-parser (parser.zig) (+1 more reused dependencies)
      +- run exe generate-parser (parser.zig) (+1 more reused dependencies)
      +- run exe generate-parser (parser.zig) (+1 more reused dependencies)
      +- run exe generate-parser (parser.zig) (+1 more reused dependencies)
      +- run exe generate-parser (parser.zig) (+1 more reused dependencies)
      +- run exe generate-parser (parser.zig) (+1 more reused dependencies)
      +- run exe generate-parser (parser.zig) (+1 more reused dependencies)
      +- run exe generate-parser (parser.zig) (+1 more reused dependencies)
      +- run exe generate-parser (parser.zig) (+1 more reused dependencies)
      +- run exe generate-parser (parser.zig) (+1 more reused dependencies)
      +- run exe generate-parser (parser.zig) (+1 more reused dependencies)
      +- run exe generate-parser (parser.zig) (+1 more reused dependencies)
      +- run exe generate-parser (parser.zig) (+1 more reused dependencies)
      +- run exe generate-parser (parser.zig) (+1 more reused dependencies)
      +- run exe generate-parser (parser.zig) (+1 more reused dependencies)
      +- run exe generate-parser (parser.zig) (+1 more reused dependencies)
      +- run exe generate-parser (parser.zig) (+1 more reused dependencies)
      +- run exe generate-parser (parser.zig) (+1 more reused dependencies)
      +- run exe generate-parser (parser.zig) (+1 more reused dependencies)
      +- run exe generate-parser (parser.zig) (+1 more reused dependencies)
      +- run exe generate-parser (parser.zig) (+1 more reused dependencies)
      +- run exe generate-parser (parser.zig) (+1 more reused dependencies)
      +- run exe generate-parser (parser.zig) (+1 more reused dependencies)
      +- run exe generate-parser (parser.zig) (+1 more reused dependencies)
      +- run exe generate-parser (parser.zig) (+1 more reused dependencies)
      +- run exe generate-parser (parser.zig) (+1 more reused dependencies)
      +- run exe generate-parser (parser.zig) (+1 more reused dependencies)
      +- run exe generate-parser (parser.zig) (+1 more reused dependencies)
      +- run exe generate-parser (parser.zig) (+1 more reused dependencies)
      +- run exe generate-parser (parser.zig) (+1 more reused dependencies)
      +- run exe generate-parser (parser.zig) (+1 more reused dependencies)
      +- run exe generate-parser (parser.zig) (+1 more reused dependencies)
      +- run exe generate-parser (parser.zig) (+1 more reused dependencies)
      +- run exe generate-lexer (lexer.zig) (+1 more reused dependencies)
      +- run exe generate-parser (parser.zig) (+1 more reused dependencies)
      +- run exe generate-parser (parser.zig) (+1 more reused dependencies)
      +- run exe generate-parser (parser.zig) (+1 more reused dependencies)
      +- run exe generate-parser (parser.zig) (+1 more reused dependencies)
      +- run exe generate-parser (parser.zig) (+1 more reused dependencies)
      +- run exe generate-parser (parser.zig) (+1 more reused dependencies)
      +- run exe generate-parser (parser.zig) (+1 more reused dependencies)
      +- run exe generate-parser (parser.zig) (+1 more reused dependencies)
      +- run exe generate-parser (parser.zig) (+1 more reused dependencies)
      +- run exe generate-parser (parser.zig) (+1 more reused dependencies)
      +- run exe generate-parser (parser.zig) (+1 more reused dependencies)
      +- run exe generate-parser (parser.zig) (+1 more reused dependencies)
      +- run exe generate-parser (parser.zig) (+1 more reused dependencies)
      +- run exe generate-parser (parser.zig) (+1 more reused dependencies)
      +- run exe generate-parser (parser.zig) (+1 more reused dependencies)
      +- run exe generate-parser (parser.zig) (+1 more reused dependencies)
      +- run exe generate-parser (parser.zig) (+1 more reused dependencies)
      +- run exe generate-parser (parser.zig) (+1 more reused dependencies)
      +- run exe generate-parser (parser.zig) (+1 more reused dependencies)
      +- run exe generate-parser (parser.zig) (+1 more reused dependencies)
      +- run exe generate-parser (parser.zig) (+1 more reused dependencies)
      +- run exe generate-parser (parser.zig) (+1 more reused dependencies)
      +- run exe generate-parser (parser.zig) (+1 more reused dependencies)
      +- run exe generate-parser (parser.zig) (+1 more reused dependencies)
      +- run exe generate-parser (parser.zig) (+1 more reused dependencies)
      +- run exe generate-parser (parser.zig) (+1 more reused dependencies)
      +- run exe generate-parser (parser.zig) (+1 more reused dependencies)
      +- run exe generate-parser (parser.zig) (+1 more reused dependencies)
      +- run exe generate-parser (parser.zig) (+1 more reused dependencies)
      +- run exe generate-parser (parser.zig) (+1 more reused dependencies)
      +- run exe generate-parser (parser.zig) (+1 more reused dependencies)
test-type-validation success
+- run test type-validation-shape 36 pass (36 total) 7ms MaxRSS:1M
|  +- compile test type-validation-shape debug native success 5s MaxRSS:889M
|     +- WriteFile interfaces/0.d.zx (+1 more reused dependencies)
|     +- options (reused)
|     +- run exe generate-parser (parser.zig) (+1 more reused dependencies)
|     +- run exe generate-parser (parser.zig) (+1 more reused dependencies)
|     +- run exe generate-parser (parser.zig) (+1 more reused dependencies)
|     +- run exe generate-parser (parser.zig) (+1 more reused dependencies)
|     +- run exe generate-parser (parser.zig) (+1 more reused dependencies)
|     +- run exe generate-parser (parser.zig) (+1 more reused dependencies)
|     +- run exe generate-parser (parser.zig) (+1 more reused dependencies)
|     +- run exe generate-parser (parser.zig) (+1 more reused dependencies)
|     +- run exe generate-parser (parser.zig) (+1 more reused dependencies)
|     +- run exe generate-parser (parser.zig) (+1 more reused dependencies)
|     +- run exe generate-parser (parser.zig) (+1 more reused dependencies)
|     +- run exe generate-parser (parser.zig) (+1 more reused dependencies)
|     +- run exe generate-parser (parser.zig) (+1 more reused dependencies)
|     +- run exe generate-parser (parser.zig) (+1 more reused dependencies)
|     +- run exe generate-parser (parser.zig) (+1 more reused dependencies)
|     +- run exe generate-parser (parser.zig) (+1 more reused dependencies)
|     +- run exe generate-parser (parser.zig) (+1 more reused dependencies)
|     +- run exe generate-parser (parser.zig) (+1 more reused dependencies)
|     +- run exe generate-parser (parser.zig) (+1 more reused dependencies)
|     +- run exe generate-parser (parser.zig) (+1 more reused dependencies)
|     +- run exe generate-parser (parser.zig) (+1 more reused dependencies)
|     +- run exe generate-parser (parser.zig) (+1 more reused dependencies)
|     +- run exe generate-parser (parser.zig) (+1 more reused dependencies)
|     +- run exe generate-parser (parser.zig) (+1 more reused dependencies)
|     +- run exe generate-parser (parser.zig) (+1 more reused dependencies)
|     +- run exe generate-parser (parser.zig) (+1 more reused dependencies)
|     +- run exe generate-parser (parser.zig) (+1 more reused dependencies)
|     +- run exe generate-parser (parser.zig) (+1 more reused dependencies)
|     +- run exe generate-parser (parser.zig) (+1 more reused dependencies)
|     +- run exe generate-parser (parser.zig) (+1 more reused dependencies)
|     +- run exe generate-parser (parser.zig) (+1 more reused dependencies)
|     +- run exe generate-parser (parser.zig) (+1 more reused dependencies)
|     +- run exe generate-parser (parser.zig) (+1 more reused dependencies)
|     +- run exe generate-parser (parser.zig) (+1 more reused dependencies)
|     +- run exe generate-parser (parser.zig) (+1 more reused dependencies)
|     +- run exe generate-parser (parser.zig) (+1 more reused dependencies)
|     +- run exe generate-lexer (lexer.zig) (+1 more reused dependencies)
|     +- run exe generate-parser (parser.zig) (+1 more reused dependencies)
|     +- run exe generate-parser (parser.zig) (+1 more reused dependencies)
|     +- run exe generate-parser (parser.zig) (+1 more reused dependencies)
|     +- run exe generate-parser (parser.zig) (+1 more reused dependencies)
|     +- run exe generate-parser (parser.zig) (+1 more reused dependencies)
|     +- run exe generate-parser (parser.zig) (+1 more reused dependencies)
|     +- run exe generate-parser (parser.zig) (+1 more reused dependencies)
|     +- run exe generate-parser (parser.zig) (+1 more reused dependencies)
|     +- run exe generate-parser (parser.zig) (+1 more reused dependencies)
|     +- run exe generate-parser (parser.zig) (+1 more reused dependencies)
|     +- run exe generate-parser (parser.zig) (+1 more reused dependencies)
|     +- run exe generate-parser (parser.zig) (+1 more reused dependencies)
|     +- run exe generate-parser (parser.zig) (+1 more reused dependencies)
|     +- run exe generate-parser (parser.zig) (+1 more reused dependencies)
|     +- run exe generate-parser (parser.zig) (+1 more reused dependencies)
|     +- run exe generate-parser (parser.zig) (+1 more reused dependencies)
|     +- run exe generate-parser (parser.zig) (+1 more reused dependencies)
|     +- run exe generate-parser (parser.zig) (+1 more reused dependencies)
|     +- run exe generate-parser (parser.zig) (+1 more reused dependencies)
|     +- run exe generate-parser (parser.zig) (+1 more reused dependencies)
|     +- run exe generate-parser (parser.zig) (+1 more reused dependencies)
|     +- run exe generate-parser (parser.zig) (+1 more reused dependencies)
|     +- run exe generate-parser (parser.zig) (+1 more reused dependencies)
|     +- run exe generate-parser (parser.zig) (+1 more reused dependencies)
|     +- run exe generate-parser (parser.zig) (+1 more reused dependencies)
|     +- run exe generate-parser (parser.zig) (+1 more reused dependencies)
|     +- run exe generate-parser (parser.zig) (+1 more reused dependencies)
|     +- run exe generate-parser (parser.zig) (+1 more reused dependencies)
|     +- run exe generate-parser (parser.zig) (+1 more reused dependencies)
|     +- run exe generate-parser (parser.zig) (+1 more reused dependencies)
|     +- run exe generate-parser (parser.zig) (+1 more reused dependencies)
+- run test type-validation-references 30 pass (30 total) 6ms MaxRSS:1M
|  +- compile test type-validation-references debug native success 5s MaxRSS:876M
|     +- WriteFile interfaces/0.d.zx (+1 more reused dependencies)
|     +- options (reused)
|     +- run exe generate-parser (parser.zig) (+1 more reused dependencies)
|     +- run exe generate-parser (parser.zig) (+1 more reused dependencies)
|     +- run exe generate-parser (parser.zig) (+1 more reused dependencies)
|     +- run exe generate-parser (parser.zig) (+1 more reused dependencies)
|     +- run exe generate-parser (parser.zig) (+1 more reused dependencies)
|     +- run exe generate-parser (parser.zig) (+1 more reused dependencies)
|     +- run exe generate-parser (parser.zig) (+1 more reused dependencies)
|     +- run exe generate-parser (parser.zig) (+1 more reused dependencies)
|     +- run exe generate-parser (parser.zig) (+1 more reused dependencies)
|     +- run exe generate-parser (parser.zig) (+1 more reused dependencies)
|     +- run exe generate-parser (parser.zig) (+1 more reused dependencies)
|     +- run exe generate-parser (parser.zig) (+1 more reused dependencies)
|     +- run exe generate-parser (parser.zig) (+1 more reused dependencies)
|     +- run exe generate-parser (parser.zig) (+1 more reused dependencies)
|     +- run exe generate-parser (parser.zig) (+1 more reused dependencies)
|     +- run exe generate-parser (parser.zig) (+1 more reused dependencies)
|     +- run exe generate-parser (parser.zig) (+1 more reused dependencies)
|     +- run exe generate-parser (parser.zig) (+1 more reused dependencies)
|     +- run exe generate-parser (parser.zig) (+1 more reused dependencies)
|     +- run exe generate-parser (parser.zig) (+1 more reused dependencies)
|     +- run exe generate-parser (parser.zig) (+1 more reused dependencies)
|     +- run exe generate-parser (parser.zig) (+1 more reused dependencies)
|     +- run exe generate-parser (parser.zig) (+1 more reused dependencies)
|     +- run exe generate-parser (parser.zig) (+1 more reused dependencies)
|     +- run exe generate-parser (parser.zig) (+1 more reused dependencies)
|     +- run exe generate-parser (parser.zig) (+1 more reused dependencies)
|     +- run exe generate-parser (parser.zig) (+1 more reused dependencies)
|     +- run exe generate-parser (parser.zig) (+1 more reused dependencies)
|     +- run exe generate-parser (parser.zig) (+1 more reused dependencies)
|     +- run exe generate-parser (parser.zig) (+1 more reused dependencies)
|     +- run exe generate-parser (parser.zig) (+1 more reused dependencies)
|     +- run exe generate-parser (parser.zig) (+1 more reused dependencies)
|     +- run exe generate-parser (parser.zig) (+1 more reused dependencies)
|     +- run exe generate-parser (parser.zig) (+1 more reused dependencies)
|     +- run exe generate-parser (parser.zig) (+1 more reused dependencies)
|     +- run exe generate-parser (parser.zig) (+1 more reused dependencies)
|     +- run exe generate-lexer (lexer.zig) (+1 more reused dependencies)
|     +- run exe generate-parser (parser.zig) (+1 more reused dependencies)
|     +- run exe generate-parser (parser.zig) (+1 more reused dependencies)
|     +- run exe generate-parser (parser.zig) (+1 more reused dependencies)
|     +- run exe generate-parser (parser.zig) (+1 more reused dependencies)
|     +- run exe generate-parser (parser.zig) (+1 more reused dependencies)
|     +- run exe generate-parser (parser.zig) (+1 more reused dependencies)
|     +- run exe generate-parser (parser.zig) (+1 more reused dependencies)
|     +- run exe generate-parser (parser.zig) (+1 more reused dependencies)
|     +- run exe generate-parser (parser.zig) (+1 more reused dependencies)
|     +- run exe generate-parser (parser.zig) (+1 more reused dependencies)
|     +- run exe generate-parser (parser.zig) (+1 more reused dependencies)
|     +- run exe generate-parser (parser.zig) (+1 more reused dependencies)
|     +- run exe generate-parser (parser.zig) (+1 more reused dependencies)
|     +- run exe generate-parser (parser.zig) (+1 more reused dependencies)
|     +- run exe generate-parser (parser.zig) (+1 more reused dependencies)
|     +- run exe generate-parser (parser.zig) (+1 more reused dependencies)
|     +- run exe generate-parser (parser.zig) (+1 more reused dependencies)
|     +- run exe generate-parser (parser.zig) (+1 more reused dependencies)
|     +- run exe generate-parser (parser.zig) (+1 more reused dependencies)
|     +- run exe generate-parser (parser.zig) (+1 more reused dependencies)
|     +- run exe generate-parser (parser.zig) (+1 more reused dependencies)
|     +- run exe generate-parser (parser.zig) (+1 more reused dependencies)
|     +- run exe generate-parser (parser.zig) (+1 more reused dependencies)
|     +- run exe generate-parser (parser.zig) (+1 more reused dependencies)
|     +- run exe generate-parser (parser.zig) (+1 more reused dependencies)
|     +- run exe generate-parser (parser.zig) (+1 more reused dependencies)
|     +- run exe generate-parser (parser.zig) (+1 more reused dependencies)
|     +- run exe generate-parser (parser.zig) (+1 more reused dependencies)
|     +- run exe generate-parser (parser.zig) (+1 more reused dependencies)
|     +- run exe generate-parser (parser.zig) (+1 more reused dependencies)
|     +- run exe generate-parser (parser.zig) (+1 more reused dependencies)
+- run test type-validation-names 20 pass (20 total) 6ms MaxRSS:1M
|  +- compile test type-validation-names debug native success 5s MaxRSS:947M
|     +- WriteFile interfaces/0.d.zx (+1 more reused dependencies)
|     +- options (reused)
|     +- run exe generate-parser (parser.zig) (+1 more reused dependencies)
|     +- run exe generate-parser (parser.zig) (+1 more reused dependencies)
|     +- run exe generate-parser (parser.zig) (+1 more reused dependencies)
|     +- run exe generate-parser (parser.zig) (+1 more reused dependencies)
|     +- run exe generate-parser (parser.zig) (+1 more reused dependencies)
|     +- run exe generate-parser (parser.zig) (+1 more reused dependencies)
|     +- run exe generate-parser (parser.zig) (+1 more reused dependencies)
|     +- run exe generate-parser (parser.zig) (+1 more reused dependencies)
|     +- run exe generate-parser (parser.zig) (+1 more reused dependencies)
|     +- run exe generate-parser (parser.zig) (+1 more reused dependencies)
|     +- run exe generate-parser (parser.zig) (+1 more reused dependencies)
|     +- run exe generate-parser (parser.zig) (+1 more reused dependencies)
|     +- run exe generate-parser (parser.zig) (+1 more reused dependencies)
|     +- run exe generate-parser (parser.zig) (+1 more reused dependencies)
|     +- run exe generate-parser (parser.zig) (+1 more reused dependencies)
|     +- run exe generate-parser (parser.zig) (+1 more reused dependencies)
|     +- run exe generate-parser (parser.zig) (+1 more reused dependencies)
|     +- run exe generate-parser (parser.zig) (+1 more reused dependencies)
|     +- run exe generate-parser (parser.zig) (+1 more reused dependencies)
|     +- run exe generate-parser (parser.zig) (+1 more reused dependencies)
|     +- run exe generate-parser (parser.zig) (+1 more reused dependencies)
|     +- run exe generate-parser (parser.zig) (+1 more reused dependencies)
|     +- run exe generate-parser (parser.zig) (+1 more reused dependencies)
|     +- run exe generate-parser (parser.zig) (+1 more reused dependencies)
|     +- run exe generate-parser (parser.zig) (+1 more reused dependencies)
|     +- run exe generate-parser (parser.zig) (+1 more reused dependencies)
|     +- run exe generate-parser (parser.zig) (+1 more reused dependencies)
|     +- run exe generate-parser (parser.zig) (+1 more reused dependencies)
|     +- run exe generate-parser (parser.zig) (+1 more reused dependencies)
|     +- run exe generate-parser (parser.zig) (+1 more reused dependencies)
|     +- run exe generate-parser (parser.zig) (+1 more reused dependencies)
|     +- run exe generate-parser (parser.zig) (+1 more reused dependencies)
|     +- run exe generate-parser (parser.zig) (+1 more reused dependencies)
|     +- run exe generate-parser (parser.zig) (+1 more reused dependencies)
|     +- run exe generate-parser (parser.zig) (+1 more reused dependencies)
|     +- run exe generate-parser (parser.zig) (+1 more reused dependencies)
|     +- run exe generate-lexer (lexer.zig) (+1 more reused dependencies)
|     +- run exe generate-parser (parser.zig) (+1 more reused dependencies)
|     +- run exe generate-parser (parser.zig) (+1 more reused dependencies)
|     +- run exe generate-parser (parser.zig) (+1 more reused dependencies)
|     +- run exe generate-parser (parser.zig) (+1 more reused dependencies)
|     +- run exe generate-parser (parser.zig) (+1 more reused dependencies)
|     +- run exe generate-parser (parser.zig) (+1 more reused dependencies)
|     +- run exe generate-parser (parser.zig) (+1 more reused dependencies)
|     +- run exe generate-parser (parser.zig) (+1 more reused dependencies)
|     +- run exe generate-parser (parser.zig) (+1 more reused dependencies)
|     +- run exe generate-parser (parser.zig) (+1 more reused dependencies)
|     +- run exe generate-parser (parser.zig) (+1 more reused dependencies)
|     +- run exe generate-parser (parser.zig) (+1 more reused dependencies)
|     +- run exe generate-parser (parser.zig) (+1 more reused dependencies)
|     +- run exe generate-parser (parser.zig) (+1 more reused dependencies)
|     +- run exe generate-parser (parser.zig) (+1 more reused dependencies)
|     +- run exe generate-parser (parser.zig) (+1 more reused dependencies)
|     +- run exe generate-parser (parser.zig) (+1 more reused dependencies)
|     +- run exe generate-parser (parser.zig) (+1 more reused dependencies)
|     +- run exe generate-parser (parser.zig) (+1 more reused dependencies)
|     +- run exe generate-parser (parser.zig) (+1 more reused dependencies)
|     +- run exe generate-parser (parser.zig) (+1 more reused dependencies)
|     +- run exe generate-parser (parser.zig) (+1 more reused dependencies)
|     +- run exe generate-parser (parser.zig) (+1 more reused dependencies)
|     +- run exe generate-parser (parser.zig) (+1 more reused dependencies)
|     +- run exe generate-parser (parser.zig) (+1 more reused dependencies)
|     +- run exe generate-parser (parser.zig) (+1 more reused dependencies)
|     +- run exe generate-parser (parser.zig) (+1 more reused dependencies)
|     +- run exe generate-parser (parser.zig) (+1 more reused dependencies)
|     +- run exe generate-parser (parser.zig) (+1 more reused dependencies)
|     +- run exe generate-parser (parser.zig) (+1 more reused dependencies)
|     +- run exe generate-parser (parser.zig) (+1 more reused dependencies)
+- run test type-validation-allowed 18 pass (18 total) 5ms MaxRSS:2M
   +- compile test type-validation-allowed debug native success 5s MaxRSS:902M
      +- WriteFile interfaces/0.d.zx (+1 more reused dependencies)
      +- options (reused)
      +- run exe generate-parser (parser.zig) (+1 more reused dependencies)
      +- run exe generate-parser (parser.zig) (+1 more reused dependencies)
      +- run exe generate-parser (parser.zig) (+1 more reused dependencies)
      +- run exe generate-parser (parser.zig) (+1 more reused dependencies)
      +- run exe generate-parser (parser.zig) (+1 more reused dependencies)
      +- run exe generate-parser (parser.zig) (+1 more reused dependencies)
      +- run exe generate-parser (parser.zig) (+1 more reused dependencies)
      +- run exe generate-parser (parser.zig) (+1 more reused dependencies)
      +- run exe generate-parser (parser.zig) (+1 more reused dependencies)
      +- run exe generate-parser (parser.zig) (+1 more reused dependencies)
      +- run exe generate-parser (parser.zig) (+1 more reused dependencies)
      +- run exe generate-parser (parser.zig) (+1 more reused dependencies)
      +- run exe generate-parser (parser.zig) (+1 more reused dependencies)
      +- run exe generate-parser (parser.zig) (+1 more reused dependencies)
      +- run exe generate-parser (parser.zig) (+1 more reused dependencies)
      +- run exe generate-parser (parser.zig) (+1 more reused dependencies)
      +- run exe generate-parser (parser.zig) (+1 more reused dependencies)
      +- run exe generate-parser (parser.zig) (+1 more reused dependencies)
      +- run exe generate-parser (parser.zig) (+1 more reused dependencies)
      +- run exe generate-parser (parser.zig) (+1 more reused dependencies)
      +- run exe generate-parser (parser.zig) (+1 more reused dependencies)
      +- run exe generate-parser (parser.zig) (+1 more reused dependencies)
      +- run exe generate-parser (parser.zig) (+1 more reused dependencies)
      +- run exe generate-parser (parser.zig) (+1 more reused dependencies)
      +- run exe generate-parser (parser.zig) (+1 more reused dependencies)
      +- run exe generate-parser (parser.zig) (+1 more reused dependencies)
      +- run exe generate-parser (parser.zig) (+1 more reused dependencies)
      +- run exe generate-parser (parser.zig) (+1 more reused dependencies)
      +- run exe generate-parser (parser.zig) (+1 more reused dependencies)
      +- run exe generate-parser (parser.zig) (+1 more reused dependencies)
      +- run exe generate-parser (parser.zig) (+1 more reused dependencies)
      +- run exe generate-parser (parser.zig) (+1 more reused dependencies)
      +- run exe generate-parser (parser.zig) (+1 more reused dependencies)
      +- run exe generate-parser (parser.zig) (+1 more reused dependencies)
      +- run exe generate-parser (parser.zig) (+1 more reused dependencies)
      +- run exe generate-parser (parser.zig) (+1 more reused dependencies)
      +- run exe generate-lexer (lexer.zig) (+1 more reused dependencies)
      +- run exe generate-parser (parser.zig) (+1 more reused dependencies)
      +- run exe generate-parser (parser.zig) (+1 more reused dependencies)
      +- run exe generate-parser (parser.zig) (+1 more reused dependencies)
      +- run exe generate-parser (parser.zig) (+1 more reused dependencies)
      +- run exe generate-parser (parser.zig) (+1 more reused dependencies)
      +- run exe generate-parser (parser.zig) (+1 more reused dependencies)
      +- run exe generate-parser (parser.zig) (+1 more reused dependencies)
      +- run exe generate-parser (parser.zig) (+1 more reused dependencies)
      +- run exe generate-parser (parser.zig) (+1 more reused dependencies)
      +- run exe generate-parser (parser.zig) (+1 more reused dependencies)
      +- run exe generate-parser (parser.zig) (+1 more reused dependencies)
      +- run exe generate-parser (parser.zig) (+1 more reused dependencies)
      +- run exe generate-parser (parser.zig) (+1 more reused dependencies)
      +- run exe generate-parser (parser.zig) (+1 more reused dependencies)
      +- run exe generate-parser (parser.zig) (+1 more reused dependencies)
      +- run exe generate-parser (parser.zig) (+1 more reused dependencies)
      +- run exe generate-parser (parser.zig) (+1 more reused dependencies)
      +- run exe generate-parser (parser.zig) (+1 more reused dependencies)
      +- run exe generate-parser (parser.zig) (+1 more reused dependencies)
      +- run exe generate-parser (parser.zig) (+1 more reused dependencies)
      +- run exe generate-parser (parser.zig) (+1 more reused dependencies)
      +- run exe generate-parser (parser.zig) (+1 more reused dependencies)
      +- run exe generate-parser (parser.zig) (+1 more reused dependencies)
      +- run exe generate-parser (parser.zig) (+1 more reused dependencies)
      +- run exe generate-parser (parser.zig) (+1 more reused dependencies)
      +- run exe generate-parser (parser.zig) (+1 more reused dependencies)
      +- run exe generate-parser (parser.zig) (+1 more reused dependencies)
      +- run exe generate-parser (parser.zig) (+1 more reused dependencies)
      +- run exe generate-parser (parser.zig) (+1 more reused dependencies)
      +- run exe generate-parser (parser.zig) (+1 more reused dependencies)
      +- run exe generate-parser (parser.zig) (+1 more reused dependencies)
test-type-resolution success
+- run test type-resolution-initialization 10 pass (10 total) 3ms MaxRSS:2M
|  +- compile test type-resolution-initialization debug native success 2s MaxRSS:486M
|     +- WriteFile interfaces/0.d.zx (+1 more reused dependencies)
|     +- options (reused)
|     +- run exe generate-parser (parser.zig) (+1 more reused dependencies)
|     +- run exe generate-parser (parser.zig) (+1 more reused dependencies)
|     +- run exe generate-parser (parser.zig) (+1 more reused dependencies)
|     +- run exe generate-parser (parser.zig) (+1 more reused dependencies)
|     +- run exe generate-parser (parser.zig) (+1 more reused dependencies)
|     +- run exe generate-parser (parser.zig) (+1 more reused dependencies)
|     +- run exe generate-parser (parser.zig) (+1 more reused dependencies)
|     +- run exe generate-parser (parser.zig) (+1 more reused dependencies)
|     +- run exe generate-parser (parser.zig) (+1 more reused dependencies)
|     +- run exe generate-parser (parser.zig) (+1 more reused dependencies)
|     +- run exe generate-parser (parser.zig) (+1 more reused dependencies)
|     +- run exe generate-parser (parser.zig) (+1 more reused dependencies)
|     +- run exe generate-parser (parser.zig) (+1 more reused dependencies)
|     +- run exe generate-parser (parser.zig) (+1 more reused dependencies)
|     +- run exe generate-parser (parser.zig) (+1 more reused dependencies)
|     +- run exe generate-parser (parser.zig) (+1 more reused dependencies)
|     +- run exe generate-parser (parser.zig) (+1 more reused dependencies)
|     +- run exe generate-parser (parser.zig) (+1 more reused dependencies)
|     +- run exe generate-parser (parser.zig) (+1 more reused dependencies)
|     +- run exe generate-parser (parser.zig) (+1 more reused dependencies)
|     +- run exe generate-parser (parser.zig) (+1 more reused dependencies)
|     +- run exe generate-parser (parser.zig) (+1 more reused dependencies)
|     +- run exe generate-parser (parser.zig) (+1 more reused dependencies)
|     +- run exe generate-parser (parser.zig) (+1 more reused dependencies)
|     +- run exe generate-parser (parser.zig) (+1 more reused dependencies)
|     +- run exe generate-parser (parser.zig) (+1 more reused dependencies)
|     +- run exe generate-parser (parser.zig) (+1 more reused dependencies)
|     +- run exe generate-parser (parser.zig) (+1 more reused dependencies)
|     +- run exe generate-parser (parser.zig) (+1 more reused dependencies)
|     +- run exe generate-parser (parser.zig) (+1 more reused dependencies)
|     +- run exe generate-parser (parser.zig) (+1 more reused dependencies)
|     +- run exe generate-parser (parser.zig) (+1 more reused dependencies)
|     +- run exe generate-parser (parser.zig) (+1 more reused dependencies)
|     +- run exe generate-parser (parser.zig) (+1 more reused dependencies)
|     +- run exe generate-parser (parser.zig) (+1 more reused dependencies)
|     +- run exe generate-parser (parser.zig) (+1 more reused dependencies)
|     +- run exe generate-lexer (lexer.zig) (+1 more reused dependencies)
|     +- run exe generate-parser (parser.zig) (+1 more reused dependencies)
|     +- run exe generate-parser (parser.zig) (+1 more reused dependencies)
|     +- run exe generate-parser (parser.zig) (+1 more reused dependencies)
|     +- run exe generate-parser (parser.zig) (+1 more reused dependencies)
|     +- run exe generate-parser (parser.zig) (+1 more reused dependencies)
|     +- run exe generate-parser (parser.zig) (+1 more reused dependencies)
|     +- run exe generate-parser (parser.zig) (+1 more reused dependencies)
|     +- run exe generate-parser (parser.zig) (+1 more reused dependencies)
|     +- run exe generate-parser (parser.zig) (+1 more reused dependencies)
|     +- run exe generate-parser (parser.zig) (+1 more reused dependencies)
|     +- run exe generate-parser (parser.zig) (+1 more reused dependencies)
|     +- run exe generate-parser (parser.zig) (+1 more reused dependencies)
|     +- run exe generate-parser (parser.zig) (+1 more reused dependencies)
|     +- run exe generate-parser (parser.zig) (+1 more reused dependencies)
|     +- run exe generate-parser (parser.zig) (+1 more reused dependencies)
|     +- run exe generate-parser (parser.zig) (+1 more reused dependencies)
|     +- run exe generate-parser (parser.zig) (+1 more reused dependencies)
|     +- run exe generate-parser (parser.zig) (+1 more reused dependencies)
|     +- run exe generate-parser (parser.zig) (+1 more reused dependencies)
|     +- run exe generate-parser (parser.zig) (+1 more reused dependencies)
|     +- run exe generate-parser (parser.zig) (+1 more reused dependencies)
|     +- run exe generate-parser (parser.zig) (+1 more reused dependencies)
|     +- run exe generate-parser (parser.zig) (+1 more reused dependencies)
|     +- run exe generate-parser (parser.zig) (+1 more reused dependencies)
|     +- run exe generate-parser (parser.zig) (+1 more reused dependencies)
|     +- run exe generate-parser (parser.zig) (+1 more reused dependencies)
|     +- run exe generate-parser (parser.zig) (+1 more reused dependencies)
|     +- run exe generate-parser (parser.zig) (+1 more reused dependencies)
|     +- run exe generate-parser (parser.zig) (+1 more reused dependencies)
|     +- run exe generate-parser (parser.zig) (+1 more reused dependencies)
|     +- run exe generate-parser (parser.zig) (+1 more reused dependencies)
+- run test type-resolution-names 19 pass (19 total) 47ms MaxRSS:3M
|  +- compile test type-resolution-names debug native success 2s MaxRSS:469M
|     +- WriteFile interfaces/0.d.zx (+1 more reused dependencies)
|     +- options (reused)
|     +- run exe generate-parser (parser.zig) (+1 more reused dependencies)
|     +- run exe generate-parser (parser.zig) (+1 more reused dependencies)
|     +- run exe generate-parser (parser.zig) (+1 more reused dependencies)
|     +- run exe generate-parser (parser.zig) (+1 more reused dependencies)
|     +- run exe generate-parser (parser.zig) (+1 more reused dependencies)
|     +- run exe generate-parser (parser.zig) (+1 more reused dependencies)
|     +- run exe generate-parser (parser.zig) (+1 more reused dependencies)
|     +- run exe generate-parser (parser.zig) (+1 more reused dependencies)
|     +- run exe generate-parser (parser.zig) (+1 more reused dependencies)
|     +- run exe generate-parser (parser.zig) (+1 more reused dependencies)
|     +- run exe generate-parser (parser.zig) (+1 more reused dependencies)
|     +- run exe generate-parser (parser.zig) (+1 more reused dependencies)
|     +- run exe generate-parser (parser.zig) (+1 more reused dependencies)
|     +- run exe generate-parser (parser.zig) (+1 more reused dependencies)
|     +- run exe generate-parser (parser.zig) (+1 more reused dependencies)
|     +- run exe generate-parser (parser.zig) (+1 more reused dependencies)
|     +- run exe generate-parser (parser.zig) (+1 more reused dependencies)
|     +- run exe generate-parser (parser.zig) (+1 more reused dependencies)
|     +- run exe generate-parser (parser.zig) (+1 more reused dependencies)
|     +- run exe generate-parser (parser.zig) (+1 more reused dependencies)
|     +- run exe generate-parser (parser.zig) (+1 more reused dependencies)
|     +- run exe generate-parser (parser.zig) (+1 more reused dependencies)
|     +- run exe generate-parser (parser.zig) (+1 more reused dependencies)
|     +- run exe generate-parser (parser.zig) (+1 more reused dependencies)
|     +- run exe generate-parser (parser.zig) (+1 more reused dependencies)
|     +- run exe generate-parser (parser.zig) (+1 more reused dependencies)
|     +- run exe generate-parser (parser.zig) (+1 more reused dependencies)
|     +- run exe generate-parser (parser.zig) (+1 more reused dependencies)
|     +- run exe generate-parser (parser.zig) (+1 more reused dependencies)
|     +- run exe generate-parser (parser.zig) (+1 more reused dependencies)
|     +- run exe generate-parser (parser.zig) (+1 more reused dependencies)
|     +- run exe generate-parser (parser.zig) (+1 more reused dependencies)
|     +- run exe generate-parser (parser.zig) (+1 more reused dependencies)
|     +- run exe generate-parser (parser.zig) (+1 more reused dependencies)
|     +- run exe generate-parser (parser.zig) (+1 more reused dependencies)
|     +- run exe generate-parser (parser.zig) (+1 more reused dependencies)
|     +- run exe generate-lexer (lexer.zig) (+1 more reused dependencies)
|     +- run exe generate-parser (parser.zig) (+1 more reused dependencies)
|     +- run exe generate-parser (parser.zig) (+1 more reused dependencies)
|     +- run exe generate-parser (parser.zig) (+1 more reused dependencies)
|     +- run exe generate-parser (parser.zig) (+1 more reused dependencies)
|     +- run exe generate-parser (parser.zig) (+1 more reused dependencies)
|     +- run exe generate-parser (parser.zig) (+1 more reused dependencies)
|     +- run exe generate-parser (parser.zig) (+1 more reused dependencies)
|     +- run exe generate-parser (parser.zig) (+1 more reused dependencies)
|     +- run exe generate-parser (parser.zig) (+1 more reused dependencies)
|     +- run exe generate-parser (parser.zig) (+1 more reused dependencies)
|     +- run exe generate-parser (parser.zig) (+1 more reused dependencies)
|     +- run exe generate-parser (parser.zig) (+1 more reused dependencies)
|     +- run exe generate-parser (parser.zig) (+1 more reused dependencies)
|     +- run exe generate-parser (parser.zig) (+1 more reused dependencies)
|     +- run exe generate-parser (parser.zig) (+1 more reused dependencies)
|     +- run exe generate-parser (parser.zig) (+1 more reused dependencies)
|     +- run exe generate-parser (parser.zig) (+1 more reused dependencies)
|     +- run exe generate-parser (parser.zig) (+1 more reused dependencies)
|     +- run exe generate-parser (parser.zig) (+1 more reused dependencies)
|     +- run exe generate-parser (parser.zig) (+1 more reused dependencies)
|     +- run exe generate-parser (parser.zig) (+1 more reused dependencies)
|     +- run exe generate-parser (parser.zig) (+1 more reused dependencies)
|     +- run exe generate-parser (parser.zig) (+1 more reused dependencies)
|     +- run exe generate-parser (parser.zig) (+1 more reused dependencies)
|     +- run exe generate-parser (parser.zig) (+1 more reused dependencies)
|     +- run exe generate-parser (parser.zig) (+1 more reused dependencies)
|     +- run exe generate-parser (parser.zig) (+1 more reused dependencies)
|     +- run exe generate-parser (parser.zig) (+1 more reused dependencies)
|     +- run exe generate-parser (parser.zig) (+1 more reused dependencies)
|     +- run exe generate-parser (parser.zig) (+1 more reused dependencies)
|     +- run exe generate-parser (parser.zig) (+1 more reused dependencies)
+- run test type-resolution-nodes 20 pass (20 total) 5ms MaxRSS:2M
|  +- compile test type-resolution-nodes debug native success 2s MaxRSS:497M
|     +- WriteFile interfaces/0.d.zx (+1 more reused dependencies)
|     +- options (reused)
|     +- run exe generate-parser (parser.zig) (+1 more reused dependencies)
|     +- run exe generate-parser (parser.zig) (+1 more reused dependencies)
|     +- run exe generate-parser (parser.zig) (+1 more reused dependencies)
|     +- run exe generate-parser (parser.zig) (+1 more reused dependencies)
|     +- run exe generate-parser (parser.zig) (+1 more reused dependencies)
|     +- run exe generate-parser (parser.zig) (+1 more reused dependencies)
|     +- run exe generate-parser (parser.zig) (+1 more reused dependencies)
|     +- run exe generate-parser (parser.zig) (+1 more reused dependencies)
|     +- run exe generate-parser (parser.zig) (+1 more reused dependencies)
|     +- run exe generate-parser (parser.zig) (+1 more reused dependencies)
|     +- run exe generate-parser (parser.zig) (+1 more reused dependencies)
|     +- run exe generate-parser (parser.zig) (+1 more reused dependencies)
|     +- run exe generate-parser (parser.zig) (+1 more reused dependencies)
|     +- run exe generate-parser (parser.zig) (+1 more reused dependencies)
|     +- run exe generate-parser (parser.zig) (+1 more reused dependencies)
|     +- run exe generate-parser (parser.zig) (+1 more reused dependencies)
|     +- run exe generate-parser (parser.zig) (+1 more reused dependencies)
|     +- run exe generate-parser (parser.zig) (+1 more reused dependencies)
|     +- run exe generate-parser (parser.zig) (+1 more reused dependencies)
|     +- run exe generate-parser (parser.zig) (+1 more reused dependencies)
|     +- run exe generate-parser (parser.zig) (+1 more reused dependencies)
|     +- run exe generate-parser (parser.zig) (+1 more reused dependencies)
|     +- run exe generate-parser (parser.zig) (+1 more reused dependencies)
|     +- run exe generate-parser (parser.zig) (+1 more reused dependencies)
|     +- run exe generate-parser (parser.zig) (+1 more reused dependencies)
|     +- run exe generate-parser (parser.zig) (+1 more reused dependencies)
|     +- run exe generate-parser (parser.zig) (+1 more reused dependencies)
|     +- run exe generate-parser (parser.zig) (+1 more reused dependencies)
|     +- run exe generate-parser (parser.zig) (+1 more reused dependencies)
|     +- run exe generate-parser (parser.zig) (+1 more reused dependencies)
|     +- run exe generate-parser (parser.zig) (+1 more reused dependencies)
|     +- run exe generate-parser (parser.zig) (+1 more reused dependencies)
|     +- run exe generate-parser (parser.zig) (+1 more reused dependencies)
|     +- run exe generate-parser (parser.zig) (+1 more reused dependencies)
|     +- run exe generate-parser (parser.zig) (+1 more reused dependencies)
|     +- run exe generate-parser (parser.zig) (+1 more reused dependencies)
|     +- run exe generate-lexer (lexer.zig) (+1 more reused dependencies)
|     +- run exe generate-parser (parser.zig) (+1 more reused dependencies)
|     +- run exe generate-parser (parser.zig) (+1 more reused dependencies)
|     +- run exe generate-parser (parser.zig) (+1 more reused dependencies)
|     +- run exe generate-parser (parser.zig) (+1 more reused dependencies)
|     +- run exe generate-parser (parser.zig) (+1 more reused dependencies)
|     +- run exe generate-parser (parser.zig) (+1 more reused dependencies)
|     +- run exe generate-parser (parser.zig) (+1 more reused dependencies)
|     +- run exe generate-parser (parser.zig) (+1 more reused dependencies)
|     +- run exe generate-parser (parser.zig) (+1 more reused dependencies)
|     +- run exe generate-parser (parser.zig) (+1 more reused dependencies)
|     +- run exe generate-parser (parser.zig) (+1 more reused dependencies)
|     +- run exe generate-parser (parser.zig) (+1 more reused dependencies)
|     +- run exe generate-parser (parser.zig) (+1 more reused dependencies)
|     +- run exe generate-parser (parser.zig) (+1 more reused dependencies)
|     +- run exe generate-parser (parser.zig) (+1 more reused dependencies)
|     +- run exe generate-parser (parser.zig) (+1 more reused dependencies)
|     +- run exe generate-parser (parser.zig) (+1 more reused dependencies)
|     +- run exe generate-parser (parser.zig) (+1 more reused dependencies)
|     +- run exe generate-parser (parser.zig) (+1 more reused dependencies)
|     +- run exe generate-parser (parser.zig) (+1 more reused dependencies)
|     +- run exe generate-parser (parser.zig) (+1 more reused dependencies)
|     +- run exe generate-parser (parser.zig) (+1 more reused dependencies)
|     +- run exe generate-parser (parser.zig) (+1 more reused dependencies)
|     +- run exe generate-parser (parser.zig) (+1 more reused dependencies)
|     +- run exe generate-parser (parser.zig) (+1 more reused dependencies)
|     +- run exe generate-parser (parser.zig) (+1 more reused dependencies)
|     +- run exe generate-parser (parser.zig) (+1 more reused dependencies)
|     +- run exe generate-parser (parser.zig) (+1 more reused dependencies)
|     +- run exe generate-parser (parser.zig) (+1 more reused dependencies)
|     +- run exe generate-parser (parser.zig) (+1 more reused dependencies)
|     +- run exe generate-parser (parser.zig) (+1 more reused dependencies)
+- run test type-resolution-views 9 pass (9 total) 135ms MaxRSS:24M
|  +- compile test type-resolution-views debug native success 15s MaxRSS:1G
|     +- WriteFile interfaces/0.d.zx (+1 more reused dependencies)
|     +- options (reused)
|     +- run exe generate-parser (parser.zig) (+1 more reused dependencies)
|     +- run exe generate-parser (parser.zig) (+1 more reused dependencies)
|     +- run exe generate-parser (parser.zig) (+1 more reused dependencies)
|     +- run exe generate-parser (parser.zig) (+1 more reused dependencies)
|     +- run exe generate-parser (parser.zig) (+1 more reused dependencies)
|     +- run exe generate-parser (parser.zig) (+1 more reused dependencies)
|     +- run exe generate-parser (parser.zig) (+1 more reused dependencies)
|     +- run exe generate-parser (parser.zig) (+1 more reused dependencies)
|     +- run exe generate-parser (parser.zig) (+1 more reused dependencies)
|     +- run exe generate-parser (parser.zig) (+1 more reused dependencies)
|     +- run exe generate-parser (parser.zig) (+1 more reused dependencies)
|     +- run exe generate-parser (parser.zig) (+1 more reused dependencies)
|     +- run exe generate-parser (parser.zig) (+1 more reused dependencies)
|     +- run exe generate-parser (parser.zig) (+1 more reused dependencies)
|     +- run exe generate-parser (parser.zig) (+1 more reused dependencies)
|     +- run exe generate-parser (parser.zig) (+1 more reused dependencies)
|     +- run exe generate-parser (parser.zig) (+1 more reused dependencies)
|     +- run exe generate-parser (parser.zig) (+1 more reused dependencies)
|     +- run exe generate-parser (parser.zig) (+1 more reused dependencies)
|     +- run exe generate-parser (parser.zig) (+1 more reused dependencies)
|     +- run exe generate-parser (parser.zig) (+1 more reused dependencies)
|     +- run exe generate-parser (parser.zig) (+1 more reused dependencies)
|     +- run exe generate-parser (parser.zig) (+1 more reused dependencies)
|     +- run exe generate-parser (parser.zig) (+1 more reused dependencies)
|     +- run exe generate-parser (parser.zig) (+1 more reused dependencies)
|     +- run exe generate-parser (parser.zig) (+1 more reused dependencies)
|     +- run exe generate-parser (parser.zig) (+1 more reused dependencies)
|     +- run exe generate-parser (parser.zig) (+1 more reused dependencies)
|     +- run exe generate-parser (parser.zig) (+1 more reused dependencies)
|     +- run exe generate-parser (parser.zig) (+1 more reused dependencies)
|     +- run exe generate-parser (parser.zig) (+1 more reused dependencies)
|     +- run exe generate-parser (parser.zig) (+1 more reused dependencies)
|     +- run exe generate-parser (parser.zig) (+1 more reused dependencies)
|     +- run exe generate-parser (parser.zig) (+1 more reused dependencies)
|     +- run exe generate-parser (parser.zig) (+1 more reused dependencies)
|     +- run exe generate-parser (parser.zig) (+1 more reused dependencies)
|     +- run exe generate-lexer (lexer.zig) (+1 more reused dependencies)
|     +- run exe generate-parser (parser.zig) (+1 more reused dependencies)
|     +- run exe generate-parser (parser.zig) (+1 more reused dependencies)
|     +- run exe generate-parser (parser.zig) (+1 more reused dependencies)
|     +- run exe generate-parser (parser.zig) (+1 more reused dependencies)
|     +- run exe generate-parser (parser.zig) (+1 more reused dependencies)
|     +- run exe generate-parser (parser.zig) (+1 more reused dependencies)
|     +- run exe generate-parser (parser.zig) (+1 more reused dependencies)
|     +- run exe generate-parser (parser.zig) (+1 more reused dependencies)
|     +- run exe generate-parser (parser.zig) (+1 more reused dependencies)
|     +- run exe generate-parser (parser.zig) (+1 more reused dependencies)
|     +- run exe generate-parser (parser.zig) (+1 more reused dependencies)
|     +- run exe generate-parser (parser.zig) (+1 more reused dependencies)
|     +- run exe generate-parser (parser.zig) (+1 more reused dependencies)
|     +- run exe generate-parser (parser.zig) (+1 more reused dependencies)
|     +- run exe generate-parser (parser.zig) (+1 more reused dependencies)
|     +- run exe generate-parser (parser.zig) (+1 more reused dependencies)
|     +- run exe generate-parser (parser.zig) (+1 more reused dependencies)
|     +- run exe generate-parser (parser.zig) (+1 more reused dependencies)
|     +- run exe generate-parser (parser.zig) (+1 more reused dependencies)
|     +- run exe generate-parser (parser.zig) (+1 more reused dependencies)
|     +- run exe generate-parser (parser.zig) (+1 more reused dependencies)
|     +- run exe generate-parser (parser.zig) (+1 more reused dependencies)
|     +- run exe generate-parser (parser.zig) (+1 more reused dependencies)
|     +- run exe generate-parser (parser.zig) (+1 more reused dependencies)
|     +- run exe generate-parser (parser.zig) (+1 more reused dependencies)
|     +- run exe generate-parser (parser.zig) (+1 more reused dependencies)
|     +- run exe generate-parser (parser.zig) (+1 more reused dependencies)
|     +- run exe generate-parser (parser.zig) (+1 more reused dependencies)
|     +- run exe generate-parser (parser.zig) (+1 more reused dependencies)
|     +- run exe generate-parser (parser.zig) (+1 more reused dependencies)
|     +- run exe generate-parser (parser.zig) (+1 more reused dependencies)
+- run test type-resolution-resources 5 pass (5 total) 50ms MaxRSS:4M
   +- compile test type-resolution-resources debug native success 6s MaxRSS:936M
      +- WriteFile interfaces/0.d.zx (+1 more reused dependencies)
      +- options (reused)
      +- run exe generate-parser (parser.zig) (+1 more reused dependencies)
      +- run exe generate-parser (parser.zig) (+1 more reused dependencies)
      +- run exe generate-parser (parser.zig) (+1 more reused dependencies)
      +- run exe generate-parser (parser.zig) (+1 more reused dependencies)
      +- run exe generate-parser (parser.zig) (+1 more reused dependencies)
      +- run exe generate-parser (parser.zig) (+1 more reused dependencies)
      +- run exe generate-parser (parser.zig) (+1 more reused dependencies)
      +- run exe generate-parser (parser.zig) (+1 more reused dependencies)
      +- run exe generate-parser (parser.zig) (+1 more reused dependencies)
      +- run exe generate-parser (parser.zig) (+1 more reused dependencies)
      +- run exe generate-parser (parser.zig) (+1 more reused dependencies)
      +- run exe generate-parser (parser.zig) (+1 more reused dependencies)
      +- run exe generate-parser (parser.zig) (+1 more reused dependencies)
      +- run exe generate-parser (parser.zig) (+1 more reused dependencies)
      +- run exe generate-parser (parser.zig) (+1 more reused dependencies)
      +- run exe generate-parser (parser.zig) (+1 more reused dependencies)
      +- run exe generate-parser (parser.zig) (+1 more reused dependencies)
      +- run exe generate-parser (parser.zig) (+1 more reused dependencies)
      +- run exe generate-parser (parser.zig) (+1 more reused dependencies)
      +- run exe generate-parser (parser.zig) (+1 more reused dependencies)
      +- run exe generate-parser (parser.zig) (+1 more reused dependencies)
      +- run exe generate-parser (parser.zig) (+1 more reused dependencies)
      +- run exe generate-parser (parser.zig) (+1 more reused dependencies)
      +- run exe generate-parser (parser.zig) (+1 more reused dependencies)
      +- run exe generate-parser (parser.zig) (+1 more reused dependencies)
      +- run exe generate-parser (parser.zig) (+1 more reused dependencies)
      +- run exe generate-parser (parser.zig) (+1 more reused dependencies)
      +- run exe generate-parser (parser.zig) (+1 more reused dependencies)
      +- run exe generate-parser (parser.zig) (+1 more reused dependencies)
      +- run exe generate-parser (parser.zig) (+1 more reused dependencies)
      +- run exe generate-parser (parser.zig) (+1 more reused dependencies)
      +- run exe generate-parser (parser.zig) (+1 more reused dependencies)
      +- run exe generate-parser (parser.zig) (+1 more reused dependencies)
      +- run exe generate-parser (parser.zig) (+1 more reused dependencies)
      +- run exe generate-parser (parser.zig) (+1 more reused dependencies)
      +- run exe generate-parser (parser.zig) (+1 more reused dependencies)
      +- run exe generate-lexer (lexer.zig) (+1 more reused dependencies)
      +- run exe generate-parser (parser.zig) (+1 more reused dependencies)
      +- run exe generate-parser (parser.zig) (+1 more reused dependencies)
      +- run exe generate-parser (parser.zig) (+1 more reused dependencies)
      +- run exe generate-parser (parser.zig) (+1 more reused dependencies)
      +- run exe generate-parser (parser.zig) (+1 more reused dependencies)
      +- run exe generate-parser (parser.zig) (+1 more reused dependencies)
      +- run exe generate-parser (parser.zig) (+1 more reused dependencies)
      +- run exe generate-parser (parser.zig) (+1 more reused dependencies)
      +- run exe generate-parser (parser.zig) (+1 more reused dependencies)
      +- run exe generate-parser (parser.zig) (+1 more reused dependencies)
      +- run exe generate-parser (parser.zig) (+1 more reused dependencies)
      +- run exe generate-parser (parser.zig) (+1 more reused dependencies)
      +- run exe generate-parser (parser.zig) (+1 more reused dependencies)
      +- run exe generate-parser (parser.zig) (+1 more reused dependencies)
      +- run exe generate-parser (parser.zig) (+1 more reused dependencies)
      +- run exe generate-parser (parser.zig) (+1 more reused dependencies)
      +- run exe generate-parser (parser.zig) (+1 more reused dependencies)
      +- run exe generate-parser (parser.zig) (+1 more reused dependencies)
      +- run exe generate-parser (parser.zig) (+1 more reused dependencies)
      +- run exe generate-parser (parser.zig) (+1 more reused dependencies)
      +- run exe generate-parser (parser.zig) (+1 more reused dependencies)
      +- run exe generate-parser (parser.zig) (+1 more reused dependencies)
      +- run exe generate-parser (parser.zig) (+1 more reused dependencies)
      +- run exe generate-parser (parser.zig) (+1 more reused dependencies)
      +- run exe generate-parser (parser.zig) (+1 more reused dependencies)
      +- run exe generate-parser (parser.zig) (+1 more reused dependencies)
      +- run exe generate-parser (parser.zig) (+1 more reused dependencies)
      +- run exe generate-parser (parser.zig) (+1 more reused dependencies)
      +- run exe generate-parser (parser.zig) (+1 more reused dependencies)
      +- run exe generate-parser (parser.zig) (+1 more reused dependencies)
      +- run exe generate-parser (parser.zig) (+1 more reused dependencies)

