✔ RX CLI task output sequential_scalar (1830.329683ms)
✔ RX CLI task output sequential_string (1607.359915ms)
✔ RX CLI task output sequential_object (1600.173487ms)
✔ RX CLI task output sequential_siblings (1572.819496ms)
✔ RX CLI task output parallel_objects (1613.602294ms)
✔ RX CLI task output parallel_mixed (1600.451863ms)
✔ RX CLI task output nested_independent_return (1606.031631ms)
✔ RX CLI task output switch_then_out (1597.361528ms)
✔ RX CLI task output sequential_return (1546.394625ms)
✔ RX CLI task output void_task (1611.058582ms)
✔ RX CLI task output void_parallel_task (1577.015492ms)
✔ RX CLI task output call_and_task_same_name (1566.501146ms)
✔ RX CLI task output explicit_source_suffix (1535.704408ms)
✔ RX CLI task output module_target_name (1552.628469ms)
✔ RX CLI task output sequential_double_output (6.752483ms)
✔ RX CLI task output parallel_double_output (6.312886ms)
✔ RX CLI task output switch_double_output (6.432797ms)
✔ RX CLI task output nested_sequential_double_output (6.376495ms)
✔ RX CLI task output task_private_call_escape (9.316485ms)
✔ RX CLI task output branch_private_call_in_out (10.048358ms)
✔ RX CLI task output missing_out_name (9.729162ms)
✔ RX CLI task output quoted_path_out (6.384029ms)
✔ RX CLI task output quoted_literal_out (5.979877ms)
✔ RX CLI task output empty_out (5.690763ms)
✔ RX CLI task output void_task_read (8.56126ms)
✔ RX CLI task output duplicate_task_name (10.39116ms)
✔ RX CLI task output removed_call_name (6.765057ms)
✔ RX CLI task output removed_call_out (5.632883ms)
✔ RX CLI task output removed_call_args (5.62876ms)
✔ RX CLI task output duplicate_target_name (9.418842ms)
✔ RX CLI task output reserved_target_name (9.331835ms)
✔ RX CLI task output removed_call_service (6.087856ms)
ℹ tests 32
ℹ suites 0
ℹ pass 32
ℹ fail 0
ℹ cancelled 0
ℹ skipped 0
ℹ todo 0
ℹ duration_ms 22557.043994
Build Summary: 84/84 steps succeeded; 476/476 tests passed
test-ownership-contracts success
+- run test 53 pass (53 total) 935ms MaxRSS:13M
   +- compile test debug native success 12s MaxRSS:1G
      +- WriteFile interfaces/0.d.zx cached
      |  +- run exe standard-catalog (catalog.zig) cached
      |     +- compile exe standard-catalog fast native cached 55ms MaxRSS:21M
      |     +- WriteFile catalog.json cached
      +- options cached
      +- run exe generate-parser (parser.zig) cached
      |  +- compile exe generate-parser debug native success 6s MaxRSS:723M
      |     +- options cached
      |     +- WriteFile interfaces/0.d.zx cached
      |     |  +- run exe standard-catalog (catalog.zig) cached
      |     |     +- compile exe standard-catalog fast native cached 60ms MaxRSS:21M
      |     |     +- WriteFile catalog.json cached
      |     +- options cached
      +- run exe generate-parser (parser.zig) (+1 more reused dependencies)
      +- run exe generate-parser (parser.zig) (+1 more reused dependencies)
      +- run exe generate-parser (parser.zig) (+1 more reused dependencies)
      +- run exe generate-parser (parser.zig) (+1 more reused dependencies)
      +- run exe generate-parser (parser.zig) (+1 more reused dependencies)
      +- run exe generate-parser (parser.zig) (+1 more reused dependencies)
      +- run exe generate-parser (parser.zig) (+1 more reused dependencies)
      +- run exe generate-parser (parser.zig) (+1 more reused dependencies)
      +- run exe generate-parser (parser.zig) (+1 more reused dependencies)
      +- run exe generate-parser (parser.zig) (+1 more reused dependencies)
      +- run exe generate-parser (parser.zig) (+1 more reused dependencies)
      +- run exe generate-parser (parser.zig) (+1 more reused dependencies)
      +- run exe generate-parser (parser.zig) (+1 more reused dependencies)
      +- run exe generate-parser (parser.zig) (+1 more reused dependencies)
      +- run exe generate-parser (parser.zig) (+1 more reused dependencies)
      +- run exe generate-parser (parser.zig) (+1 more reused dependencies)
      +- run exe generate-parser (parser.zig) (+1 more reused dependencies)
      +- run exe generate-parser (parser.zig) (+1 more reused dependencies)
      +- run exe generate-parser (parser.zig) (+1 more reused dependencies)
      +- run exe generate-parser (parser.zig) (+1 more reused dependencies)
      +- run exe generate-parser (parser.zig) (+1 more reused dependencies)
      +- run exe generate-parser (parser.zig) (+1 more reused dependencies)
      +- run exe generate-parser (parser.zig) (+1 more reused dependencies)
      +- run exe generate-parser (parser.zig) (+1 more reused dependencies)
      +- run exe generate-parser (parser.zig) (+1 more reused dependencies)
      +- run exe generate-parser (parser.zig) (+1 more reused dependencies)
      +- run exe generate-parser (parser.zig) (+1 more reused dependencies)
      +- run exe generate-parser (parser.zig) (+1 more reused dependencies)
      +- run exe generate-parser (parser.zig) (+1 more reused dependencies)
      +- run exe generate-parser (parser.zig) (+1 more reused dependencies)
      +- run exe generate-parser (parser.zig) (+1 more reused dependencies)
      +- run exe generate-parser (parser.zig) (+1 more reused dependencies)
      +- run exe generate-parser (parser.zig) (+1 more reused dependencies)
      +- run exe generate-parser (parser.zig) (+1 more reused dependencies)
      +- run exe generate-parser (parser.zig) (+1 more reused dependencies)
      +- run exe generate-lexer (lexer.zig) cached
      |  +- compile exe generate-lexer debug native success 5s MaxRSS:631M
      |     +- WriteFile interfaces/0.d.zx cached
      |     |  +- run exe standard-catalog (catalog.zig) cached
      |     |     +- compile exe standard-catalog fast native cached 54ms MaxRSS:21M
      |     |     +- WriteFile catalog.json cached
      |     +- options cached
      +- run exe generate-parser (parser.zig) (+1 more reused dependencies)
      +- run exe generate-parser (parser.zig) (+1 more reused dependencies)
      +- run exe generate-parser (parser.zig) (+1 more reused dependencies)
      +- run exe generate-parser (parser.zig) (+1 more reused dependencies)
      +- run exe generate-parser (parser.zig) (+1 more reused dependencies)
      +- run exe generate-parser (parser.zig) (+1 more reused dependencies)
      +- run exe generate-parser (parser.zig) (+1 more reused dependencies)
      +- run exe generate-parser (parser.zig) (+1 more reused dependencies)
      +- run exe generate-parser (parser.zig) (+1 more reused dependencies)
      +- run exe generate-parser (parser.zig) (+1 more reused dependencies)
      +- run exe generate-parser (parser.zig) (+1 more reused dependencies)
      +- run exe generate-parser (parser.zig) (+1 more reused dependencies)
      +- run exe generate-parser (parser.zig) (+1 more reused dependencies)
      +- run exe generate-parser (parser.zig) (+1 more reused dependencies)
      +- run exe generate-parser (parser.zig) (+1 more reused dependencies)
      +- run exe generate-parser (parser.zig) (+1 more reused dependencies)
      +- run exe generate-parser (parser.zig) (+1 more reused dependencies)
      +- run exe generate-parser (parser.zig) (+1 more reused dependencies)
      +- run exe generate-parser (parser.zig) (+1 more reused dependencies)
      +- run exe generate-parser (parser.zig) (+1 more reused dependencies)
      +- run exe generate-parser (parser.zig) (+1 more reused dependencies)
      +- run exe generate-parser (parser.zig) (+1 more reused dependencies)
      +- run exe generate-parser (parser.zig) (+1 more reused dependencies)
      +- run exe generate-parser (parser.zig) (+1 more reused dependencies)
      +- run exe generate-parser (parser.zig) (+1 more reused dependencies)
      +- run exe generate-parser (parser.zig) (+1 more reused dependencies)
      +- run exe generate-parser (parser.zig) (+1 more reused dependencies)
      +- run exe generate-parser (parser.zig) (+1 more reused dependencies)
      +- run exe generate-parser (parser.zig) (+1 more reused dependencies)
      +- run exe generate-parser (parser.zig) (+1 more reused dependencies)
      +- run exe generate-parser (parser.zig) (+1 more reused dependencies)
test-contracts success
+- run test 5 pass (5 total) 31ms MaxRSS:11M
|  +- compile test debug native success 14s MaxRSS:1G
|     +- WriteFile interfaces/0.d.zx (+1 more reused dependencies)
|     +- options (reused)
|     +- run exe generate-parser (parser.zig) (+1 more reused dependencies)
|     +- run exe generate-parser (parser.zig) (+1 more reused dependencies)
|     +- run exe generate-parser (parser.zig) (+1 more reused dependencies)
|     +- run exe generate-parser (parser.zig) (+1 more reused dependencies)
|     +- run exe generate-parser (parser.zig) (+1 more reused dependencies)
|     +- run exe generate-parser (parser.zig) (+1 more reused dependencies)
|     +- run exe generate-parser (parser.zig) (+1 more reused dependencies)
|     +- run exe generate-parser (parser.zig) (+1 more reused dependencies)
|     +- run exe generate-parser (parser.zig) (+1 more reused dependencies)
|     +- run exe generate-parser (parser.zig) (+1 more reused dependencies)
|     +- run exe generate-parser (parser.zig) (+1 more reused dependencies)
|     +- run exe generate-parser (parser.zig) (+1 more reused dependencies)
|     +- run exe generate-parser (parser.zig) (+1 more reused dependencies)
|     +- run exe generate-parser (parser.zig) (+1 more reused dependencies)
|     +- run exe generate-parser (parser.zig) (+1 more reused dependencies)
|     +- run exe generate-parser (parser.zig) (+1 more reused dependencies)
|     +- run exe generate-parser (parser.zig) (+1 more reused dependencies)
|     +- run exe generate-parser (parser.zig) (+1 more reused dependencies)
|     +- run exe generate-parser (parser.zig) (+1 more reused dependencies)
|     +- run exe generate-parser (parser.zig) (+1 more reused dependencies)
|     +- run exe generate-parser (parser.zig) (+1 more reused dependencies)
|     +- run exe generate-parser (parser.zig) (+1 more reused dependencies)
|     +- run exe generate-parser (parser.zig) (+1 more reused dependencies)
|     +- run exe generate-parser (parser.zig) (+1 more reused dependencies)
|     +- run exe generate-parser (parser.zig) (+1 more reused dependencies)
|     +- run exe generate-parser (parser.zig) (+1 more reused dependencies)
|     +- run exe generate-parser (parser.zig) (+1 more reused dependencies)
|     +- run exe generate-parser (parser.zig) (+1 more reused dependencies)
|     +- run exe generate-parser (parser.zig) (+1 more reused dependencies)
|     +- run exe generate-parser (parser.zig) (+1 more reused dependencies)
|     +- run exe generate-parser (parser.zig) (+1 more reused dependencies)
|     +- run exe generate-parser (parser.zig) (+1 more reused dependencies)
|     +- run exe generate-parser (parser.zig) (+1 more reused dependencies)
|     +- run exe generate-parser (parser.zig) (+1 more reused dependencies)
|     +- run exe generate-parser (parser.zig) (+1 more reused dependencies)
|     +- run exe generate-parser (parser.zig) (+1 more reused dependencies)
|     +- run exe generate-lexer (lexer.zig) (+1 more reused dependencies)
|     +- run exe generate-parser (parser.zig) (+1 more reused dependencies)
|     +- run exe generate-parser (parser.zig) (+1 more reused dependencies)
|     +- run exe generate-parser (parser.zig) (+1 more reused dependencies)
|     +- run exe generate-parser (parser.zig) (+1 more reused dependencies)
|     +- run exe generate-parser (parser.zig) (+1 more reused dependencies)
|     +- run exe generate-parser (parser.zig) (+1 more reused dependencies)
|     +- run exe generate-parser (parser.zig) (+1 more reused dependencies)
|     +- run exe generate-parser (parser.zig) (+1 more reused dependencies)
|     +- run exe generate-parser (parser.zig) (+1 more reused dependencies)
|     +- run exe generate-parser (parser.zig) (+1 more reused dependencies)
|     +- run exe generate-parser (parser.zig) (+1 more reused dependencies)
|     +- run exe generate-parser (parser.zig) (+1 more reused dependencies)
|     +- run exe generate-parser (parser.zig) (+1 more reused dependencies)
|     +- run exe generate-parser (parser.zig) (+1 more reused dependencies)
|     +- run exe generate-parser (parser.zig) (+1 more reused dependencies)
|     +- run exe generate-parser (parser.zig) (+1 more reused dependencies)
|     +- run exe generate-parser (parser.zig) (+1 more reused dependencies)
|     +- run exe generate-parser (parser.zig) (+1 more reused dependencies)
|     +- run exe generate-parser (parser.zig) (+1 more reused dependencies)
|     +- run exe generate-parser (parser.zig) (+1 more reused dependencies)
|     +- run exe generate-parser (parser.zig) (+1 more reused dependencies)
|     +- run exe generate-parser (parser.zig) (+1 more reused dependencies)
|     +- run exe generate-parser (parser.zig) (+1 more reused dependencies)
|     +- run exe generate-parser (parser.zig) (+1 more reused dependencies)
|     +- run exe generate-parser (parser.zig) (+1 more reused dependencies)
|     +- run exe generate-parser (parser.zig) (+1 more reused dependencies)
|     +- run exe generate-parser (parser.zig) (+1 more reused dependencies)
|     +- run exe generate-parser (parser.zig) (+1 more reused dependencies)
|     +- run exe generate-parser (parser.zig) (+1 more reused dependencies)
|     +- run exe generate-parser (parser.zig) (+1 more reused dependencies)
|     +- run exe generate-parser (parser.zig) (+1 more reused dependencies)
+- run test 1 pass (1 total) 6ms MaxRSS:9M
   +- compile test debug native success 12s MaxRSS:1G
      +- WriteFile interfaces/0.d.zx (+1 more reused dependencies)
      +- options (reused)
      +- run exe generate-parser (parser.zig) (+1 more reused dependencies)
      +- run exe generate-parser (parser.zig) (+1 more reused dependencies)
      +- run exe generate-parser (parser.zig) (+1 more reused dependencies)
      +- run exe generate-parser (parser.zig) (+1 more reused dependencies)
      +- run exe generate-parser (parser.zig) (+1 more reused dependencies)
      +- run exe generate-parser (parser.zig) (+1 more reused dependencies)
      +- run exe generate-parser (parser.zig) (+1 more reused dependencies)
      +- run exe generate-parser (parser.zig) (+1 more reused dependencies)
      +- run exe generate-parser (parser.zig) (+1 more reused dependencies)
      +- run exe generate-parser (parser.zig) (+1 more reused dependencies)
      +- run exe generate-parser (parser.zig) (+1 more reused dependencies)
      +- run exe generate-parser (parser.zig) (+1 more reused dependencies)
      +- run exe generate-parser (parser.zig) (+1 more reused dependencies)
      +- run exe generate-parser (parser.zig) (+1 more reused dependencies)
      +- run exe generate-parser (parser.zig) (+1 more reused dependencies)
      +- run exe generate-parser (parser.zig) (+1 more reused dependencies)
      +- run exe generate-parser (parser.zig) (+1 more reused dependencies)
      +- run exe generate-parser (parser.zig) (+1 more reused dependencies)
      +- run exe generate-parser (parser.zig) (+1 more reused dependencies)
      +- run exe generate-parser (parser.zig) (+1 more reused dependencies)
      +- run exe generate-parser (parser.zig) (+1 more reused dependencies)
      +- run exe generate-parser (parser.zig) (+1 more reused dependencies)
      +- run exe generate-parser (parser.zig) (+1 more reused dependencies)
      +- run exe generate-parser (parser.zig) (+1 more reused dependencies)
      +- run exe generate-parser (parser.zig) (+1 more reused dependencies)
      +- run exe generate-parser (parser.zig) (+1 more reused dependencies)
      +- run exe generate-parser (parser.zig) (+1 more reused dependencies)
      +- run exe generate-parser (parser.zig) (+1 more reused dependencies)
      +- run exe generate-parser (parser.zig) (+1 more reused dependencies)
      +- run exe generate-parser (parser.zig) (+1 more reused dependencies)
      +- run exe generate-parser (parser.zig) (+1 more reused dependencies)
      +- run exe generate-parser (parser.zig) (+1 more reused dependencies)
      +- run exe generate-parser (parser.zig) (+1 more reused dependencies)
      +- run exe generate-parser (parser.zig) (+1 more reused dependencies)
      +- run exe generate-parser (parser.zig) (+1 more reused dependencies)
      +- run exe generate-parser (parser.zig) (+1 more reused dependencies)
      +- run exe generate-lexer (lexer.zig) (+1 more reused dependencies)
      +- run exe generate-parser (parser.zig) (+1 more reused dependencies)
      +- run exe generate-parser (parser.zig) (+1 more reused dependencies)
      +- run exe generate-parser (parser.zig) (+1 more reused dependencies)
      +- run exe generate-parser (parser.zig) (+1 more reused dependencies)
      +- run exe generate-parser (parser.zig) (+1 more reused dependencies)
      +- run exe generate-parser (parser.zig) (+1 more reused dependencies)
      +- run exe generate-parser (parser.zig) (+1 more reused dependencies)
      +- run exe generate-parser (parser.zig) (+1 more reused dependencies)
      +- run exe generate-parser (parser.zig) (+1 more reused dependencies)
      +- run exe generate-parser (parser.zig) (+1 more reused dependencies)
      +- run exe generate-parser (parser.zig) (+1 more reused dependencies)
      +- run exe generate-parser (parser.zig) (+1 more reused dependencies)
      +- run exe generate-parser (parser.zig) (+1 more reused dependencies)
      +- run exe generate-parser (parser.zig) (+1 more reused dependencies)
      +- run exe generate-parser (parser.zig) (+1 more reused dependencies)
      +- run exe generate-parser (parser.zig) (+1 more reused dependencies)
      +- run exe generate-parser (parser.zig) (+1 more reused dependencies)
      +- run exe generate-parser (parser.zig) (+1 more reused dependencies)
      +- run exe generate-parser (parser.zig) (+1 more reused dependencies)
      +- run exe generate-parser (parser.zig) (+1 more reused dependencies)
      +- run exe generate-parser (parser.zig) (+1 more reused dependencies)
      +- run exe generate-parser (parser.zig) (+1 more reused dependencies)
      +- run exe generate-parser (parser.zig) (+1 more reused dependencies)
      +- run exe generate-parser (parser.zig) (+1 more reused dependencies)
      +- run exe generate-parser (parser.zig) (+1 more reused dependencies)
      +- run exe generate-parser (parser.zig) (+1 more reused dependencies)
      +- run exe generate-parser (parser.zig) (+1 more reused dependencies)
      +- run exe generate-parser (parser.zig) (+1 more reused dependencies)
      +- run exe generate-parser (parser.zig) (+1 more reused dependencies)
      +- run exe generate-parser (parser.zig) (+1 more reused dependencies)
      +- run exe generate-parser (parser.zig) (+1 more reused dependencies)
test-native-references-ir success
+- run test 5 pass (5 total) 18ms MaxRSS:12M
|  +- compile test debug native success 13s MaxRSS:1G
|     +- WriteFile interfaces/0.d.zx (+1 more reused dependencies)
|     +- options (reused)
|     +- run exe generate-parser (parser.zig) (+1 more reused dependencies)
|     +- run exe generate-parser (parser.zig) (+1 more reused dependencies)
|     +- run exe generate-parser (parser.zig) (+1 more reused dependencies)
|     +- run exe generate-parser (parser.zig) (+1 more reused dependencies)
|     +- run exe generate-parser (parser.zig) (+1 more reused dependencies)
|     +- run exe generate-parser (parser.zig) (+1 more reused dependencies)
|     +- run exe generate-parser (parser.zig) (+1 more reused dependencies)
|     +- run exe generate-parser (parser.zig) (+1 more reused dependencies)
|     +- run exe generate-parser (parser.zig) (+1 more reused dependencies)
|     +- run exe generate-parser (parser.zig) (+1 more reused dependencies)
|     +- run exe generate-parser (parser.zig) (+1 more reused dependencies)
|     +- run exe generate-parser (parser.zig) (+1 more reused dependencies)
|     +- run exe generate-parser (parser.zig) (+1 more reused dependencies)
|     +- run exe generate-parser (parser.zig) (+1 more reused dependencies)
|     +- run exe generate-parser (parser.zig) (+1 more reused dependencies)
|     +- run exe generate-parser (parser.zig) (+1 more reused dependencies)
|     +- run exe generate-parser (parser.zig) (+1 more reused dependencies)
|     +- run exe generate-parser (parser.zig) (+1 more reused dependencies)
|     +- run exe generate-parser (parser.zig) (+1 more reused dependencies)
|     +- run exe generate-parser (parser.zig) (+1 more reused dependencies)
|     +- run exe generate-parser (parser.zig) (+1 more reused dependencies)
|     +- run exe generate-parser (parser.zig) (+1 more reused dependencies)
|     +- run exe generate-parser (parser.zig) (+1 more reused dependencies)
|     +- run exe generate-parser (parser.zig) (+1 more reused dependencies)
|     +- run exe generate-parser (parser.zig) (+1 more reused dependencies)
|     +- run exe generate-parser (parser.zig) (+1 more reused dependencies)
|     +- run exe generate-parser (parser.zig) (+1 more reused dependencies)
|     +- run exe generate-parser (parser.zig) (+1 more reused dependencies)
|     +- run exe generate-parser (parser.zig) (+1 more reused dependencies)
|     +- run exe generate-parser (parser.zig) (+1 more reused dependencies)
|     +- run exe generate-parser (parser.zig) (+1 more reused dependencies)
|     +- run exe generate-parser (parser.zig) (+1 more reused dependencies)
|     +- run exe generate-parser (parser.zig) (+1 more reused dependencies)
|     +- run exe generate-parser (parser.zig) (+1 more reused dependencies)
|     +- run exe generate-parser (parser.zig) (+1 more reused dependencies)
|     +- run exe generate-parser (parser.zig) (+1 more reused dependencies)
|     +- run exe generate-lexer (lexer.zig) (+1 more reused dependencies)
|     +- run exe generate-parser (parser.zig) (+1 more reused dependencies)
|     +- run exe generate-parser (parser.zig) (+1 more reused dependencies)
|     +- run exe generate-parser (parser.zig) (+1 more reused dependencies)
|     +- run exe generate-parser (parser.zig) (+1 more reused dependencies)
|     +- run exe generate-parser (parser.zig) (+1 more reused dependencies)
|     +- run exe generate-parser (parser.zig) (+1 more reused dependencies)
|     +- run exe generate-parser (parser.zig) (+1 more reused dependencies)
|     +- run exe generate-parser (parser.zig) (+1 more reused dependencies)
|     +- run exe generate-parser (parser.zig) (+1 more reused dependencies)
|     +- run exe generate-parser (parser.zig) (+1 more reused dependencies)
|     +- run exe generate-parser (parser.zig) (+1 more reused dependencies)
|     +- run exe generate-parser (parser.zig) (+1 more reused dependencies)
|     +- run exe generate-parser (parser.zig) (+1 more reused dependencies)
|     +- run exe generate-parser (parser.zig) (+1 more reused dependencies)
|     +- run exe generate-parser (parser.zig) (+1 more reused dependencies)
|     +- run exe generate-parser (parser.zig) (+1 more reused dependencies)
|     +- run exe generate-parser (parser.zig) (+1 more reused dependencies)
|     +- run exe generate-parser (parser.zig) (+1 more reused dependencies)
|     +- run exe generate-parser (parser.zig) (+1 more reused dependencies)
|     +- run exe generate-parser (parser.zig) (+1 more reused dependencies)
|     +- run exe generate-parser (parser.zig) (+1 more reused dependencies)
|     +- run exe generate-parser (parser.zig) (+1 more reused dependencies)
|     +- run exe generate-parser (parser.zig) (+1 more reused dependencies)
|     +- run exe generate-parser (parser.zig) (+1 more reused dependencies)
|     +- run exe generate-parser (parser.zig) (+1 more reused dependencies)
|     +- run exe generate-parser (parser.zig) (+1 more reused dependencies)
|     +- run exe generate-parser (parser.zig) (+1 more reused dependencies)
|     +- run exe generate-parser (parser.zig) (+1 more reused dependencies)
|     +- run exe generate-parser (parser.zig) (+1 more reused dependencies)
|     +- run exe generate-parser (parser.zig) (+1 more reused dependencies)
|     +- run exe generate-parser (parser.zig) (+1 more reused dependencies)
+- run test 8 pass (8 total) 24ms MaxRSS:12M
|  +- compile test debug native success 14s MaxRSS:1G
|     +- WriteFile interfaces/0.d.zx (+1 more reused dependencies)
|     +- options (reused)
|     +- run exe generate-parser (parser.zig) (+1 more reused dependencies)
|     +- run exe generate-parser (parser.zig) (+1 more reused dependencies)
|     +- run exe generate-parser (parser.zig) (+1 more reused dependencies)
|     +- run exe generate-parser (parser.zig) (+1 more reused dependencies)
|     +- run exe generate-parser (parser.zig) (+1 more reused dependencies)
|     +- run exe generate-parser (parser.zig) (+1 more reused dependencies)
|     +- run exe generate-parser (parser.zig) (+1 more reused dependencies)
|     +- run exe generate-parser (parser.zig) (+1 more reused dependencies)
|     +- run exe generate-parser (parser.zig) (+1 more reused dependencies)
|     +- run exe generate-parser (parser.zig) (+1 more reused dependencies)
|     +- run exe generate-parser (parser.zig) (+1 more reused dependencies)
|     +- run exe generate-parser (parser.zig) (+1 more reused dependencies)
|     +- run exe generate-parser (parser.zig) (+1 more reused dependencies)
|     +- run exe generate-parser (parser.zig) (+1 more reused dependencies)
|     +- run exe generate-parser (parser.zig) (+1 more reused dependencies)
|     +- run exe generate-parser (parser.zig) (+1 more reused dependencies)
|     +- run exe generate-parser (parser.zig) (+1 more reused dependencies)
|     +- run exe generate-parser (parser.zig) (+1 more reused dependencies)
|     +- run exe generate-parser (parser.zig) (+1 more reused dependencies)
|     +- run exe generate-parser (parser.zig) (+1 more reused dependencies)
|     +- run exe generate-parser (parser.zig) (+1 more reused dependencies)
|     +- run exe generate-parser (parser.zig) (+1 more reused dependencies)
|     +- run exe generate-parser (parser.zig) (+1 more reused dependencies)
|     +- run exe generate-parser (parser.zig) (+1 more reused dependencies)
|     +- run exe generate-parser (parser.zig) (+1 more reused dependencies)
|     +- run exe generate-parser (parser.zig) (+1 more reused dependencies)
|     +- run exe generate-parser (parser.zig) (+1 more reused dependencies)
|     +- run exe generate-parser (parser.zig) (+1 more reused dependencies)
|     +- run exe generate-parser (parser.zig) (+1 more reused dependencies)
|     +- run exe generate-parser (parser.zig) (+1 more reused dependencies)
|     +- run exe generate-parser (parser.zig) (+1 more reused dependencies)
|     +- run exe generate-parser (parser.zig) (+1 more reused dependencies)
|     +- run exe generate-parser (parser.zig) (+1 more reused dependencies)
|     +- run exe generate-parser (parser.zig) (+1 more reused dependencies)
|     +- run exe generate-parser (parser.zig) (+1 more reused dependencies)
|     +- run exe generate-parser (parser.zig) (+1 more reused dependencies)
|     +- run exe generate-lexer (lexer.zig) (+1 more reused dependencies)
|     +- run exe generate-parser (parser.zig) (+1 more reused dependencies)
|     +- run exe generate-parser (parser.zig) (+1 more reused dependencies)
|     +- run exe generate-parser (parser.zig) (+1 more reused dependencies)
|     +- run exe generate-parser (parser.zig) (+1 more reused dependencies)
|     +- run exe generate-parser (parser.zig) (+1 more reused dependencies)
|     +- run exe generate-parser (parser.zig) (+1 more reused dependencies)
|     +- run exe generate-parser (parser.zig) (+1 more reused dependencies)
|     +- run exe generate-parser (parser.zig) (+1 more reused dependencies)
|     +- run exe generate-parser (parser.zig) (+1 more reused dependencies)
|     +- run exe generate-parser (parser.zig) (+1 more reused dependencies)
|     +- run exe generate-parser (parser.zig) (+1 more reused dependencies)
|     +- run exe generate-parser (parser.zig) (+1 more reused dependencies)
|     +- run exe generate-parser (parser.zig) (+1 more reused dependencies)
|     +- run exe generate-parser (parser.zig) (+1 more reused dependencies)
|     +- run exe generate-parser (parser.zig) (+1 more reused dependencies)
|     +- run exe generate-parser (parser.zig) (+1 more reused dependencies)
|     +- run exe generate-parser (parser.zig) (+1 more reused dependencies)
|     +- run exe generate-parser (parser.zig) (+1 more reused dependencies)
|     +- run exe generate-parser (parser.zig) (+1 more reused dependencies)
|     +- run exe generate-parser (parser.zig) (+1 more reused dependencies)
|     +- run exe generate-parser (parser.zig) (+1 more reused dependencies)
|     +- run exe generate-parser (parser.zig) (+1 more reused dependencies)
|     +- run exe generate-parser (parser.zig) (+1 more reused dependencies)
|     +- run exe generate-parser (parser.zig) (+1 more reused dependencies)
|     +- run exe generate-parser (parser.zig) (+1 more reused dependencies)
|     +- run exe generate-parser (parser.zig) (+1 more reused dependencies)
|     +- run exe generate-parser (parser.zig) (+1 more reused dependencies)
|     +- run exe generate-parser (parser.zig) (+1 more reused dependencies)
|     +- run exe generate-parser (parser.zig) (+1 more reused dependencies)
|     +- run exe generate-parser (parser.zig) (+1 more reused dependencies)
|     +- run exe generate-parser (parser.zig) (+1 more reused dependencies)
+- run test 2 pass (2 total) 279ms MaxRSS:12M
|  +- compile test debug native success 14s MaxRSS:1G
|     +- WriteFile interfaces/0.d.zx (+1 more reused dependencies)
|     +- options (reused)
|     +- run exe generate-parser (parser.zig) (+1 more reused dependencies)
|     +- run exe generate-parser (parser.zig) (+1 more reused dependencies)
|     +- run exe generate-parser (parser.zig) (+1 more reused dependencies)
|     +- run exe generate-parser (parser.zig) (+1 more reused dependencies)
|     +- run exe generate-parser (parser.zig) (+1 more reused dependencies)
|     +- run exe generate-parser (parser.zig) (+1 more reused dependencies)
|     +- run exe generate-parser (parser.zig) (+1 more reused dependencies)
|     +- run exe generate-parser (parser.zig) (+1 more reused dependencies)
|     +- run exe generate-parser (parser.zig) (+1 more reused dependencies)
|     +- run exe generate-parser (parser.zig) (+1 more reused dependencies)
|     +- run exe generate-parser (parser.zig) (+1 more reused dependencies)
|     +- run exe generate-parser (parser.zig) (+1 more reused dependencies)
|     +- run exe generate-parser (parser.zig) (+1 more reused dependencies)
|     +- run exe generate-parser (parser.zig) (+1 more reused dependencies)
|     +- run exe generate-parser (parser.zig) (+1 more reused dependencies)
|     +- run exe generate-parser (parser.zig) (+1 more reused dependencies)
|     +- run exe generate-parser (parser.zig) (+1 more reused dependencies)
|     +- run exe generate-parser (parser.zig) (+1 more reused dependencies)
|     +- run exe generate-parser (parser.zig) (+1 more reused dependencies)
|     +- run exe generate-parser (parser.zig) (+1 more reused dependencies)
|     +- run exe generate-parser (parser.zig) (+1 more reused dependencies)
|     +- run exe generate-parser (parser.zig) (+1 more reused dependencies)
|     +- run exe generate-parser (parser.zig) (+1 more reused dependencies)
|     +- run exe generate-parser (parser.zig) (+1 more reused dependencies)
|     +- run exe generate-parser (parser.zig) (+1 more reused dependencies)
|     +- run exe generate-parser (parser.zig) (+1 more reused dependencies)
|     +- run exe generate-parser (parser.zig) (+1 more reused dependencies)
|     +- run exe generate-parser (parser.zig) (+1 more reused dependencies)
|     +- run exe generate-parser (parser.zig) (+1 more reused dependencies)
|     +- run exe generate-parser (parser.zig) (+1 more reused dependencies)
|     +- run exe generate-parser (parser.zig) (+1 more reused dependencies)
|     +- run exe generate-parser (parser.zig) (+1 more reused dependencies)
|     +- run exe generate-parser (parser.zig) (+1 more reused dependencies)
|     +- run exe generate-parser (parser.zig) (+1 more reused dependencies)
|     +- run exe generate-parser (parser.zig) (+1 more reused dependencies)
|     +- run exe generate-parser (parser.zig) (+1 more reused dependencies)
|     +- run exe generate-lexer (lexer.zig) (+1 more reused dependencies)
|     +- run exe generate-parser (parser.zig) (+1 more reused dependencies)
|     +- run exe generate-parser (parser.zig) (+1 more reused dependencies)
|     +- run exe generate-parser (parser.zig) (+1 more reused dependencies)
|     +- run exe generate-parser (parser.zig) (+1 more reused dependencies)
|     +- run exe generate-parser (parser.zig) (+1 more reused dependencies)
|     +- run exe generate-parser (parser.zig) (+1 more reused dependencies)
|     +- run exe generate-parser (parser.zig) (+1 more reused dependencies)
|     +- run exe generate-parser (parser.zig) (+1 more reused dependencies)
|     +- run exe generate-parser (parser.zig) (+1 more reused dependencies)
|     +- run exe generate-parser (parser.zig) (+1 more reused dependencies)
|     +- run exe generate-parser (parser.zig) (+1 more reused dependencies)
|     +- run exe generate-parser (parser.zig) (+1 more reused dependencies)
|     +- run exe generate-parser (parser.zig) (+1 more reused dependencies)
|     +- run exe generate-parser (parser.zig) (+1 more reused dependencies)
|     +- run exe generate-parser (parser.zig) (+1 more reused dependencies)
|     +- run exe generate-parser (parser.zig) (+1 more reused dependencies)
|     +- run exe generate-parser (parser.zig) (+1 more reused dependencies)
|     +- run exe generate-parser (parser.zig) (+1 more reused dependencies)
|     +- run exe generate-parser (parser.zig) (+1 more reused dependencies)
|     +- run exe generate-parser (parser.zig) (+1 more reused dependencies)
|     +- run exe generate-parser (parser.zig) (+1 more reused dependencies)
|     +- run exe generate-parser (parser.zig) (+1 more reused dependencies)
|     +- run exe generate-parser (parser.zig) (+1 more reused dependencies)
|     +- run exe generate-parser (parser.zig) (+1 more reused dependencies)
|     +- run exe generate-parser (parser.zig) (+1 more reused dependencies)
|     +- run exe generate-parser (parser.zig) (+1 more reused dependencies)
|     +- run exe generate-parser (parser.zig) (+1 more reused dependencies)
|     +- run exe generate-parser (parser.zig) (+1 more reused dependencies)
|     +- run exe generate-parser (parser.zig) (+1 more reused dependencies)
|     +- run exe generate-parser (parser.zig) (+1 more reused dependencies)
|     +- run exe generate-parser (parser.zig) (+1 more reused dependencies)
+- run test 3 pass (3 total) 13ms MaxRSS:11M
   +- compile test debug native success 14s MaxRSS:1G
      +- WriteFile root.zig success
      +- WriteFile interfaces/0.d.zx (+1 more reused dependencies)
      +- options (reused)
      +- run exe generate-parser (parser.zig) (+1 more reused dependencies)
      +- run exe generate-parser (parser.zig) (+1 more reused dependencies)
      +- run exe generate-parser (parser.zig) (+1 more reused dependencies)
      +- run exe generate-parser (parser.zig) (+1 more reused dependencies)
      +- run exe generate-parser (parser.zig) (+1 more reused dependencies)
      +- run exe generate-parser (parser.zig) (+1 more reused dependencies)
      +- run exe generate-parser (parser.zig) (+1 more reused dependencies)
      +- run exe generate-parser (parser.zig) (+1 more reused dependencies)
      +- run exe generate-parser (parser.zig) (+1 more reused dependencies)
      +- run exe generate-parser (parser.zig) (+1 more reused dependencies)
      +- run exe generate-parser (parser.zig) (+1 more reused dependencies)
      +- run exe generate-parser (parser.zig) (+1 more reused dependencies)
      +- run exe generate-parser (parser.zig) (+1 more reused dependencies)
      +- run exe generate-parser (parser.zig) (+1 more reused dependencies)
      +- run exe generate-parser (parser.zig) (+1 more reused dependencies)
      +- run exe generate-parser (parser.zig) (+1 more reused dependencies)
      +- run exe generate-parser (parser.zig) (+1 more reused dependencies)
      +- run exe generate-parser (parser.zig) (+1 more reused dependencies)
      +- run exe generate-parser (parser.zig) (+1 more reused dependencies)
      +- run exe generate-parser (parser.zig) (+1 more reused dependencies)
      +- run exe generate-parser (parser.zig) (+1 more reused dependencies)
      +- run exe generate-parser (parser.zig) (+1 more reused dependencies)
      +- run exe generate-parser (parser.zig) (+1 more reused dependencies)
      +- run exe generate-parser (parser.zig) (+1 more reused dependencies)
      +- run exe generate-parser (parser.zig) (+1 more reused dependencies)
      +- run exe generate-parser (parser.zig) (+1 more reused dependencies)
      +- run exe generate-parser (parser.zig) (+1 more reused dependencies)
      +- run exe generate-parser (parser.zig) (+1 more reused dependencies)
      +- run exe generate-parser (parser.zig) (+1 more reused dependencies)
      +- run exe generate-parser (parser.zig) (+1 more reused dependencies)
      +- run exe generate-parser (parser.zig) (+1 more reused dependencies)
      +- run exe generate-parser (parser.zig) (+1 more reused dependencies)
      +- run exe generate-parser (parser.zig) (+1 more reused dependencies)
      +- run exe generate-parser (parser.zig) (+1 more reused dependencies)
      +- run exe generate-parser (parser.zig) (+1 more reused dependencies)
      +- run exe generate-parser (parser.zig) (+1 more reused dependencies)
      +- run exe generate-lexer (lexer.zig) (+1 more reused dependencies)
      +- run exe generate-parser (parser.zig) (+1 more reused dependencies)
      +- run exe generate-parser (parser.zig) (+1 more reused dependencies)
      +- run exe generate-parser (parser.zig) (+1 more reused dependencies)
      +- run exe generate-parser (parser.zig) (+1 more reused dependencies)
      +- run exe generate-parser (parser.zig) (+1 more reused dependencies)
      +- run exe generate-parser (parser.zig) (+1 more reused dependencies)
      +- run exe generate-parser (parser.zig) (+1 more reused dependencies)
      +- run exe generate-parser (parser.zig) (+1 more reused dependencies)
      +- run exe generate-parser (parser.zig) (+1 more reused dependencies)
      +- run exe generate-parser (parser.zig) (+1 more reused dependencies)
      +- run exe generate-parser (parser.zig) (+1 more reused dependencies)
      +- run exe generate-parser (parser.zig) (+1 more reused dependencies)
      +- run exe generate-parser (parser.zig) (+1 more reused dependencies)
      +- run exe generate-parser (parser.zig) (+1 more reused dependencies)
      +- run exe generate-parser (parser.zig) (+1 more reused dependencies)
      +- run exe generate-parser (parser.zig) (+1 more reused dependencies)
      +- run exe generate-parser (parser.zig) (+1 more reused dependencies)
      +- run exe generate-parser (parser.zig) (+1 more reused dependencies)
      +- run exe generate-parser (parser.zig) (+1 more reused dependencies)
      +- run exe generate-parser (parser.zig) (+1 more reused dependencies)
      +- run exe generate-parser (parser.zig) (+1 more reused dependencies)
      +- run exe generate-parser (parser.zig) (+1 more reused dependencies)
      +- run exe generate-parser (parser.zig) (+1 more reused dependencies)
      +- run exe generate-parser (parser.zig) (+1 more reused dependencies)
      +- run exe generate-parser (parser.zig) (+1 more reused dependencies)
      +- run exe generate-parser (parser.zig) (+1 more reused dependencies)
      +- run exe generate-parser (parser.zig) (+1 more reused dependencies)
      +- run exe generate-parser (parser.zig) (+1 more reused dependencies)
      +- run exe generate-parser (parser.zig) (+1 more reused dependencies)
      +- run exe generate-parser (parser.zig) (+1 more reused dependencies)
      +- run exe generate-parser (parser.zig) (+1 more reused dependencies)
test-zx-cancel-analysis success
+- run test 4 pass (4 total) 13ms MaxRSS:11M
|  +- compile test debug native success 12s MaxRSS:1G
|     +- WriteFile interfaces/0.d.zx (+1 more reused dependencies)
|     +- options (reused)
|     +- run exe generate-parser (parser.zig) (+1 more reused dependencies)
|     +- run exe generate-parser (parser.zig) (+1 more reused dependencies)
|     +- run exe generate-parser (parser.zig) (+1 more reused dependencies)
|     +- run exe generate-parser (parser.zig) (+1 more reused dependencies)
|     +- run exe generate-parser (parser.zig) (+1 more reused dependencies)
|     +- run exe generate-parser (parser.zig) (+1 more reused dependencies)
|     +- run exe generate-parser (parser.zig) (+1 more reused dependencies)
|     +- run exe generate-parser (parser.zig) (+1 more reused dependencies)
|     +- run exe generate-parser (parser.zig) (+1 more reused dependencies)
|     +- run exe generate-parser (parser.zig) (+1 more reused dependencies)
|     +- run exe generate-parser (parser.zig) (+1 more reused dependencies)
|     +- run exe generate-parser (parser.zig) (+1 more reused dependencies)
|     +- run exe generate-parser (parser.zig) (+1 more reused dependencies)
|     +- run exe generate-parser (parser.zig) (+1 more reused dependencies)
|     +- run exe generate-parser (parser.zig) (+1 more reused dependencies)
|     +- run exe generate-parser (parser.zig) (+1 more reused dependencies)
|     +- run exe generate-parser (parser.zig) (+1 more reused dependencies)
|     +- run exe generate-parser (parser.zig) (+1 more reused dependencies)
|     +- run exe generate-parser (parser.zig) (+1 more reused dependencies)
|     +- run exe generate-parser (parser.zig) (+1 more reused dependencies)
|     +- run exe generate-parser (parser.zig) (+1 more reused dependencies)
|     +- run exe generate-parser (parser.zig) (+1 more reused dependencies)
|     +- run exe generate-parser (parser.zig) (+1 more reused dependencies)
|     +- run exe generate-parser (parser.zig) (+1 more reused dependencies)
|     +- run exe generate-parser (parser.zig) (+1 more reused dependencies)
|     +- run exe generate-parser (parser.zig) (+1 more reused dependencies)
|     +- run exe generate-parser (parser.zig) (+1 more reused dependencies)
|     +- run exe generate-parser (parser.zig) (+1 more reused dependencies)
|     +- run exe generate-parser (parser.zig) (+1 more reused dependencies)
|     +- run exe generate-parser (parser.zig) (+1 more reused dependencies)
|     +- run exe generate-parser (parser.zig) (+1 more reused dependencies)
|     +- run exe generate-parser (parser.zig) (+1 more reused dependencies)
|     +- run exe generate-parser (parser.zig) (+1 more reused dependencies)
|     +- run exe generate-parser (parser.zig) (+1 more reused dependencies)
|     +- run exe generate-parser (parser.zig) (+1 more reused dependencies)
|     +- run exe generate-parser (parser.zig) (+1 more reused dependencies)
|     +- run exe generate-lexer (lexer.zig) (+1 more reused dependencies)
|     +- run exe generate-parser (parser.zig) (+1 more reused dependencies)
|     +- run exe generate-parser (parser.zig) (+1 more reused dependencies)
|     +- run exe generate-parser (parser.zig) (+1 more reused dependencies)
|     +- run exe generate-parser (parser.zig) (+1 more reused dependencies)
|     +- run exe generate-parser (parser.zig) (+1 more reused dependencies)
|     +- run exe generate-parser (parser.zig) (+1 more reused dependencies)
|     +- run exe generate-parser (parser.zig) (+1 more reused dependencies)
|     +- run exe generate-parser (parser.zig) (+1 more reused dependencies)
|     +- run exe generate-parser (parser.zig) (+1 more reused dependencies)
|     +- run exe generate-parser (parser.zig) (+1 more reused dependencies)
|     +- run exe generate-parser (parser.zig) (+1 more reused dependencies)
|     +- run exe generate-parser (parser.zig) (+1 more reused dependencies)
|     +- run exe generate-parser (parser.zig) (+1 more reused dependencies)
|     +- run exe generate-parser (parser.zig) (+1 more reused dependencies)
|     +- run exe generate-parser (parser.zig) (+1 more reused dependencies)
|     +- run exe generate-parser (parser.zig) (+1 more reused dependencies)
|     +- run exe generate-parser (parser.zig) (+1 more reused dependencies)
|     +- run exe generate-parser (parser.zig) (+1 more reused dependencies)
|     +- run exe generate-parser (parser.zig) (+1 more reused dependencies)
|     +- run exe generate-parser (parser.zig) (+1 more reused dependencies)
|     +- run exe generate-parser (parser.zig) (+1 more reused dependencies)
|     +- run exe generate-parser (parser.zig) (+1 more reused dependencies)
|     +- run exe generate-parser (parser.zig) (+1 more reused dependencies)
|     +- run exe generate-parser (parser.zig) (+1 more reused dependencies)
|     +- run exe generate-parser (parser.zig) (+1 more reused dependencies)
|     +- run exe generate-parser (parser.zig) (+1 more reused dependencies)
|     +- run exe generate-parser (parser.zig) (+1 more reused dependencies)
|     +- run exe generate-parser (parser.zig) (+1 more reused dependencies)
|     +- run exe generate-parser (parser.zig) (+1 more reused dependencies)
|     +- run exe generate-parser (parser.zig) (+1 more reused dependencies)
|     +- run exe generate-parser (parser.zig) (+1 more reused dependencies)
+- run test 5 pass (5 total) 16ms MaxRSS:12M
|  +- compile test debug native success 12s MaxRSS:1G
|     +- WriteFile interfaces/0.d.zx (+1 more reused dependencies)
|     +- options (reused)
|     +- run exe generate-parser (parser.zig) (+1 more reused dependencies)
|     +- run exe generate-parser (parser.zig) (+1 more reused dependencies)
|     +- run exe generate-parser (parser.zig) (+1 more reused dependencies)
|     +- run exe generate-parser (parser.zig) (+1 more reused dependencies)
|     +- run exe generate-parser (parser.zig) (+1 more reused dependencies)
|     +- run exe generate-parser (parser.zig) (+1 more reused dependencies)
|     +- run exe generate-parser (parser.zig) (+1 more reused dependencies)
|     +- run exe generate-parser (parser.zig) (+1 more reused dependencies)
|     +- run exe generate-parser (parser.zig) (+1 more reused dependencies)
|     +- run exe generate-parser (parser.zig) (+1 more reused dependencies)
|     +- run exe generate-parser (parser.zig) (+1 more reused dependencies)
|     +- run exe generate-parser (parser.zig) (+1 more reused dependencies)
|     +- run exe generate-parser (parser.zig) (+1 more reused dependencies)
|     +- run exe generate-parser (parser.zig) (+1 more reused dependencies)
|     +- run exe generate-parser (parser.zig) (+1 more reused dependencies)
|     +- run exe generate-parser (parser.zig) (+1 more reused dependencies)
|     +- run exe generate-parser (parser.zig) (+1 more reused dependencies)
|     +- run exe generate-parser (parser.zig) (+1 more reused dependencies)
|     +- run exe generate-parser (parser.zig) (+1 more reused dependencies)
|     +- run exe generate-parser (parser.zig) (+1 more reused dependencies)
|     +- run exe generate-parser (parser.zig) (+1 more reused dependencies)
|     +- run exe generate-parser (parser.zig) (+1 more reused dependencies)
|     +- run exe generate-parser (parser.zig) (+1 more reused dependencies)
|     +- run exe generate-parser (parser.zig) (+1 more reused dependencies)
|     +- run exe generate-parser (parser.zig) (+1 more reused dependencies)
|     +- run exe generate-parser (parser.zig) (+1 more reused dependencies)
|     +- run exe generate-parser (parser.zig) (+1 more reused dependencies)
|     +- run exe generate-parser (parser.zig) (+1 more reused dependencies)
|     +- run exe generate-parser (parser.zig) (+1 more reused dependencies)
|     +- run exe generate-parser (parser.zig) (+1 more reused dependencies)
|     +- run exe generate-parser (parser.zig) (+1 more reused dependencies)
|     +- run exe generate-parser (parser.zig) (+1 more reused dependencies)
|     +- run exe generate-parser (parser.zig) (+1 more reused dependencies)
|     +- run exe generate-parser (parser.zig) (+1 more reused dependencies)
|     +- run exe generate-parser (parser.zig) (+1 more reused dependencies)
|     +- run exe generate-parser (parser.zig) (+1 more reused dependencies)
|     +- run exe generate-lexer (lexer.zig) (+1 more reused dependencies)
|     +- run exe generate-parser (parser.zig) (+1 more reused dependencies)
|     +- run exe generate-parser (parser.zig) (+1 more reused dependencies)
|     +- run exe generate-parser (parser.zig) (+1 more reused dependencies)
|     +- run exe generate-parser (parser.zig) (+1 more reused dependencies)
|     +- run exe generate-parser (parser.zig) (+1 more reused dependencies)
|     +- run exe generate-parser (parser.zig) (+1 more reused dependencies)
|     +- run exe generate-parser (parser.zig) (+1 more reused dependencies)
|     +- run exe generate-parser (parser.zig) (+1 more reused dependencies)
|     +- run exe generate-parser (parser.zig) (+1 more reused dependencies)
|     +- run exe generate-parser (parser.zig) (+1 more reused dependencies)
|     +- run exe generate-parser (parser.zig) (+1 more reused dependencies)
|     +- run exe generate-parser (parser.zig) (+1 more reused dependencies)
|     +- run exe generate-parser (parser.zig) (+1 more reused dependencies)
|     +- run exe generate-parser (parser.zig) (+1 more reused dependencies)
|     +- run exe generate-parser (parser.zig) (+1 more reused dependencies)
|     +- run exe generate-parser (parser.zig) (+1 more reused dependencies)
|     +- run exe generate-parser (parser.zig) (+1 more reused dependencies)
|     +- run exe generate-parser (parser.zig) (+1 more reused dependencies)
|     +- run exe generate-parser (parser.zig) (+1 more reused dependencies)
|     +- run exe generate-parser (parser.zig) (+1 more reused dependencies)
|     +- run exe generate-parser (parser.zig) (+1 more reused dependencies)
|     +- run exe generate-parser (parser.zig) (+1 more reused dependencies)
|     +- run exe generate-parser (parser.zig) (+1 more reused dependencies)
|     +- run exe generate-parser (parser.zig) (+1 more reused dependencies)
|     +- run exe generate-parser (parser.zig) (+1 more reused dependencies)
|     +- run exe generate-parser (parser.zig) (+1 more reused dependencies)
|     +- run exe generate-parser (parser.zig) (+1 more reused dependencies)
|     +- run exe generate-parser (parser.zig) (+1 more reused dependencies)
|     +- run exe generate-parser (parser.zig) (+1 more reused dependencies)
|     +- run exe generate-parser (parser.zig) (+1 more reused dependencies)
|     +- run exe generate-parser (parser.zig) (+1 more reused dependencies)
+- run test 9 pass (9 total) 17ms MaxRSS:12M
|  +- compile test debug native success 12s MaxRSS:1G
|     +- WriteFile interfaces/0.d.zx (+1 more reused dependencies)
|     +- options (reused)
|     +- run exe generate-parser (parser.zig) (+1 more reused dependencies)
|     +- run exe generate-parser (parser.zig) (+1 more reused dependencies)
|     +- run exe generate-parser (parser.zig) (+1 more reused dependencies)
|     +- run exe generate-parser (parser.zig) (+1 more reused dependencies)
|     +- run exe generate-parser (parser.zig) (+1 more reused dependencies)
|     +- run exe generate-parser (parser.zig) (+1 more reused dependencies)
|     +- run exe generate-parser (parser.zig) (+1 more reused dependencies)
|     +- run exe generate-parser (parser.zig) (+1 more reused dependencies)
|     +- run exe generate-parser (parser.zig) (+1 more reused dependencies)
|     +- run exe generate-parser (parser.zig) (+1 more reused dependencies)
|     +- run exe generate-parser (parser.zig) (+1 more reused dependencies)
|     +- run exe generate-parser (parser.zig) (+1 more reused dependencies)
|     +- run exe generate-parser (parser.zig) (+1 more reused dependencies)
|     +- run exe generate-parser (parser.zig) (+1 more reused dependencies)
|     +- run exe generate-parser (parser.zig) (+1 more reused dependencies)
|     +- run exe generate-parser (parser.zig) (+1 more reused dependencies)
|     +- run exe generate-parser (parser.zig) (+1 more reused dependencies)
|     +- run exe generate-parser (parser.zig) (+1 more reused dependencies)
|     +- run exe generate-parser (parser.zig) (+1 more reused dependencies)
|     +- run exe generate-parser (parser.zig) (+1 more reused dependencies)
|     +- run exe generate-parser (parser.zig) (+1 more reused dependencies)
|     +- run exe generate-parser (parser.zig) (+1 more reused dependencies)
|     +- run exe generate-parser (parser.zig) (+1 more reused dependencies)
|     +- run exe generate-parser (parser.zig) (+1 more reused dependencies)
|     +- run exe generate-parser (parser.zig) (+1 more reused dependencies)
|     +- run exe generate-parser (parser.zig) (+1 more reused dependencies)
|     +- run exe generate-parser (parser.zig) (+1 more reused dependencies)
|     +- run exe generate-parser (parser.zig) (+1 more reused dependencies)
|     +- run exe generate-parser (parser.zig) (+1 more reused dependencies)
|     +- run exe generate-parser (parser.zig) (+1 more reused dependencies)
|     +- run exe generate-parser (parser.zig) (+1 more reused dependencies)
|     +- run exe generate-parser (parser.zig) (+1 more reused dependencies)
|     +- run exe generate-parser (parser.zig) (+1 more reused dependencies)
|     +- run exe generate-parser (parser.zig) (+1 more reused dependencies)
|     +- run exe generate-parser (parser.zig) (+1 more reused dependencies)
|     +- run exe generate-parser (parser.zig) (+1 more reused dependencies)
|     +- run exe generate-lexer (lexer.zig) (+1 more reused dependencies)
|     +- run exe generate-parser (parser.zig) (+1 more reused dependencies)
|     +- run exe generate-parser (parser.zig) (+1 more reused dependencies)
|     +- run exe generate-parser (parser.zig) (+1 more reused dependencies)
|     +- run exe generate-parser (parser.zig) (+1 more reused dependencies)
|     +- run exe generate-parser (parser.zig) (+1 more reused dependencies)
|     +- run exe generate-parser (parser.zig) (+1 more reused dependencies)
|     +- run exe generate-parser (parser.zig) (+1 more reused dependencies)
|     +- run exe generate-parser (parser.zig) (+1 more reused dependencies)
|     +- run exe generate-parser (parser.zig) (+1 more reused dependencies)
|     +- run exe generate-parser (parser.zig) (+1 more reused dependencies)
|     +- run exe generate-parser (parser.zig) (+1 more reused dependencies)
|     +- run exe generate-parser (parser.zig) (+1 more reused dependencies)
|     +- run exe generate-parser (parser.zig) (+1 more reused dependencies)
|     +- run exe generate-parser (parser.zig) (+1 more reused dependencies)
|     +- run exe generate-parser (parser.zig) (+1 more reused dependencies)
|     +- run exe generate-parser (parser.zig) (+1 more reused dependencies)
|     +- run exe generate-parser (parser.zig) (+1 more reused dependencies)
|     +- run exe generate-parser (parser.zig) (+1 more reused dependencies)
|     +- run exe generate-parser (parser.zig) (+1 more reused dependencies)
|     +- run exe generate-parser (parser.zig) (+1 more reused dependencies)
|     +- run exe generate-parser (parser.zig) (+1 more reused dependencies)
|     +- run exe generate-parser (parser.zig) (+1 more reused dependencies)
|     +- run exe generate-parser (parser.zig) (+1 more reused dependencies)
|     +- run exe generate-parser (parser.zig) (+1 more reused dependencies)
|     +- run exe generate-parser (parser.zig) (+1 more reused dependencies)
|     +- run exe generate-parser (parser.zig) (+1 more reused dependencies)
|     +- run exe generate-parser (parser.zig) (+1 more reused dependencies)
|     +- run exe generate-parser (parser.zig) (+1 more reused dependencies)
|     +- run exe generate-parser (parser.zig) (+1 more reused dependencies)
|     +- run exe generate-parser (parser.zig) (+1 more reused dependencies)
|     +- run exe generate-parser (parser.zig) (+1 more reused dependencies)
+- run test 3 pass (3 total) 161ms MaxRSS:12M
   +- compile test debug native success 12s MaxRSS:1G
      +- WriteFile interfaces/0.d.zx (+1 more reused dependencies)
      +- options (reused)
      +- run exe generate-parser (parser.zig) (+1 more reused dependencies)
      +- run exe generate-parser (parser.zig) (+1 more reused dependencies)
      +- run exe generate-parser (parser.zig) (+1 more reused dependencies)
      +- run exe generate-parser (parser.zig) (+1 more reused dependencies)
      +- run exe generate-parser (parser.zig) (+1 more reused dependencies)
      +- run exe generate-parser (parser.zig) (+1 more reused dependencies)
      +- run exe generate-parser (parser.zig) (+1 more reused dependencies)
      +- run exe generate-parser (parser.zig) (+1 more reused dependencies)
      +- run exe generate-parser (parser.zig) (+1 more reused dependencies)
      +- run exe generate-parser (parser.zig) (+1 more reused dependencies)
      +- run exe generate-parser (parser.zig) (+1 more reused dependencies)
      +- run exe generate-parser (parser.zig) (+1 more reused dependencies)
      +- run exe generate-parser (parser.zig) (+1 more reused dependencies)
      +- run exe generate-parser (parser.zig) (+1 more reused dependencies)
      +- run exe generate-parser (parser.zig) (+1 more reused dependencies)
      +- run exe generate-parser (parser.zig) (+1 more reused dependencies)
      +- run exe generate-parser (parser.zig) (+1 more reused dependencies)
      +- run exe generate-parser (parser.zig) (+1 more reused dependencies)
      +- run exe generate-parser (parser.zig) (+1 more reused dependencies)
      +- run exe generate-parser (parser.zig) (+1 more reused dependencies)
      +- run exe generate-parser (parser.zig) (+1 more reused dependencies)
      +- run exe generate-parser (parser.zig) (+1 more reused dependencies)
      +- run exe generate-parser (parser.zig) (+1 more reused dependencies)
      +- run exe generate-parser (parser.zig) (+1 more reused dependencies)
      +- run exe generate-parser (parser.zig) (+1 more reused dependencies)
      +- run exe generate-parser (parser.zig) (+1 more reused dependencies)
      +- run exe generate-parser (parser.zig) (+1 more reused dependencies)
      +- run exe generate-parser (parser.zig) (+1 more reused dependencies)
      +- run exe generate-parser (parser.zig) (+1 more reused dependencies)
      +- run exe generate-parser (parser.zig) (+1 more reused dependencies)
      +- run exe generate-parser (parser.zig) (+1 more reused dependencies)
      +- run exe generate-parser (parser.zig) (+1 more reused dependencies)
      +- run exe generate-parser (parser.zig) (+1 more reused dependencies)
      +- run exe generate-parser (parser.zig) (+1 more reused dependencies)
      +- run exe generate-parser (parser.zig) (+1 more reused dependencies)
      +- run exe generate-parser (parser.zig) (+1 more reused dependencies)
      +- run exe generate-lexer (lexer.zig) (+1 more reused dependencies)
      +- run exe generate-parser (parser.zig) (+1 more reused dependencies)
      +- run exe generate-parser (parser.zig) (+1 more reused dependencies)
      +- run exe generate-parser (parser.zig) (+1 more reused dependencies)
      +- run exe generate-parser (parser.zig) (+1 more reused dependencies)
      +- run exe generate-parser (parser.zig) (+1 more reused dependencies)
      +- run exe generate-parser (parser.zig) (+1 more reused dependencies)
      +- run exe generate-parser (parser.zig) (+1 more reused dependencies)
      +- run exe generate-parser (parser.zig) (+1 more reused dependencies)
      +- run exe generate-parser (parser.zig) (+1 more reused dependencies)
      +- run exe generate-parser (parser.zig) (+1 more reused dependencies)
      +- run exe generate-parser (parser.zig) (+1 more reused dependencies)
      +- run exe generate-parser (parser.zig) (+1 more reused dependencies)
      +- run exe generate-parser (parser.zig) (+1 more reused dependencies)
      +- run exe generate-parser (parser.zig) (+1 more reused dependencies)
      +- run exe generate-parser (parser.zig) (+1 more reused dependencies)
      +- run exe generate-parser (parser.zig) (+1 more reused dependencies)
      +- run exe generate-parser (parser.zig) (+1 more reused dependencies)
      +- run exe generate-parser (parser.zig) (+1 more reused dependencies)
      +- run exe generate-parser (parser.zig) (+1 more reused dependencies)
      +- run exe generate-parser (parser.zig) (+1 more reused dependencies)
      +- run exe generate-parser (parser.zig) (+1 more reused dependencies)
      +- run exe generate-parser (parser.zig) (+1 more reused dependencies)
      +- run exe generate-parser (parser.zig) (+1 more reused dependencies)
      +- run exe generate-parser (parser.zig) (+1 more reused dependencies)
      +- run exe generate-parser (parser.zig) (+1 more reused dependencies)
      +- run exe generate-parser (parser.zig) (+1 more reused dependencies)
      +- run exe generate-parser (parser.zig) (+1 more reused dependencies)
      +- run exe generate-parser (parser.zig) (+1 more reused dependencies)
      +- run exe generate-parser (parser.zig) (+1 more reused dependencies)
      +- run exe generate-parser (parser.zig) (+1 more reused dependencies)
      +- run exe generate-parser (parser.zig) (+1 more reused dependencies)
test-zx-tasks-analysis success
+- run test 12 pass (12 total) 33ms MaxRSS:12M
|  +- compile test debug native success 13s MaxRSS:1G
|     +- WriteFile interfaces/0.d.zx (+1 more reused dependencies)
|     +- options (reused)
|     +- run exe generate-parser (parser.zig) (+1 more reused dependencies)
|     +- run exe generate-parser (parser.zig) (+1 more reused dependencies)
|     +- run exe generate-parser (parser.zig) (+1 more reused dependencies)
|     +- run exe generate-parser (parser.zig) (+1 more reused dependencies)
|     +- run exe generate-parser (parser.zig) (+1 more reused dependencies)
|     +- run exe generate-parser (parser.zig) (+1 more reused dependencies)
|     +- run exe generate-parser (parser.zig) (+1 more reused dependencies)
|     +- run exe generate-parser (parser.zig) (+1 more reused dependencies)
|     +- run exe generate-parser (parser.zig) (+1 more reused dependencies)
|     +- run exe generate-parser (parser.zig) (+1 more reused dependencies)
|     +- run exe generate-parser (parser.zig) (+1 more reused dependencies)
|     +- run exe generate-parser (parser.zig) (+1 more reused dependencies)
|     +- run exe generate-parser (parser.zig) (+1 more reused dependencies)
|     +- run exe generate-parser (parser.zig) (+1 more reused dependencies)
|     +- run exe generate-parser (parser.zig) (+1 more reused dependencies)
|     +- run exe generate-parser (parser.zig) (+1 more reused dependencies)
|     +- run exe generate-parser (parser.zig) (+1 more reused dependencies)
|     +- run exe generate-parser (parser.zig) (+1 more reused dependencies)
|     +- run exe generate-parser (parser.zig) (+1 more reused dependencies)
|     +- run exe generate-parser (parser.zig) (+1 more reused dependencies)
|     +- run exe generate-parser (parser.zig) (+1 more reused dependencies)
|     +- run exe generate-parser (parser.zig) (+1 more reused dependencies)
|     +- run exe generate-parser (parser.zig) (+1 more reused dependencies)
|     +- run exe generate-parser (parser.zig) (+1 more reused dependencies)
|     +- run exe generate-parser (parser.zig) (+1 more reused dependencies)
|     +- run exe generate-parser (parser.zig) (+1 more reused dependencies)
|     +- run exe generate-parser (parser.zig) (+1 more reused dependencies)
|     +- run exe generate-parser (parser.zig) (+1 more reused dependencies)
|     +- run exe generate-parser (parser.zig) (+1 more reused dependencies)
|     +- run exe generate-parser (parser.zig) (+1 more reused dependencies)
|     +- run exe generate-parser (parser.zig) (+1 more reused dependencies)
|     +- run exe generate-parser (parser.zig) (+1 more reused dependencies)
|     +- run exe generate-parser (parser.zig) (+1 more reused dependencies)
|     +- run exe generate-parser (parser.zig) (+1 more reused dependencies)
|     +- run exe generate-parser (parser.zig) (+1 more reused dependencies)
|     +- run exe generate-parser (parser.zig) (+1 more reused dependencies)
|     +- run exe generate-lexer (lexer.zig) (+1 more reused dependencies)
|     +- run exe generate-parser (parser.zig) (+1 more reused dependencies)
|     +- run exe generate-parser (parser.zig) (+1 more reused dependencies)
|     +- run exe generate-parser (parser.zig) (+1 more reused dependencies)
|     +- run exe generate-parser (parser.zig) (+1 more reused dependencies)
|     +- run exe generate-parser (parser.zig) (+1 more reused dependencies)
|     +- run exe generate-parser (parser.zig) (+1 more reused dependencies)
|     +- run exe generate-parser (parser.zig) (+1 more reused dependencies)
|     +- run exe generate-parser (parser.zig) (+1 more reused dependencies)
|     +- run exe generate-parser (parser.zig) (+1 more reused dependencies)
|     +- run exe generate-parser (parser.zig) (+1 more reused dependencies)
|     +- run exe generate-parser (parser.zig) (+1 more reused dependencies)
|     +- run exe generate-parser (parser.zig) (+1 more reused dependencies)
|     +- run exe generate-parser (parser.zig) (+1 more reused dependencies)
|     +- run exe generate-parser (parser.zig) (+1 more reused dependencies)
|     +- run exe generate-parser (parser.zig) (+1 more reused dependencies)
|     +- run exe generate-parser (parser.zig) (+1 more reused dependencies)
|     +- run exe generate-parser (parser.zig) (+1 more reused dependencies)
|     +- run exe generate-parser (parser.zig) (+1 more reused dependencies)
|     +- run exe generate-parser (parser.zig) (+1 more reused dependencies)
|     +- run exe generate-parser (parser.zig) (+1 more reused dependencies)
|     +- run exe generate-parser (parser.zig) (+1 more reused dependencies)
|     +- run exe generate-parser (parser.zig) (+1 more reused dependencies)
|     +- run exe generate-parser (parser.zig) (+1 more reused dependencies)
|     +- run exe generate-parser (parser.zig) (+1 more reused dependencies)
|     +- run exe generate-parser (parser.zig) (+1 more reused dependencies)
|     +- run exe generate-parser (parser.zig) (+1 more reused dependencies)
|     +- run exe generate-parser (parser.zig) (+1 more reused dependencies)
|     +- run exe generate-parser (parser.zig) (+1 more reused dependencies)
|     +- run exe generate-parser (parser.zig) (+1 more reused dependencies)
|     +- run exe generate-parser (parser.zig) (+1 more reused dependencies)
|     +- run exe generate-parser (parser.zig) (+1 more reused dependencies)
+- run test 15 pass (15 total) 47ms MaxRSS:13M
|  +- compile test debug native success 13s MaxRSS:1G
|     +- WriteFile interfaces/0.d.zx (+1 more reused dependencies)
|     +- options (reused)
|     +- run exe generate-parser (parser.zig) (+1 more reused dependencies)
|     +- run exe generate-parser (parser.zig) (+1 more reused dependencies)
|     +- run exe generate-parser (parser.zig) (+1 more reused dependencies)
|     +- run exe generate-parser (parser.zig) (+1 more reused dependencies)
|     +- run exe generate-parser (parser.zig) (+1 more reused dependencies)
|     +- run exe generate-parser (parser.zig) (+1 more reused dependencies)
|     +- run exe generate-parser (parser.zig) (+1 more reused dependencies)
|     +- run exe generate-parser (parser.zig) (+1 more reused dependencies)
|     +- run exe generate-parser (parser.zig) (+1 more reused dependencies)
|     +- run exe generate-parser (parser.zig) (+1 more reused dependencies)
|     +- run exe generate-parser (parser.zig) (+1 more reused dependencies)
|     +- run exe generate-parser (parser.zig) (+1 more reused dependencies)
|     +- run exe generate-parser (parser.zig) (+1 more reused dependencies)
|     +- run exe generate-parser (parser.zig) (+1 more reused dependencies)
|     +- run exe generate-parser (parser.zig) (+1 more reused dependencies)
|     +- run exe generate-parser (parser.zig) (+1 more reused dependencies)
|     +- run exe generate-parser (parser.zig) (+1 more reused dependencies)
|     +- run exe generate-parser (parser.zig) (+1 more reused dependencies)
|     +- run exe generate-parser (parser.zig) (+1 more reused dependencies)
|     +- run exe generate-parser (parser.zig) (+1 more reused dependencies)
|     +- run exe generate-parser (parser.zig) (+1 more reused dependencies)
|     +- run exe generate-parser (parser.zig) (+1 more reused dependencies)
|     +- run exe generate-parser (parser.zig) (+1 more reused dependencies)
|     +- run exe generate-parser (parser.zig) (+1 more reused dependencies)
|     +- run exe generate-parser (parser.zig) (+1 more reused dependencies)
|     +- run exe generate-parser (parser.zig) (+1 more reused dependencies)
|     +- run exe generate-parser (parser.zig) (+1 more reused dependencies)
|     +- run exe generate-parser (parser.zig) (+1 more reused dependencies)
|     +- run exe generate-parser (parser.zig) (+1 more reused dependencies)
|     +- run exe generate-parser (parser.zig) (+1 more reused dependencies)
|     +- run exe generate-parser (parser.zig) (+1 more reused dependencies)
|     +- run exe generate-parser (parser.zig) (+1 more reused dependencies)
|     +- run exe generate-parser (parser.zig) (+1 more reused dependencies)
|     +- run exe generate-parser (parser.zig) (+1 more reused dependencies)
|     +- run exe generate-parser (parser.zig) (+1 more reused dependencies)
|     +- run exe generate-parser (parser.zig) (+1 more reused dependencies)
|     +- run exe generate-lexer (lexer.zig) (+1 more reused dependencies)
|     +- run exe generate-parser (parser.zig) (+1 more reused dependencies)
|     +- run exe generate-parser (parser.zig) (+1 more reused dependencies)
|     +- run exe generate-parser (parser.zig) (+1 more reused dependencies)
|     +- run exe generate-parser (parser.zig) (+1 more reused dependencies)
|     +- run exe generate-parser (parser.zig) (+1 more reused dependencies)
|     +- run exe generate-parser (parser.zig) (+1 more reused dependencies)
|     +- run exe generate-parser (parser.zig) (+1 more reused dependencies)
|     +- run exe generate-parser (parser.zig) (+1 more reused dependencies)
|     +- run exe generate-parser (parser.zig) (+1 more reused dependencies)
|     +- run exe generate-parser (parser.zig) (+1 more reused dependencies)
|     +- run exe generate-parser (parser.zig) (+1 more reused dependencies)
|     +- run exe generate-parser (parser.zig) (+1 more reused dependencies)
|     +- run exe generate-parser (parser.zig) (+1 more reused dependencies)
|     +- run exe generate-parser (parser.zig) (+1 more reused dependencies)
|     +- run exe generate-parser (parser.zig) (+1 more reused dependencies)
|     +- run exe generate-parser (parser.zig) (+1 more reused dependencies)
|     +- run exe generate-parser (parser.zig) (+1 more reused dependencies)
|     +- run exe generate-parser (parser.zig) (+1 more reused dependencies)
|     +- run exe generate-parser (parser.zig) (+1 more reused dependencies)
|     +- run exe generate-parser (parser.zig) (+1 more reused dependencies)
|     +- run exe generate-parser (parser.zig) (+1 more reused dependencies)
|     +- run exe generate-parser (parser.zig) (+1 more reused dependencies)
|     +- run exe generate-parser (parser.zig) (+1 more reused dependencies)
|     +- run exe generate-parser (parser.zig) (+1 more reused dependencies)
|     +- run exe generate-parser (parser.zig) (+1 more reused dependencies)
|     +- run exe generate-parser (parser.zig) (+1 more reused dependencies)
|     +- run exe generate-parser (parser.zig) (+1 more reused dependencies)
|     +- run exe generate-parser (parser.zig) (+1 more reused dependencies)
|     +- run exe generate-parser (parser.zig) (+1 more reused dependencies)
|     +- run exe generate-parser (parser.zig) (+1 more reused dependencies)
|     +- run exe generate-parser (parser.zig) (+1 more reused dependencies)
+- run test 24 pass (24 total) 38ms MaxRSS:12M
|  +- compile test debug native success 13s MaxRSS:1G
|     +- WriteFile interfaces/0.d.zx (+1 more reused dependencies)
|     +- options (reused)
|     +- run exe generate-parser (parser.zig) (+1 more reused dependencies)
|     +- run exe generate-parser (parser.zig) (+1 more reused dependencies)
|     +- run exe generate-parser (parser.zig) (+1 more reused dependencies)
|     +- run exe generate-parser (parser.zig) (+1 more reused dependencies)
|     +- run exe generate-parser (parser.zig) (+1 more reused dependencies)
|     +- run exe generate-parser (parser.zig) (+1 more reused dependencies)
|     +- run exe generate-parser (parser.zig) (+1 more reused dependencies)
|     +- run exe generate-parser (parser.zig) (+1 more reused dependencies)
|     +- run exe generate-parser (parser.zig) (+1 more reused dependencies)
|     +- run exe generate-parser (parser.zig) (+1 more reused dependencies)
|     +- run exe generate-parser (parser.zig) (+1 more reused dependencies)
|     +- run exe generate-parser (parser.zig) (+1 more reused dependencies)
|     +- run exe generate-parser (parser.zig) (+1 more reused dependencies)
|     +- run exe generate-parser (parser.zig) (+1 more reused dependencies)
|     +- run exe generate-parser (parser.zig) (+1 more reused dependencies)
|     +- run exe generate-parser (parser.zig) (+1 more reused dependencies)
|     +- run exe generate-parser (parser.zig) (+1 more reused dependencies)
|     +- run exe generate-parser (parser.zig) (+1 more reused dependencies)
|     +- run exe generate-parser (parser.zig) (+1 more reused dependencies)
|     +- run exe generate-parser (parser.zig) (+1 more reused dependencies)
|     +- run exe generate-parser (parser.zig) (+1 more reused dependencies)
|     +- run exe generate-parser (parser.zig) (+1 more reused dependencies)
|     +- run exe generate-parser (parser.zig) (+1 more reused dependencies)
|     +- run exe generate-parser (parser.zig) (+1 more reused dependencies)
|     +- run exe generate-parser (parser.zig) (+1 more reused dependencies)
|     +- run exe generate-parser (parser.zig) (+1 more reused dependencies)
|     +- run exe generate-parser (parser.zig) (+1 more reused dependencies)
|     +- run exe generate-parser (parser.zig) (+1 more reused dependencies)
|     +- run exe generate-parser (parser.zig) (+1 more reused dependencies)
|     +- run exe generate-parser (parser.zig) (+1 more reused dependencies)
|     +- run exe generate-parser (parser.zig) (+1 more reused dependencies)
|     +- run exe generate-parser (parser.zig) (+1 more reused dependencies)
|     +- run exe generate-parser (parser.zig) (+1 more reused dependencies)
|     +- run exe generate-parser (parser.zig) (+1 more reused dependencies)
|     +- run exe generate-parser (parser.zig) (+1 more reused dependencies)
|     +- run exe generate-parser (parser.zig) (+1 more reused dependencies)
|     +- run exe generate-lexer (lexer.zig) (+1 more reused dependencies)
|     +- run exe generate-parser (parser.zig) (+1 more reused dependencies)
|     +- run exe generate-parser (parser.zig) (+1 more reused dependencies)
|     +- run exe generate-parser (parser.zig) (+1 more reused dependencies)
|     +- run exe generate-parser (parser.zig) (+1 more reused dependencies)
|     +- run exe generate-parser (parser.zig) (+1 more reused dependencies)
|     +- run exe generate-parser (parser.zig) (+1 more reused dependencies)
|     +- run exe generate-parser (parser.zig) (+1 more reused dependencies)
|     +- run exe generate-parser (parser.zig) (+1 more reused dependencies)
|     +- run exe generate-parser (parser.zig) (+1 more reused dependencies)
|     +- run exe generate-parser (parser.zig) (+1 more reused dependencies)
|     +- run exe generate-parser (parser.zig) (+1 more reused dependencies)
|     +- run exe generate-parser (parser.zig) (+1 more reused dependencies)
|     +- run exe generate-parser (parser.zig) (+1 more reused dependencies)
|     +- run exe generate-parser (parser.zig) (+1 more reused dependencies)
|     +- run exe generate-parser (parser.zig) (+1 more reused dependencies)
|     +- run exe generate-parser (parser.zig) (+1 more reused dependencies)
|     +- run exe generate-parser (parser.zig) (+1 more reused dependencies)
|     +- run exe generate-parser (parser.zig) (+1 more reused dependencies)
|     +- run exe generate-parser (parser.zig) (+1 more reused dependencies)
|     +- run exe generate-parser (parser.zig) (+1 more reused dependencies)
|     +- run exe generate-parser (parser.zig) (+1 more reused dependencies)
|     +- run exe generate-parser (parser.zig) (+1 more reused dependencies)
|     +- run exe generate-parser (parser.zig) (+1 more reused dependencies)
|     +- run exe generate-parser (parser.zig) (+1 more reused dependencies)
|     +- run exe generate-parser (parser.zig) (+1 more reused dependencies)
|     +- run exe generate-parser (parser.zig) (+1 more reused dependencies)
|     +- run exe generate-parser (parser.zig) (+1 more reused dependencies)
|     +- run exe generate-parser (parser.zig) (+1 more reused dependencies)
|     +- run exe generate-parser (parser.zig) (+1 more reused dependencies)
|     +- run exe generate-parser (parser.zig) (+1 more reused dependencies)
|     +- run exe generate-parser (parser.zig) (+1 more reused dependencies)
+- run test 3 pass (3 total) 212ms MaxRSS:12M
   +- compile test debug native success 13s MaxRSS:1G
      +- WriteFile interfaces/0.d.zx (+1 more reused dependencies)
      +- options (reused)
      +- run exe generate-parser (parser.zig) (+1 more reused dependencies)
      +- run exe generate-parser (parser.zig) (+1 more reused dependencies)
      +- run exe generate-parser (parser.zig) (+1 more reused dependencies)
      +- run exe generate-parser (parser.zig) (+1 more reused dependencies)
      +- run exe generate-parser (parser.zig) (+1 more reused dependencies)
      +- run exe generate-parser (parser.zig) (+1 more reused dependencies)
      +- run exe generate-parser (parser.zig) (+1 more reused dependencies)
      +- run exe generate-parser (parser.zig) (+1 more reused dependencies)
      +- run exe generate-parser (parser.zig) (+1 more reused dependencies)
      +- run exe generate-parser (parser.zig) (+1 more reused dependencies)
      +- run exe generate-parser (parser.zig) (+1 more reused dependencies)
      +- run exe generate-parser (parser.zig) (+1 more reused dependencies)
      +- run exe generate-parser (parser.zig) (+1 more reused dependencies)
      +- run exe generate-parser (parser.zig) (+1 more reused dependencies)
      +- run exe generate-parser (parser.zig) (+1 more reused dependencies)
      +- run exe generate-parser (parser.zig) (+1 more reused dependencies)
      +- run exe generate-parser (parser.zig) (+1 more reused dependencies)
      +- run exe generate-parser (parser.zig) (+1 more reused dependencies)
      +- run exe generate-parser (parser.zig) (+1 more reused dependencies)
      +- run exe generate-parser (parser.zig) (+1 more reused dependencies)
      +- run exe generate-parser (parser.zig) (+1 more reused dependencies)
      +- run exe generate-parser (parser.zig) (+1 more reused dependencies)
      +- run exe generate-parser (parser.zig) (+1 more reused dependencies)
      +- run exe generate-parser (parser.zig) (+1 more reused dependencies)
      +- run exe generate-parser (parser.zig) (+1 more reused dependencies)
      +- run exe generate-parser (parser.zig) (+1 more reused dependencies)
      +- run exe generate-parser (parser.zig) (+1 more reused dependencies)
      +- run exe generate-parser (parser.zig) (+1 more reused dependencies)
      +- run exe generate-parser (parser.zig) (+1 more reused dependencies)
      +- run exe generate-parser (parser.zig) (+1 more reused dependencies)
      +- run exe generate-parser (parser.zig) (+1 more reused dependencies)
      +- run exe generate-parser (parser.zig) (+1 more reused dependencies)
      +- run exe generate-parser (parser.zig) (+1 more reused dependencies)
      +- run exe generate-parser (parser.zig) (+1 more reused dependencies)
      +- run exe generate-parser (parser.zig) (+1 more reused dependencies)
      +- run exe generate-parser (parser.zig) (+1 more reused dependencies)
      +- run exe generate-lexer (lexer.zig) (+1 more reused dependencies)
      +- run exe generate-parser (parser.zig) (+1 more reused dependencies)
      +- run exe generate-parser (parser.zig) (+1 more reused dependencies)
      +- run exe generate-parser (parser.zig) (+1 more reused dependencies)
      +- run exe generate-parser (parser.zig) (+1 more reused dependencies)
      +- run exe generate-parser (parser.zig) (+1 more reused dependencies)
      +- run exe generate-parser (parser.zig) (+1 more reused dependencies)
      +- run exe generate-parser (parser.zig) (+1 more reused dependencies)
      +- run exe generate-parser (parser.zig) (+1 more reused dependencies)
      +- run exe generate-parser (parser.zig) (+1 more reused dependencies)
      +- run exe generate-parser (parser.zig) (+1 more reused dependencies)
      +- run exe generate-parser (parser.zig) (+1 more reused dependencies)
      +- run exe generate-parser (parser.zig) (+1 more reused dependencies)
      +- run exe generate-parser (parser.zig) (+1 more reused dependencies)
      +- run exe generate-parser (parser.zig) (+1 more reused dependencies)
      +- run exe generate-parser (parser.zig) (+1 more reused dependencies)
      +- run exe generate-parser (parser.zig) (+1 more reused dependencies)
      +- run exe generate-parser (parser.zig) (+1 more reused dependencies)
      +- run exe generate-parser (parser.zig) (+1 more reused dependencies)
      +- run exe generate-parser (parser.zig) (+1 more reused dependencies)
      +- run exe generate-parser (parser.zig) (+1 more reused dependencies)
      +- run exe generate-parser (parser.zig) (+1 more reused dependencies)
      +- run exe generate-parser (parser.zig) (+1 more reused dependencies)
      +- run exe generate-parser (parser.zig) (+1 more reused dependencies)
      +- run exe generate-parser (parser.zig) (+1 more reused dependencies)
      +- run exe generate-parser (parser.zig) (+1 more reused dependencies)
      +- run exe generate-parser (parser.zig) (+1 more reused dependencies)
      +- run exe generate-parser (parser.zig) (+1 more reused dependencies)
      +- run exe generate-parser (parser.zig) (+1 more reused dependencies)
      +- run exe generate-parser (parser.zig) (+1 more reused dependencies)
      +- run exe generate-parser (parser.zig) (+1 more reused dependencies)
      +- run exe generate-parser (parser.zig) (+1 more reused dependencies)
test-typed-try-analysis success
+- run test 13 pass (13 total) 31ms MaxRSS:12M
|  +- compile test debug native success 13s MaxRSS:1G
|     +- WriteFile interfaces/0.d.zx (+1 more reused dependencies)
|     +- options (reused)
|     +- run exe generate-parser (parser.zig) (+1 more reused dependencies)
|     +- run exe generate-parser (parser.zig) (+1 more reused dependencies)
|     +- run exe generate-parser (parser.zig) (+1 more reused dependencies)
|     +- run exe generate-parser (parser.zig) (+1 more reused dependencies)
|     +- run exe generate-parser (parser.zig) (+1 more reused dependencies)
|     +- run exe generate-parser (parser.zig) (+1 more reused dependencies)
|     +- run exe generate-parser (parser.zig) (+1 more reused dependencies)
|     +- run exe generate-parser (parser.zig) (+1 more reused dependencies)
|     +- run exe generate-parser (parser.zig) (+1 more reused dependencies)
|     +- run exe generate-parser (parser.zig) (+1 more reused dependencies)
|     +- run exe generate-parser (parser.zig) (+1 more reused dependencies)
|     +- run exe generate-parser (parser.zig) (+1 more reused dependencies)
|     +- run exe generate-parser (parser.zig) (+1 more reused dependencies)
|     +- run exe generate-parser (parser.zig) (+1 more reused dependencies)
|     +- run exe generate-parser (parser.zig) (+1 more reused dependencies)
|     +- run exe generate-parser (parser.zig) (+1 more reused dependencies)
|     +- run exe generate-parser (parser.zig) (+1 more reused dependencies)
|     +- run exe generate-parser (parser.zig) (+1 more reused dependencies)
|     +- run exe generate-parser (parser.zig) (+1 more reused dependencies)
|     +- run exe generate-parser (parser.zig) (+1 more reused dependencies)
|     +- run exe generate-parser (parser.zig) (+1 more reused dependencies)
|     +- run exe generate-parser (parser.zig) (+1 more reused dependencies)
|     +- run exe generate-parser (parser.zig) (+1 more reused dependencies)
|     +- run exe generate-parser (parser.zig) (+1 more reused dependencies)
|     +- run exe generate-parser (parser.zig) (+1 more reused dependencies)
|     +- run exe generate-parser (parser.zig) (+1 more reused dependencies)
|     +- run exe generate-parser (parser.zig) (+1 more reused dependencies)
|     +- run exe generate-parser (parser.zig) (+1 more reused dependencies)
|     +- run exe generate-parser (parser.zig) (+1 more reused dependencies)
|     +- run exe generate-parser (parser.zig) (+1 more reused dependencies)
|     +- run exe generate-parser (parser.zig) (+1 more reused dependencies)
|     +- run exe generate-parser (parser.zig) (+1 more reused dependencies)
|     +- run exe generate-parser (parser.zig) (+1 more reused dependencies)
|     +- run exe generate-parser (parser.zig) (+1 more reused dependencies)
|     +- run exe generate-parser (parser.zig) (+1 more reused dependencies)
|     +- run exe generate-parser (parser.zig) (+1 more reused dependencies)
|     +- run exe generate-lexer (lexer.zig) (+1 more reused dependencies)
|     +- run exe generate-parser (parser.zig) (+1 more reused dependencies)
|     +- run exe generate-parser (parser.zig) (+1 more reused dependencies)
|     +- run exe generate-parser (parser.zig) (+1 more reused dependencies)
|     +- run exe generate-parser (parser.zig) (+1 more reused dependencies)
|     +- run exe generate-parser (parser.zig) (+1 more reused dependencies)
|     +- run exe generate-parser (parser.zig) (+1 more reused dependencies)
|     +- run exe generate-parser (parser.zig) (+1 more reused dependencies)
|     +- run exe generate-parser (parser.zig) (+1 more reused dependencies)
|     +- run exe generate-parser (parser.zig) (+1 more reused dependencies)
|     +- run exe generate-parser (parser.zig) (+1 more reused dependencies)
|     +- run exe generate-parser (parser.zig) (+1 more reused dependencies)
|     +- run exe generate-parser (parser.zig) (+1 more reused dependencies)
|     +- run exe generate-parser (parser.zig) (+1 more reused dependencies)
|     +- run exe generate-parser (parser.zig) (+1 more reused dependencies)
|     +- run exe generate-parser (parser.zig) (+1 more reused dependencies)
|     +- run exe generate-parser (parser.zig) (+1 more reused dependencies)
|     +- run exe generate-parser (parser.zig) (+1 more reused dependencies)
|     +- run exe generate-parser (parser.zig) (+1 more reused dependencies)
|     +- run exe generate-parser (parser.zig) (+1 more reused dependencies)
|     +- run exe generate-parser (parser.zig) (+1 more reused dependencies)
|     +- run exe generate-parser (parser.zig) (+1 more reused dependencies)
|     +- run exe generate-parser (parser.zig) (+1 more reused dependencies)
|     +- run exe generate-parser (parser.zig) (+1 more reused dependencies)
|     +- run exe generate-parser (parser.zig) (+1 more reused dependencies)
|     +- run exe generate-parser (parser.zig) (+1 more reused dependencies)
|     +- run exe generate-parser (parser.zig) (+1 more reused dependencies)
|     +- run exe generate-parser (parser.zig) (+1 more reused dependencies)
|     +- run exe generate-parser (parser.zig) (+1 more reused dependencies)
|     +- run exe generate-parser (parser.zig) (+1 more reused dependencies)
|     +- run exe generate-parser (parser.zig) (+1 more reused dependencies)
|     +- run exe generate-parser (parser.zig) (+1 more reused dependencies)
+- run test 13 pass (13 total) 38ms MaxRSS:12M
|  +- compile test debug native success 13s MaxRSS:1G
|     +- WriteFile interfaces/0.d.zx (+1 more reused dependencies)
|     +- options (reused)
|     +- run exe generate-parser (parser.zig) (+1 more reused dependencies)
|     +- run exe generate-parser (parser.zig) (+1 more reused dependencies)
|     +- run exe generate-parser (parser.zig) (+1 more reused dependencies)
|     +- run exe generate-parser (parser.zig) (+1 more reused dependencies)
|     +- run exe generate-parser (parser.zig) (+1 more reused dependencies)
|     +- run exe generate-parser (parser.zig) (+1 more reused dependencies)
|     +- run exe generate-parser (parser.zig) (+1 more reused dependencies)
|     +- run exe generate-parser (parser.zig) (+1 more reused dependencies)
|     +- run exe generate-parser (parser.zig) (+1 more reused dependencies)
|     +- run exe generate-parser (parser.zig) (+1 more reused dependencies)
|     +- run exe generate-parser (parser.zig) (+1 more reused dependencies)
|     +- run exe generate-parser (parser.zig) (+1 more reused dependencies)
|     +- run exe generate-parser (parser.zig) (+1 more reused dependencies)
|     +- run exe generate-parser (parser.zig) (+1 more reused dependencies)
|     +- run exe generate-parser (parser.zig) (+1 more reused dependencies)
|     +- run exe generate-parser (parser.zig) (+1 more reused dependencies)
|     +- run exe generate-parser (parser.zig) (+1 more reused dependencies)
|     +- run exe generate-parser (parser.zig) (+1 more reused dependencies)
|     +- run exe generate-parser (parser.zig) (+1 more reused dependencies)
|     +- run exe generate-parser (parser.zig) (+1 more reused dependencies)
|     +- run exe generate-parser (parser.zig) (+1 more reused dependencies)
|     +- run exe generate-parser (parser.zig) (+1 more reused dependencies)
|     +- run exe generate-parser (parser.zig) (+1 more reused dependencies)
|     +- run exe generate-parser (parser.zig) (+1 more reused dependencies)
|     +- run exe generate-parser (parser.zig) (+1 more reused dependencies)
|     +- run exe generate-parser (parser.zig) (+1 more reused dependencies)
|     +- run exe generate-parser (parser.zig) (+1 more reused dependencies)
|     +- run exe generate-parser (parser.zig) (+1 more reused dependencies)
|     +- run exe generate-parser (parser.zig) (+1 more reused dependencies)
|     +- run exe generate-parser (parser.zig) (+1 more reused dependencies)
|     +- run exe generate-parser (parser.zig) (+1 more reused dependencies)
|     +- run exe generate-parser (parser.zig) (+1 more reused dependencies)
|     +- run exe generate-parser (parser.zig) (+1 more reused dependencies)
|     +- run exe generate-parser (parser.zig) (+1 more reused dependencies)
|     +- run exe generate-parser (parser.zig) (+1 more reused dependencies)
|     +- run exe generate-parser (parser.zig) (+1 more reused dependencies)
|     +- run exe generate-lexer (lexer.zig) (+1 more reused dependencies)
|     +- run exe generate-parser (parser.zig) (+1 more reused dependencies)
|     +- run exe generate-parser (parser.zig) (+1 more reused dependencies)
|     +- run exe generate-parser (parser.zig) (+1 more reused dependencies)
|     +- run exe generate-parser (parser.zig) (+1 more reused dependencies)
|     +- run exe generate-parser (parser.zig) (+1 more reused dependencies)
|     +- run exe generate-parser (parser.zig) (+1 more reused dependencies)
|     +- run exe generate-parser (parser.zig) (+1 more reused dependencies)
|     +- run exe generate-parser (parser.zig) (+1 more reused dependencies)
|     +- run exe generate-parser (parser.zig) (+1 more reused dependencies)
|     +- run exe generate-parser (parser.zig) (+1 more reused dependencies)
|     +- run exe generate-parser (parser.zig) (+1 more reused dependencies)
|     +- run exe generate-parser (parser.zig) (+1 more reused dependencies)
|     +- run exe generate-parser (parser.zig) (+1 more reused dependencies)
|     +- run exe generate-parser (parser.zig) (+1 more reused dependencies)
|     +- run exe generate-parser (parser.zig) (+1 more reused dependencies)
|     +- run exe generate-parser (parser.zig) (+1 more reused dependencies)
|     +- run exe generate-parser (parser.zig) (+1 more reused dependencies)
|     +- run exe generate-parser (parser.zig) (+1 more reused dependencies)
|     +- run exe generate-parser (parser.zig) (+1 more reused dependencies)
|     +- run exe generate-parser (parser.zig) (+1 more reused dependencies)
|     +- run exe generate-parser (parser.zig) (+1 more reused dependencies)
|     +- run exe generate-parser (parser.zig) (+1 more reused dependencies)
|     +- run exe generate-parser (parser.zig) (+1 more reused dependencies)
|     +- run exe generate-parser (parser.zig) (+1 more reused dependencies)
|     +- run exe generate-parser (parser.zig) (+1 more reused dependencies)
|     +- run exe generate-parser (parser.zig) (+1 more reused dependencies)
|     +- run exe generate-parser (parser.zig) (+1 more reused dependencies)
|     +- run exe generate-parser (parser.zig) (+1 more reused dependencies)
|     +- run exe generate-parser (parser.zig) (+1 more reused dependencies)
|     +- run exe generate-parser (parser.zig) (+1 more reused dependencies)
|     +- run exe generate-parser (parser.zig) (+1 more reused dependencies)
+- run test 17 pass (17 total) 22ms MaxRSS:7M
|  +- compile test debug native success 13s MaxRSS:1G
|     +- WriteFile interfaces/0.d.zx (+1 more reused dependencies)
|     +- options (reused)
|     +- run exe generate-parser (parser.zig) (+1 more reused dependencies)
|     +- run exe generate-parser (parser.zig) (+1 more reused dependencies)
|     +- run exe generate-parser (parser.zig) (+1 more reused dependencies)
|     +- run exe generate-parser (parser.zig) (+1 more reused dependencies)
|     +- run exe generate-parser (parser.zig) (+1 more reused dependencies)
|     +- run exe generate-parser (parser.zig) (+1 more reused dependencies)
|     +- run exe generate-parser (parser.zig) (+1 more reused dependencies)
|     +- run exe generate-parser (parser.zig) (+1 more reused dependencies)
|     +- run exe generate-parser (parser.zig) (+1 more reused dependencies)
|     +- run exe generate-parser (parser.zig) (+1 more reused dependencies)
|     +- run exe generate-parser (parser.zig) (+1 more reused dependencies)
|     +- run exe generate-parser (parser.zig) (+1 more reused dependencies)
|     +- run exe generate-parser (parser.zig) (+1 more reused dependencies)
|     +- run exe generate-parser (parser.zig) (+1 more reused dependencies)
|     +- run exe generate-parser (parser.zig) (+1 more reused dependencies)
|     +- run exe generate-parser (parser.zig) (+1 more reused dependencies)
|     +- run exe generate-parser (parser.zig) (+1 more reused dependencies)
|     +- run exe generate-parser (parser.zig) (+1 more reused dependencies)
|     +- run exe generate-parser (parser.zig) (+1 more reused dependencies)
|     +- run exe generate-parser (parser.zig) (+1 more reused dependencies)
|     +- run exe generate-parser (parser.zig) (+1 more reused dependencies)
|     +- run exe generate-parser (parser.zig) (+1 more reused dependencies)
|     +- run exe generate-parser (parser.zig) (+1 more reused dependencies)
|     +- run exe generate-parser (parser.zig) (+1 more reused dependencies)
|     +- run exe generate-parser (parser.zig) (+1 more reused dependencies)
|     +- run exe generate-parser (parser.zig) (+1 more reused dependencies)
|     +- run exe generate-parser (parser.zig) (+1 more reused dependencies)
|     +- run exe generate-parser (parser.zig) (+1 more reused dependencies)
|     +- run exe generate-parser (parser.zig) (+1 more reused dependencies)
|     +- run exe generate-parser (parser.zig) (+1 more reused dependencies)
|     +- run exe generate-parser (parser.zig) (+1 more reused dependencies)
|     +- run exe generate-parser (parser.zig) (+1 more reused dependencies)
|     +- run exe generate-parser (parser.zig) (+1 more reused dependencies)
|     +- run exe generate-parser (parser.zig) (+1 more reused dependencies)
|     +- run exe generate-parser (parser.zig) (+1 more reused dependencies)
|     +- run exe generate-parser (parser.zig) (+1 more reused dependencies)
|     +- run exe generate-lexer (lexer.zig) (+1 more reused dependencies)
|     +- run exe generate-parser (parser.zig) (+1 more reused dependencies)
|     +- run exe generate-parser (parser.zig) (+1 more reused dependencies)
|     +- run exe generate-parser (parser.zig) (+1 more reused dependencies)
|     +- run exe generate-parser (parser.zig) (+1 more reused dependencies)
|     +- run exe generate-parser (parser.zig) (+1 more reused dependencies)
|     +- run exe generate-parser (parser.zig) (+1 more reused dependencies)
|     +- run exe generate-parser (parser.zig) (+1 more reused dependencies)
|     +- run exe generate-parser (parser.zig) (+1 more reused dependencies)
|     +- run exe generate-parser (parser.zig) (+1 more reused dependencies)
|     +- run exe generate-parser (parser.zig) (+1 more reused dependencies)
|     +- run exe generate-parser (parser.zig) (+1 more reused dependencies)
|     +- run exe generate-parser (parser.zig) (+1 more reused dependencies)
|     +- run exe generate-parser (parser.zig) (+1 more reused dependencies)
|     +- run exe generate-parser (parser.zig) (+1 more reused dependencies)
|     +- run exe generate-parser (parser.zig) (+1 more reused dependencies)
|     +- run exe generate-parser (parser.zig) (+1 more reused dependencies)
|     +- run exe generate-parser (parser.zig) (+1 more reused dependencies)
|     +- run exe generate-parser (parser.zig) (+1 more reused dependencies)
|     +- run exe generate-parser (parser.zig) (+1 more reused dependencies)
|     +- run exe generate-parser (parser.zig) (+1 more reused dependencies)
|     +- run exe generate-parser (parser.zig) (+1 more reused dependencies)
|     +- run exe generate-parser (parser.zig) (+1 more reused dependencies)
|     +- run exe generate-parser (parser.zig) (+1 more reused dependencies)
|     +- run exe generate-parser (parser.zig) (+1 more reused dependencies)
|     +- run exe generate-parser (parser.zig) (+1 more reused dependencies)
|     +- run exe generate-parser (parser.zig) (+1 more reused dependencies)
|     +- run exe generate-parser (parser.zig) (+1 more reused dependencies)
|     +- run exe generate-parser (parser.zig) (+1 more reused dependencies)
|     +- run exe generate-parser (parser.zig) (+1 more reused dependencies)
|     +- run exe generate-parser (parser.zig) (+1 more reused dependencies)
|     +- run exe generate-parser (parser.zig) (+1 more reused dependencies)
+- run test 2 pass (2 total) 97ms MaxRSS:12M
   +- compile test debug native success 13s MaxRSS:1G
      +- WriteFile interfaces/0.d.zx (+1 more reused dependencies)
      +- options (reused)
      +- run exe generate-parser (parser.zig) (+1 more reused dependencies)
      +- run exe generate-parser (parser.zig) (+1 more reused dependencies)
      +- run exe generate-parser (parser.zig) (+1 more reused dependencies)
      +- run exe generate-parser (parser.zig) (+1 more reused dependencies)
      +- run exe generate-parser (parser.zig) (+1 more reused dependencies)
      +- run exe generate-parser (parser.zig) (+1 more reused dependencies)
      +- run exe generate-parser (parser.zig) (+1 more reused dependencies)
      +- run exe generate-parser (parser.zig) (+1 more reused dependencies)
      +- run exe generate-parser (parser.zig) (+1 more reused dependencies)
      +- run exe generate-parser (parser.zig) (+1 more reused dependencies)
      +- run exe generate-parser (parser.zig) (+1 more reused dependencies)
      +- run exe generate-parser (parser.zig) (+1 more reused dependencies)
      +- run exe generate-parser (parser.zig) (+1 more reused dependencies)
      +- run exe generate-parser (parser.zig) (+1 more reused dependencies)
      +- run exe generate-parser (parser.zig) (+1 more reused dependencies)
      +- run exe generate-parser (parser.zig) (+1 more reused dependencies)
      +- run exe generate-parser (parser.zig) (+1 more reused dependencies)
      +- run exe generate-parser (parser.zig) (+1 more reused dependencies)
      +- run exe generate-parser (parser.zig) (+1 more reused dependencies)
      +- run exe generate-parser (parser.zig) (+1 more reused dependencies)
      +- run exe generate-parser (parser.zig) (+1 more reused dependencies)
      +- run exe generate-parser (parser.zig) (+1 more reused dependencies)
      +- run exe generate-parser (parser.zig) (+1 more reused dependencies)
      +- run exe generate-parser (parser.zig) (+1 more reused dependencies)
      +- run exe generate-parser (parser.zig) (+1 more reused dependencies)
      +- run exe generate-parser (parser.zig) (+1 more reused dependencies)
      +- run exe generate-parser (parser.zig) (+1 more reused dependencies)
      +- run exe generate-parser (parser.zig) (+1 more reused dependencies)
      +- run exe generate-parser (parser.zig) (+1 more reused dependencies)
      +- run exe generate-parser (parser.zig) (+1 more reused dependencies)
      +- run exe generate-parser (parser.zig) (+1 more reused dependencies)
      +- run exe generate-parser (parser.zig) (+1 more reused dependencies)
      +- run exe generate-parser (parser.zig) (+1 more reused dependencies)
      +- run exe generate-parser (parser.zig) (+1 more reused dependencies)
      +- run exe generate-parser (parser.zig) (+1 more reused dependencies)
      +- run exe generate-parser (parser.zig) (+1 more reused dependencies)
      +- run exe generate-lexer (lexer.zig) (+1 more reused dependencies)
      +- run exe generate-parser (parser.zig) (+1 more reused dependencies)
      +- run exe generate-parser (parser.zig) (+1 more reused dependencies)
      +- run exe generate-parser (parser.zig) (+1 more reused dependencies)
      +- run exe generate-parser (parser.zig) (+1 more reused dependencies)
      +- run exe generate-parser (parser.zig) (+1 more reused dependencies)
      +- run exe generate-parser (parser.zig) (+1 more reused dependencies)
      +- run exe generate-parser (parser.zig) (+1 more reused dependencies)
      +- run exe generate-parser (parser.zig) (+1 more reused dependencies)
      +- run exe generate-parser (parser.zig) (+1 more reused dependencies)
      +- run exe generate-parser (parser.zig) (+1 more reused dependencies)
      +- run exe generate-parser (parser.zig) (+1 more reused dependencies)
      +- run exe generate-parser (parser.zig) (+1 more reused dependencies)
      +- run exe generate-parser (parser.zig) (+1 more reused dependencies)
      +- run exe generate-parser (parser.zig) (+1 more reused dependencies)
      +- run exe generate-parser (parser.zig) (+1 more reused dependencies)
      +- run exe generate-parser (parser.zig) (+1 more reused dependencies)
      +- run exe generate-parser (parser.zig) (+1 more reused dependencies)
      +- run exe generate-parser (parser.zig) (+1 more reused dependencies)
      +- run exe generate-parser (parser.zig) (+1 more reused dependencies)
      +- run exe generate-parser (parser.zig) (+1 more reused dependencies)
      +- run exe generate-parser (parser.zig) (+1 more reused dependencies)
      +- run exe generate-parser (parser.zig) (+1 more reused dependencies)
      +- run exe generate-parser (parser.zig) (+1 more reused dependencies)
      +- run exe generate-parser (parser.zig) (+1 more reused dependencies)
      +- run exe generate-parser (parser.zig) (+1 more reused dependencies)
      +- run exe generate-parser (parser.zig) (+1 more reused dependencies)
      +- run exe generate-parser (parser.zig) (+1 more reused dependencies)
      +- run exe generate-parser (parser.zig) (+1 more reused dependencies)
      +- run exe generate-parser (parser.zig) (+1 more reused dependencies)
      +- run exe generate-parser (parser.zig) (+1 more reused dependencies)
      +- run exe generate-parser (parser.zig) (+1 more reused dependencies)
test-rx-parallel-inference success
+- run test 105 pass (105 total) 10s MaxRSS:29M
   +- compile test debug native success 17s MaxRSS:1G
      +- options cached
      +- run exe generate-parser (parser.zig) (+1 more reused dependencies)
      +- run exe generate-parser (parser.zig) (+1 more reused dependencies)
      +- run exe generate-parser (parser.zig) (+1 more reused dependencies)
      +- run exe generate-parser (parser.zig) (+1 more reused dependencies)
      +- run exe generate-parser (parser.zig) (+1 more reused dependencies)
      +- run exe generate-parser (parser.zig) (+1 more reused dependencies)
      +- run exe generate-parser (parser.zig) (+1 more reused dependencies)
      +- WriteFile interfaces/0.d.zx (+1 more reused dependencies)
      +- options (reused)
      +- run exe generate-parser (parser.zig) (+1 more reused dependencies)
      +- run exe generate-parser (parser.zig) (+1 more reused dependencies)
      +- run exe generate-parser (parser.zig) (+1 more reused dependencies)
      +- run exe generate-parser (parser.zig) (+1 more reused dependencies)
      +- run exe generate-parser (parser.zig) (+1 more reused dependencies)
      +- run exe generate-parser (parser.zig) (+1 more reused dependencies)
      +- run exe generate-parser (parser.zig) (+1 more reused dependencies)
      +- run exe generate-parser (parser.zig) (+1 more reused dependencies)
      +- run exe generate-parser (parser.zig) (+1 more reused dependencies)
      +- run exe generate-parser (parser.zig) (+1 more reused dependencies)
      +- run exe generate-parser (parser.zig) (+1 more reused dependencies)
      +- run exe generate-parser (parser.zig) (+1 more reused dependencies)
      +- run exe generate-parser (parser.zig) (+1 more reused dependencies)
      +- run exe generate-parser (parser.zig) (+1 more reused dependencies)
      +- run exe generate-parser (parser.zig) (+1 more reused dependencies)
      +- run exe generate-parser (parser.zig) (+1 more reused dependencies)
      +- run exe generate-parser (parser.zig) (+1 more reused dependencies)
      +- run exe generate-parser (parser.zig) (+1 more reused dependencies)
      +- run exe generate-parser (parser.zig) (+1 more reused dependencies)
      +- run exe generate-parser (parser.zig) (+1 more reused dependencies)
      +- run exe generate-parser (parser.zig) (+1 more reused dependencies)
      +- run exe generate-parser (parser.zig) (+1 more reused dependencies)
      +- run exe generate-parser (parser.zig) (+1 more reused dependencies)
      +- run exe generate-parser (parser.zig) (+1 more reused dependencies)
      +- run exe generate-parser (parser.zig) (+1 more reused dependencies)
      +- run exe generate-parser (parser.zig) (+1 more reused dependencies)
      +- run exe generate-parser (parser.zig) (+1 more reused dependencies)
      +- run exe generate-parser (parser.zig) (+1 more reused dependencies)
      +- run exe generate-parser (parser.zig) (+1 more reused dependencies)
      +- run exe generate-parser (parser.zig) (+1 more reused dependencies)
      +- run exe generate-parser (parser.zig) (+1 more reused dependencies)
      +- run exe generate-parser (parser.zig) (+1 more reused dependencies)
      +- run exe generate-parser (parser.zig) (+1 more reused dependencies)
      +- run exe generate-parser (parser.zig) (+1 more reused dependencies)
      +- run exe generate-parser (parser.zig) (+1 more reused dependencies)
      +- run exe generate-parser (parser.zig) (+1 more reused dependencies)
      +- run exe generate-lexer (lexer.zig) (+1 more reused dependencies)
      +- run exe generate-parser (parser.zig) (+1 more reused dependencies)
      +- run exe generate-parser (parser.zig) (+1 more reused dependencies)
      +- run exe generate-parser (parser.zig) (+1 more reused dependencies)
      +- run exe generate-parser (parser.zig) (+1 more reused dependencies)
      +- run exe generate-parser (parser.zig) (+1 more reused dependencies)
      +- run exe generate-parser (parser.zig) (+1 more reused dependencies)
      +- run exe generate-parser (parser.zig) (+1 more reused dependencies)
      +- run exe generate-parser (parser.zig) (+1 more reused dependencies)
      +- run exe generate-parser (parser.zig) (+1 more reused dependencies)
      +- run exe generate-parser (parser.zig) (+1 more reused dependencies)
      +- run exe generate-parser (parser.zig) (+1 more reused dependencies)
      +- run exe generate-parser (parser.zig) (+1 more reused dependencies)
      +- run exe generate-parser (parser.zig) (+1 more reused dependencies)
      +- run exe generate-parser (parser.zig) (+1 more reused dependencies)
      +- run exe generate-parser (parser.zig) (+1 more reused dependencies)
      +- run exe generate-parser (parser.zig) (+1 more reused dependencies)
      +- run exe generate-parser (parser.zig) (+1 more reused dependencies)
      +- run exe generate-parser (parser.zig) (+1 more reused dependencies)
      +- run exe generate-parser (parser.zig) (+1 more reused dependencies)
      +- run exe generate-parser (parser.zig) (+1 more reused dependencies)
      +- run exe generate-parser (parser.zig) (+1 more reused dependencies)
      +- run exe generate-parser (parser.zig) (+1 more reused dependencies)
      +- run exe generate-parser (parser.zig) (+1 more reused dependencies)
      +- run exe generate-parser (parser.zig) (+1 more reused dependencies)
      +- run exe generate-parser (parser.zig) (+1 more reused dependencies)
      +- run exe generate-parser (parser.zig) (+1 more reused dependencies)
      +- run exe generate-parser (parser.zig) (+1 more reused dependencies)
      +- run exe generate-parser (parser.zig) (+1 more reused dependencies)
      +- run exe generate-parser (parser.zig) (+1 more reused dependencies)
      +- run exe generate-parser (parser.zig) (+1 more reused dependencies)
      +- run exe generate-parser (parser.zig) (+1 more reused dependencies)
test-rx-task-output success
+- run test 36 pass (36 total) 1s MaxRSS:15M
|  +- compile test debug native success 16s MaxRSS:1G
|     +- options (reused)
|     +- run exe generate-parser (parser.zig) (+1 more reused dependencies)
|     +- run exe generate-parser (parser.zig) (+1 more reused dependencies)
|     +- run exe generate-parser (parser.zig) (+1 more reused dependencies)
|     +- run exe generate-parser (parser.zig) (+1 more reused dependencies)
|     +- run exe generate-parser (parser.zig) (+1 more reused dependencies)
|     +- run exe generate-parser (parser.zig) (+1 more reused dependencies)
|     +- run exe generate-parser (parser.zig) (+1 more reused dependencies)
|     +- WriteFile interfaces/0.d.zx (+1 more reused dependencies)
|     +- options (reused)
|     +- run exe generate-parser (parser.zig) (+1 more reused dependencies)
|     +- run exe generate-parser (parser.zig) (+1 more reused dependencies)
|     +- run exe generate-parser (parser.zig) (+1 more reused dependencies)
|     +- run exe generate-parser (parser.zig) (+1 more reused dependencies)
|     +- run exe generate-parser (parser.zig) (+1 more reused dependencies)
|     +- run exe generate-parser (parser.zig) (+1 more reused dependencies)
|     +- run exe generate-parser (parser.zig) (+1 more reused dependencies)
|     +- run exe generate-parser (parser.zig) (+1 more reused dependencies)
|     +- run exe generate-parser (parser.zig) (+1 more reused dependencies)
|     +- run exe generate-parser (parser.zig) (+1 more reused dependencies)
|     +- run exe generate-parser (parser.zig) (+1 more reused dependencies)
|     +- run exe generate-parser (parser.zig) (+1 more reused dependencies)
|     +- run exe generate-parser (parser.zig) (+1 more reused dependencies)
|     +- run exe generate-parser (parser.zig) (+1 more reused dependencies)
|     +- run exe generate-parser (parser.zig) (+1 more reused dependencies)
|     +- run exe generate-parser (parser.zig) (+1 more reused dependencies)
|     +- run exe generate-parser (parser.zig) (+1 more reused dependencies)
|     +- run exe generate-parser (parser.zig) (+1 more reused dependencies)
|     +- run exe generate-parser (parser.zig) (+1 more reused dependencies)
|     +- run exe generate-parser (parser.zig) (+1 more reused dependencies)
|     +- run exe generate-parser (parser.zig) (+1 more reused dependencies)
|     +- run exe generate-parser (parser.zig) (+1 more reused dependencies)
|     +- run exe generate-parser (parser.zig) (+1 more reused dependencies)
|     +- run exe generate-parser (parser.zig) (+1 more reused dependencies)
|     +- run exe generate-parser (parser.zig) (+1 more reused dependencies)
|     +- run exe generate-parser (parser.zig) (+1 more reused dependencies)
|     +- run exe generate-parser (parser.zig) (+1 more reused dependencies)
|     +- run exe generate-parser (parser.zig) (+1 more reused dependencies)
|     +- run exe generate-parser (parser.zig) (+1 more reused dependencies)
|     +- run exe generate-parser (parser.zig) (+1 more reused dependencies)
|     +- run exe generate-parser (parser.zig) (+1 more reused dependencies)
|     +- run exe generate-parser (parser.zig) (+1 more reused dependencies)
|     +- run exe generate-parser (parser.zig) (+1 more reused dependencies)
|     +- run exe generate-parser (parser.zig) (+1 more reused dependencies)
|     +- run exe generate-parser (parser.zig) (+1 more reused dependencies)
|     +- run exe generate-parser (parser.zig) (+1 more reused dependencies)
|     +- run exe generate-lexer (lexer.zig) (+1 more reused dependencies)
|     +- run exe generate-parser (parser.zig) (+1 more reused dependencies)
|     +- run exe generate-parser (parser.zig) (+1 more reused dependencies)
|     +- run exe generate-parser (parser.zig) (+1 more reused dependencies)
|     +- run exe generate-parser (parser.zig) (+1 more reused dependencies)
|     +- run exe generate-parser (parser.zig) (+1 more reused dependencies)
|     +- run exe generate-parser (parser.zig) (+1 more reused dependencies)
|     +- run exe generate-parser (parser.zig) (+1 more reused dependencies)
|     +- run exe generate-parser (parser.zig) (+1 more reused dependencies)
|     +- run exe generate-parser (parser.zig) (+1 more reused dependencies)
|     +- run exe generate-parser (parser.zig) (+1 more reused dependencies)
|     +- run exe generate-parser (parser.zig) (+1 more reused dependencies)
|     +- run exe generate-parser (parser.zig) (+1 more reused dependencies)
|     +- run exe generate-parser (parser.zig) (+1 more reused dependencies)
|     +- run exe generate-parser (parser.zig) (+1 more reused dependencies)
|     +- run exe generate-parser (parser.zig) (+1 more reused dependencies)
|     +- run exe generate-parser (parser.zig) (+1 more reused dependencies)
|     +- run exe generate-parser (parser.zig) (+1 more reused dependencies)
|     +- run exe generate-parser (parser.zig) (+1 more reused dependencies)
|     +- run exe generate-parser (parser.zig) (+1 more reused dependencies)
|     +- run exe generate-parser (parser.zig) (+1 more reused dependencies)
|     +- run exe generate-parser (parser.zig) (+1 more reused dependencies)
|     +- run exe generate-parser (parser.zig) (+1 more reused dependencies)
|     +- run exe generate-parser (parser.zig) (+1 more reused dependencies)
|     +- run exe generate-parser (parser.zig) (+1 more reused dependencies)
|     +- run exe generate-parser (parser.zig) (+1 more reused dependencies)
|     +- run exe generate-parser (parser.zig) (+1 more reused dependencies)
|     +- run exe generate-parser (parser.zig) (+1 more reused dependencies)
|     +- run exe generate-parser (parser.zig) (+1 more reused dependencies)
|     +- run exe generate-parser (parser.zig) (+1 more reused dependencies)
|     +- run exe generate-parser (parser.zig) (+1 more reused dependencies)
|     +- run exe generate-parser (parser.zig) (+1 more reused dependencies)
+- run node success 22s
   +- compile exe zxc debug native cached 54ms MaxRSS:22M
      +- WriteFile cached
      +- compile lib yaml debug native cached 45ms MaxRSS:20M
      +- compile lib yaml debug native (reused)
      +- translate-c cached 74ms MaxRSS:21M
      +- options success
      +- run exe bundle-zig (bundle) cached
      |  +- compile exe bundle-zig fast native success 27s MaxRSS:929M
      |  +- WriteFile bundle_manifest.json cached
      +- options (reused)
      +- run exe generate-parser (parser.zig) (+1 more reused dependencies)
      +- run exe generate-parser (parser.zig) (+1 more reused dependencies)
      +- run exe generate-parser (parser.zig) (+1 more reused dependencies)
      +- run exe generate-parser (parser.zig) (+1 more reused dependencies)
      +- run exe generate-parser (parser.zig) (+1 more reused dependencies)
      +- run exe generate-parser (parser.zig) (+1 more reused dependencies)
      +- run exe generate-parser (parser.zig) (+1 more reused dependencies)
      +- WriteFile interfaces/0.d.zx (+1 more reused dependencies)
      +- options (reused)
      +- run exe generate-parser (parser.zig) (+1 more reused dependencies)
      +- run exe generate-parser (parser.zig) (+1 more reused dependencies)
      +- run exe generate-parser (parser.zig) (+1 more reused dependencies)
      +- run exe generate-parser (parser.zig) (+1 more reused dependencies)
      +- run exe generate-parser (parser.zig) (+1 more reused dependencies)
      +- run exe generate-parser (parser.zig) (+1 more reused dependencies)
      +- run exe generate-parser (parser.zig) (+1 more reused dependencies)
      +- run exe generate-parser (parser.zig) (+1 more reused dependencies)
      +- run exe generate-parser (parser.zig) (+1 more reused dependencies)
      +- run exe generate-parser (parser.zig) (+1 more reused dependencies)
      +- run exe generate-parser (parser.zig) (+1 more reused dependencies)
      +- run exe generate-parser (parser.zig) (+1 more reused dependencies)
      +- run exe generate-parser (parser.zig) (+1 more reused dependencies)
      +- run exe generate-parser (parser.zig) (+1 more reused dependencies)
      +- run exe generate-parser (parser.zig) (+1 more reused dependencies)
      +- run exe generate-parser (parser.zig) (+1 more reused dependencies)
      +- run exe generate-parser (parser.zig) (+1 more reused dependencies)
      +- run exe generate-parser (parser.zig) (+1 more reused dependencies)
      +- run exe generate-parser (parser.zig) (+1 more reused dependencies)
      +- run exe generate-parser (parser.zig) (+1 more reused dependencies)
      +- run exe generate-parser (parser.zig) (+1 more reused dependencies)
      +- run exe generate-parser (parser.zig) (+1 more reused dependencies)
      +- run exe generate-parser (parser.zig) (+1 more reused dependencies)
      +- run exe generate-parser (parser.zig) (+1 more reused dependencies)
      +- run exe generate-parser (parser.zig) (+1 more reused dependencies)
      +- run exe generate-parser (parser.zig) (+1 more reused dependencies)
      +- run exe generate-parser (parser.zig) (+1 more reused dependencies)
      +- run exe generate-parser (parser.zig) (+1 more reused dependencies)
      +- run exe generate-parser (parser.zig) (+1 more reused dependencies)
      +- run exe generate-parser (parser.zig) (+1 more reused dependencies)
      +- run exe generate-parser (parser.zig) (+1 more reused dependencies)
      +- run exe generate-parser (parser.zig) (+1 more reused dependencies)
      +- run exe generate-parser (parser.zig) (+1 more reused dependencies)
      +- run exe generate-parser (parser.zig) (+1 more reused dependencies)
      +- run exe generate-parser (parser.zig) (+1 more reused dependencies)
      +- run exe generate-parser (parser.zig) (+1 more reused dependencies)
      +- run exe generate-parser (parser.zig) (+1 more reused dependencies)
      +- run exe generate-lexer (lexer.zig) (+1 more reused dependencies)
      +- run exe generate-parser (parser.zig) (+1 more reused dependencies)
      +- run exe generate-parser (parser.zig) (+1 more reused dependencies)
      +- run exe generate-parser (parser.zig) (+1 more reused dependencies)
      +- run exe generate-parser (parser.zig) (+1 more reused dependencies)
      +- run exe generate-parser (parser.zig) (+1 more reused dependencies)
      +- run exe generate-parser (parser.zig) (+1 more reused dependencies)
      +- run exe generate-parser (parser.zig) (+1 more reused dependencies)
      +- run exe generate-parser (parser.zig) (+1 more reused dependencies)
      +- run exe generate-parser (parser.zig) (+1 more reused dependencies)
      +- run exe generate-parser (parser.zig) (+1 more reused dependencies)
      +- run exe generate-parser (parser.zig) (+1 more reused dependencies)
      +- run exe generate-parser (parser.zig) (+1 more reused dependencies)
      +- run exe generate-parser (parser.zig) (+1 more reused dependencies)
      +- run exe generate-parser (parser.zig) (+1 more reused dependencies)
      +- run exe generate-parser (parser.zig) (+1 more reused dependencies)
      +- run exe generate-parser (parser.zig) (+1 more reused dependencies)
      +- run exe generate-parser (parser.zig) (+1 more reused dependencies)
      +- run exe generate-parser (parser.zig) (+1 more reused dependencies)
      +- run exe generate-parser (parser.zig) (+1 more reused dependencies)
      +- run exe generate-parser (parser.zig) (+1 more reused dependencies)
      +- run exe generate-parser (parser.zig) (+1 more reused dependencies)
      +- run exe generate-parser (parser.zig) (+1 more reused dependencies)
      +- run exe generate-parser (parser.zig) (+1 more reused dependencies)
      +- run exe generate-parser (parser.zig) (+1 more reused dependencies)
      +- run exe generate-parser (parser.zig) (+1 more reused dependencies)
      +- run exe generate-parser (parser.zig) (+1 more reused dependencies)
      +- run exe generate-parser (parser.zig) (+1 more reused dependencies)
      +- run exe generate-parser (parser.zig) (+1 more reused dependencies)
      +- run exe generate-parser (parser.zig) (+1 more reused dependencies)
      +- run exe generate-parser (parser.zig) (+1 more reused dependencies)
test-rx-inference success
+- run test 138 pass (138 total) 1s MaxRSS:19M
   +- compile test debug native success 18s MaxRSS:1G
      +- options (reused)
      +- run exe generate-parser (parser.zig) (+1 more reused dependencies)
      +- run exe generate-parser (parser.zig) (+1 more reused dependencies)
      +- run exe generate-parser (parser.zig) (+1 more reused dependencies)
      +- run exe generate-parser (parser.zig) (+1 more reused dependencies)
      +- run exe generate-parser (parser.zig) (+1 more reused dependencies)
      +- run exe generate-parser (parser.zig) (+1 more reused dependencies)
      +- run exe generate-parser (parser.zig) (+1 more reused dependencies)
      +- WriteFile interfaces/0.d.zx (+1 more reused dependencies)
      +- options (reused)
      +- run exe generate-parser (parser.zig) (+1 more reused dependencies)
      +- run exe generate-parser (parser.zig) (+1 more reused dependencies)
      +- run exe generate-parser (parser.zig) (+1 more reused dependencies)
      +- run exe generate-parser (parser.zig) (+1 more reused dependencies)
      +- run exe generate-parser (parser.zig) (+1 more reused dependencies)
      +- run exe generate-parser (parser.zig) (+1 more reused dependencies)
      +- run exe generate-parser (parser.zig) (+1 more reused dependencies)
      +- run exe generate-parser (parser.zig) (+1 more reused dependencies)
      +- run exe generate-parser (parser.zig) (+1 more reused dependencies)
      +- run exe generate-parser (parser.zig) (+1 more reused dependencies)
      +- run exe generate-parser (parser.zig) (+1 more reused dependencies)
      +- run exe generate-parser (parser.zig) (+1 more reused dependencies)
      +- run exe generate-parser (parser.zig) (+1 more reused dependencies)
      +- run exe generate-parser (parser.zig) (+1 more reused dependencies)
      +- run exe generate-parser (parser.zig) (+1 more reused dependencies)
      +- run exe generate-parser (parser.zig) (+1 more reused dependencies)
      +- run exe generate-parser (parser.zig) (+1 more reused dependencies)
      +- run exe generate-parser (parser.zig) (+1 more reused dependencies)
      +- run exe generate-parser (parser.zig) (+1 more reused dependencies)
      +- run exe generate-parser (parser.zig) (+1 more reused dependencies)
      +- run exe generate-parser (parser.zig) (+1 more reused dependencies)
      +- run exe generate-parser (parser.zig) (+1 more reused dependencies)
      +- run exe generate-parser (parser.zig) (+1 more reused dependencies)
      +- run exe generate-parser (parser.zig) (+1 more reused dependencies)
      +- run exe generate-parser (parser.zig) (+1 more reused dependencies)
      +- run exe generate-parser (parser.zig) (+1 more reused dependencies)
      +- run exe generate-parser (parser.zig) (+1 more reused dependencies)
      +- run exe generate-parser (parser.zig) (+1 more reused dependencies)
      +- run exe generate-parser (parser.zig) (+1 more reused dependencies)
      +- run exe generate-parser (parser.zig) (+1 more reused dependencies)
      +- run exe generate-parser (parser.zig) (+1 more reused dependencies)
      +- run exe generate-parser (parser.zig) (+1 more reused dependencies)
      +- run exe generate-parser (parser.zig) (+1 more reused dependencies)
      +- run exe generate-parser (parser.zig) (+1 more reused dependencies)
      +- run exe generate-parser (parser.zig) (+1 more reused dependencies)
      +- run exe generate-parser (parser.zig) (+1 more reused dependencies)
      +- run exe generate-lexer (lexer.zig) (+1 more reused dependencies)
      +- run exe generate-parser (parser.zig) (+1 more reused dependencies)
      +- run exe generate-parser (parser.zig) (+1 more reused dependencies)
      +- run exe generate-parser (parser.zig) (+1 more reused dependencies)
      +- run exe generate-parser (parser.zig) (+1 more reused dependencies)
      +- run exe generate-parser (parser.zig) (+1 more reused dependencies)
      +- run exe generate-parser (parser.zig) (+1 more reused dependencies)
      +- run exe generate-parser (parser.zig) (+1 more reused dependencies)
      +- run exe generate-parser (parser.zig) (+1 more reused dependencies)
      +- run exe generate-parser (parser.zig) (+1 more reused dependencies)
      +- run exe generate-parser (parser.zig) (+1 more reused dependencies)
      +- run exe generate-parser (parser.zig) (+1 more reused dependencies)
      +- run exe generate-parser (parser.zig) (+1 more reused dependencies)
      +- run exe generate-parser (parser.zig) (+1 more reused dependencies)
      +- run exe generate-parser (parser.zig) (+1 more reused dependencies)
      +- run exe generate-parser (parser.zig) (+1 more reused dependencies)
      +- run exe generate-parser (parser.zig) (+1 more reused dependencies)
      +- run exe generate-parser (parser.zig) (+1 more reused dependencies)
      +- run exe generate-parser (parser.zig) (+1 more reused dependencies)
      +- run exe generate-parser (parser.zig) (+1 more reused dependencies)
      +- run exe generate-parser (parser.zig) (+1 more reused dependencies)
      +- run exe generate-parser (parser.zig) (+1 more reused dependencies)
      +- run exe generate-parser (parser.zig) (+1 more reused dependencies)
      +- run exe generate-parser (parser.zig) (+1 more reused dependencies)
      +- run exe generate-parser (parser.zig) (+1 more reused dependencies)
      +- run exe generate-parser (parser.zig) (+1 more reused dependencies)
      +- run exe generate-parser (parser.zig) (+1 more reused dependencies)
      +- run exe generate-parser (parser.zig) (+1 more reused dependencies)
      +- run exe generate-parser (parser.zig) (+1 more reused dependencies)
      +- run exe generate-parser (parser.zig) (+1 more reused dependencies)
      +- run exe generate-parser (parser.zig) (+1 more reused dependencies)
      +- run exe generate-parser (parser.zig) (+1 more reused dependencies)

