Native bundle: relocated ZX/Zig execution, file hashes, dependency options, dynamic assets and four path rejection scenarios passed
Native declarations: 72 aggregate reference calls, native error propagation and two allocation failure traversals passed
Native invocation: 25 inputs passed zero/multiple arguments, allocator and namespace execution
Zlib compression: 264 independently decoded or rejected application calls passed
Build modes: app, relocated Zig library and relocated ZX library passed
✔ package init / default version (15.476829ms)
✔ package init / scoped name (9.997123ms)
✔ package init / all options (10.311252ms)
✔ package init / reordered options (9.785235ms)
✔ package init / yaml punctuation in entry (9.922275ms)
✔ package init / invalid arguments [] (4.382984ms)
✔ package init / invalid arguments ["sample","--unknown"] (4.274532ms)
✔ package init / invalid arguments ["sample","extra"] (4.283264ms)
✔ package init / invalid arguments ["sample","--version"] (4.183477ms)
✔ package init / invalid arguments ["sample","--entry"] (4.191672ms)
✔ package init / invalid arguments ["sample","--private","--private"] (3.956489ms)
✔ package init / invalid arguments ["sample","--version","1.0.0","--version","2.0.0"] (4.622132ms)
✔ package init / invalid arguments ["sample","--entry","a.zx","--entry","b.zx"] (4.177137ms)
✔ package init / invalid manifest ["BadName"] (4.58044ms)
✔ package init / invalid manifest ["@scope"] (4.326811ms)
✔ package init / invalid manifest [""] (4.407188ms)
✔ package init / invalid manifest ["sample","--version","latest"] (4.08708ms)
✔ package init / invalid manifest ["sample","--version","01.2.3"] (4.274781ms)
✔ package init / invalid manifest ["sample","--entry","../outside.zx"] (4.214792ms)
✔ package init / invalid manifest ["sample","--entry","/absolute.zx"] (4.198262ms)
✔ package init / invalid manifest ["sample","--entry","src/a:b.zx"] (4.394773ms)
✔ package init / invalid manifest ["sample","--entry","main.ts"] (4.357277ms)
✔ package init / preserves existing file (4.74922ms)
✔ package init / preserves existing directory (4.271056ms)
✔ package init / preserves existing symlink (4.652212ms)
✔ package init / preserves existing dangling symlink (4.296602ms)
✔ package init / concurrent exclusive creation (8.110154ms)
ℹ tests 27
ℹ suites 0
ℹ pass 27
ℹ fail 0
ℹ cancelled 0
ℹ skipped 0
ℹ todo 0
ℹ duration_ms 157.413866
✔ package workspace / no workspace (8.220583ms)
✔ package workspace / empty patterns (5.889541ms)
✔ package workspace / literal path (5.727847ms)
✔ package workspace / single segment star and sorting (5.842212ms)
✔ package workspace / globstar zero and multiple segments (5.812112ms)
✔ package workspace / globstar followed by literal (6.129302ms)
✔ package workspace / question one byte (5.951024ms)
✔ package workspace / star within segment (5.898864ms)
✔ package workspace / exclude before include (5.973004ms)
✔ package workspace / exclude after include (5.70504ms)
✔ package workspace / recursive exclusion (6.183619ms)
✔ package workspace / overlapping includes once (5.763194ms)
✔ package workspace / exclude alone includes nothing (5.686059ms)
✔ package workspace / matched directory without manifest (6.020109ms)
✔ package workspace / duplicate member names (5.321394ms)
✔ package workspace / duplicate root name (5.057063ms)
✔ package workspace / invalid member manifest (4.915937ms)
✔ package workspace / nested workspace does not rescan (5.829521ms)
✔ package workspace / directory symlink ignored (5.48173ms)
✔ package workspace / manifest symlink inside root (5.469779ms)
✔ package workspace / manifest symlink escapes root (5.301043ms)
✔ package workspace / ignore .git (5.471444ms)
✔ package workspace / ignore .zxc (5.855618ms)
✔ package workspace / ignore .zig-cache (5.684317ms)
✔ package workspace / ignore zig-out (5.571893ms)
✔ package workspace / ignore zig-pkg (5.427961ms)
✔ package workspace / ignore node_modules (5.568758ms)
✔ package workspace / unsupported pkgs/[ab] (4.932733ms)
✔ package workspace / unsupported pkgs/{a,b} (4.778116ms)
✔ package workspace / unsupported pkgs/@(a) (4.926983ms)
✔ package workspace / unsupported pkgs/a** (4.781358ms)
ℹ tests 31
ℹ suites 0
ℹ pass 31
ℹ fail 0
ℹ cancelled 0
ℹ skipped 0
ℹ todo 0
ℹ duration_ms 179.494246
✔ real backend builds caches republishes changed dependencies and preserves outputs on compile failure (26595.810761ms)
ℹ tests 1
ℹ suites 0
ℹ pass 1
ℹ fail 0
ℹ cancelled 0
ℹ skipped 0
ℹ todo 0
ℹ duration_ms 26598.426328
✔ package manifest / minimal (7.612845ms)
✔ package manifest / scoped prerelease (5.230699ms)
✔ package manifest / private boolean (5.020821ms)
✔ package manifest / entry with spaces (5.170288ms)
✔ package manifest / dependency groups (5.285679ms)
✔ package manifest / workspace patterns (5.046804ms)
✔ package manifest / root sequence (4.408338ms)
✔ package manifest / duplicate key (4.81102ms)
✔ package manifest / missing name (4.435896ms)
✔ package manifest / missing version (4.360545ms)
✔ package manifest / uppercase name (4.084522ms)
✔ package manifest / invalid version (4.440243ms)
✔ package manifest / empty name (4.279107ms)
✔ package manifest / NUL name (4.431741ms)
✔ package manifest / unknown field (4.423975ms)
✔ package manifest / quoted boolean (4.351749ms)
✔ package manifest / nonboolean private (4.463494ms)
✔ package manifest / parent entry (4.19594ms)
✔ package manifest / absolute entry (4.218058ms)
✔ package manifest / wrong entry extension (4.469692ms)
✔ package manifest / dependency sequence (4.152567ms)
✔ package manifest / unknown workspace field (4.39357ms)
✔ package manifest / workspace scalar (4.484761ms)
✔ package manifest / escaping workspace (4.423604ms)
✔ package manifest / native native_interfaces must be sequence (4.172604ms)
✔ package manifest / native native_modules must be sequence (4.49062ms)
✔ package manifest / native externals must be sequence (4.228832ms)
✔ package manifest / native libraries must be sequence (4.352214ms)
✔ package manifest / native include_paths must be sequence (4.250022ms)
✔ package manifest / native library_paths must be sequence (4.957735ms)
✔ package manifest / native interface missing specifier (4.566012ms)
✔ package manifest / native interface missing path (4.453121ms)
✔ package manifest / native interface missing module (4.448439ms)
✔ package manifest / native interface unknown field (4.345164ms)
✔ package manifest / native interface duplicate key (4.309866ms)
✔ package manifest / native namespace scalar (4.325484ms)
✔ package manifest / native namespace empty item (4.490868ms)
✔ package manifest / native module missing name (4.406871ms)
✔ package manifest / native module missing source (4.564106ms)
✔ package manifest / native module ambiguous source (4.332763ms)
✔ package manifest / native header bundled files (4.527783ms)
✔ package manifest / native module unknown field (4.417278ms)
✔ package manifest / native module dependencies mapping (4.270647ms)
✔ package manifest / native module bundled files scalar (4.404784ms)
✔ package manifest / native external incomplete (4.412566ms)
✔ package manifest / native external unknown field (4.521082ms)
✔ package manifest / native external implementation scalar (4.252429ms)
✔ package manifest / native implementation unknown field (4.359425ms)
✔ package manifest / native library nonstring item (4.35005ms)
✔ package manifest / native library empty item (4.392205ms)
✔ package manifest / native allocator_argument rejects "true" (4.437786ms)
✔ package manifest / native allocator_argument rejects yes (4.48358ms)
✔ package manifest / native expand_tuple rejects "true" (4.257942ms)
✔ package manifest / native expand_tuple rejects yes (4.486775ms)
✔ package manifest / native fallible rejects "true" (4.306536ms)
✔ package manifest / native fallible rejects yes (4.722432ms)
✔ package manifest / native roundtrip 0 (4.819675ms)
✔ package manifest / native roundtrip 1 (4.833714ms)
✔ package manifest / native roundtrip 2 (4.846843ms)
✔ package manifest / native roundtrip 3 (5.045226ms)
✔ package manifest / native roundtrip 4 (5.112504ms)
✔ package manifest / native external flags false/false/false (4.832176ms)
✔ package manifest / native external flags false/false/true (5.05144ms)
✔ package manifest / native external flags false/true/false (4.926009ms)
✔ package manifest / native external flags false/true/true (4.903013ms)
✔ package manifest / native external flags true/false/false (5.060728ms)
✔ package manifest / native external flags true/false/true (4.740589ms)
✔ package manifest / native external flags true/true/false (4.769695ms)
✔ package manifest / native external flags true/true/true (4.835685ms)
ℹ tests 69
ℹ suites 0
ℹ pass 69
ℹ fail 0
ℹ cancelled 0
ℹ skipped 0
ℹ todo 0
ℹ duration_ms 322.668116
✔ package graph / root only (13.782715ms)
✔ package graph / members not implicitly linked (6.586887ms)
✔ package graph / direct dependency (6.305294ms)
✔ package graph / development dependency (6.425021ms)
✔ package graph / separate dependency classes (7.177434ms)
✔ package graph / owner dependency scope (6.542523ms)
✔ package graph / alias targets another name (6.118804ms)
✔ package graph / scoped name (5.978613ms)
✔ package graph / scoped alias (5.721226ms)
✔ package graph / relative root target (6.019259ms)
✔ package graph / relative member target (5.78333ms)
✔ package graph / missing local target (5.224389ms)
✔ package graph / relative path outside members (5.568642ms)
✔ package graph / external does not use same named local (5.839898ms)
✔ package graph / duplicate dependency classes (5.513596ms)
✔ package graph / missing alias name (5.439845ms)
✔ package graph / invalid range (5.257199ms)
✔ package graph / root self cycle (4.60861ms)
✔ package graph / unreferenced member self cycle (4.92604ms)
✔ package graph / unreferenced indirect cycle (5.410067ms)
✔ package graph / development edge participates in cycle (5.429683ms)
✔ package graph / diamond is not a cycle (5.989396ms)
✔ package graph / version 1.2.3 (5.7597ms)
✔ package graph / version 1.2.4 (5.145425ms)
✔ package graph / version ^1.0.0 (5.835027ms)
✔ package graph / version ^2.0.0 (5.194244ms)
✔ package graph / version ~1.2.0 (5.845158ms)
✔ package graph / version ~1.1.0 (5.423332ms)
✔ package graph / version >=1.2.0 <2.0.0 (5.747604ms)
✔ package graph / version >=2.0.0 (5.285227ms)
✔ package graph / version ^ (5.765411ms)
✔ package graph / version ~ (5.773905ms)
✔ package graph / range "1.2.3" / 0.0.0 (5.064796ms)
✔ package graph / range "1.2.3" / 0.0.2 (4.943847ms)
✔ package graph / range "1.2.3" / 0.0.3 (5.112049ms)
✔ package graph / range "1.2.3" / 0.1.0 (4.900325ms)
✔ package graph / range "1.2.3" / 0.2.3 (4.976778ms)
✔ package graph / range "1.2.3" / 0.2.4 (5.286369ms)
✔ package graph / range "1.2.3" / 0.3.0 (5.309208ms)
✔ package graph / range "1.2.3" / 1.0.0 (4.933747ms)
✔ package graph / range "1.2.3" / 1.2.0 (4.940948ms)
✔ package graph / range "1.2.3" / 1.2.2 (4.85526ms)
✔ package graph / range "1.2.3" / 1.2.3-0 (4.855342ms)
✔ package graph / range "1.2.3" / 1.2.3-alpha (4.972689ms)
✔ package graph / range "1.2.3" / 1.2.3-alpha.2 (6.845288ms)
✔ package graph / range "1.2.3" / 1.2.3-alpha.10 (6.412691ms)
✔ package graph / range "1.2.3" / 1.2.3-beta (5.265386ms)
✔ package graph / range "1.2.3" / 1.2.3 (5.778537ms)
✔ package graph / range "1.2.3" / 1.2.3+build.9 (5.644524ms)
✔ package graph / range "1.2.3" / 1.2.4-alpha (5.030541ms)
✔ package graph / range "1.2.3" / 1.2.4 (5.079162ms)
✔ package graph / range "1.2.3" / 1.3.0-0 (4.924134ms)
✔ package graph / range "1.2.3" / 1.3.0 (5.042855ms)
✔ package graph / range "1.2.3" / 2.0.0-alpha (4.776137ms)
✔ package graph / range "1.2.3" / 2.0.0 (4.822556ms)
✔ package graph / range "1.2.3" / 2.3.4 (4.888015ms)
✔ package graph / range "1.2.3" / 3.0.0 (5.359747ms)
✔ package graph / range "=1.2.3" / 0.0.0 (4.93984ms)
✔ package graph / range "=1.2.3" / 0.0.2 (5.010962ms)
✔ package graph / range "=1.2.3" / 0.0.3 (5.126885ms)
✔ package graph / range "=1.2.3" / 0.1.0 (5.093825ms)
✔ package graph / range "=1.2.3" / 0.2.3 (5.110417ms)
✔ package graph / range "=1.2.3" / 0.2.4 (4.996438ms)
✔ package graph / range "=1.2.3" / 0.3.0 (5.112058ms)
✔ package graph / range "=1.2.3" / 1.0.0 (5.167452ms)
✔ package graph / range "=1.2.3" / 1.2.0 (4.931175ms)
✔ package graph / range "=1.2.3" / 1.2.2 (5.390655ms)
✔ package graph / range "=1.2.3" / 1.2.3-0 (5.068025ms)
✔ package graph / range "=1.2.3" / 1.2.3-alpha (4.936113ms)
✔ package graph / range "=1.2.3" / 1.2.3-alpha.2 (5.209675ms)
✔ package graph / range "=1.2.3" / 1.2.3-alpha.10 (5.078643ms)
✔ package graph / range "=1.2.3" / 1.2.3-beta (4.932266ms)
✔ package graph / range "=1.2.3" / 1.2.3 (5.537133ms)
✔ package graph / range "=1.2.3" / 1.2.3+build.9 (5.408996ms)
✔ package graph / range "=1.2.3" / 1.2.4-alpha (4.983857ms)
✔ package graph / range "=1.2.3" / 1.2.4 (4.969848ms)
✔ package graph / range "=1.2.3" / 1.3.0-0 (4.989333ms)
✔ package graph / range "=1.2.3" / 1.3.0 (4.917956ms)
✔ package graph / range "=1.2.3" / 2.0.0-alpha (4.890551ms)
✔ package graph / range "=1.2.3" / 2.0.0 (5.067571ms)
✔ package graph / range "=1.2.3" / 2.3.4 (5.074834ms)
✔ package graph / range "=1.2.3" / 3.0.0 (4.974611ms)
✔ package graph / range "1.2.3+different" / 0.0.0 (5.117678ms)
✔ package graph / range "1.2.3+different" / 0.0.2 (5.01305ms)
✔ package graph / range "1.2.3+different" / 0.0.3 (4.854959ms)
✔ package graph / range "1.2.3+different" / 0.1.0 (4.871551ms)
✔ package graph / range "1.2.3+different" / 0.2.3 (5.01347ms)
✔ package graph / range "1.2.3+different" / 0.2.4 (5.074432ms)
✔ package graph / range "1.2.3+different" / 0.3.0 (4.965119ms)
✔ package graph / range "1.2.3+different" / 1.0.0 (5.027728ms)
✔ package graph / range "1.2.3+different" / 1.2.0 (5.058607ms)
✔ package graph / range "1.2.3+different" / 1.2.2 (5.023615ms)
✔ package graph / range "1.2.3+different" / 1.2.3-0 (5.174119ms)
✔ package graph / range "1.2.3+different" / 1.2.3-alpha (4.859266ms)
✔ package graph / range "1.2.3+different" / 1.2.3-alpha.2 (4.816105ms)
✔ package graph / range "1.2.3+different" / 1.2.3-alpha.10 (5.013008ms)
✔ package graph / range "1.2.3+different" / 1.2.3-beta (5.327185ms)
✔ package graph / range "1.2.3+different" / 1.2.3 (5.683207ms)
✔ package graph / range "1.2.3+different" / 1.2.3+build.9 (5.451003ms)
✔ package graph / range "1.2.3+different" / 1.2.4-alpha (5.255617ms)
✔ package graph / range "1.2.3+different" / 1.2.4 (5.059006ms)
✔ package graph / range "1.2.3+different" / 1.3.0-0 (4.930048ms)
✔ package graph / range "1.2.3+different" / 1.3.0 (5.132133ms)
✔ package graph / range "1.2.3+different" / 2.0.0-alpha (5.054149ms)
✔ package graph / range "1.2.3+different" / 2.0.0 (5.091322ms)
✔ package graph / range "1.2.3+different" / 2.3.4 (4.967531ms)
✔ package graph / range "1.2.3+different" / 3.0.0 (4.862398ms)
✔ package graph / range "1" / 0.0.0 (5.100904ms)
✔ package graph / range "1" / 0.0.2 (5.095981ms)
✔ package graph / range "1" / 0.0.3 (4.993807ms)
✔ package graph / range "1" / 0.1.0 (4.976346ms)
✔ package graph / range "1" / 0.2.3 (4.966035ms)
✔ package graph / range "1" / 0.2.4 (5.026151ms)
✔ package graph / range "1" / 0.3.0 (4.934463ms)
✔ package graph / range "1" / 1.0.0 (5.506783ms)
✔ package graph / range "1" / 1.2.0 (5.50789ms)
✔ package graph / range "1" / 1.2.2 (5.402944ms)
✔ package graph / range "1" / 1.2.3-0 (5.484115ms)
✔ package graph / range "1" / 1.2.3-alpha (5.200279ms)
✔ package graph / range "1" / 1.2.3-alpha.2 (5.032201ms)
✔ package graph / range "1" / 1.2.3-alpha.10 (5.006181ms)
✔ package graph / range "1" / 1.2.3-beta (4.904985ms)
✔ package graph / range "1" / 1.2.3 (5.546264ms)
✔ package graph / range "1" / 1.2.3+build.9 (5.487331ms)
✔ package graph / range "1" / 1.2.4-alpha (5.014296ms)
✔ package graph / range "1" / 1.2.4 (5.529651ms)
✔ package graph / range "1" / 1.3.0-0 (5.119131ms)
✔ package graph / range "1" / 1.3.0 (5.4874ms)
✔ package graph / range "1" / 2.0.0-alpha (5.256488ms)
✔ package graph / range "1" / 2.0.0 (5.346031ms)
✔ package graph / range "1" / 2.3.4 (5.03519ms)
✔ package graph / range "1" / 3.0.0 (5.279213ms)
✔ package graph / range "1.2" / 0.0.0 (4.968868ms)
✔ package graph / range "1.2" / 0.0.2 (4.840196ms)
✔ package graph / range "1.2" / 0.0.3 (5.089009ms)
✔ package graph / range "1.2" / 0.1.0 (4.993846ms)
✔ package graph / range "1.2" / 0.2.3 (4.9605ms)
✔ package graph / range "1.2" / 0.2.4 (4.847287ms)
✔ package graph / range "1.2" / 0.3.0 (5.088181ms)
✔ package graph / range "1.2" / 1.0.0 (4.898298ms)
✔ package graph / range "1.2" / 1.2.0 (5.284624ms)
✔ package graph / range "1.2" / 1.2.2 (5.54173ms)
✔ package graph / range "1.2" / 1.2.3-0 (5.09779ms)
✔ package graph / range "1.2" / 1.2.3-alpha (4.964515ms)
✔ package graph / range "1.2" / 1.2.3-alpha.2 (4.899116ms)
✔ package graph / range "1.2" / 1.2.3-alpha.10 (5.064761ms)
✔ package graph / range "1.2" / 1.2.3-beta (4.911015ms)
✔ package graph / range "1.2" / 1.2.3 (5.584141ms)
✔ package graph / range "1.2" / 1.2.3+build.9 (5.427303ms)
✔ package graph / range "1.2" / 1.2.4-alpha (4.886733ms)
✔ package graph / range "1.2" / 1.2.4 (5.442685ms)
✔ package graph / range "1.2" / 1.3.0-0 (4.851159ms)
✔ package graph / range "1.2" / 1.3.0 (4.767897ms)
✔ package graph / range "1.2" / 2.0.0-alpha (4.741783ms)
✔ package graph / range "1.2" / 2.0.0 (4.924206ms)
✔ package graph / range "1.2" / 2.3.4 (5.021364ms)
✔ package graph / range "1.2" / 3.0.0 (4.962348ms)
✔ package graph / range "1.x" / 0.0.0 (5.182968ms)
✔ package graph / range "1.x" / 0.0.2 (4.771817ms)
✔ package graph / range "1.x" / 0.0.3 (4.960029ms)
✔ package graph / range "1.x" / 0.1.0 (5.318433ms)
✔ package graph / range "1.x" / 0.2.3 (5.272605ms)
✔ package graph / range "1.x" / 0.2.4 (5.142336ms)
✔ package graph / range "1.x" / 0.3.0 (5.041168ms)
✔ package graph / range "1.x" / 1.0.0 (5.684857ms)
✔ package graph / range "1.x" / 1.2.0 (5.645317ms)
✔ package graph / range "1.x" / 1.2.2 (5.424168ms)
✔ package graph / range "1.x" / 1.2.3-0 (5.028599ms)
✔ package graph / range "1.x" / 1.2.3-alpha (4.899848ms)
✔ package graph / range "1.x" / 1.2.3-alpha.2 (4.869578ms)
✔ package graph / range "1.x" / 1.2.3-alpha.10 (5.105928ms)
✔ package graph / range "1.x" / 1.2.3-beta (5.02429ms)
✔ package graph / range "1.x" / 1.2.3 (5.509237ms)
✔ package graph / range "1.x" / 1.2.3+build.9 (5.518087ms)
✔ package graph / range "1.x" / 1.2.4-alpha (4.95771ms)
✔ package graph / range "1.x" / 1.2.4 (5.379899ms)
✔ package graph / range "1.x" / 1.3.0-0 (4.978252ms)
✔ package graph / range "1.x" / 1.3.0 (5.41832ms)
✔ package graph / range "1.x" / 2.0.0-alpha (4.747839ms)
✔ package graph / range "1.x" / 2.0.0 (4.765191ms)
✔ package graph / range "1.x" / 2.3.4 (4.853829ms)
✔ package graph / range "1.x" / 3.0.0 (4.787789ms)
✔ package graph / range "1.2.X" / 0.0.0 (5.044955ms)
✔ package graph / range "1.2.X" / 0.0.2 (4.77707ms)
✔ package graph / range "1.2.X" / 0.0.3 (4.709038ms)
✔ package graph / range "1.2.X" / 0.1.0 (4.777424ms)
✔ package graph / range "1.2.X" / 0.2.3 (6.160464ms)
✔ package graph / range "1.2.X" / 0.2.4 (5.061464ms)
✔ package graph / range "1.2.X" / 0.3.0 (4.843846ms)
✔ package graph / range "1.2.X" / 1.0.0 (4.799173ms)
✔ package graph / range "1.2.X" / 1.2.0 (5.498807ms)
✔ package graph / range "1.2.X" / 1.2.2 (5.454972ms)
✔ package graph / range "1.2.X" / 1.2.3-0 (4.873243ms)
✔ package graph / range "1.2.X" / 1.2.3-alpha (4.936137ms)
✔ package graph / range "1.2.X" / 1.2.3-alpha.2 (4.964842ms)
✔ package graph / range "1.2.X" / 1.2.3-alpha.10 (4.807889ms)
✔ package graph / range "1.2.X" / 1.2.3-beta (5.157403ms)
✔ package graph / range "1.2.X" / 1.2.3 (5.447657ms)
✔ package graph / range "1.2.X" / 1.2.3+build.9 (5.291382ms)
✔ package graph / range "1.2.X" / 1.2.4-alpha (5.178159ms)
✔ package graph / range "1.2.X" / 1.2.4 (5.646616ms)
✔ package graph / range "1.2.X" / 1.3.0-0 (5.008033ms)
✔ package graph / range "1.2.X" / 1.3.0 (5.109828ms)
✔ package graph / range "1.2.X" / 2.0.0-alpha (5.113509ms)
✔ package graph / range "1.2.X" / 2.0.0 (5.044313ms)
✔ package graph / range "1.2.X" / 2.3.4 (4.902441ms)
✔ package graph / range "1.2.X" / 3.0.0 (5.607767ms)
✔ package graph / range "x" / 0.0.0 (5.844548ms)
✔ package graph / range "x" / 0.0.2 (5.61845ms)
✔ package graph / range "x" / 0.0.3 (5.513414ms)
✔ package graph / range "x" / 0.1.0 (5.681308ms)
✔ package graph / range "x" / 0.2.3 (5.41216ms)
✔ package graph / range "x" / 0.2.4 (5.426818ms)
✔ package graph / range "x" / 0.3.0 (5.550421ms)
✔ package graph / range "x" / 1.0.0 (5.49914ms)
✔ package graph / range "x" / 1.2.0 (5.356684ms)
✔ package graph / range "x" / 1.2.2 (5.342946ms)
✔ package graph / range "x" / 1.2.3-0 (5.02393ms)
✔ package graph / range "x" / 1.2.3-alpha (5.068505ms)
✔ package graph / range "x" / 1.2.3-alpha.2 (4.988949ms)
✔ package graph / range "x" / 1.2.3-alpha.10 (4.96222ms)
✔ package graph / range "x" / 1.2.3-beta (4.960027ms)
✔ package graph / range "x" / 1.2.3 (5.515608ms)
✔ package graph / range "x" / 1.2.3+build.9 (5.544917ms)
✔ package graph / range "x" / 1.2.4-alpha (5.064996ms)
✔ package graph / range "x" / 1.2.4 (5.472242ms)
✔ package graph / range "x" / 1.3.0-0 (4.964406ms)
✔ package graph / range "x" / 1.3.0 (5.334706ms)
✔ package graph / range "x" / 2.0.0-alpha (5.095661ms)
✔ package graph / range "x" / 2.0.0 (5.56194ms)
✔ package graph / range "x" / 2.3.4 (5.456327ms)
✔ package graph / range "x" / 3.0.0 (5.74515ms)
✔ package graph / range "X" / 0.0.0 (5.599066ms)
✔ package graph / range "X" / 0.0.2 (5.345685ms)
✔ package graph / range "X" / 0.0.3 (5.373024ms)
✔ package graph / range "X" / 0.1.0 (5.276244ms)
✔ package graph / range "X" / 0.2.3 (5.427669ms)
✔ package graph / range "X" / 0.2.4 (5.430794ms)
✔ package graph / range "X" / 0.3.0 (5.518121ms)
✔ package graph / range "X" / 1.0.0 (5.38639ms)
✔ package graph / range "X" / 1.2.0 (5.519616ms)
✔ package graph / range "X" / 1.2.2 (5.620645ms)
✔ package graph / range "X" / 1.2.3-0 (5.137804ms)
✔ package graph / range "X" / 1.2.3-alpha (4.898189ms)
✔ package graph / range "X" / 1.2.3-alpha.2 (5.024805ms)
✔ package graph / range "X" / 1.2.3-alpha.10 (4.990085ms)
✔ package graph / range "X" / 1.2.3-beta (4.823837ms)
✔ package graph / range "X" / 1.2.3 (5.358339ms)
✔ package graph / range "X" / 1.2.3+build.9 (5.329884ms)
✔ package graph / range "X" / 1.2.4-alpha (5.07539ms)
✔ package graph / range "X" / 1.2.4 (5.434203ms)
✔ package graph / range "X" / 1.3.0-0 (4.892094ms)
✔ package graph / range "X" / 1.3.0 (5.407662ms)
✔ package graph / range "X" / 2.0.0-alpha (5.173308ms)
✔ package graph / range "X" / 2.0.0 (5.332715ms)
✔ package graph / range "X" / 2.3.4 (6.168312ms)
✔ package graph / range "X" / 3.0.0 (5.72164ms)
✔ package graph / range ">=1.2.3" / 0.0.0 (4.988205ms)
✔ package graph / range ">=1.2.3" / 0.0.2 (4.994091ms)
✔ package graph / range ">=1.2.3" / 0.0.3 (4.990535ms)
✔ package graph / range ">=1.2.3" / 0.1.0 (4.830317ms)
✔ package graph / range ">=1.2.3" / 0.2.3 (4.726102ms)
✔ package graph / range ">=1.2.3" / 0.2.4 (4.936665ms)
✔ package graph / range ">=1.2.3" / 0.3.0 (4.886012ms)
✔ package graph / range ">=1.2.3" / 1.0.0 (4.756012ms)
✔ package graph / range ">=1.2.3" / 1.2.0 (5.00135ms)
✔ package graph / range ">=1.2.3" / 1.2.2 (4.845179ms)
✔ package graph / range ">=1.2.3" / 1.2.3-0 (4.880192ms)
✔ package graph / range ">=1.2.3" / 1.2.3-alpha (4.820472ms)
✔ package graph / range ">=1.2.3" / 1.2.3-alpha.2 (5.122248ms)
✔ package graph / range ">=1.2.3" / 1.2.3-alpha.10 (4.907059ms)
✔ package graph / range ">=1.2.3" / 1.2.3-beta (5.048993ms)
✔ package graph / range ">=1.2.3" / 1.2.3 (5.583231ms)
✔ package graph / range ">=1.2.3" / 1.2.3+build.9 (5.283526ms)
✔ package graph / range ">=1.2.3" / 1.2.4-alpha (4.902615ms)
✔ package graph / range ">=1.2.3" / 1.2.4 (5.354637ms)
✔ package graph / range ">=1.2.3" / 1.3.0-0 (4.802916ms)
✔ package graph / range ">=1.2.3" / 1.3.0 (5.291441ms)
✔ package graph / range ">=1.2.3" / 2.0.0-alpha (5.005244ms)
✔ package graph / range ">=1.2.3" / 2.0.0 (5.4716ms)
✔ package graph / range ">=1.2.3" / 2.3.4 (5.36774ms)
✔ package graph / range ">=1.2.3" / 3.0.0 (5.261272ms)
✔ package graph / range ">1.2.3" / 0.0.0 (4.89725ms)
✔ package graph / range ">1.2.3" / 0.0.2 (4.989295ms)
✔ package graph / range ">1.2.3" / 0.0.3 (4.804879ms)
✔ package graph / range ">1.2.3" / 0.1.0 (5.040426ms)
✔ package graph / range ">1.2.3" / 0.2.3 (4.869434ms)
✔ package graph / range ">1.2.3" / 0.2.4 (4.897034ms)
✔ package graph / range ">1.2.3" / 0.3.0 (4.941983ms)
✔ package graph / range ">1.2.3" / 1.0.0 (4.960888ms)
✔ package graph / range ">1.2.3" / 1.2.0 (4.909201ms)
✔ package graph / range ">1.2.3" / 1.2.2 (4.827252ms)
✔ package graph / range ">1.2.3" / 1.2.3-0 (4.952937ms)
✔ package graph / range ">1.2.3" / 1.2.3-alpha (4.942829ms)
✔ package graph / range ">1.2.3" / 1.2.3-alpha.2 (4.844723ms)
✔ package graph / range ">1.2.3" / 1.2.3-alpha.10 (5.108673ms)
✔ package graph / range ">1.2.3" / 1.2.3-beta (4.836453ms)
✔ package graph / range ">1.2.3" / 1.2.3 (5.110381ms)
✔ package graph / range ">1.2.3" / 1.2.3+build.9 (4.916801ms)
✔ package graph / range ">1.2.3" / 1.2.4-alpha (5.133075ms)
✔ package graph / range ">1.2.3" / 1.2.4 (5.271771ms)
✔ package graph / range ">1.2.3" / 1.3.0-0 (4.683289ms)
✔ package graph / range ">1.2.3" / 1.3.0 (5.21752ms)
✔ package graph / range ">1.2.3" / 2.0.0-alpha (4.942515ms)
✔ package graph / range ">1.2.3" / 2.0.0 (5.349766ms)
✔ package graph / range ">1.2.3" / 2.3.4 (5.391065ms)
✔ package graph / range ">1.2.3" / 3.0.0 (5.368504ms)
✔ package graph / range "<1.2.3" / 0.0.0 (5.376821ms)
✔ package graph / range "<1.2.3" / 0.0.2 (5.383983ms)
✔ package graph / range "<1.2.3" / 0.0.3 (5.434842ms)
✔ package graph / range "<1.2.3" / 0.1.0 (5.510299ms)
✔ package graph / range "<1.2.3" / 0.2.3 (5.256676ms)
✔ package graph / range "<1.2.3" / 0.2.4 (5.390255ms)
✔ package graph / range "<1.2.3" / 0.3.0 (5.437618ms)
✔ package graph / range "<1.2.3" / 1.0.0 (5.584981ms)
✔ package graph / range "<1.2.3" / 1.2.0 (5.328307ms)
✔ package graph / range "<1.2.3" / 1.2.2 (5.465466ms)
✔ package graph / range "<1.2.3" / 1.2.3-0 (4.826304ms)
✔ package graph / range "<1.2.3" / 1.2.3-alpha (4.771526ms)
✔ package graph / range "<1.2.3" / 1.2.3-alpha.2 (4.800281ms)
✔ package graph / range "<1.2.3" / 1.2.3-alpha.10 (5.102335ms)
✔ package graph / range "<1.2.3" / 1.2.3-beta (4.888627ms)
✔ package graph / range "<1.2.3" / 1.2.3 (4.871639ms)
✔ package graph / range "<1.2.3" / 1.2.3+build.9 (4.886964ms)
✔ package graph / range "<1.2.3" / 1.2.4-alpha (4.880703ms)
✔ package graph / range "<1.2.3" / 1.2.4 (4.987167ms)
✔ package graph / range "<1.2.3" / 1.3.0-0 (4.790582ms)
✔ package graph / range "<1.2.3" / 1.3.0 (4.894182ms)
✔ package graph / range "<1.2.3" / 2.0.0-alpha (4.851359ms)
✔ package graph / range "<1.2.3" / 2.0.0 (4.911909ms)
✔ package graph / range "<1.2.3" / 2.3.4 (4.887398ms)
✔ package graph / range "<1.2.3" / 3.0.0 (4.842361ms)
✔ package graph / range "<=1.2.3" / 0.0.0 (5.462415ms)
✔ package graph / range "<=1.2.3" / 0.0.2 (5.311593ms)
✔ package graph / range "<=1.2.3" / 0.0.3 (5.413938ms)
✔ package graph / range "<=1.2.3" / 0.1.0 (5.391335ms)
✔ package graph / range "<=1.2.3" / 0.2.3 (5.481664ms)
✔ package graph / range "<=1.2.3" / 0.2.4 (5.440854ms)
✔ package graph / range "<=1.2.3" / 0.3.0 (5.427264ms)
✔ package graph / range "<=1.2.3" / 1.0.0 (5.340783ms)
✔ package graph / range "<=1.2.3" / 1.2.0 (5.539768ms)
✔ package graph / range "<=1.2.3" / 1.2.2 (5.474064ms)
✔ package graph / range "<=1.2.3" / 1.2.3-0 (5.044009ms)
✔ package graph / range "<=1.2.3" / 1.2.3-alpha (4.890872ms)
✔ package graph / range "<=1.2.3" / 1.2.3-alpha.2 (4.844551ms)
✔ package graph / range "<=1.2.3" / 1.2.3-alpha.10 (4.77034ms)
✔ package graph / range "<=1.2.3" / 1.2.3-beta (5.113691ms)
✔ package graph / range "<=1.2.3" / 1.2.3 (5.491759ms)
✔ package graph / range "<=1.2.3" / 1.2.3+build.9 (5.474402ms)
✔ package graph / range "<=1.2.3" / 1.2.4-alpha (5.002158ms)
✔ package graph / range "<=1.2.3" / 1.2.4 (4.953638ms)
✔ package graph / range "<=1.2.3" / 1.3.0-0 (4.994449ms)
✔ package graph / range "<=1.2.3" / 1.3.0 (4.824298ms)
✔ package graph / range "<=1.2.3" / 2.0.0-alpha (4.893433ms)
✔ package graph / range "<=1.2.3" / 2.0.0 (4.905ms)
✔ package graph / range "<=1.2.3" / 2.3.4 (4.869251ms)
✔ package graph / range "<=1.2.3" / 3.0.0 (4.833695ms)
✔ package graph / range ">= 1.2.3" / 0.0.0 (5.521588ms)
✔ package graph / range ">= 1.2.3" / 0.0.2 (7.600391ms)
✔ package graph / range ">= 1.2.3" / 0.0.3 (5.095034ms)
✔ package graph / range ">= 1.2.3" / 0.1.0 (5.110244ms)
✔ package graph / range ">= 1.2.3" / 0.2.3 (4.930777ms)
✔ package graph / range ">= 1.2.3" / 0.2.4 (4.885042ms)
✔ package graph / range ">= 1.2.3" / 0.3.0 (5.047113ms)
✔ package graph / range ">= 1.2.3" / 1.0.0 (4.806347ms)
✔ package graph / range ">= 1.2.3" / 1.2.0 (4.708648ms)
✔ package graph / range ">= 1.2.3" / 1.2.2 (4.938386ms)
✔ package graph / range ">= 1.2.3" / 1.2.3-0 (4.917628ms)
✔ package graph / range ">= 1.2.3" / 1.2.3-alpha (4.940542ms)
✔ package graph / range ">= 1.2.3" / 1.2.3-alpha.2 (5.194947ms)
✔ package graph / range ">= 1.2.3" / 1.2.3-alpha.10 (4.935697ms)
✔ package graph / range ">= 1.2.3" / 1.2.3-beta (4.868243ms)
✔ package graph / range ">= 1.2.3" / 1.2.3 (5.294078ms)
✔ package graph / range ">= 1.2.3" / 1.2.3+build.9 (5.383785ms)
✔ package graph / range ">= 1.2.3" / 1.2.4-alpha (5.076131ms)
✔ package graph / range ">= 1.2.3" / 1.2.4 (5.384327ms)
✔ package graph / range ">= 1.2.3" / 1.3.0-0 (4.863592ms)
✔ package graph / range ">= 1.2.3" / 1.3.0 (5.225161ms)
✔ package graph / range ">= 1.2.3" / 2.0.0-alpha (4.804669ms)
✔ package graph / range ">= 1.2.3" / 2.0.0 (5.654311ms)
✔ package graph / range ">= 1.2.3" / 2.3.4 (5.624176ms)
✔ package graph / range ">= 1.2.3" / 3.0.0 (5.673571ms)
✔ package graph / range "<= 1.2.3" / 0.0.0 (5.509316ms)
✔ package graph / range "<= 1.2.3" / 0.0.2 (5.389301ms)
✔ package graph / range "<= 1.2.3" / 0.0.3 (5.42989ms)
✔ package graph / range "<= 1.2.3" / 0.1.0 (5.565482ms)
✔ package graph / range "<= 1.2.3" / 0.2.3 (5.47416ms)
✔ package graph / range "<= 1.2.3" / 0.2.4 (5.458652ms)
✔ package graph / range "<= 1.2.3" / 0.3.0 (5.615755ms)
✔ package graph / range "<= 1.2.3" / 1.0.0 (5.421182ms)
✔ package graph / range "<= 1.2.3" / 1.2.0 (5.44139ms)
✔ package graph / range "<= 1.2.3" / 1.2.2 (5.538134ms)
✔ package graph / range "<= 1.2.3" / 1.2.3-0 (5.031886ms)
✔ package graph / range "<= 1.2.3" / 1.2.3-alpha (4.943819ms)
✔ package graph / range "<= 1.2.3" / 1.2.3-alpha.2 (4.77733ms)
✔ package graph / range "<= 1.2.3" / 1.2.3-alpha.10 (5.101248ms)
✔ package graph / range "<= 1.2.3" / 1.2.3-beta (5.869345ms)
✔ package graph / range "<= 1.2.3" / 1.2.3 (5.533906ms)
✔ package graph / range "<= 1.2.3" / 1.2.3+build.9 (5.792393ms)
✔ package graph / range "<= 1.2.3" / 1.2.4-alpha (5.110824ms)
✔ package graph / range "<= 1.2.3" / 1.2.4 (4.788301ms)
✔ package graph / range "<= 1.2.3" / 1.3.0-0 (4.952848ms)
✔ package graph / range "<= 1.2.3" / 1.3.0 (4.946353ms)
✔ package graph / range "<= 1.2.3" / 2.0.0-alpha (4.899614ms)
✔ package graph / range "<= 1.2.3" / 2.0.0 (5.213824ms)
✔ package graph / range "<= 1.2.3" / 2.3.4 (4.85386ms)
✔ package graph / range "<= 1.2.3" / 3.0.0 (4.990077ms)
✔ package graph / range ">1" / 0.0.0 (4.918368ms)
✔ package graph / range ">1" / 0.0.2 (4.737939ms)
✔ package graph / range ">1" / 0.0.3 (4.927435ms)
✔ package graph / range ">1" / 0.1.0 (4.863201ms)
✔ package graph / range ">1" / 0.2.3 (4.941169ms)
✔ package graph / range ">1" / 0.2.4 (4.674325ms)
✔ package graph / range ">1" / 0.3.0 (4.907308ms)
✔ package graph / range ">1" / 1.0.0 (4.836888ms)
✔ package graph / range ">1" / 1.2.0 (4.751706ms)
✔ package graph / range ">1" / 1.2.2 (4.996033ms)
✔ package graph / range ">1" / 1.2.3-0 (4.830273ms)
✔ package graph / range ">1" / 1.2.3-alpha (4.822315ms)
✔ package graph / range ">1" / 1.2.3-alpha.2 (4.91063ms)
✔ package graph / range ">1" / 1.2.3-alpha.10 (5.019128ms)
✔ package graph / range ">1" / 1.2.3-beta (5.034884ms)
✔ package graph / range ">1" / 1.2.3 (4.85589ms)
✔ package graph / range ">1" / 1.2.3+build.9 (4.905168ms)
✔ package graph / range ">1" / 1.2.4-alpha (4.92147ms)
✔ package graph / range ">1" / 1.2.4 (5.205367ms)
✔ package graph / range ">1" / 1.3.0-0 (5.023393ms)
✔ package graph / range ">1" / 1.3.0 (5.031023ms)
✔ package graph / range ">1" / 2.0.0-alpha (4.716082ms)
✔ package graph / range ">1" / 2.0.0 (5.186113ms)
✔ package graph / range ">1" / 2.3.4 (5.323462ms)
✔ package graph / range ">1" / 3.0.0 (5.569811ms)
✔ package graph / range ">1.2" / 0.0.0 (4.825876ms)
✔ package graph / range ">1.2" / 0.0.2 (4.873203ms)
✔ package graph / range ">1.2" / 0.0.3 (5.022297ms)
✔ package graph / range ">1.2" / 0.1.0 (4.937462ms)
✔ package graph / range ">1.2" / 0.2.3 (4.729029ms)
✔ package graph / range ">1.2" / 0.2.4 (4.842567ms)
✔ package graph / range ">1.2" / 0.3.0 (4.830677ms)
✔ package graph / range ">1.2" / 1.0.0 (4.856833ms)
✔ package graph / range ">1.2" / 1.2.0 (4.883541ms)
✔ package graph / range ">1.2" / 1.2.2 (4.873822ms)
✔ package graph / range ">1.2" / 1.2.3-0 (4.76929ms)
✔ package graph / range ">1.2" / 1.2.3-alpha (4.740309ms)
✔ package graph / range ">1.2" / 1.2.3-alpha.2 (4.81922ms)
✔ package graph / range ">1.2" / 1.2.3-alpha.10 (4.876023ms)
✔ package graph / range ">1.2" / 1.2.3-beta (5.001215ms)
✔ package graph / range ">1.2" / 1.2.3 (4.895262ms)
✔ package graph / range ">1.2" / 1.2.3+build.9 (4.831151ms)
✔ package graph / range ">1.2" / 1.2.4-alpha (4.913487ms)
✔ package graph / range ">1.2" / 1.2.4 (4.875902ms)
✔ package graph / range ">1.2" / 1.3.0-0 (4.842439ms)
✔ package graph / range ">1.2" / 1.3.0 (5.300435ms)
✔ package graph / range ">1.2" / 2.0.0-alpha (4.771626ms)
✔ package graph / range ">1.2" / 2.0.0 (5.389448ms)
✔ package graph / range ">1.2" / 2.3.4 (5.461156ms)
✔ package graph / range ">1.2" / 3.0.0 (5.475316ms)
✔ package graph / range "<1" / 0.0.0 (5.206431ms)
✔ package graph / range "<1" / 0.0.2 (5.433797ms)
✔ package graph / range "<1" / 0.0.3 (5.549032ms)
✔ package graph / range "<1" / 0.1.0 (5.460543ms)
✔ package graph / range "<1" / 0.2.3 (5.474439ms)
✔ package graph / range "<1" / 0.2.4 (5.410028ms)
✔ package graph / range "<1" / 0.3.0 (5.509559ms)
✔ package graph / range "<1" / 1.0.0 (4.967011ms)
✔ package graph / range "<1" / 1.2.0 (5.097706ms)
✔ package graph / range "<1" / 1.2.2 (4.836891ms)
✔ package graph / range "<1" / 1.2.3-0 (4.904664ms)
✔ package graph / range "<1" / 1.2.3-alpha (4.725178ms)
✔ package graph / range "<1" / 1.2.3-alpha.2 (4.77543ms)
✔ package graph / range "<1" / 1.2.3-alpha.10 (4.862542ms)
✔ package graph / range "<1" / 1.2.3-beta (5.055144ms)
✔ package graph / range "<1" / 1.2.3 (4.918502ms)
✔ package graph / range "<1" / 1.2.3+build.9 (4.876495ms)
✔ package graph / range "<1" / 1.2.4-alpha (4.710577ms)
✔ package graph / range "<1" / 1.2.4 (4.978929ms)
✔ package graph / range "<1" / 1.3.0-0 (4.796071ms)
✔ package graph / range "<1" / 1.3.0 (4.971385ms)
✔ package graph / range "<1" / 2.0.0-alpha (5.004763ms)
✔ package graph / range "<1" / 2.0.0 (4.860938ms)
✔ package graph / range "<1" / 2.3.4 (4.877767ms)
✔ package graph / range "<1" / 3.0.0 (4.955952ms)
✔ package graph / range "<1.2" / 0.0.0 (5.372366ms)
✔ package graph / range "<1.2" / 0.0.2 (5.255232ms)
✔ package graph / range "<1.2" / 0.0.3 (5.405ms)
✔ package graph / range "<1.2" / 0.1.0 (5.430373ms)
✔ package graph / range "<1.2" / 0.2.3 (5.643246ms)
✔ package graph / range "<1.2" / 0.2.4 (5.27835ms)
✔ package graph / range "<1.2" / 0.3.0 (5.304734ms)
✔ package graph / range "<1.2" / 1.0.0 (5.449421ms)
✔ package graph / range "<1.2" / 1.2.0 (4.935605ms)
✔ package graph / range "<1.2" / 1.2.2 (4.908043ms)
✔ package graph / range "<1.2" / 1.2.3-0 (4.85063ms)
✔ package graph / range "<1.2" / 1.2.3-alpha (4.870024ms)
✔ package graph / range "<1.2" / 1.2.3-alpha.2 (4.926656ms)
✔ package graph / range "<1.2" / 1.2.3-alpha.10 (4.949536ms)
✔ package graph / range "<1.2" / 1.2.3-beta (4.860535ms)
✔ package graph / range "<1.2" / 1.2.3 (4.94917ms)
✔ package graph / range "<1.2" / 1.2.3+build.9 (4.819144ms)
✔ package graph / range "<1.2" / 1.2.4-alpha (4.775364ms)
✔ package graph / range "<1.2" / 1.2.4 (4.828656ms)
✔ package graph / range "<1.2" / 1.3.0-0 (4.873759ms)
✔ package graph / range "<1.2" / 1.3.0 (5.077365ms)
✔ package graph / range "<1.2" / 2.0.0-alpha (4.837417ms)
✔ package graph / range "<1.2" / 2.0.0 (4.963652ms)
✔ package graph / range "<1.2" / 2.3.4 (4.917685ms)
✔ package graph / range "<1.2" / 3.0.0 (4.796098ms)
✔ package graph / range "<=1" / 0.0.0 (5.444041ms)
✔ package graph / range "<=1" / 0.0.2 (5.820296ms)
✔ package graph / range "<=1" / 0.0.3 (5.45978ms)
✔ package graph / range "<=1" / 0.1.0 (5.822926ms)
✔ package graph / range "<=1" / 0.2.3 (5.700591ms)
✔ package graph / range "<=1" / 0.2.4 (5.470737ms)
✔ package graph / range "<=1" / 0.3.0 (5.492639ms)
✔ package graph / range "<=1" / 1.0.0 (5.54787ms)
✔ package graph / range "<=1" / 1.2.0 (5.38124ms)
✔ package graph / range "<=1" / 1.2.2 (5.575822ms)
✔ package graph / range "<=1" / 1.2.3-0 (4.876703ms)
✔ package graph / range "<=1" / 1.2.3-alpha (4.933898ms)
✔ package graph / range "<=1" / 1.2.3-alpha.2 (4.925907ms)
✔ package graph / range "<=1" / 1.2.3-alpha.10 (4.895515ms)
✔ package graph / range "<=1" / 1.2.3-beta (4.993868ms)
✔ package graph / range "<=1" / 1.2.3 (5.253999ms)
✔ package graph / range "<=1" / 1.2.3+build.9 (5.414173ms)
✔ package graph / range "<=1" / 1.2.4-alpha (5.232086ms)
✔ package graph / range "<=1" / 1.2.4 (5.338982ms)
✔ package graph / range "<=1" / 1.3.0-0 (4.921986ms)
✔ package graph / range "<=1" / 1.3.0 (5.352508ms)
✔ package graph / range "<=1" / 2.0.0-alpha (4.822861ms)
✔ package graph / range "<=1" / 2.0.0 (4.803291ms)
✔ package graph / range "<=1" / 2.3.4 (4.760873ms)
✔ package graph / range "<=1" / 3.0.0 (5.165747ms)
✔ package graph / range "<=1.2" / 0.0.0 (5.337504ms)
✔ package graph / range "<=1.2" / 0.0.2 (5.194554ms)
✔ package graph / range "<=1.2" / 0.0.3 (5.363089ms)
✔ package graph / range "<=1.2" / 0.1.0 (5.281627ms)
✔ package graph / range "<=1.2" / 0.2.3 (5.386949ms)
✔ package graph / range "<=1.2" / 0.2.4 (5.597961ms)
✔ package graph / range "<=1.2" / 0.3.0 (5.393521ms)
✔ package graph / range "<=1.2" / 1.0.0 (5.370741ms)
✔ package graph / range "<=1.2" / 1.2.0 (5.29569ms)
✔ package graph / range "<=1.2" / 1.2.2 (5.323793ms)
✔ package graph / range "<=1.2" / 1.2.3-0 (4.836122ms)
✔ package graph / range "<=1.2" / 1.2.3-alpha (4.824491ms)
✔ package graph / range "<=1.2" / 1.2.3-alpha.2 (4.651734ms)
✔ package graph / range "<=1.2" / 1.2.3-alpha.10 (4.884905ms)
✔ package graph / range "<=1.2" / 1.2.3-beta (4.825563ms)
✔ package graph / range "<=1.2" / 1.2.3 (5.365112ms)
✔ package graph / range "<=1.2" / 1.2.3+build.9 (5.470663ms)
✔ package graph / range "<=1.2" / 1.2.4-alpha (4.919327ms)
✔ package graph / range "<=1.2" / 1.2.4 (5.555198ms)
✔ package graph / range "<=1.2" / 1.3.0-0 (5.014384ms)
✔ package graph / range "<=1.2" / 1.3.0 (4.852024ms)
✔ package graph / range "<=1.2" / 2.0.0-alpha (4.774017ms)
✔ package graph / range "<=1.2" / 2.0.0 (5.027326ms)
✔ package graph / range "<=1.2" / 2.3.4 (7.967211ms)
✔ package graph / range "<=1.2" / 3.0.0 (4.814287ms)
✔ package graph / range ">=1" / 0.0.0 (4.74266ms)
✔ package graph / range ">=1" / 0.0.2 (4.860767ms)
✔ package graph / range ">=1" / 0.0.3 (4.780453ms)
✔ package graph / range ">=1" / 0.1.0 (4.620692ms)
✔ package graph / range ">=1" / 0.2.3 (4.995091ms)
✔ package graph / range ">=1" / 0.2.4 (4.85809ms)
✔ package graph / range ">=1" / 0.3.0 (4.860922ms)
✔ package graph / range ">=1" / 1.0.0 (5.4085ms)
✔ package graph / range ">=1" / 1.2.0 (5.362395ms)
✔ package graph / range ">=1" / 1.2.2 (5.380734ms)
✔ package graph / range ">=1" / 1.2.3-0 (4.888941ms)
✔ package graph / range ">=1" / 1.2.3-alpha (4.889315ms)
✔ package graph / range ">=1" / 1.2.3-alpha.2 (5.237289ms)
✔ package graph / range ">=1" / 1.2.3-alpha.10 (4.82056ms)
✔ package graph / range ">=1" / 1.2.3-beta (4.800404ms)
✔ package graph / range ">=1" / 1.2.3 (5.680669ms)
✔ package graph / range ">=1" / 1.2.3+build.9 (5.336264ms)
✔ package graph / range ">=1" / 1.2.4-alpha (4.896777ms)
✔ package graph / range ">=1" / 1.2.4 (5.380708ms)
✔ package graph / range ">=1" / 1.3.0-0 (5.015944ms)
✔ package graph / range ">=1" / 1.3.0 (5.439383ms)
✔ package graph / range ">=1" / 2.0.0-alpha (4.816254ms)
✔ package graph / range ">=1" / 2.0.0 (5.328437ms)
✔ package graph / range ">=1" / 2.3.4 (5.203639ms)
✔ package graph / range ">=1" / 3.0.0 (5.416144ms)
✔ package graph / range ">=1.2" / 0.0.0 (4.862934ms)
✔ package graph / range ">=1.2" / 0.0.2 (4.830454ms)
✔ package graph / range ">=1.2" / 0.0.3 (4.988753ms)
✔ package graph / range ">=1.2" / 0.1.0 (4.76239ms)
✔ package graph / range ">=1.2" / 0.2.3 (4.746438ms)
✔ package graph / range ">=1.2" / 0.2.4 (5.065587ms)
✔ package graph / range ">=1.2" / 0.3.0 (4.939745ms)
✔ package graph / range ">=1.2" / 1.0.0 (4.832114ms)
✔ package graph / range ">=1.2" / 1.2.0 (5.287295ms)
✔ package graph / range ">=1.2" / 1.2.2 (5.334005ms)
✔ package graph / range ">=1.2" / 1.2.3-0 (4.888732ms)
✔ package graph / range ">=1.2" / 1.2.3-alpha (4.894335ms)
✔ package graph / range ">=1.2" / 1.2.3-alpha.2 (5.255871ms)
✔ package graph / range ">=1.2" / 1.2.3-alpha.10 (5.184664ms)
✔ package graph / range ">=1.2" / 1.2.3-beta (4.896348ms)
✔ package graph / range ">=1.2" / 1.2.3 (5.222452ms)
✔ package graph / range ">=1.2" / 1.2.3+build.9 (5.411573ms)
✔ package graph / range ">=1.2" / 1.2.4-alpha (4.878908ms)
✔ package graph / range ">=1.2" / 1.2.4 (5.594201ms)
✔ package graph / range ">=1.2" / 1.3.0-0 (4.86144ms)
✔ package graph / range ">=1.2" / 1.3.0 (5.12905ms)
✔ package graph / range ">=1.2" / 2.0.0-alpha (4.835233ms)
✔ package graph / range ">=1.2" / 2.0.0 (5.34808ms)
✔ package graph / range ">=1.2" / 2.3.4 (5.363132ms)
✔ package graph / range ">=1.2" / 3.0.0 (5.403797ms)
✔ package graph / range ">x" / 0.0.0 (4.948056ms)
✔ package graph / range ">x" / 0.0.2 (4.886896ms)
✔ package graph / range ">x" / 0.0.3 (4.707299ms)
✔ package graph / range ">x" / 0.1.0 (5.012104ms)
✔ package graph / range ">x" / 0.2.3 (4.813288ms)
✔ package graph / range ">x" / 0.2.4 (4.871813ms)
✔ package graph / range ">x" / 0.3.0 (4.878793ms)
✔ package graph / range ">x" / 1.0.0 (5.024032ms)
✔ package graph / range ">x" / 1.2.0 (4.956233ms)
✔ package graph / range ">x" / 1.2.2 (4.744459ms)
✔ package graph / range ">x" / 1.2.3-0 (4.953118ms)
✔ package graph / range ">x" / 1.2.3-alpha (4.974505ms)
✔ package graph / range ">x" / 1.2.3-alpha.2 (4.706766ms)
✔ package graph / range ">x" / 1.2.3-alpha.10 (4.879547ms)
✔ package graph / range ">x" / 1.2.3-beta (5.117958ms)
✔ package graph / range ">x" / 1.2.3 (4.931734ms)
✔ package graph / range ">x" / 1.2.3+build.9 (4.720973ms)
✔ package graph / range ">x" / 1.2.4-alpha (4.748876ms)
✔ package graph / range ">x" / 1.2.4 (4.885239ms)
✔ package graph / range ">x" / 1.3.0-0 (4.712706ms)
✔ package graph / range ">x" / 1.3.0 (4.905271ms)
✔ package graph / range ">x" / 2.0.0-alpha (4.860965ms)
✔ package graph / range ">x" / 2.0.0 (5.09803ms)
✔ package graph / range ">x" / 2.3.4 (4.814417ms)
✔ package graph / range ">x" / 3.0.0 (4.808556ms)
✔ package graph / range "<x" / 0.0.0 (4.703564ms)
✔ package graph / range "<x" / 0.0.2 (4.615564ms)
✔ package graph / range "<x" / 0.0.3 (4.79642ms)
✔ package graph / range "<x" / 0.1.0 (5.271332ms)
✔ package graph / range "<x" / 0.2.3 (5.019234ms)
✔ package graph / range "<x" / 0.2.4 (5.046939ms)
✔ package graph / range "<x" / 0.3.0 (4.879084ms)
✔ package graph / range "<x" / 1.0.0 (4.75311ms)
✔ package graph / range "<x" / 1.2.0 (4.804264ms)
✔ package graph / range "<x" / 1.2.2 (5.025764ms)
✔ package graph / range "<x" / 1.2.3-0 (4.83517ms)
✔ package graph / range "<x" / 1.2.3-alpha (4.855721ms)
✔ package graph / range "<x" / 1.2.3-alpha.2 (4.822512ms)
✔ package graph / range "<x" / 1.2.3-alpha.10 (4.756993ms)
✔ package graph / range "<x" / 1.2.3-beta (4.734868ms)
✔ package graph / range "<x" / 1.2.3 (4.777286ms)
✔ package graph / range "<x" / 1.2.3+build.9 (4.959703ms)
✔ package graph / range "<x" / 1.2.4-alpha (4.834009ms)
✔ package graph / range "<x" / 1.2.4 (4.780283ms)
✔ package graph / range "<x" / 1.3.0-0 (4.99908ms)
✔ package graph / range "<x" / 1.3.0 (4.808387ms)
✔ package graph / range "<x" / 2.0.0-alpha (4.768823ms)
✔ package graph / range "<x" / 2.0.0 (4.870849ms)
✔ package graph / range "<x" / 2.3.4 (4.958202ms)
✔ package graph / range "<x" / 3.0.0 (5.172393ms)
✔ package graph / range ">=x" / 0.0.0 (5.224105ms)
✔ package graph / range ">=x" / 0.0.2 (5.535837ms)
✔ package graph / range ">=x" / 0.0.3 (5.309302ms)
✔ package graph / range ">=x" / 0.1.0 (5.46185ms)
✔ package graph / range ">=x" / 0.2.3 (5.29198ms)
✔ package graph / range ">=x" / 0.2.4 (5.47816ms)
✔ package graph / range ">=x" / 0.3.0 (5.261154ms)
✔ package graph / range ">=x" / 1.0.0 (5.383904ms)
✔ package graph / range ">=x" / 1.2.0 (5.26576ms)
✔ package graph / range ">=x" / 1.2.2 (5.285611ms)
✔ package graph / range ">=x" / 1.2.3-0 (4.818143ms)
✔ package graph / range ">=x" / 1.2.3-alpha (4.993886ms)
✔ package graph / range ">=x" / 1.2.3-alpha.2 (4.907868ms)
✔ package graph / range ">=x" / 1.2.3-alpha.10 (4.783847ms)
✔ package graph / range ">=x" / 1.2.3-beta (4.767838ms)
✔ package graph / range ">=x" / 1.2.3 (5.3996ms)
✔ package graph / range ">=x" / 1.2.3+build.9 (5.321856ms)
✔ package graph / range ">=x" / 1.2.4-alpha (4.925112ms)
✔ package graph / range ">=x" / 1.2.4 (5.482157ms)
✔ package graph / range ">=x" / 1.3.0-0 (4.835131ms)
✔ package graph / range ">=x" / 1.3.0 (6.342213ms)
✔ package graph / range ">=x" / 2.0.0-alpha (4.986387ms)
✔ package graph / range ">=x" / 2.0.0 (5.217576ms)
✔ package graph / range ">=x" / 2.3.4 (5.157108ms)
✔ package graph / range ">=x" / 3.0.0 (5.31284ms)
✔ package graph / range "<=x" / 0.0.0 (5.351959ms)
✔ package graph / range "<=x" / 0.0.2 (5.447879ms)
✔ package graph / range "<=x" / 0.0.3 (5.324401ms)
✔ package graph / range "<=x" / 0.1.0 (5.375503ms)
✔ package graph / range "<=x" / 0.2.3 (5.405029ms)
✔ package graph / range "<=x" / 0.2.4 (5.271193ms)
✔ package graph / range "<=x" / 0.3.0 (5.349329ms)
✔ package graph / range "<=x" / 1.0.0 (5.326367ms)
✔ package graph / range "<=x" / 1.2.0 (5.33904ms)
✔ package graph / range "<=x" / 1.2.2 (5.355564ms)
✔ package graph / range "<=x" / 1.2.3-0 (4.928619ms)
✔ package graph / range "<=x" / 1.2.3-alpha (4.979024ms)
✔ package graph / range "<=x" / 1.2.3-alpha.2 (5.166334ms)
✔ package graph / range "<=x" / 1.2.3-alpha.10 (4.859251ms)
✔ package graph / range "<=x" / 1.2.3-beta (4.829218ms)
✔ package graph / range "<=x" / 1.2.3 (5.325266ms)
✔ package graph / range "<=x" / 1.2.3+build.9 (5.385245ms)
✔ package graph / range "<=x" / 1.2.4-alpha (4.947294ms)
✔ package graph / range "<=x" / 1.2.4 (5.45587ms)
✔ package graph / range "<=x" / 1.3.0-0 (4.826957ms)
✔ package graph / range "<=x" / 1.3.0 (5.269925ms)
✔ package graph / range "<=x" / 2.0.0-alpha (4.778135ms)
✔ package graph / range "<=x" / 2.0.0 (5.317074ms)
✔ package graph / range "<=x" / 2.3.4 (5.307391ms)
✔ package graph / range "<=x" / 3.0.0 (5.731362ms)
✔ package graph / range "=x" / 0.0.0 (5.181614ms)
✔ package graph / range "=x" / 0.0.2 (5.333449ms)
✔ package graph / range "=x" / 0.0.3 (5.22619ms)
✔ package graph / range "=x" / 0.1.0 (5.333709ms)
✔ package graph / range "=x" / 0.2.3 (5.355416ms)
✔ package graph / range "=x" / 0.2.4 (5.326587ms)
✔ package graph / range "=x" / 0.3.0 (5.806946ms)
✔ package graph / range "=x" / 1.0.0 (5.388796ms)
✔ package graph / range "=x" / 1.2.0 (5.48584ms)
✔ package graph / range "=x" / 1.2.2 (5.425335ms)
✔ package graph / range "=x" / 1.2.3-0 (4.794684ms)
✔ package graph / range "=x" / 1.2.3-alpha (5.076646ms)
✔ package graph / range "=x" / 1.2.3-alpha.2 (4.872998ms)
✔ package graph / range "=x" / 1.2.3-alpha.10 (4.960273ms)
✔ package graph / range "=x" / 1.2.3-beta (4.760341ms)
✔ package graph / range "=x" / 1.2.3 (5.279323ms)
✔ package graph / range "=x" / 1.2.3+build.9 (5.245579ms)
✔ package graph / range "=x" / 1.2.4-alpha (4.911928ms)
✔ package graph / range "=x" / 1.2.4 (5.373949ms)
✔ package graph / range "=x" / 1.3.0-0 (5.059482ms)
✔ package graph / range "=x" / 1.3.0 (5.307079ms)
✔ package graph / range "=x" / 2.0.0-alpha (4.788378ms)
✔ package graph / range "=x" / 2.0.0 (5.202775ms)
✔ package graph / range "=x" / 2.3.4 (5.309022ms)
✔ package graph / range "=x" / 3.0.0 (5.402082ms)
✔ package graph / range "~1" / 0.0.0 (4.759917ms)
✔ package graph / range "~1" / 0.0.2 (4.944856ms)
✔ package graph / range "~1" / 0.0.3 (5.050905ms)
✔ package graph / range "~1" / 0.1.0 (4.753649ms)
✔ package graph / range "~1" / 0.2.3 (4.917725ms)
✔ package graph / range "~1" / 0.2.4 (4.991806ms)
✔ package graph / range "~1" / 0.3.0 (4.685896ms)
✔ package graph / range "~1" / 1.0.0 (5.318739ms)
✔ package graph / range "~1" / 1.2.0 (5.372986ms)
✔ package graph / range "~1" / 1.2.2 (5.346123ms)
✔ package graph / range "~1" / 1.2.3-0 (4.900779ms)
✔ package graph / range "~1" / 1.2.3-alpha (4.648129ms)
✔ package graph / range "~1" / 1.2.3-alpha.2 (4.922374ms)
✔ package graph / range "~1" / 1.2.3-alpha.10 (4.811655ms)
✔ package graph / range "~1" / 1.2.3-beta (4.791066ms)
✔ package graph / range "~1" / 1.2.3 (5.352479ms)
✔ package graph / range "~1" / 1.2.3+build.9 (5.346602ms)
✔ package graph / range "~1" / 1.2.4-alpha (4.7998ms)
✔ package graph / range "~1" / 1.2.4 (5.368049ms)
✔ package graph / range "~1" / 1.3.0-0 (4.81257ms)
✔ package graph / range "~1" / 1.3.0 (5.325666ms)
✔ package graph / range "~1" / 2.0.0-alpha (4.93171ms)
✔ package graph / range "~1" / 2.0.0 (4.790597ms)
✔ package graph / range "~1" / 2.3.4 (4.722964ms)
✔ package graph / range "~1" / 3.0.0 (4.621391ms)
✔ package graph / range "~1.2" / 0.0.0 (4.756097ms)
✔ package graph / range "~1.2" / 0.0.2 (4.75688ms)
✔ package graph / range "~1.2" / 0.0.3 (4.997784ms)
✔ package graph / range "~1.2" / 0.1.0 (5.085384ms)
✔ package graph / range "~1.2" / 0.2.3 (4.892714ms)
✔ package graph / range "~1.2" / 0.2.4 (5.154495ms)
✔ package graph / range "~1.2" / 0.3.0 (4.97333ms)
✔ package graph / range "~1.2" / 1.0.0 (4.985434ms)
✔ package graph / range "~1.2" / 1.2.0 (5.417048ms)
✔ package graph / range "~1.2" / 1.2.2 (5.380208ms)
✔ package graph / range "~1.2" / 1.2.3-0 (4.76937ms)
✔ package graph / range "~1.2" / 1.2.3-alpha (4.974425ms)
✔ package graph / range "~1.2" / 1.2.3-alpha.2 (4.584002ms)
✔ package graph / range "~1.2" / 1.2.3-alpha.10 (4.624308ms)
✔ package graph / range "~1.2" / 1.2.3-beta (4.903099ms)
✔ package graph / range "~1.2" / 1.2.3 (5.37042ms)
✔ package graph / range "~1.2" / 1.2.3+build.9 (5.364694ms)
✔ package graph / range "~1.2" / 1.2.4-alpha (4.828205ms)
✔ package graph / range "~1.2" / 1.2.4 (5.272999ms)
✔ package graph / range "~1.2" / 1.3.0-0 (4.725323ms)
✔ package graph / range "~1.2" / 1.3.0 (4.807704ms)
✔ package graph / range "~1.2" / 2.0.0-alpha (4.818085ms)
✔ package graph / range "~1.2" / 2.0.0 (4.923512ms)
✔ package graph / range "~1.2" / 2.3.4 (4.89743ms)
✔ package graph / range "~1.2" / 3.0.0 (4.923179ms)
✔ package graph / range "~1.2.3" / 0.0.0 (4.597611ms)
✔ package graph / range "~1.2.3" / 0.0.2 (4.894664ms)
✔ package graph / range "~1.2.3" / 0.0.3 (4.830245ms)
✔ package graph / range "~1.2.3" / 0.1.0 (4.918936ms)
✔ package graph / range "~1.2.3" / 0.2.3 (4.680677ms)
✔ package graph / range "~1.2.3" / 0.2.4 (4.574ms)
✔ package graph / range "~1.2.3" / 0.3.0 (4.865458ms)
✔ package graph / range "~1.2.3" / 1.0.0 (4.859811ms)
✔ package graph / range "~1.2.3" / 1.2.0 (4.618572ms)
✔ package graph / range "~1.2.3" / 1.2.2 (4.870914ms)
✔ package graph / range "~1.2.3" / 1.2.3-0 (5.443142ms)
✔ package graph / range "~1.2.3" / 1.2.3-alpha (5.082042ms)
✔ package graph / range "~1.2.3" / 1.2.3-alpha.2 (4.814967ms)
✔ package graph / range "~1.2.3" / 1.2.3-alpha.10 (4.808088ms)
✔ package graph / range "~1.2.3" / 1.2.3-beta (4.838671ms)
✔ package graph / range "~1.2.3" / 1.2.3 (5.26898ms)
✔ package graph / range "~1.2.3" / 1.2.3+build.9 (5.539573ms)
✔ package graph / range "~1.2.3" / 1.2.4-alpha (5.094596ms)
✔ package graph / range "~1.2.3" / 1.2.4 (5.647617ms)
✔ package graph / range "~1.2.3" / 1.3.0-0 (4.982937ms)
✔ package graph / range "~1.2.3" / 1.3.0 (4.848222ms)
✔ package graph / range "~1.2.3" / 2.0.0-alpha (4.733955ms)
✔ package graph / range "~1.2.3" / 2.0.0 (4.84572ms)
✔ package graph / range "~1.2.3" / 2.3.4 (4.857858ms)
✔ package graph / range "~1.2.3" / 3.0.0 (4.858323ms)
✔ package graph / range "~0.2.3" / 0.0.0 (4.909464ms)
✔ package graph / range "~0.2.3" / 0.0.2 (4.783097ms)
✔ package graph / range "~0.2.3" / 0.0.3 (4.970049ms)
✔ package graph / range "~0.2.3" / 0.1.0 (4.909393ms)
✔ package graph / range "~0.2.3" / 0.2.3 (5.286018ms)
✔ package graph / range "~0.2.3" / 0.2.4 (5.339652ms)
✔ package graph / range "~0.2.3" / 0.3.0 (4.933702ms)
✔ package graph / range "~0.2.3" / 1.0.0 (4.828947ms)
✔ package graph / range "~0.2.3" / 1.2.0 (4.823045ms)
✔ package graph / range "~0.2.3" / 1.2.2 (4.881352ms)
✔ package graph / range "~0.2.3" / 1.2.3-0 (4.691741ms)
✔ package graph / range "~0.2.3" / 1.2.3-alpha (7.513817ms)
✔ package graph / range "~0.2.3" / 1.2.3-alpha.2 (5.423134ms)
✔ package graph / range "~0.2.3" / 1.2.3-alpha.10 (5.056581ms)
✔ package graph / range "~0.2.3" / 1.2.3-beta (4.956833ms)
✔ package graph / range "~0.2.3" / 1.2.3 (4.873614ms)
✔ package graph / range "~0.2.3" / 1.2.3+build.9 (4.805733ms)
✔ package graph / range "~0.2.3" / 1.2.4-alpha (4.926773ms)
✔ package graph / range "~0.2.3" / 1.2.4 (5.160977ms)
✔ package graph / range "~0.2.3" / 1.3.0-0 (4.719872ms)
✔ package graph / range "~0.2.3" / 1.3.0 (4.848577ms)
✔ package graph / range "~0.2.3" / 2.0.0-alpha (5.023866ms)
✔ package graph / range "~0.2.3" / 2.0.0 (4.967962ms)
✔ package graph / range "~0.2.3" / 2.3.4 (4.868115ms)
✔ package graph / range "~0.2.3" / 3.0.0 (5.007912ms)
✔ package graph / range "^1" / 0.0.0 (4.998251ms)
✔ package graph / range "^1" / 0.0.2 (4.832575ms)
✔ package graph / range "^1" / 0.0.3 (4.96207ms)
✔ package graph / range "^1" / 0.1.0 (4.731343ms)
✔ package graph / range "^1" / 0.2.3 (4.727559ms)
✔ package graph / range "^1" / 0.2.4 (4.771058ms)
✔ package graph / range "^1" / 0.3.0 (5.055352ms)
✔ package graph / range "^1" / 1.0.0 (5.360166ms)
✔ package graph / range "^1" / 1.2.0 (5.495132ms)
✔ package graph / range "^1" / 1.2.2 (5.530896ms)
✔ package graph / range "^1" / 1.2.3-0 (4.989302ms)
✔ package graph / range "^1" / 1.2.3-alpha (4.915341ms)
✔ package graph / range "^1" / 1.2.3-alpha.2 (4.930726ms)
✔ package graph / range "^1" / 1.2.3-alpha.10 (4.737833ms)
✔ package graph / range "^1" / 1.2.3-beta (4.742868ms)
✔ package graph / range "^1" / 1.2.3 (5.477242ms)
✔ package graph / range "^1" / 1.2.3+build.9 (5.64812ms)
✔ package graph / range "^1" / 1.2.4-alpha (5.014127ms)
✔ package graph / range "^1" / 1.2.4 (5.449938ms)
✔ package graph / range "^1" / 1.3.0-0 (5.091256ms)
✔ package graph / range "^1" / 1.3.0 (5.488722ms)
✔ package graph / range "^1" / 2.0.0-alpha (4.942034ms)
✔ package graph / range "^1" / 2.0.0 (4.896238ms)
✔ package graph / range "^1" / 2.3.4 (4.815759ms)
✔ package graph / range "^1" / 3.0.0 (4.806583ms)
✔ package graph / range "^1.2" / 0.0.0 (5.005455ms)
✔ package graph / range "^1.2" / 0.0.2 (4.806864ms)
✔ package graph / range "^1.2" / 0.0.3 (4.921785ms)
✔ package graph / range "^1.2" / 0.1.0 (4.831377ms)
✔ package graph / range "^1.2" / 0.2.3 (4.892965ms)
✔ package graph / range "^1.2" / 0.2.4 (4.893632ms)
✔ package graph / range "^1.2" / 0.3.0 (4.824467ms)
✔ package graph / range "^1.2" / 1.0.0 (5.161958ms)
✔ package graph / range "^1.2" / 1.2.0 (5.520112ms)
✔ package graph / range "^1.2" / 1.2.2 (5.443997ms)
✔ package graph / range "^1.2" / 1.2.3-0 (5.09292ms)
✔ package graph / range "^1.2" / 1.2.3-alpha (4.849381ms)
✔ package graph / range "^1.2" / 1.2.3-alpha.2 (4.800016ms)
✔ package graph / range "^1.2" / 1.2.3-alpha.10 (4.888479ms)
✔ package graph / range "^1.2" / 1.2.3-beta (4.881891ms)
✔ package graph / range "^1.2" / 1.2.3 (5.538173ms)
✔ package graph / range "^1.2" / 1.2.3+build.9 (5.384305ms)
✔ package graph / range "^1.2" / 1.2.4-alpha (5.037755ms)
✔ package graph / range "^1.2" / 1.2.4 (5.337138ms)
✔ package graph / range "^1.2" / 1.3.0-0 (4.88661ms)
✔ package graph / range "^1.2" / 1.3.0 (5.593822ms)
✔ package graph / range "^1.2" / 2.0.0-alpha (5.00557ms)
✔ package graph / range "^1.2" / 2.0.0 (4.903685ms)
✔ package graph / range "^1.2" / 2.3.4 (5.388359ms)
✔ package graph / range "^1.2" / 3.0.0 (4.975909ms)
✔ package graph / range "^1.2.3" / 0.0.0 (4.983842ms)
✔ package graph / range "^1.2.3" / 0.0.2 (4.958424ms)
✔ package graph / range "^1.2.3" / 0.0.3 (4.932789ms)
✔ package graph / range "^1.2.3" / 0.1.0 (5.019606ms)
✔ package graph / range "^1.2.3" / 0.2.3 (4.91716ms)
✔ package graph / range "^1.2.3" / 0.2.4 (4.999197ms)
✔ package graph / range "^1.2.3" / 0.3.0 (4.896129ms)
✔ package graph / range "^1.2.3" / 1.0.0 (4.996449ms)
✔ package graph / range "^1.2.3" / 1.2.0 (5.107854ms)
✔ package graph / range "^1.2.3" / 1.2.2 (5.020675ms)
✔ package graph / range "^1.2.3" / 1.2.3-0 (5.023429ms)
✔ package graph / range "^1.2.3" / 1.2.3-alpha (5.011835ms)
✔ package graph / range "^1.2.3" / 1.2.3-alpha.2 (4.993249ms)
✔ package graph / range "^1.2.3" / 1.2.3-alpha.10 (4.901885ms)
✔ package graph / range "^1.2.3" / 1.2.3-beta (4.779795ms)
✔ package graph / range "^1.2.3" / 1.2.3 (5.504153ms)
✔ package graph / range "^1.2.3" / 1.2.3+build.9 (5.469204ms)
✔ package graph / range "^1.2.3" / 1.2.4-alpha (4.922109ms)
✔ package graph / range "^1.2.3" / 1.2.4 (5.3695ms)
✔ package graph / range "^1.2.3" / 1.3.0-0 (4.927304ms)
✔ package graph / range "^1.2.3" / 1.3.0 (5.30516ms)
✔ package graph / range "^1.2.3" / 2.0.0-alpha (5.200648ms)
✔ package graph / range "^1.2.3" / 2.0.0 (4.934126ms)
✔ package graph / range "^1.2.3" / 2.3.4 (4.722097ms)
✔ package graph / range "^1.2.3" / 3.0.0 (4.739754ms)
✔ package graph / range "^0" / 0.0.0 (5.395571ms)
✔ package graph / range "^0" / 0.0.2 (5.545529ms)
✔ package graph / range "^0" / 0.0.3 (5.442649ms)
✔ package graph / range "^0" / 0.1.0 (5.545906ms)
✔ package graph / range "^0" / 0.2.3 (5.417296ms)
✔ package graph / range "^0" / 0.2.4 (5.483239ms)
✔ package graph / range "^0" / 0.3.0 (5.773426ms)
✔ package graph / range "^0" / 1.0.0 (4.992178ms)
✔ package graph / range "^0" / 1.2.0 (4.910754ms)
✔ package graph / range "^0" / 1.2.2 (5.149478ms)
✔ package graph / range "^0" / 1.2.3-0 (4.931959ms)
✔ package graph / range "^0" / 1.2.3-alpha (4.861136ms)
✔ package graph / range "^0" / 1.2.3-alpha.2 (4.753839ms)
✔ package graph / range "^0" / 1.2.3-alpha.10 (4.665966ms)
✔ package graph / range "^0" / 1.2.3-beta (4.72927ms)
✔ package graph / range "^0" / 1.2.3 (4.70558ms)
✔ package graph / range "^0" / 1.2.3+build.9 (5.10754ms)
✔ package graph / range "^0" / 1.2.4-alpha (4.93995ms)
✔ package graph / range "^0" / 1.2.4 (4.814313ms)
✔ package graph / range "^0" / 1.3.0-0 (4.934512ms)
✔ package graph / range "^0" / 1.3.0 (5.054639ms)
✔ package graph / range "^0" / 2.0.0-alpha (4.813398ms)
✔ package graph / range "^0" / 2.0.0 (4.680222ms)
✔ package graph / range "^0" / 2.3.4 (4.98404ms)
✔ package graph / range "^0" / 3.0.0 (4.96702ms)
✔ package graph / range "^0.0" / 0.0.0 (5.481674ms)
✔ package graph / range "^0.0" / 0.0.2 (5.564364ms)
✔ package graph / range "^0.0" / 0.0.3 (5.360362ms)
✔ package graph / range "^0.0" / 0.1.0 (4.909646ms)
✔ package graph / range "^0.0" / 0.2.3 (5.434087ms)
✔ package graph / range "^0.0" / 0.2.4 (5.042276ms)
✔ package graph / range "^0.0" / 0.3.0 (4.94988ms)
✔ package graph / range "^0.0" / 1.0.0 (4.856437ms)
✔ package graph / range "^0.0" / 1.2.0 (5.071893ms)
✔ package graph / range "^0.0" / 1.2.2 (5.059633ms)
✔ package graph / range "^0.0" / 1.2.3-0 (4.824519ms)
✔ package graph / range "^0.0" / 1.2.3-alpha (4.981393ms)
✔ package graph / range "^0.0" / 1.2.3-alpha.2 (5.049993ms)
✔ package graph / range "^0.0" / 1.2.3-alpha.10 (5.009451ms)
✔ package graph / range "^0.0" / 1.2.3-beta (5.374443ms)
✔ package graph / range "^0.0" / 1.2.3 (4.977777ms)
✔ package graph / range "^0.0" / 1.2.3+build.9 (4.97259ms)
✔ package graph / range "^0.0" / 1.2.4-alpha (5.090145ms)
✔ package graph / range "^0.0" / 1.2.4 (4.81064ms)
✔ package graph / range "^0.0" / 1.3.0-0 (4.884161ms)
✔ package graph / range "^0.0" / 1.3.0 (4.783858ms)
✔ package graph / range "^0.0" / 2.0.0-alpha (4.955228ms)
✔ package graph / range "^0.0" / 2.0.0 (4.87355ms)
✔ package graph / range "^0.0" / 2.3.4 (4.908764ms)
✔ package graph / range "^0.0" / 3.0.0 (5.051314ms)
✔ package graph / range "^0.0.2" / 0.0.0 (4.895079ms)
✔ package graph / range "^0.0.2" / 0.0.2 (5.435128ms)
✔ package graph / range "^0.0.2" / 0.0.3 (5.067537ms)
✔ package graph / range "^0.0.2" / 0.1.0 (6.062611ms)
✔ package graph / range "^0.0.2" / 0.2.3 (4.907077ms)
✔ package graph / range "^0.0.2" / 0.2.4 (5.004998ms)
✔ package graph / range "^0.0.2" / 0.3.0 (5.126223ms)
✔ package graph / range "^0.0.2" / 1.0.0 (5.046267ms)
✔ package graph / range "^0.0.2" / 1.2.0 (4.797304ms)
✔ package graph / range "^0.0.2" / 1.2.2 (4.769268ms)
✔ package graph / range "^0.0.2" / 1.2.3-0 (4.842766ms)
✔ package graph / range "^0.0.2" / 1.2.3-alpha (4.915819ms)
✔ package graph / range "^0.0.2" / 1.2.3-alpha.2 (5.111413ms)
✔ package graph / range "^0.0.2" / 1.2.3-alpha.10 (4.945117ms)
✔ package graph / range "^0.0.2" / 1.2.3-beta (5.015882ms)
✔ package graph / range "^0.0.2" / 1.2.3 (5.306065ms)
✔ package graph / range "^0.0.2" / 1.2.3+build.9 (4.980224ms)
✔ package graph / range "^0.0.2" / 1.2.4-alpha (4.875887ms)
✔ package graph / range "^0.0.2" / 1.2.4 (4.791213ms)
✔ package graph / range "^0.0.2" / 1.3.0-0 (5.135338ms)
✔ package graph / range "^0.0.2" / 1.3.0 (5.023505ms)
✔ package graph / range "^0.0.2" / 2.0.0-alpha (4.762843ms)
✔ package graph / range "^0.0.2" / 2.0.0 (5.221298ms)
✔ package graph / range "^0.0.2" / 2.3.4 (4.903361ms)
✔ package graph / range "^0.0.2" / 3.0.0 (4.779792ms)
✔ package graph / range "^0.2" / 0.0.0 (5.023859ms)
✔ package graph / range "^0.2" / 0.0.2 (4.927031ms)
✔ package graph / range "^0.2" / 0.0.3 (5.149121ms)
✔ package graph / range "^0.2" / 0.1.0 (4.829936ms)
✔ package graph / range "^0.2" / 0.2.3 (5.70141ms)
✔ package graph / range "^0.2" / 0.2.4 (5.410163ms)
✔ package graph / range "^0.2" / 0.3.0 (4.81935ms)
✔ package graph / range "^0.2" / 1.0.0 (5.190537ms)
✔ package graph / range "^0.2" / 1.2.0 (5.128419ms)
✔ package graph / range "^0.2" / 1.2.2 (4.905706ms)
✔ package graph / range "^0.2" / 1.2.3-0 (5.025527ms)
✔ package graph / range "^0.2" / 1.2.3-alpha (4.76516ms)
✔ package graph / range "^0.2" / 1.2.3-alpha.2 (5.008324ms)
✔ package graph / range "^0.2" / 1.2.3-alpha.10 (4.995964ms)
✔ package graph / range "^0.2" / 1.2.3-beta (4.888777ms)
✔ package graph / range "^0.2" / 1.2.3 (4.85279ms)
✔ package graph / range "^0.2" / 1.2.3+build.9 (4.809164ms)
✔ package graph / range "^0.2" / 1.2.4-alpha (4.73398ms)
✔ package graph / range "^0.2" / 1.2.4 (4.881667ms)
✔ package graph / range "^0.2" / 1.3.0-0 (4.635815ms)
✔ package graph / range "^0.2" / 1.3.0 (4.748767ms)
✔ package graph / range "^0.2" / 2.0.0-alpha (4.721342ms)
✔ package graph / range "^0.2" / 2.0.0 (4.875184ms)
✔ package graph / range "^0.2" / 2.3.4 (4.800361ms)
✔ package graph / range "^0.2" / 3.0.0 (4.911314ms)
✔ package graph / range "^0.2.3" / 0.0.0 (5.027082ms)
✔ package graph / range "^0.2.3" / 0.0.2 (4.765346ms)
✔ package graph / range "^0.2.3" / 0.0.3 (4.843113ms)
✔ package graph / range "^0.2.3" / 0.1.0 (4.878688ms)
✔ package graph / range "^0.2.3" / 0.2.3 (5.317196ms)
✔ package graph / range "^0.2.3" / 0.2.4 (5.338669ms)
✔ package graph / range "^0.2.3" / 0.3.0 (5.010292ms)
✔ package graph / range "^0.2.3" / 1.0.0 (4.82919ms)
✔ package graph / range "^0.2.3" / 1.2.0 (4.81111ms)
✔ package graph / range "^0.2.3" / 1.2.2 (5.058191ms)
✔ package graph / range "^0.2.3" / 1.2.3-0 (4.973133ms)
✔ package graph / range "^0.2.3" / 1.2.3-alpha (5.061615ms)
✔ package graph / range "^0.2.3" / 1.2.3-alpha.2 (4.937382ms)
✔ package graph / range "^0.2.3" / 1.2.3-alpha.10 (5.012621ms)
✔ package graph / range "^0.2.3" / 1.2.3-beta (5.064245ms)
✔ package graph / range "^0.2.3" / 1.2.3 (4.971729ms)
✔ package graph / range "^0.2.3" / 1.2.3+build.9 (4.853046ms)
✔ package graph / range "^0.2.3" / 1.2.4-alpha (4.788791ms)
✔ package graph / range "^0.2.3" / 1.2.4 (4.697542ms)
✔ package graph / range "^0.2.3" / 1.3.0-0 (4.80149ms)
✔ package graph / range "^0.2.3" / 1.3.0 (4.752742ms)
✔ package graph / range "^0.2.3" / 2.0.0-alpha (4.882731ms)
✔ package graph / range "^0.2.3" / 2.0.0 (4.689035ms)
✔ package graph / range "^0.2.3" / 2.3.4 (4.762108ms)
✔ package graph / range "^0.2.3" / 3.0.0 (4.949257ms)
✔ package graph / range "^0.0.0" / 0.0.0 (5.372961ms)
✔ package graph / range "^0.0.0" / 0.0.2 (4.94094ms)
✔ package graph / range "^0.0.0" / 0.0.3 (4.771996ms)
✔ package graph / range "^0.0.0" / 0.1.0 (4.792163ms)
✔ package graph / range "^0.0.0" / 0.2.3 (4.747807ms)
✔ package graph / range "^0.0.0" / 0.2.4 (4.686535ms)
✔ package graph / range "^0.0.0" / 0.3.0 (4.942724ms)
✔ package graph / range "^0.0.0" / 1.0.0 (4.818231ms)
✔ package graph / range "^0.0.0" / 1.2.0 (4.880713ms)
✔ package graph / range "^0.0.0" / 1.2.2 (4.691738ms)
✔ package graph / range "^0.0.0" / 1.2.3-0 (4.749896ms)
✔ package graph / range "^0.0.0" / 1.2.3-alpha (4.934221ms)
✔ package graph / range "^0.0.0" / 1.2.3-alpha.2 (4.87258ms)
✔ package graph / range "^0.0.0" / 1.2.3-alpha.10 (4.764366ms)
✔ package graph / range "^0.0.0" / 1.2.3-beta (4.825129ms)
✔ package graph / range "^0.0.0" / 1.2.3 (4.766648ms)
✔ package graph / range "^0.0.0" / 1.2.3+build.9 (4.78562ms)
✔ package graph / range "^0.0.0" / 1.2.4-alpha (4.73646ms)
✔ package graph / range "^0.0.0" / 1.2.4 (4.924425ms)
✔ package graph / range "^0.0.0" / 1.3.0-0 (4.877791ms)
✔ package graph / range "^0.0.0" / 1.3.0 (4.790795ms)
✔ package graph / range "^0.0.0" / 2.0.0-alpha (4.943116ms)
✔ package graph / range "^0.0.0" / 2.0.0 (4.979918ms)
✔ package graph / range "^0.0.0" / 2.3.4 (4.772902ms)
✔ package graph / range "^0.0.0" / 3.0.0 (4.857771ms)
✔ package graph / range "1.2.3 - 2.3.4" / 0.0.0 (4.934089ms)
✔ package graph / range "1.2.3 - 2.3.4" / 0.0.2 (4.785302ms)
✔ package graph / range "1.2.3 - 2.3.4" / 0.0.3 (4.722809ms)
✔ package graph / range "1.2.3 - 2.3.4" / 0.1.0 (4.89456ms)
✔ package graph / range "1.2.3 - 2.3.4" / 0.2.3 (4.916669ms)
✔ package graph / range "1.2.3 - 2.3.4" / 0.2.4 (4.765507ms)
✔ package graph / range "1.2.3 - 2.3.4" / 0.3.0 (4.88535ms)
✔ package graph / range "1.2.3 - 2.3.4" / 1.0.0 (4.835216ms)
✔ package graph / range "1.2.3 - 2.3.4" / 1.2.0 (4.860289ms)
✔ package graph / range "1.2.3 - 2.3.4" / 1.2.2 (5.047173ms)
✔ package graph / range "1.2.3 - 2.3.4" / 1.2.3-0 (4.884612ms)
✔ package graph / range "1.2.3 - 2.3.4" / 1.2.3-alpha (4.764437ms)
✔ package graph / range "1.2.3 - 2.3.4" / 1.2.3-alpha.2 (4.791852ms)
✔ package graph / range "1.2.3 - 2.3.4" / 1.2.3-alpha.10 (4.724491ms)
✔ package graph / range "1.2.3 - 2.3.4" / 1.2.3-beta (4.775281ms)
✔ package graph / range "1.2.3 - 2.3.4" / 1.2.3 (5.450422ms)
✔ package graph / range "1.2.3 - 2.3.4" / 1.2.3+build.9 (5.302491ms)
✔ package graph / range "1.2.3 - 2.3.4" / 1.2.4-alpha (4.977489ms)
✔ package graph / range "1.2.3 - 2.3.4" / 1.2.4 (5.208168ms)
✔ package graph / range "1.2.3 - 2.3.4" / 1.3.0-0 (4.922701ms)
✔ package graph / range "1.2.3 - 2.3.4" / 1.3.0 (5.329733ms)
✔ package graph / range "1.2.3 - 2.3.4" / 2.0.0-alpha (4.867079ms)
✔ package graph / range "1.2.3 - 2.3.4" / 2.0.0 (5.535672ms)
✔ package graph / range "1.2.3 - 2.3.4" / 2.3.4 (5.412709ms)
✔ package graph / range "1.2.3 - 2.3.4" / 3.0.0 (5.044858ms)
✔ package graph / range "1.2 - 2.3" / 0.0.0 (4.883141ms)
✔ package graph / range "1.2 - 2.3" / 0.0.2 (4.913418ms)
✔ package graph / range "1.2 - 2.3" / 0.0.3 (5.017982ms)
✔ package graph / range "1.2 - 2.3" / 0.1.0 (4.967249ms)
✔ package graph / range "1.2 - 2.3" / 0.2.3 (4.721302ms)
✔ package graph / range "1.2 - 2.3" / 0.2.4 (4.904659ms)
✔ package graph / range "1.2 - 2.3" / 0.3.0 (4.632777ms)
✔ package graph / range "1.2 - 2.3" / 1.0.0 (4.663073ms)
✔ package graph / range "1.2 - 2.3" / 1.2.0 (5.390243ms)
✔ package graph / range "1.2 - 2.3" / 1.2.2 (5.313487ms)
✔ package graph / range "1.2 - 2.3" / 1.2.3-0 (4.839008ms)
✔ package graph / range "1.2 - 2.3" / 1.2.3-alpha (4.745543ms)
✔ package graph / range "1.2 - 2.3" / 1.2.3-alpha.2 (4.887814ms)
✔ package graph / range "1.2 - 2.3" / 1.2.3-alpha.10 (4.723954ms)
✔ package graph / range "1.2 - 2.3" / 1.2.3-beta (4.818907ms)
✔ package graph / range "1.2 - 2.3" / 1.2.3 (5.366402ms)
✔ package graph / range "1.2 - 2.3" / 1.2.3+build.9 (5.400434ms)
✔ package graph / range "1.2 - 2.3" / 1.2.4-alpha (4.83589ms)
✔ package graph / range "1.2 - 2.3" / 1.2.4 (5.280313ms)
✔ package graph / range "1.2 - 2.3" / 1.3.0-0 (4.917924ms)
✔ package graph / range "1.2 - 2.3" / 1.3.0 (5.350972ms)
✔ package graph / range "1.2 - 2.3" / 2.0.0-alpha (5.951285ms)
✔ package graph / range "1.2 - 2.3" / 2.0.0 (5.497693ms)
✔ package graph / range "1.2 - 2.3" / 2.3.4 (5.371131ms)
✔ package graph / range "1.2 - 2.3" / 3.0.0 (4.829071ms)
✔ package graph / range "1 - 2" / 0.0.0 (4.961461ms)
✔ package graph / range "1 - 2" / 0.0.2 (4.922084ms)
✔ package graph / range "1 - 2" / 0.0.3 (5.007882ms)
✔ package graph / range "1 - 2" / 0.1.0 (4.744951ms)
✔ package graph / range "1 - 2" / 0.2.3 (4.709557ms)
✔ package graph / range "1 - 2" / 0.2.4 (4.930314ms)
✔ package graph / range "1 - 2" / 0.3.0 (4.859497ms)
✔ package graph / range "1 - 2" / 1.0.0 (5.493223ms)
✔ package graph / range "1 - 2" / 1.2.0 (5.271756ms)
✔ package graph / range "1 - 2" / 1.2.2 (5.334391ms)
✔ package graph / range "1 - 2" / 1.2.3-0 (4.921431ms)
✔ package graph / range "1 - 2" / 1.2.3-alpha (5.095361ms)
✔ package graph / range "1 - 2" / 1.2.3-alpha.2 (4.87959ms)
✔ package graph / range "1 - 2" / 1.2.3-alpha.10 (4.812582ms)
✔ package graph / range "1 - 2" / 1.2.3-beta (4.732025ms)
✔ package graph / range "1 - 2" / 1.2.3 (5.200521ms)
✔ package graph / range "1 - 2" / 1.2.3+build.9 (5.474527ms)
✔ package graph / range "1 - 2" / 1.2.4-alpha (4.912275ms)
✔ package graph / range "1 - 2" / 1.2.4 (5.327847ms)
✔ package graph / range "1 - 2" / 1.3.0-0 (4.83626ms)
✔ package graph / range "1 - 2" / 1.3.0 (5.332794ms)
✔ package graph / range "1 - 2" / 2.0.0-alpha (4.762615ms)
✔ package graph / range "1 - 2" / 2.0.0 (5.19687ms)
✔ package graph / range "1 - 2" / 2.3.4 (5.389612ms)
✔ package graph / range "1 - 2" / 3.0.0 (4.884587ms)
✔ package graph / range "1.2.3 - 2" / 0.0.0 (4.816264ms)
✔ package graph / range "1.2.3 - 2" / 0.0.2 (4.912214ms)
✔ package graph / range "1.2.3 - 2" / 0.0.3 (4.76694ms)
✔ package graph / range "1.2.3 - 2" / 0.1.0 (4.864582ms)
✔ package graph / range "1.2.3 - 2" / 0.2.3 (4.914843ms)
✔ package graph / range "1.2.3 - 2" / 0.2.4 (4.985369ms)
✔ package graph / range "1.2.3 - 2" / 0.3.0 (5.117377ms)
✔ package graph / range "1.2.3 - 2" / 1.0.0 (4.851878ms)
✔ package graph / range "1.2.3 - 2" / 1.2.0 (4.851134ms)
✔ package graph / range "1.2.3 - 2" / 1.2.2 (4.751484ms)
✔ package graph / range "1.2.3 - 2" / 1.2.3-0 (4.854601ms)
✔ package graph / range "1.2.3 - 2" / 1.2.3-alpha (4.730246ms)
✔ package graph / range "1.2.3 - 2" / 1.2.3-alpha.2 (4.862453ms)
✔ package graph / range "1.2.3 - 2" / 1.2.3-alpha.10 (4.80011ms)
✔ package graph / range "1.2.3 - 2" / 1.2.3-beta (4.844174ms)
✔ package graph / range "1.2.3 - 2" / 1.2.3 (5.570109ms)
✔ package graph / range "1.2.3 - 2" / 1.2.3+build.9 (5.376403ms)
✔ package graph / range "1.2.3 - 2" / 1.2.4-alpha (4.871781ms)
✔ package graph / range "1.2.3 - 2" / 1.2.4 (5.852929ms)
✔ package graph / range "1.2.3 - 2" / 1.3.0-0 (5.108858ms)
✔ package graph / range "1.2.3 - 2" / 1.3.0 (5.385712ms)
✔ package graph / range "1.2.3 - 2" / 2.0.0-alpha (4.823885ms)
✔ package graph / range "1.2.3 - 2" / 2.0.0 (5.249532ms)
✔ package graph / range "1.2.3 - 2" / 2.3.4 (5.360137ms)
✔ package graph / range "1.2.3 - 2" / 3.0.0 (5.033575ms)
✔ package graph / range ">=1.2.0 <2.0.0" / 0.0.0 (4.881528ms)
✔ package graph / range ">=1.2.0 <2.0.0" / 0.0.2 (4.818636ms)
✔ package graph / range ">=1.2.0 <2.0.0" / 0.0.3 (4.746013ms)
✔ package graph / range ">=1.2.0 <2.0.0" / 0.1.0 (4.762451ms)
✔ package graph / range ">=1.2.0 <2.0.0" / 0.2.3 (5.062525ms)
✔ package graph / range ">=1.2.0 <2.0.0" / 0.2.4 (4.89591ms)
✔ package graph / range ">=1.2.0 <2.0.0" / 0.3.0 (5.020025ms)
✔ package graph / range ">=1.2.0 <2.0.0" / 1.0.0 (4.923313ms)
✔ package graph / range ">=1.2.0 <2.0.0" / 1.2.0 (5.285867ms)
✔ package graph / range ">=1.2.0 <2.0.0" / 1.2.2 (5.28375ms)
✔ package graph / range ">=1.2.0 <2.0.0" / 1.2.3-0 (4.876358ms)
✔ package graph / range ">=1.2.0 <2.0.0" / 1.2.3-alpha (4.87253ms)
✔ package graph / range ">=1.2.0 <2.0.0" / 1.2.3-alpha.2 (4.891207ms)
✔ package graph / range ">=1.2.0 <2.0.0" / 1.2.3-alpha.10 (4.91981ms)
✔ package graph / range ">=1.2.0 <2.0.0" / 1.2.3-beta (4.965612ms)
✔ package graph / range ">=1.2.0 <2.0.0" / 1.2.3 (5.315536ms)
✔ package graph / range ">=1.2.0 <2.0.0" / 1.2.3+build.9 (5.448464ms)
✔ package graph / range ">=1.2.0 <2.0.0" / 1.2.4-alpha (4.827982ms)
✔ package graph / range ">=1.2.0 <2.0.0" / 1.2.4 (5.195129ms)
✔ package graph / range ">=1.2.0 <2.0.0" / 1.3.0-0 (4.801538ms)
✔ package graph / range ">=1.2.0 <2.0.0" / 1.3.0 (5.450396ms)
✔ package graph / range ">=1.2.0 <2.0.0" / 2.0.0-alpha (4.749292ms)
✔ package graph / range ">=1.2.0 <2.0.0" / 2.0.0 (4.965006ms)
✔ package graph / range ">=1.2.0 <2.0.0" / 2.3.4 (4.737525ms)
✔ package graph / range ">=1.2.0 <2.0.0" / 3.0.0 (4.775909ms)
✔ package graph / range ">2.0.0 <1.0.0" / 0.0.0 (5.0536ms)
✔ package graph / range ">2.0.0 <1.0.0" / 0.0.2 (4.810128ms)
✔ package graph / range ">2.0.0 <1.0.0" / 0.0.3 (4.802325ms)
✔ package graph / range ">2.0.0 <1.0.0" / 0.1.0 (4.643559ms)
✔ package graph / range ">2.0.0 <1.0.0" / 0.2.3 (4.980613ms)
✔ package graph / range ">2.0.0 <1.0.0" / 0.2.4 (4.726614ms)
✔ package graph / range ">2.0.0 <1.0.0" / 0.3.0 (4.915572ms)
✔ package graph / range ">2.0.0 <1.0.0" / 1.0.0 (4.83002ms)
✔ package graph / range ">2.0.0 <1.0.0" / 1.2.0 (5.286169ms)
✔ package graph / range ">2.0.0 <1.0.0" / 1.2.2 (5.155814ms)
✔ package graph / range ">2.0.0 <1.0.0" / 1.2.3-0 (4.925548ms)
✔ package graph / range ">2.0.0 <1.0.0" / 1.2.3-alpha (4.792573ms)
✔ package graph / range ">2.0.0 <1.0.0" / 1.2.3-alpha.2 (4.860096ms)
✔ package graph / range ">2.0.0 <1.0.0" / 1.2.3-alpha.10 (4.713251ms)
✔ package graph / range ">2.0.0 <1.0.0" / 1.2.3-beta (4.820484ms)
✔ package graph / range ">2.0.0 <1.0.0" / 1.2.3 (4.904671ms)
✔ package graph / range ">2.0.0 <1.0.0" / 1.2.3+build.9 (4.988242ms)
✔ package graph / range ">2.0.0 <1.0.0" / 1.2.4-alpha (4.842131ms)
✔ package graph / range ">2.0.0 <1.0.0" / 1.2.4 (4.792953ms)
✔ package graph / range ">2.0.0 <1.0.0" / 1.3.0-0 (4.789717ms)
✔ package graph / range ">2.0.0 <1.0.0" / 1.3.0 (4.801991ms)
✔ package graph / range ">2.0.0 <1.0.0" / 2.0.0-alpha (4.974358ms)
✔ package graph / range ">2.0.0 <1.0.0" / 2.0.0 (4.724506ms)
✔ package graph / range ">2.0.0 <1.0.0" / 2.3.4 (5.056532ms)
✔ package graph / range ">2.0.0 <1.0.0" / 3.0.0 (4.900423ms)
✔ package graph / range "1.2.3 || 2.3.4" / 0.0.0 (4.757948ms)
✔ package graph / range "1.2.3 || 2.3.4" / 0.0.2 (4.955173ms)
✔ package graph / range "1.2.3 || 2.3.4" / 0.0.3 (4.80075ms)
✔ package graph / range "1.2.3 || 2.3.4" / 0.1.0 (4.899198ms)
✔ package graph / range "1.2.3 || 2.3.4" / 0.2.3 (4.971701ms)
✔ package graph / range "1.2.3 || 2.3.4" / 0.2.4 (4.982969ms)
✔ package graph / range "1.2.3 || 2.3.4" / 0.3.0 (4.784335ms)
✔ package graph / range "1.2.3 || 2.3.4" / 1.0.0 (4.741117ms)
✔ package graph / range "1.2.3 || 2.3.4" / 1.2.0 (4.835893ms)
✔ package graph / range "1.2.3 || 2.3.4" / 1.2.2 (4.721158ms)
✔ package graph / range "1.2.3 || 2.3.4" / 1.2.3-0 (5.047855ms)
✔ package graph / range "1.2.3 || 2.3.4" / 1.2.3-alpha (5.045162ms)
✔ package graph / range "1.2.3 || 2.3.4" / 1.2.3-alpha.2 (4.991403ms)
✔ package graph / range "1.2.3 || 2.3.4" / 1.2.3-alpha.10 (4.838801ms)
✔ package graph / range "1.2.3 || 2.3.4" / 1.2.3-beta (4.775331ms)
✔ package graph / range "1.2.3 || 2.3.4" / 1.2.3 (5.366796ms)
✔ package graph / range "1.2.3 || 2.3.4" / 1.2.3+build.9 (5.489157ms)
✔ package graph / range "1.2.3 || 2.3.4" / 1.2.4-alpha (4.984653ms)
✔ package graph / range "1.2.3 || 2.3.4" / 1.2.4 (4.758541ms)
✔ package graph / range "1.2.3 || 2.3.4" / 1.3.0-0 (4.757471ms)
✔ package graph / range "1.2.3 || 2.3.4" / 1.3.0 (4.907971ms)
✔ package graph / range "1.2.3 || 2.3.4" / 2.0.0-alpha (5.184142ms)
✔ package graph / range "1.2.3 || 2.3.4" / 2.0.0 (5.205896ms)
✔ package graph / range "1.2.3 || 2.3.4" / 2.3.4 (5.50646ms)
✔ package graph / range "1.2.3 || 2.3.4" / 3.0.0 (4.910635ms)
✔ package graph / range "^0.2.3 || ~1.2.0" / 0.0.0 (4.782788ms)
✔ package graph / range "^0.2.3 || ~1.2.0" / 0.0.2 (4.781211ms)
✔ package graph / range "^0.2.3 || ~1.2.0" / 0.0.3 (4.817689ms)
✔ package graph / range "^0.2.3 || ~1.2.0" / 0.1.0 (4.928386ms)
✔ package graph / range "^0.2.3 || ~1.2.0" / 0.2.3 (5.216344ms)
✔ package graph / range "^0.2.3 || ~1.2.0" / 0.2.4 (5.406716ms)
✔ package graph / range "^0.2.3 || ~1.2.0" / 0.3.0 (4.899152ms)
✔ package graph / range "^0.2.3 || ~1.2.0" / 1.0.0 (5.024219ms)
✔ package graph / range "^0.2.3 || ~1.2.0" / 1.2.0 (5.244338ms)
✔ package graph / range "^0.2.3 || ~1.2.0" / 1.2.2 (5.363422ms)
✔ package graph / range "^0.2.3 || ~1.2.0" / 1.2.3-0 (4.808116ms)
✔ package graph / range "^0.2.3 || ~1.2.0" / 1.2.3-alpha (4.830468ms)
✔ package graph / range "^0.2.3 || ~1.2.0" / 1.2.3-alpha.2 (4.68999ms)
✔ package graph / range "^0.2.3 || ~1.2.0" / 1.2.3-alpha.10 (4.853845ms)
✔ package graph / range "^0.2.3 || ~1.2.0" / 1.2.3-beta (5.949196ms)
✔ package graph / range "^0.2.3 || ~1.2.0" / 1.2.3 (5.500493ms)
✔ package graph / range "^0.2.3 || ~1.2.0" / 1.2.3+build.9 (5.282157ms)
✔ package graph / range "^0.2.3 || ~1.2.0" / 1.2.4-alpha (4.797384ms)
✔ package graph / range "^0.2.3 || ~1.2.0" / 1.2.4 (5.44737ms)
✔ package graph / range "^0.2.3 || ~1.2.0" / 1.3.0-0 (4.937035ms)
✔ package graph / range "^0.2.3 || ~1.2.0" / 1.3.0 (4.789312ms)
✔ package graph / range "^0.2.3 || ~1.2.0" / 2.0.0-alpha (4.965344ms)
✔ package graph / range "^0.2.3 || ~1.2.0" / 2.0.0 (4.676294ms)
✔ package graph / range "^0.2.3 || ~1.2.0" / 2.3.4 (4.781488ms)
✔ package graph / range "^0.2.3 || ~1.2.0" / 3.0.0 (4.787438ms)
✔ package graph / range ">=1.2.3-alpha <2.0.0" / 0.0.0 (4.833688ms)
✔ package graph / range ">=1.2.3-alpha <2.0.0" / 0.0.2 (4.881144ms)
✔ package graph / range ">=1.2.3-alpha <2.0.0" / 0.0.3 (4.952425ms)
✔ package graph / range ">=1.2.3-alpha <2.0.0" / 0.1.0 (4.806434ms)
✔ package graph / range ">=1.2.3-alpha <2.0.0" / 0.2.3 (4.804749ms)
✔ package graph / range ">=1.2.3-alpha <2.0.0" / 0.2.4 (5.332117ms)
✔ package graph / range ">=1.2.3-alpha <2.0.0" / 0.3.0 (5.444995ms)
✔ package graph / range ">=1.2.3-alpha <2.0.0" / 1.0.0 (5.518738ms)
✔ package graph / range ">=1.2.3-alpha <2.0.0" / 1.2.0 (5.511458ms)
✔ package graph / range ">=1.2.3-alpha <2.0.0" / 1.2.2 (4.957865ms)
✔ package graph / range ">=1.2.3-alpha <2.0.0" / 1.2.3-0 (4.855785ms)
✔ package graph / range ">=1.2.3-alpha <2.0.0" / 1.2.3-alpha (5.357648ms)
✔ package graph / range ">=1.2.3-alpha <2.0.0" / 1.2.3-alpha.2 (5.550795ms)
✔ package graph / range ">=1.2.3-alpha <2.0.0" / 1.2.3-alpha.10 (5.325182ms)
✔ package graph / range ">=1.2.3-alpha <2.0.0" / 1.2.3-beta (5.405892ms)
✔ package graph / range ">=1.2.3-alpha <2.0.0" / 1.2.3 (5.236515ms)
✔ package graph / range ">=1.2.3-alpha <2.0.0" / 1.2.3+build.9 (5.472414ms)
✔ package graph / range ">=1.2.3-alpha <2.0.0" / 1.2.4-alpha (4.808643ms)
✔ package graph / range ">=1.2.3-alpha <2.0.0" / 1.2.4 (5.202188ms)
✔ package graph / range ">=1.2.3-alpha <2.0.0" / 1.3.0-0 (4.954946ms)
✔ package graph / range ">=1.2.3-alpha <2.0.0" / 1.3.0 (5.437153ms)
✔ package graph / range ">=1.2.3-alpha <2.0.0" / 2.0.0-alpha (4.803758ms)
✔ package graph / range ">=1.2.3-alpha <2.0.0" / 2.0.0 (5.194005ms)
✔ package graph / range ">=1.2.3-alpha <2.0.0" / 2.3.4 (5.002932ms)
✔ package graph / range ">=1.2.3-alpha <2.0.0" / 3.0.0 (5.07807ms)
✔ package graph / range "^1.2.3-alpha" / 0.0.0 (4.91732ms)
✔ package graph / range "^1.2.3-alpha" / 0.0.2 (4.858259ms)
✔ package graph / range "^1.2.3-alpha" / 0.0.3 (4.82763ms)
✔ package graph / range "^1.2.3-alpha" / 0.1.0 (4.848925ms)
✔ package graph / range "^1.2.3-alpha" / 0.2.3 (4.952527ms)
✔ package graph / range "^1.2.3-alpha" / 0.2.4 (4.948667ms)
✔ package graph / range "^1.2.3-alpha" / 0.3.0 (4.797605ms)
✔ package graph / range "^1.2.3-alpha" / 1.0.0 (4.976516ms)
✔ package graph / range "^1.2.3-alpha" / 1.2.0 (4.960144ms)
✔ package graph / range "^1.2.3-alpha" / 1.2.2 (4.822222ms)
✔ package graph / range "^1.2.3-alpha" / 1.2.3-0 (4.71206ms)
✔ package graph / range "^1.2.3-alpha" / 1.2.3-alpha (5.323364ms)
✔ package graph / range "^1.2.3-alpha" / 1.2.3-alpha.2 (5.243038ms)
✔ package graph / range "^1.2.3-alpha" / 1.2.3-alpha.10 (5.417552ms)
✔ package graph / range "^1.2.3-alpha" / 1.2.3-beta (5.427422ms)
✔ package graph / range "^1.2.3-alpha" / 1.2.3 (5.413358ms)
✔ package graph / range "^1.2.3-alpha" / 1.2.3+build.9 (5.407494ms)
✔ package graph / range "^1.2.3-alpha" / 1.2.4-alpha (4.803197ms)
✔ package graph / range "^1.2.3-alpha" / 1.2.4 (5.277655ms)
✔ package graph / range "^1.2.3-alpha" / 1.3.0-0 (4.864976ms)
✔ package graph / range "^1.2.3-alpha" / 1.3.0 (5.502496ms)
✔ package graph / range "^1.2.3-alpha" / 2.0.0-alpha (4.873242ms)
✔ package graph / range "^1.2.3-alpha" / 2.0.0 (4.963068ms)
✔ package graph / range "^1.2.3-alpha" / 2.3.4 (4.823961ms)
✔ package graph / range "^1.2.3-alpha" / 3.0.0 (4.786357ms)
✔ package graph / range "~1.2.3-alpha" / 0.0.0 (4.681393ms)
✔ package graph / range "~1.2.3-alpha" / 0.0.2 (4.845259ms)
✔ package graph / range "~1.2.3-alpha" / 0.0.3 (4.939314ms)
✔ package graph / range "~1.2.3-alpha" / 0.1.0 (4.751267ms)
✔ package graph / range "~1.2.3-alpha" / 0.2.3 (4.771249ms)
✔ package graph / range "~1.2.3-alpha" / 0.2.4 (4.805563ms)
✔ package graph / range "~1.2.3-alpha" / 0.3.0 (4.942848ms)
✔ package graph / range "~1.2.3-alpha" / 1.0.0 (4.832523ms)
✔ package graph / range "~1.2.3-alpha" / 1.2.0 (4.853129ms)
✔ package graph / range "~1.2.3-alpha" / 1.2.2 (5.044654ms)
✔ package graph / range "~1.2.3-alpha" / 1.2.3-0 (4.803706ms)
✔ package graph / range "~1.2.3-alpha" / 1.2.3-alpha (5.412402ms)
✔ package graph / range "~1.2.3-alpha" / 1.2.3-alpha.2 (5.248301ms)
✔ package graph / range "~1.2.3-alpha" / 1.2.3-alpha.10 (5.205468ms)
✔ package graph / range "~1.2.3-alpha" / 1.2.3-beta (5.243338ms)
✔ package graph / range "~1.2.3-alpha" / 1.2.3 (5.387612ms)
✔ package graph / range "~1.2.3-alpha" / 1.2.3+build.9 (5.388274ms)
✔ package graph / range "~1.2.3-alpha" / 1.2.4-alpha (4.856473ms)
✔ package graph / range "~1.2.3-alpha" / 1.2.4 (5.189752ms)
✔ package graph / range "~1.2.3-alpha" / 1.3.0-0 (4.949ms)
✔ package graph / range "~1.2.3-alpha" / 1.3.0 (4.744023ms)
✔ package graph / range "~1.2.3-alpha" / 2.0.0-alpha (4.861683ms)
✔ package graph / range "~1.2.3-alpha" / 2.0.0 (4.933782ms)
✔ package graph / range "~1.2.3-alpha" / 2.3.4 (4.656437ms)
✔ package graph / range "~1.2.3-alpha" / 3.0.0 (4.912654ms)
✔ package graph / range "1.2.3-alpha.2" / 0.0.0 (4.848778ms)
✔ package graph / range "1.2.3-alpha.2" / 0.0.2 (4.742378ms)
✔ package graph / range "1.2.3-alpha.2" / 0.0.3 (4.771236ms)
✔ package graph / range "1.2.3-alpha.2" / 0.1.0 (4.86224ms)
✔ package graph / range "1.2.3-alpha.2" / 0.2.3 (5.103931ms)
✔ package graph / range "1.2.3-alpha.2" / 0.2.4 (4.641553ms)
✔ package graph / range "1.2.3-alpha.2" / 0.3.0 (4.968472ms)
✔ package graph / range "1.2.3-alpha.2" / 1.0.0 (4.768616ms)
✔ package graph / range "1.2.3-alpha.2" / 1.2.0 (4.797071ms)
✔ package graph / range "1.2.3-alpha.2" / 1.2.2 (4.820415ms)
✔ package graph / range "1.2.3-alpha.2" / 1.2.3-0 (4.719388ms)
✔ package graph / range "1.2.3-alpha.2" / 1.2.3-alpha (4.877564ms)
✔ package graph / range "1.2.3-alpha.2" / 1.2.3-alpha.2 (5.307075ms)
✔ package graph / range "1.2.3-alpha.2" / 1.2.3-alpha.10 (5.191881ms)
✔ package graph / range "1.2.3-alpha.2" / 1.2.3-beta (5.277513ms)
✔ package graph / range "1.2.3-alpha.2" / 1.2.3 (5.010897ms)
✔ package graph / range "1.2.3-alpha.2" / 1.2.3+build.9 (4.789849ms)
✔ package graph / range "1.2.3-alpha.2" / 1.2.4-alpha (4.888397ms)
✔ package graph / range "1.2.3-alpha.2" / 1.2.4 (4.793057ms)
✔ package graph / range "1.2.3-alpha.2" / 1.3.0-0 (4.92002ms)
✔ package graph / range "1.2.3-alpha.2" / 1.3.0 (4.711453ms)
✔ package graph / range "1.2.3-alpha.2" / 2.0.0-alpha (5.010934ms)
✔ package graph / range "1.2.3-alpha.2" / 2.0.0 (4.716052ms)
✔ package graph / range "1.2.3-alpha.2" / 2.3.4 (4.929403ms)
✔ package graph / range "1.2.3-alpha.2" / 3.0.0 (4.717822ms)
✔ package graph / range ">1.2.3-alpha.2" / 0.0.0 (4.722717ms)
✔ package graph / range ">1.2.3-alpha.2" / 0.0.2 (4.77715ms)
✔ package graph / range ">1.2.3-alpha.2" / 0.0.3 (4.771842ms)
✔ package graph / range ">1.2.3-alpha.2" / 0.1.0 (4.829588ms)
✔ package graph / range ">1.2.3-alpha.2" / 0.2.3 (4.805433ms)
✔ package graph / range ">1.2.3-alpha.2" / 0.2.4 (4.692987ms)
✔ package graph / range ">1.2.3-alpha.2" / 0.3.0 (4.872738ms)
✔ package graph / range ">1.2.3-alpha.2" / 1.0.0 (4.858583ms)
✔ package graph / range ">1.2.3-alpha.2" / 1.2.0 (5.033061ms)
✔ package graph / range ">1.2.3-alpha.2" / 1.2.2 (4.77415ms)
✔ package graph / range ">1.2.3-alpha.2" / 1.2.3-0 (4.701134ms)
✔ package graph / range ">1.2.3-alpha.2" / 1.2.3-alpha (4.78854ms)
✔ package graph / range ">1.2.3-alpha.2" / 1.2.3-alpha.2 (4.751518ms)
✔ package graph / range ">1.2.3-alpha.2" / 1.2.3-alpha.10 (5.398612ms)
✔ package graph / range ">1.2.3-alpha.2" / 1.2.3-beta (5.175305ms)
✔ package graph / range ">1.2.3-alpha.2" / 1.2.3 (5.338783ms)
✔ package graph / range ">1.2.3-alpha.2" / 1.2.3+build.9 (5.307466ms)
✔ package graph / range ">1.2.3-alpha.2" / 1.2.4-alpha (4.669066ms)
✔ package graph / range ">1.2.3-alpha.2" / 1.2.4 (5.323711ms)
✔ package graph / range ">1.2.3-alpha.2" / 1.3.0-0 (4.826279ms)
✔ package graph / range ">1.2.3-alpha.2" / 1.3.0 (5.405587ms)
✔ package graph / range ">1.2.3-alpha.2" / 2.0.0-alpha (4.920529ms)
✔ package graph / range ">1.2.3-alpha.2" / 2.0.0 (5.295317ms)
✔ package graph / range ">1.2.3-alpha.2" / 2.3.4 (5.327586ms)
✔ package graph / range ">1.2.3-alpha.2" / 3.0.0 (5.198302ms)
✔ package graph / range "<1.2.3-alpha.10" / 0.0.0 (5.461475ms)
✔ package graph / range "<1.2.3-alpha.10" / 0.0.2 (5.392365ms)
✔ package graph / range "<1.2.3-alpha.10" / 0.0.3 (5.484752ms)
✔ package graph / range "<1.2.3-alpha.10" / 0.1.0 (5.320937ms)
✔ package graph / range "<1.2.3-alpha.10" / 0.2.3 (5.417764ms)
✔ package graph / range "<1.2.3-alpha.10" / 0.2.4 (6.444156ms)
✔ package graph / range "<1.2.3-alpha.10" / 0.3.0 (5.379503ms)
✔ package graph / range "<1.2.3-alpha.10" / 1.0.0 (5.75578ms)
✔ package graph / range "<1.2.3-alpha.10" / 1.2.0 (5.750288ms)
✔ package graph / range "<1.2.3-alpha.10" / 1.2.2 (5.345154ms)
✔ package graph / range "<1.2.3-alpha.10" / 1.2.3-0 (5.325474ms)
✔ package graph / range "<1.2.3-alpha.10" / 1.2.3-alpha (5.517268ms)
✔ package graph / range "<1.2.3-alpha.10" / 1.2.3-alpha.2 (5.35428ms)
✔ package graph / range "<1.2.3-alpha.10" / 1.2.3-alpha.10 (4.863977ms)
✔ package graph / range "<1.2.3-alpha.10" / 1.2.3-beta (4.863534ms)
✔ package graph / range "<1.2.3-alpha.10" / 1.2.3 (4.814511ms)
✔ package graph / range "<1.2.3-alpha.10" / 1.2.3+build.9 (4.875181ms)
✔ package graph / range "<1.2.3-alpha.10" / 1.2.4-alpha (4.89525ms)
✔ package graph / range "<1.2.3-alpha.10" / 1.2.4 (4.884235ms)
✔ package graph / range "<1.2.3-alpha.10" / 1.3.0-0 (4.918718ms)
✔ package graph / range "<1.2.3-alpha.10" / 1.3.0 (4.842403ms)
✔ package graph / range "<1.2.3-alpha.10" / 2.0.0-alpha (4.808207ms)
✔ package graph / range "<1.2.3-alpha.10" / 2.0.0 (4.911423ms)
✔ package graph / range "<1.2.3-alpha.10" / 2.3.4 (4.813114ms)
✔ package graph / range "<1.2.3-alpha.10" / 3.0.0 (4.9352ms)
✔ package graph / range "1.2.3-alpha - 1.2.3" / 0.0.0 (4.819656ms)
✔ package graph / range "1.2.3-alpha - 1.2.3" / 0.0.2 (4.956205ms)
✔ package graph / range "1.2.3-alpha - 1.2.3" / 0.0.3 (5.149343ms)
✔ package graph / range "1.2.3-alpha - 1.2.3" / 0.1.0 (5.204409ms)
✔ package graph / range "1.2.3-alpha - 1.2.3" / 0.2.3 (4.888994ms)
✔ package graph / range "1.2.3-alpha - 1.2.3" / 0.2.4 (4.971914ms)
✔ package graph / range "1.2.3-alpha - 1.2.3" / 0.3.0 (4.687364ms)
✔ package graph / range "1.2.3-alpha - 1.2.3" / 1.0.0 (4.76862ms)
✔ package graph / range "1.2.3-alpha - 1.2.3" / 1.2.0 (5.011801ms)
✔ package graph / range "1.2.3-alpha - 1.2.3" / 1.2.2 (4.90697ms)
✔ package graph / range "1.2.3-alpha - 1.2.3" / 1.2.3-0 (4.710037ms)
✔ package graph / range "1.2.3-alpha - 1.2.3" / 1.2.3-alpha (5.468483ms)
✔ package graph / range "1.2.3-alpha - 1.2.3" / 1.2.3-alpha.2 (5.377851ms)
✔ package graph / range "1.2.3-alpha - 1.2.3" / 1.2.3-alpha.10 (5.2942ms)
✔ package graph / range "1.2.3-alpha - 1.2.3" / 1.2.3-beta (5.283273ms)
✔ package graph / range "1.2.3-alpha - 1.2.3" / 1.2.3 (5.470739ms)
✔ package graph / range "1.2.3-alpha - 1.2.3" / 1.2.3+build.9 (5.32786ms)
✔ package graph / range "1.2.3-alpha - 1.2.3" / 1.2.4-alpha (4.949387ms)
✔ package graph / range "1.2.3-alpha - 1.2.3" / 1.2.4 (4.94507ms)
✔ package graph / range "1.2.3-alpha - 1.2.3" / 1.3.0-0 (4.778181ms)
✔ package graph / range "1.2.3-alpha - 1.2.3" / 1.3.0 (4.741632ms)
✔ package graph / range "1.2.3-alpha - 1.2.3" / 2.0.0-alpha (4.913699ms)
✔ package graph / range "1.2.3-alpha - 1.2.3" / 2.0.0 (4.977965ms)
✔ package graph / range "1.2.3-alpha - 1.2.3" / 2.3.4 (4.796485ms)
✔ package graph / range "1.2.3-alpha - 1.2.3" / 3.0.0 (4.740536ms)
✔ package graph / range ">=1.2.3-alpha <1.3" / 0.0.0 (4.713642ms)
✔ package graph / range ">=1.2.3-alpha <1.3" / 0.0.2 (4.785741ms)
✔ package graph / range ">=1.2.3-alpha <1.3" / 0.0.3 (4.783438ms)
✔ package graph / range ">=1.2.3-alpha <1.3" / 0.1.0 (4.785449ms)
✔ package graph / range ">=1.2.3-alpha <1.3" / 0.2.3 (4.744ms)
✔ package graph / range ">=1.2.3-alpha <1.3" / 0.2.4 (4.763535ms)
✔ package graph / range ">=1.2.3-alpha <1.3" / 0.3.0 (4.65713ms)
✔ package graph / range ">=1.2.3-alpha <1.3" / 1.0.0 (5.138127ms)
✔ package graph / range ">=1.2.3-alpha <1.3" / 1.2.0 (4.725313ms)
✔ package graph / range ">=1.2.3-alpha <1.3" / 1.2.2 (4.802307ms)
✔ package graph / range ">=1.2.3-alpha <1.3" / 1.2.3-0 (4.828307ms)
✔ package graph / range ">=1.2.3-alpha <1.3" / 1.2.3-alpha (5.198302ms)
✔ package graph / range ">=1.2.3-alpha <1.3" / 1.2.3-alpha.2 (5.241555ms)
✔ package graph / range ">=1.2.3-alpha <1.3" / 1.2.3-alpha.10 (5.395549ms)
✔ package graph / range ">=1.2.3-alpha <1.3" / 1.2.3-beta (5.238762ms)
✔ package graph / range ">=1.2.3-alpha <1.3" / 1.2.3 (5.431741ms)
✔ package graph / range ">=1.2.3-alpha <1.3" / 1.2.3+build.9 (5.354283ms)
✔ package graph / range ">=1.2.3-alpha <1.3" / 1.2.4-alpha (5.122691ms)
✔ package graph / range ">=1.2.3-alpha <1.3" / 1.2.4 (5.371811ms)
✔ package graph / range ">=1.2.3-alpha <1.3" / 1.3.0-0 (4.831115ms)
✔ package graph / range ">=1.2.3-alpha <1.3" / 1.3.0 (4.793553ms)
✔ package graph / range ">=1.2.3-alpha <1.3" / 2.0.0-alpha (4.577715ms)
✔ package graph / range ">=1.2.3-alpha <1.3" / 2.0.0 (4.618182ms)
✔ package graph / range ">=1.2.3-alpha <1.3" / 2.3.4 (5.035506ms)
✔ package graph / range ">=1.2.3-alpha <1.3" / 3.0.0 (4.969097ms)
✔ package graph / range ">=1.2.3-alpha <1.2.3 || >=1.2.4-alpha <1.3" / 0.0.0 (4.812179ms)
✔ package graph / range ">=1.2.3-alpha <1.2.3 || >=1.2.4-alpha <1.3" / 0.0.2 (4.777297ms)
✔ package graph / range ">=1.2.3-alpha <1.2.3 || >=1.2.4-alpha <1.3" / 0.0.3 (4.806674ms)
✔ package graph / range ">=1.2.3-alpha <1.2.3 || >=1.2.4-alpha <1.3" / 0.1.0 (4.786258ms)
✔ package graph / range ">=1.2.3-alpha <1.2.3 || >=1.2.4-alpha <1.3" / 0.2.3 (4.818025ms)
✔ package graph / range ">=1.2.3-alpha <1.2.3 || >=1.2.4-alpha <1.3" / 0.2.4 (4.977557ms)
✔ package graph / range ">=1.2.3-alpha <1.2.3 || >=1.2.4-alpha <1.3" / 0.3.0 (4.793828ms)
✔ package graph / range ">=1.2.3-alpha <1.2.3 || >=1.2.4-alpha <1.3" / 1.0.0 (4.850177ms)
✔ package graph / range ">=1.2.3-alpha <1.2.3 || >=1.2.4-alpha <1.3" / 1.2.0 (4.785417ms)
✔ package graph / range ">=1.2.3-alpha <1.2.3 || >=1.2.4-alpha <1.3" / 1.2.2 (5.139529ms)
✔ package graph / range ">=1.2.3-alpha <1.2.3 || >=1.2.4-alpha <1.3" / 1.2.3-0 (4.780957ms)
✔ package graph / range ">=1.2.3-alpha <1.2.3 || >=1.2.4-alpha <1.3" / 1.2.3-alpha (5.27228ms)
✔ package graph / range ">=1.2.3-alpha <1.2.3 || >=1.2.4-alpha <1.3" / 1.2.3-alpha.2 (5.389225ms)
✔ package graph / range ">=1.2.3-alpha <1.2.3 || >=1.2.4-alpha <1.3" / 1.2.3-alpha.10 (5.279697ms)
✔ package graph / range ">=1.2.3-alpha <1.2.3 || >=1.2.4-alpha <1.3" / 1.2.3-beta (5.312287ms)
✔ package graph / range ">=1.2.3-alpha <1.2.3 || >=1.2.4-alpha <1.3" / 1.2.3 (4.915085ms)
✔ package graph / range ">=1.2.3-alpha <1.2.3 || >=1.2.4-alpha <1.3" / 1.2.3+build.9 (4.732178ms)
✔ package graph / range ">=1.2.3-alpha <1.2.3 || >=1.2.4-alpha <1.3" / 1.2.4-alpha (5.23595ms)
✔ package graph / range ">=1.2.3-alpha <1.2.3 || >=1.2.4-alpha <1.3" / 1.2.4 (5.399364ms)
✔ package graph / range ">=1.2.3-alpha <1.2.3 || >=1.2.4-alpha <1.3" / 1.3.0-0 (4.912295ms)
✔ package graph / range ">=1.2.3-alpha <1.2.3 || >=1.2.4-alpha <1.3" / 1.3.0 (4.93014ms)
✔ package graph / range ">=1.2.3-alpha <1.2.3 || >=1.2.4-alpha <1.3" / 2.0.0-alpha (4.901703ms)
✔ package graph / range ">=1.2.3-alpha <1.2.3 || >=1.2.4-alpha <1.3" / 2.0.0 (4.787616ms)
✔ package graph / range ">=1.2.3-alpha <1.2.3 || >=1.2.4-alpha <1.3" / 2.3.4 (4.74763ms)
✔ package graph / range ">=1.2.3-alpha <1.2.3 || >=1.2.4-alpha <1.3" / 3.0.0 (4.758542ms)
✔ package graph / range ">=1.2.3-alpha <1.2.3 || >=2.0.0" / 0.0.0 (4.860592ms)
✔ package graph / range ">=1.2.3-alpha <1.2.3 || >=2.0.0" / 0.0.2 (4.827672ms)
✔ package graph / range ">=1.2.3-alpha <1.2.3 || >=2.0.0" / 0.0.3 (4.872935ms)
✔ package graph / range ">=1.2.3-alpha <1.2.3 || >=2.0.0" / 0.1.0 (4.809118ms)
✔ package graph / range ">=1.2.3-alpha <1.2.3 || >=2.0.0" / 0.2.3 (4.910047ms)
✔ package graph / range ">=1.2.3-alpha <1.2.3 || >=2.0.0" / 0.2.4 (4.932154ms)
✔ package graph / range ">=1.2.3-alpha <1.2.3 || >=2.0.0" / 0.3.0 (4.872723ms)
✔ package graph / range ">=1.2.3-alpha <1.2.3 || >=2.0.0" / 1.0.0 (4.809088ms)
✔ package graph / range ">=1.2.3-alpha <1.2.3 || >=2.0.0" / 1.2.0 (4.708366ms)
✔ package graph / range ">=1.2.3-alpha <1.2.3 || >=2.0.0" / 1.2.2 (4.866658ms)
✔ package graph / range ">=1.2.3-alpha <1.2.3 || >=2.0.0" / 1.2.3-0 (4.722885ms)
✔ package graph / range ">=1.2.3-alpha <1.2.3 || >=2.0.0" / 1.2.3-alpha (5.259717ms)
✔ package graph / range ">=1.2.3-alpha <1.2.3 || >=2.0.0" / 1.2.3-alpha.2 (5.258323ms)
✔ package graph / range ">=1.2.3-alpha <1.2.3 || >=2.0.0" / 1.2.3-alpha.10 (5.304658ms)
✔ package graph / range ">=1.2.3-alpha <1.2.3 || >=2.0.0" / 1.2.3-beta (5.371017ms)
✔ package graph / range ">=1.2.3-alpha <1.2.3 || >=2.0.0" / 1.2.3 (4.868469ms)
✔ package graph / range ">=1.2.3-alpha <1.2.3 || >=2.0.0" / 1.2.3+build.9 (4.761766ms)
✔ package graph / range ">=1.2.3-alpha <1.2.3 || >=2.0.0" / 1.2.4-alpha (4.732739ms)
✔ package graph / range ">=1.2.3-alpha <1.2.3 || >=2.0.0" / 1.2.4 (4.726581ms)
✔ package graph / range ">=1.2.3-alpha <1.2.3 || >=2.0.0" / 1.3.0-0 (4.888175ms)
✔ package graph / range ">=1.2.3-alpha <1.2.3 || >=2.0.0" / 1.3.0 (4.979525ms)
✔ package graph / range ">=1.2.3-alpha <1.2.3 || >=2.0.0" / 2.0.0-alpha (4.920913ms)
✔ package graph / range ">=1.2.3-alpha <1.2.3 || >=2.0.0" / 2.0.0 (5.223688ms)
✔ package graph / range ">=1.2.3-alpha <1.2.3 || >=2.0.0" / 2.3.4 (5.143131ms)
✔ package graph / range ">=1.2.3-alpha <1.2.3 || >=2.0.0" / 3.0.0 (5.32764ms)
✔ package graph / invalid range 1..2 (4.913709ms)
✔ package graph / invalid range 01.2.3 (4.710003ms)
✔ package graph / invalid range 1.02.3 (4.87939ms)
✔ package graph / invalid range 1.2.03 (4.584982ms)
✔ package graph / invalid range 1.2.3.4 (4.690483ms)
✔ package graph / invalid range x.2 (4.832665ms)
✔ package graph / invalid range 1.x.3 (4.764892ms)
✔ package graph / invalid range 1.2-alpha (4.740107ms)
✔ package graph / invalid range 1.2.3- (4.620112ms)
✔ package graph / invalid range 1.2.3+ (4.978827ms)
✔ package graph / invalid range !=1.2.3 (4.77888ms)
✔ package graph / invalid range ==1.2.3 (5.095179ms)
✔ package graph / invalid range ><1.2.3 (4.582384ms)
✔ package graph / invalid range >= (4.727542ms)
✔ package graph / invalid range 1.2.3 - (4.743156ms)
✔ package graph / invalid range 1.2.3 - 2.0.0 extra (4.942207ms)
✔ package graph / invalid range 1.2.3 || nope (4.881424ms)
✔ package graph / invalid range nope || 1.2.3 (4.896512ms)
✔ package graph / workspace shortcut * / 0.0.0 (5.435174ms)
✔ package graph / workspace shortcut * / 1.2.3-alpha (5.170664ms)
✔ package graph / workspace shortcut * / 2.0.0+build (5.291933ms)
✔ package graph / workspace shortcut ^ / 0.0.0 (5.283213ms)
✔ package graph / workspace shortcut ^ / 1.2.3-alpha (6.630492ms)
✔ package graph / workspace shortcut ^ / 2.0.0+build (5.41196ms)
✔ package graph / workspace shortcut ~ / 0.0.0 (5.371809ms)
✔ package graph / workspace shortcut ~ / 1.2.3-alpha (5.30814ms)
✔ package graph / workspace shortcut ~ / 2.0.0+build (5.229703ms)
ℹ tests 1534
ℹ suites 0
ℹ pass 1534
ℹ fail 0
ℹ cancelled 0
ℹ skipped 0
ℹ todo 0
ℹ duration_ms 7832.104916
✔ package imports / declared transitive execution (6988.967812ms)
✔ package imports / member entry discovers workspace (6979.960293ms)
✔ package imports / root alias belongs to owner (7081.369292ms)
✔ package imports / member relative file (7019.367404ms)
✔ package imports / development dependency visible (7011.435479ms)
✔ package imports / declared package alias (7087.926389ms)
✔ package imports / scoped package import (7026.261115ms)
✔ package imports / root cannot import transitive dependency (6.930447ms)
✔ package imports / member needs its own dependency (6.551309ms)
✔ package imports / alias does not expose original name (5.48747ms)
✔ package imports / root relative path cannot cross member (5.839588ms)
✔ package imports / member relative path cannot cross sibling (6.290012ms)
✔ package imports / root alias cannot cross member (5.702367ms)
✔ package imports / undiscovered nested package is not a plain directory (5.747823ms)
✔ package imports / declared target needs ZX entry (5.29155ms)
✔ package imports / source symlink cannot disguise owner (5.893829ms)
ℹ tests 16
ℹ suites 0
ℹ pass 16
ℹ fail 0
ℹ cancelled 0
ℹ skipped 0
ℹ todo 0
ℹ duration_ms 49252.715878
Build Summary: 33/33 steps succeeded; 43/43 tests passed
test-build-modes success
+- run node success 1m
test-backend-protocol success
+- run test 7 pass (7 total) 4ms MaxRSS:1M
|  +- compile test Debug native cached 54ms MaxRSS:21M
+- run test 14 pass (14 total) 5ms MaxRSS:1M
|  +- compile test Debug native cached 59ms MaxRSS:21M
+- run test 2 pass (2 total) 3ms MaxRSS:1M
|  +- compile test Debug native cached 55ms MaxRSS:21M
+- run test 2 pass (2 total) 3ms MaxRSS:1M
|  +- compile test Debug native cached 55ms MaxRSS:21M
+- run test 9 pass (9 total) 8ms MaxRSS:1M
|  +- compile test Debug native cached 53ms MaxRSS:21M
+- run test 9 pass (9 total) 5ms MaxRSS:1M
   +- compile test Debug native cached 52ms MaxRSS:21M
test-backend-runtime success
+- run node success 26s
   +- compile exe backend-driver Debug native success 2s MaxRSS:327M
      +- WriteFile cli/build/observed.zig success
test-package-manifest success
+- run node success 405ms
|  +- compile exe zxc Debug native cached 45ms MaxRSS:21M
|     +- WriteFile cached
|     +- compile lib yaml Debug native cached 49ms MaxRSS:20M
|     +- compile lib yaml Debug native (reused)
|     +- options cached
|     +- run exe bundle-zig (bundle) cached
|     |  +- compile exe bundle-zig ReleaseFast native cached 54ms MaxRSS:21M
|     |  +- WriteFile bundle_manifest.json cached
|     +- WriteFile interfaces/0.d.zx cached
+- run node success 245ms
|  +- compile exe zxc Debug native (+6 more reused dependencies)
+- run node success 7s
|  +- compile exe zxc Debug native (+6 more reused dependencies)
+- run node success 49s
|  +- compile exe zxc Debug native (+6 more reused dependencies)
+- run node success 235ms
   +- compile exe zxc Debug native (+6 more reused dependencies)
